2024-10-09 00:00:00,0.0
2024-10-09 01:00:00,0.0
2024-10-09 02:00:00,0.0
2024-10-09 03:00:00,0.0
2024-10-09 04:00:00,0.0
2024-10-09 05:00:00,0.0
2024-10-09 06:00:00,0.0
2024-10-09 07:00:00,0.0
2024-10-09 08:00:00,11.7
2024-10-09 09:00:00,301.6
2024-10-09 10:00:00,915.3
2024-10-09 11:00:00,1477.1
2024-10-09 12:00:00,1793.6
2024-10-09 13:00:00,864.7
2024-10-09 14:00:00,421.5
2024-10-09 15:00:00,410.4
2024-10-09 16:00:00,255.1
2024-10-09 17:00:00,76.2
2024-10-09 18:00:00,36.2
2024-10-09 19:00:00,29.1
2024-10-09 20:00:00,1.0
2024-10-09 21:00:00,0.0
2024-10-09 22:00:00,0.0
2024-10-09 23:00:00,0.0
2024-10-10 00:00:00,0.0
2024-10-10 01:00:00,0.0
2024-10-10 02:00:00,0.0
2024-10-10 03:00:00,0.0
2024-10-10 04:00:00,0.0
2024-10-10 05:00:00,0.0
2024-10-10 06:00:00,0.0
2024-10-10 07:00:00,0.0
2024-10-10 08:00:00,0.0
2024-10-10 09:00:00,62.7
2024-10-10 10:00:00,160.8
2024-10-10 11:00:00,105.3
2024-10-10 12:00:00,264.7
2024-10-10 13:00:00,401.6
2024-10-10 14:00:00,381.7
2024-10-10 15:00:00,242.6
2024-10-10 16:00:00,619.0
2024-10-10 17:00:00,322.2
2024-10-10 18:00:00,284.6
2024-10-10 19:00:00,55.1
2024-10-10 20:00:00,1.7
2024-10-10 21:00:00,0.0
2024-10-10 22:00:00,0.0
2024-10-10 23:00:00,0.0
2024-10-11 00:00:00,0.0
2024-10-11 01:00:00,0.0
2024-10-11 02:00:00,0.0
2024-10-11 03:00:00,0.0
2024-10-11 04:00:00,0.0
2024-10-11 05:00:00,0.0
2024-10-11 06:00:00,0.0
2024-10-11 07:00:00,0.0
2024-10-11 08:00:00,0.0
2024-10-11 09:00:00,42.4
2024-10-11 10:00:00,69.2
2024-10-11 11:00:00,372.4
2024-10-11 12:00:00,1055.4
2024-10-11 13:00:00,2289.7
2024-10-11 14:00:00,2547.3
2024-10-11 15:00:00,1071.4
2024-10-11 16:00:00,1459.6
2024-10-11 17:00:00,990.2
2024-10-11 18:00:00,986.6
2024-10-11 19:00:00,343.8
2024-10-11 20:00:00,50.3
2024-10-11 21:00:00,0.0
2024-10-11 22:00:00,0.0
2024-10-11 23:00:00,0.0
2024-10-12 00:00:00,0.0
2024-10-12 01:00:00,0.0
2024-10-12 02:00:00,0.0
2024-10-12 03:00:00,0.0
2024-10-12 04:00:00,0.0
2024-10-12 05:00:00,0.0
2024-10-12 06:00:00,0.0
2024-10-12 07:00:00,0.0
2024-10-12 08:00:00,5.5
2024-10-12 09:00:00,93.5
2024-10-12 10:00:00,342.9
2024-10-12 11:00:00,1638.9
2024-10-12 12:00:00,2199.5
2024-10-12 13:00:00,2439.0
2024-10-12 14:00:00,1988.4
2024-10-12 15:00:00,2418.1
2024-10-12 16:00:00,2127.8
2024-10-12 17:00:00,1719.3
2024-10-12 18:00:00,715.2
2024-10-12 19:00:00,197.1
2024-10-12 20:00:00,10.5
2024-10-12 21:00:00,0.0
2024-10-12 22:00:00,0.0
2024-10-12 23:00:00,0.0
2024-10-13 00:00:00,0.0
2024-10-13 01:00:00,0.0
2024-10-13 02:00:00,0.0
2024-10-13 03:00:00,0.0
2024-10-13 04:00:00,0.0
2024-10-13 05:00:00,0.0
2024-10-13 06:00:00,0.0
2024-10-13 07:00:00,0.0
2024-10-13 08:00:00,9.3
2024-10-13 09:00:00,149.7
2024-10-13 10:00:00,288.9
2024-10-13 11:00:00,794.3
2024-10-13 12:00:00,1073.5
2024-10-13 13:00:00,1602.4
2024-10-13 14:00:00,1305.2
2024-10-13 15:00:00,2133.0
2024-10-13 16:00:00,1307.4
2024-10-13 17:00:00,932.5
2024-10-13 18:00:00,1027.3
2024-10-13 19:00:00,497.5
2024-10-13 20:00:00,69.8
2024-10-13 21:00:00,0.0
2024-10-13 22:00:00,0.0
2024-10-13 23:00:00,0.0
2024-10-14 00:00:00,0.0
2024-10-14 01:00:00,0.0
2024-10-14 02:00:00,0.0
2024-10-14 03:00:00,0.0
2024-10-14 04:00:00,0.0
2024-10-14 05:00:00,0.0
2024-10-14 06:00:00,0.0
2024-10-14 07:00:00,0.0
2024-10-14 08:00:00,17.9
2024-10-14 09:00:00,352.5
2024-10-14 10:00:00,1069.6
2024-10-14 11:00:00,1342.5
2024-10-14 12:00:00,1344.2
2024-10-14 13:00:00,1047.5
2024-10-14 14:00:00,1114.2
2024-10-14 15:00:00,1251.3
2024-10-14 16:00:00,1208.5
2024-10-14 17:00:00,1266.5
2024-10-14 18:00:00,833.6
2024-10-14 19:00:00,410.2
2024-10-14 20:00:00,48.6
2024-10-14 21:00:00,0.0
2024-10-14 22:00:00,0.0
2024-10-14 23:00:00,0.0
2024-10-15 00:00:00,0.0
2024-10-15 01:00:00,0.0
2024-10-15 02:00:00,0.0
2024-10-15 03:00:00,0.0
2024-10-15 04:00:00,0.0
2024-10-15 05:00:00,0.0
2024-10-15 06:00:00,0.0
2024-10-15 07:00:00,0.0
2024-10-15 08:00:00,11.8
2024-10-15 09:00:00,246.6
2024-10-15 10:00:00,1348.0
2024-10-15 11:00:00,1698.2
2024-10-15 12:00:00,2401.3
2024-10-15 13:00:00,2112.3
2024-10-15 14:00:00,2435.4
2024-10-15 15:00:00,2490.8
2024-10-15 16:00:00,2195.6
2024-10-15 17:00:00,1809.5
2024-10-15 18:00:00,1163.0
2024-10-15 19:00:00,388.1
2024-10-15 20:00:00,52.8
2024-10-15 21:00:00,0.0
2024-10-15 22:00:00,0.0
2024-10-15 23:00:00,0.0
2024-10-16 00:00:00,0.0
2024-10-16 01:00:00,0.0
2024-10-16 02:00:00,0.0
2024-10-16 03:00:00,0.0
2024-10-16 04:00:00,0.0
2024-10-16 05:00:00,0.0
2024-10-16 06:00:00,0.0
2024-10-16 07:00:00,0.0
2024-10-16 08:00:00,28.3
2024-10-16 09:00:00,477.3
2024-10-16 10:00:00,1310.5
2024-10-16 11:00:00,1816.4
2024-10-16 12:00:00,2230.8
2024-10-16 13:00:00,2382.1
2024-10-16 14:00:00,2550.3
2024-10-16 15:00:00,2431.1
2024-10-16 16:00:00,2182.7
2024-10-16 17:00:00,1254.5
2024-10-16 18:00:00,629.7
2024-10-16 19:00:00,248.2
2024-10-16 20:00:00,42.5
2024-10-16 21:00:00,0.0
2024-10-16 22:00:00,0.0
2024-10-16 23:00:00,0.0
2024-10-17 00:00:00,0.0
2024-10-17 01:00:00,0.0
2024-10-17 02:00:00,0.0
2024-10-17 03:00:00,0.0
2024-10-17 04:00:00,0.0
2024-10-17 05:00:00,0.0
2024-10-17 06:00:00,0.0
2024-10-17 07:00:00,0.0
2024-10-17 08:00:00,12.9
2024-10-17 09:00:00,343.2
2024-10-17 10:00:00,1146.4
2024-10-17 11:00:00,2080.8
2024-10-17 12:00:00,2346.4
2024-10-17 13:00:00,2190.8
2024-10-17 14:00:00,2575.0
2024-10-17 15:00:00,2459.4
2024-10-17 16:00:00,2199.2
2024-10-17 17:00:00,1759.1
2024-10-17 18:00:00,1062.8
2024-10-17 19:00:00,330.7
2024-10-17 20:00:00,65.2
2024-10-17 21:00:00,0.0
2024-10-17 22:00:00,0.0
2024-10-17 23:00:00,0.0
2024-10-18 00:00:00,0.0
2024-10-18 01:00:00,0.0
2024-10-18 02:00:00,0.0
2024-10-18 03:00:00,0.0
2024-10-18 04:00:00,0.0
2024-10-18 05:00:00,0.0
2024-10-18 06:00:00,0.0
2024-10-18 07:00:00,0.0
2024-10-18 08:00:00,8.3
2024-10-18 09:00:00,197.1
2024-10-18 10:00:00,846.2
2024-10-18 11:00:00,1674.0
2024-10-18 12:00:00,1857.6
2024-10-18 13:00:00,1884.2
2024-10-18 14:00:00,1465.1
2024-10-18 15:00:00,987.2
2024-10-18 16:00:00,704.1
2024-10-18 17:00:00,361.2
2024-10-18 18:00:00,191.2
2024-10-18 19:00:00,59.6
2024-10-18 20:00:00,0.0
2024-10-18 21:00:00,0.0
2024-10-18 22:00:00,0.0
2024-10-18 23:00:00,0.0
2024-10-19 00:00:00,0.0
2024-10-19 01:00:00,0.0
2024-10-19 02:00:00,0.0
2024-10-19 03:00:00,0.0
2024-10-19 04:00:00,0.0
2024-10-19 05:00:00,0.0
2024-10-19 06:00:00,0.0
2024-10-19 07:00:00,0.0
2024-10-19 08:00:00,0.0
2024-10-19 09:00:00,56.3
2024-10-19 10:00:00,260.2
2024-10-19 11:00:00,337.5
2024-10-19 12:00:00,216.1
2024-10-19 13:00:00,160.8
2024-10-19 14:00:00,136.0
2024-10-19 15:00:00,213.3
2024-10-19 16:00:00,152.9
2024-10-19 17:00:00,88.0
2024-10-19 18:00:00,25.5
2024-10-19 19:00:00,25.7
2024-10-19 20:00:00,0.9
2024-10-19 21:00:00,0.0
2024-10-19 22:00:00,0.0
2024-10-19 23:00:00,0.0
2024-10-20 00:00:00,0.0
2024-10-20 01:00:00,0.0
2024-10-20 02:00:00,0.0
2024-10-20 03:00:00,0.0
2024-10-20 04:00:00,0.0
2024-10-20 05:00:00,0.0
2024-10-20 06:00:00,0.0
2024-10-20 07:00:00,0.0
2024-10-20 08:00:00,0.5
2024-10-20 09:00:00,71.4
2024-10-20 10:00:00,93.0
2024-10-20 11:00:00,188.1
2024-10-20 12:00:00,292.1
2024-10-20 13:00:00,402.8
2024-10-20 14:00:00,266.4
2024-10-20 15:00:00,397.3
2024-10-20 16:00:00,239.6
2024-10-20 17:00:00,386.9
2024-10-20 18:00:00,208.4
2024-10-20 19:00:00,171.7
2024-10-20 20:00:00,16.8
2024-10-20 21:00:00,0.0
2024-10-20 22:00:00,0.0
2024-10-20 23:00:00,0.0
2024-10-21 00:00:00,0.0
2024-10-21 01:00:00,0.0
2024-10-21 02:00:00,0.0
2024-10-21 03:00:00,0.0
2024-10-21 04:00:00,0.0
2024-10-21 05:00:00,0.0
2024-10-21 06:00:00,0.0
2024-10-21 07:00:00,0.0
2024-10-21 08:00:00,25.1
2024-10-21 09:00:00,205.3
2024-10-21 10:00:00,592.9
2024-10-21 11:00:00,812.0
2024-10-21 12:00:00,1216.3
2024-10-21 13:00:00,1195.3
2024-10-21 14:00:00,359.0
2024-10-21 15:00:00,444.3
2024-10-21 16:00:00,853.7
2024-10-21 17:00:00,736.1
2024-10-21 18:00:00,307.3
2024-10-21 19:00:00,52.2
2024-10-21 20:00:00,33.1
2024-10-21 21:00:00,0.0
2024-10-21 22:00:00,0.0
2024-10-21 23:00:00,0.0
2024-10-22 00:00:00,0.0
2024-10-22 01:00:00,0.0
2024-10-22 02:00:00,0.0
2024-10-22 03:00:00,0.0
2024-10-22 04:00:00,0.0
2024-10-22 05:00:00,0.0
2024-10-22 06:00:00,0.0
2024-10-22 07:00:00,0.0
2024-10-22 08:00:00,43.6
2024-10-22 09:00:00,561.5
2024-10-22 10:00:00,1407.9
2024-10-22 11:00:00,2086.4
2024-10-22 12:00:00,2320.4
2024-10-22 13:00:00,2454.2
2024-10-22 14:00:00,2437.9
2024-10-22 15:00:00,2300.9
2024-10-22 16:00:00,2193.1
2024-10-22 17:00:00,1431.2
2024-10-22 18:00:00,1127.2
2024-10-22 19:00:00,294.0
2024-10-22 20:00:00,34.4
2024-10-22 21:00:00,0.0
2024-10-22 22:00:00,0.0
2024-10-22 23:00:00,0.0
2024-10-23 00:00:00,0.0
2024-10-23 01:00:00,0.0
2024-10-23 02:00:00,0.0
2024-10-23 03:00:00,0.0
2024-10-23 04:00:00,0.0
2024-10-23 05:00:00,0.0
2024-10-23 06:00:00,0.0
2024-10-23 07:00:00,0.0
2024-10-23 08:00:00,24.1
2024-10-23 09:00:00,505.0
2024-10-23 10:00:00,695.0
2024-10-23 11:00:00,1707.7
2024-10-23 12:00:00,2112.1
2024-10-23 13:00:00,2325.1
2024-10-23 14:00:00,2551.7
2024-10-23 15:00:00,2413.7
2024-10-23 16:00:00,2207.8
2024-10-23 17:00:00,1768.5
2024-10-23 18:00:00,1017.7
2024-10-23 19:00:00,285.2
2024-10-23 20:00:00,46.6
2024-10-23 21:00:00,0.0
2024-10-23 22:00:00,0.0
2024-10-23 23:00:00,0.0
2024-10-24 00:00:00,0.0
2024-10-24 01:00:00,0.0
2024-10-24 02:00:00,0.0
2024-10-24 03:00:00,0.0
2024-10-24 04:00:00,0.0
2024-10-24 05:00:00,0.0
2024-10-24 06:00:00,0.0
2024-10-24 07:00:00,0.0
2024-10-24 08:00:00,5.4
2024-10-24 09:00:00,163.7
2024-10-24 10:00:00,350.0
2024-10-24 11:00:00,480.0
2024-10-24 12:00:00,383.7
2024-10-24 13:00:00,1236.0
2024-10-24 14:00:00,2083.7
2024-10-24 15:00:00,2020.1
2024-10-24 16:00:00,1700.9
2024-10-24 17:00:00,971.3
2024-10-24 18:00:00,173.9
2024-10-24 19:00:00,0.0
2024-10-24 20:00:00,0.0
2024-10-24 21:00:00,0.0
2024-10-24 22:00:00,0.0
2024-10-24 23:00:00,0.0
2024-10-25 00:00:00,0.0
2024-10-25 01:00:00,0.0
2024-10-25 02:00:00,0.0
2024-10-25 03:00:00,0.0
2024-10-25 04:00:00,0.0
2024-10-25 05:00:00,0.0
2024-10-25 06:00:00,0.0
2024-10-25 07:00:00,0.0
2024-10-25 08:00:00,15.7
2024-10-25 09:00:00,158.5
2024-10-25 10:00:00,627.2
2024-10-25 11:00:00,1585.8
2024-10-25 12:00:00,1644.7
2024-10-25 13:00:00,1109.3
2024-10-25 14:00:00,1910.7
2024-10-25 15:00:00,1414.6
2024-10-25 16:00:00,1159.9
2024-10-25 17:00:00,536.1
2024-10-25 18:00:00,393.1
2024-10-25 19:00:00,408.1
2024-10-25 20:00:00,40.8
2024-10-25 21:00:00,0.0
2024-10-25 22:00:00,0.0
2024-10-25 23:00:00,0.0
2024-10-26 00:00:00,0.0
2024-10-26 01:00:00,0.0
2024-10-26 02:00:00,0.0
2024-10-26 03:00:00,0.0
2024-10-26 04:00:00,0.0
2024-10-26 05:00:00,0.0
2024-10-26 06:00:00,0.0
2024-10-26 07:00:00,0.0
2024-10-26 08:00:00,40.4
2024-10-26 09:00:00,544.7
2024-10-26 10:00:00,1214.5
2024-10-26 11:00:00,1438.3
2024-10-26 12:00:00,2107.0
2024-10-26 13:00:00,2275.0
2024-10-26 14:00:00,1679.6
2024-10-26 15:00:00,2280.0
2024-10-26 16:00:00,1777.8
2024-10-26 17:00:00,979.2
2024-10-26 18:00:00,555.3
2024-10-26 19:00:00,210.4
2024-10-26 20:00:00,15.7
2024-10-26 21:00:00,0.0
2024-10-26 22:00:00,0.0
2024-10-26 23:00:00,0.0
2024-10-27 00:00:00,0.0
2024-10-27 01:00:00,0.0
2024-10-27 02:00:00,0.0
2024-10-27 03:00:00,0.0
2024-10-27 04:00:00,0.0
2024-10-27 05:00:00,0.0
2024-10-27 06:00:00,0.0
2024-10-27 07:00:00,0.0
2024-10-27 08:00:00,0.7
2024-10-27 09:00:00,62.5
2024-10-27 10:00:00,194.7
2024-10-27 11:00:00,591.1
2024-10-27 12:00:00,1088.5
2024-10-27 13:00:00,826.9
2024-10-27 14:00:00,581.1
2024-10-27 15:00:00,202.2
2024-10-27 16:00:00,203.5
2024-10-27 17:00:00,441.4
2024-10-27 18:00:00,173.8
2024-10-27 19:00:00,55.8
2024-10-27 20:00:00,8.8
2024-10-27 21:00:00,0.0
2024-10-27 22:00:00,0.0
2024-10-27 23:00:00,0.0
2024-10-28 00:00:00,0.0
2024-10-28 01:00:00,0.0
2024-10-28 02:00:00,0.0
2024-10-28 03:00:00,0.0
2024-10-28 04:00:00,0.0
2024-10-28 05:00:00,0.0
2024-10-28 06:00:00,0.0
2024-10-28 07:00:00,0.0
2024-10-28 08:00:00,3.2
2024-10-28 09:00:00,56.0
2024-10-28 10:00:00,179.9
2024-10-28 11:00:00,232.8
2024-10-28 12:00:00,322.5
2024-10-28 13:00:00,399.7
2024-10-28 14:00:00,374.1
2024-10-28 15:00:00,350.0
2024-10-28 16:00:00,775.4
2024-10-28 17:00:00,1041.6
2024-10-28 18:00:00,434.0
2024-10-28 19:00:00,231.5
2024-10-28 20:00:00,40.6
2024-10-28 21:00:00,0.0
2024-10-28 22:00:00,0.0
2024-10-28 23:00:00,0.0
2024-10-29 00:00:00,0.0
2024-10-29 01:00:00,0.0
2024-10-29 02:00:00,0.0
2024-10-29 03:00:00,0.0
2024-10-29 04:00:00,0.0
2024-10-29 05:00:00,0.0
2024-10-29 06:00:00,0.0
2024-10-29 07:00:00,0.0
2024-10-29 08:00:00,73.0
2024-10-29 09:00:00,268.4
2024-10-29 10:00:00,607.5
2024-10-29 11:00:00,1794.5
2024-10-29 12:00:00,1181.6
2024-10-29 13:00:00,621.6
2024-10-29 14:00:00,955.6
2024-10-29 15:00:00,664.5
2024-10-29 16:00:00,242.7
2024-10-29 17:00:00,143.6
2024-10-29 18:00:00,108.8
2024-10-29 19:00:00,82.6
2024-10-29 20:00:00,33.8
2024-10-29 21:00:00,0.0
2024-10-29 22:00:00,0.0
2024-10-29 23:00:00,0.0
2024-10-30 00:00:00,0.0
2024-10-30 01:00:00,0.0
2024-10-30 02:00:00,0.0
2024-10-30 03:00:00,0.0
2024-10-30 04:00:00,0.0
2024-10-30 05:00:00,0.0
2024-10-30 06:00:00,0.0
2024-10-30 07:00:00,0.0
2024-10-30 08:00:00,11.4
2024-10-30 09:00:00,223.4
2024-10-30 10:00:00,963.7
2024-10-30 11:00:00,1168.4
2024-10-30 12:00:00,1229.5
2024-10-30 13:00:00,1308.1
2024-10-30 14:00:00,1912.7
2024-10-30 15:00:00,1342.5
2024-10-30 16:00:00,2368.2
2024-10-30 17:00:00,1831.0
2024-10-30 18:00:00,1070.8
2024-10-30 19:00:00,299.3
2024-10-30 20:00:00,83.5
2024-10-30 21:00:00,0.0
2024-10-30 22:00:00,0.0
2024-10-30 23:00:00,0.0
2024-10-31 00:00:00,0.0
2024-10-31 01:00:00,0.0
2024-10-31 02:00:00,0.0
2024-10-31 03:00:00,0.0
2024-10-31 04:00:00,0.0
2024-10-31 05:00:00,0.0
2024-10-31 06:00:00,0.0
2024-10-31 07:00:00,0.0
2024-10-31 08:00:00,66.0
2024-10-31 09:00:00,546.4
2024-10-31 10:00:00,1339.2
2024-10-31 11:00:00,2137.9
2024-10-31 12:00:00,2340.1
2024-10-31 13:00:00,2003.2
2024-10-31 14:00:00,1567.0
2024-10-31 15:00:00,1593.9
2024-10-31 16:00:00,1293.0
2024-10-31 17:00:00,1818.9
2024-10-31 18:00:00,955.9
2024-10-31 19:00:00,330.3
2024-10-31 20:00:00,63.8
2024-10-31 21:00:00,0.0
2024-10-31 22:00:00,0.0
2024-10-31 23:00:00,0.0
2024-11-01 00:00:00,0.0
2024-11-01 01:00:00,0.0
2024-11-01 02:00:00,0.0
2024-11-01 03:00:00,0.0
2024-11-01 04:00:00,0.0
2024-11-01 05:00:00,0.0
2024-11-01 06:00:00,0.0
2024-11-01 07:00:00,0.0
2024-11-01 08:00:00,51.6
2024-11-01 09:00:00,580.4
2024-11-01 10:00:00,1410.3
2024-11-01 11:00:00,2028.3
2024-11-01 12:00:00,2247.0
2024-11-01 13:00:00,2336.8
2024-11-01 14:00:00,2448.0
2024-11-01 15:00:00,2195.0
2024-11-01 16:00:00,2038.7
2024-11-01 17:00:00,1731.3
2024-11-01 18:00:00,1048.2
2024-11-01 19:00:00,311.3
2024-11-01 20:00:00,60.3
2024-11-01 21:00:00,0.0
2024-11-01 22:00:00,0.0
2024-11-01 23:00:00,0.0
2024-11-02 00:00:00,0.0
2024-11-02 01:00:00,0.0
2024-11-02 02:00:00,0.0
2024-11-02 03:00:00,0.0
2024-11-02 04:00:00,0.0
2024-11-02 05:00:00,0.0
2024-11-02 06:00:00,0.0
2024-11-02 07:00:00,0.0
2024-11-02 08:00:00,55.4
2024-11-02 09:00:00,681.0
2024-11-02 10:00:00,1185.1
2024-11-02 11:00:00,1641.9
2024-11-02 12:00:00,1934.1
2024-11-02 13:00:00,2049.6
2024-11-02 14:00:00,2258.6
2024-11-02 15:00:00,2191.2
2024-11-02 16:00:00,2069.9
2024-11-02 17:00:00,1510.9
2024-11-02 18:00:00,906.2
2024-11-02 19:00:00,410.9
2024-11-02 20:00:00,100.0
2024-11-02 21:00:00,0.0
2024-11-02 22:00:00,0.0
2024-11-02 23:00:00,0.0
2024-11-03 00:00:00,0.0
2024-11-03 01:00:00,0.0
2024-11-03 02:00:00,0.0
2024-11-03 03:00:00,0.0
2024-11-03 04:00:00,0.0
2024-11-03 05:00:00,0.0
2024-11-03 06:00:00,0.0
2024-11-03 07:00:00,0.0
2024-11-03 08:00:00,33.0
2024-11-03 09:00:00,426.0
2024-11-03 10:00:00,1055.5
2024-11-03 11:00:00,1655.2
2024-11-03 12:00:00,1361.7
2024-11-03 13:00:00,1639.6
2024-11-03 14:00:00,1416.2
2024-11-03 15:00:00,1441.4
2024-11-03 16:00:00,1347.9
2024-11-03 17:00:00,1440.7
2024-11-03 18:00:00,542.6
2024-11-03 19:00:00,196.9
2024-11-03 20:00:00,55.8
2024-11-03 21:00:00,0.0
2024-11-03 22:00:00,0.0
2024-11-03 23:00:00,0.0
2024-11-04 00:00:00,0.0
2024-11-04 01:00:00,0.0
2024-11-04 02:00:00,0.0
2024-11-04 03:00:00,0.0
2024-11-04 04:00:00,0.0
2024-11-04 05:00:00,0.0
2024-11-04 06:00:00,0.0
2024-11-04 07:00:00,0.0
2024-11-04 08:00:00,39.9
2024-11-04 09:00:00,179.2
2024-11-04 10:00:00,467.8
2024-11-04 11:00:00,815.8
2024-11-04 12:00:00,1020.5
2024-11-04 13:00:00,853.3
2024-11-04 14:00:00,1317.1
2024-11-04 15:00:00,1351.9
2024-11-04 16:00:00,605.7
2024-11-04 17:00:00,361.1
2024-11-04 18:00:00,200.1
2024-11-04 19:00:00,112.6
2024-11-04 20:00:00,33.2
2024-11-04 21:00:00,0.0
2024-11-04 22:00:00,0.0
2024-11-04 23:00:00,0.0
2024-11-05 00:00:00,0.0
2024-11-05 01:00:00,0.0
2024-11-05 02:00:00,0.0
2024-11-05 03:00:00,0.0
2024-11-05 04:00:00,0.0
2024-11-05 05:00:00,0.0
2024-11-05 06:00:00,0.0
2024-11-05 07:00:00,0.0
2024-11-05 08:00:00,26.8
2024-11-05 09:00:00,206.5
2024-11-05 10:00:00,472.8
2024-11-05 11:00:00,1066.2
2024-11-05 12:00:00,1643.3
2024-11-05 13:00:00,1422.4
2024-11-05 14:00:00,1326.8
2024-11-05 15:00:00,1759.1
2024-11-05 16:00:00,1756.6
2024-11-05 17:00:00,1157.7
2024-11-05 18:00:00,965.0
2024-11-05 19:00:00,368.0
2024-11-05 20:00:00,57.2
2024-11-05 21:00:00,0.0
2024-11-05 22:00:00,0.0
2024-11-05 23:00:00,0.0
2024-11-06 00:00:00,0.0
2024-11-06 01:00:00,0.0
2024-11-06 02:00:00,0.0
2024-11-06 03:00:00,0.0
2024-11-06 04:00:00,0.0
2024-11-06 05:00:00,0.0
2024-11-06 06:00:00,0.0
2024-11-06 07:00:00,0.0
2024-11-06 08:00:00,71.7
2024-11-06 09:00:00,463.2
2024-11-06 10:00:00,1291.6
2024-11-06 11:00:00,1944.6
2024-11-06 12:00:00,2049.4
2024-11-06 13:00:00,1887.7
2024-11-06 14:00:00,1879.2
2024-11-06 15:00:00,773.3
2024-11-06 16:00:00,1747.7
2024-11-06 17:00:00,1422.8
2024-11-06 18:00:00,749.5
2024-11-06 19:00:00,333.8
2024-11-06 20:00:00,57.8
2024-11-06 21:00:00,0.2
2024-11-06 22:00:00,0.0
2024-11-06 23:00:00,0.0
2024-11-07 00:00:00,0.0
2024-11-07 01:00:00,0.0
2024-11-07 02:00:00,0.0
2024-11-07 03:00:00,0.0
2024-11-07 04:00:00,0.0
2024-11-07 05:00:00,0.0
2024-11-07 06:00:00,0.0
2024-11-07 07:00:00,0.0
2024-11-07 08:00:00,92.8
2024-11-07 09:00:00,337.2
2024-11-07 10:00:00,1141.3
2024-11-07 11:00:00,1238.3
2024-11-07 12:00:00,1701.7
2024-11-07 13:00:00,2399.9
2024-11-07 14:00:00,2275.8
2024-11-07 15:00:00,2212.3
2024-11-07 16:00:00,1526.2
2024-11-07 17:00:00,637.5
2024-11-07 18:00:00,360.7
2024-11-07 19:00:00,70.8
2024-11-07 20:00:00,45.9
2024-11-07 21:00:00,0.0
2024-11-07 22:00:00,0.0
2024-11-07 23:00:00,0.0
2024-11-08 00:00:00,0.0
2024-11-08 01:00:00,0.0
2024-11-08 02:00:00,0.0
2024-11-08 03:00:00,0.0
2024-11-08 04:00:00,0.0
2024-11-08 05:00:00,0.0
2024-11-08 06:00:00,0.0
2024-11-08 07:00:00,0.0
2024-11-08 08:00:00,8.0
2024-11-08 09:00:00,112.5
2024-11-08 10:00:00,487.5
2024-11-08 11:00:00,382.8
2024-11-08 12:00:00,480.1
2024-11-08 13:00:00,683.4
2024-11-08 14:00:00,758.5
2024-11-08 15:00:00,646.1
2024-11-08 16:00:00,697.3
2024-11-08 17:00:00,305.3
2024-11-08 18:00:00,250.0
2024-11-08 19:00:00,3.8
2024-11-08 20:00:00,6.0
2024-11-08 21:00:00,0.0
2024-11-08 22:00:00,0.0
2024-11-08 23:00:00,0.0
2024-11-09 00:00:00,0.0
2024-11-09 01:00:00,0.0
2024-11-09 02:00:00,0.0
2024-11-09 03:00:00,0.0
2024-11-09 04:00:00,0.0
2024-11-09 05:00:00,0.0
2024-11-09 06:00:00,0.0
2024-11-09 07:00:00,0.0
2024-11-09 08:00:00,9.4
2024-11-09 09:00:00,110.2
2024-11-09 10:00:00,292.2
2024-11-09 11:00:00,607.9
2024-11-09 12:00:00,1104.0
2024-11-09 13:00:00,1725.8
2024-11-09 14:00:00,964.0
2024-11-09 15:00:00,1290.7
2024-11-09 16:00:00,1425.3
2024-11-09 17:00:00,1252.9
2024-11-09 18:00:00,606.6
2024-11-09 19:00:00,158.4
2024-11-09 20:00:00,46.7
2024-11-09 21:00:00,0.0
2024-11-09 22:00:00,0.0
2024-11-09 23:00:00,0.0
2024-11-10 00:00:00,0.0
2024-11-10 01:00:00,0.0
2024-11-10 02:00:00,0.0
2024-11-10 03:00:00,0.0
2024-11-10 04:00:00,0.0
2024-11-10 05:00:00,0.0
2024-11-10 06:00:00,0.0
2024-11-10 07:00:00,0.0
2024-11-10 08:00:00,91.9
2024-11-10 09:00:00,348.0
2024-11-10 10:00:00,969.2
2024-11-10 11:00:00,496.3
2024-11-10 12:00:00,818.7
2024-11-10 13:00:00,940.9
2024-11-10 14:00:00,1152.9
2024-11-10 15:00:00,1275.9
2024-11-10 16:00:00,1746.8
2024-11-10 17:00:00,1746.4
2024-11-10 18:00:00,906.1
2024-11-10 19:00:00,365.1
2024-11-10 20:00:00,85.0
2024-11-10 21:00:00,0.3
2024-11-10 22:00:00,0.0
2024-11-10 23:00:00,0.0
2024-11-11 00:00:00,0.0
2024-11-11 01:00:00,0.0
2024-11-11 02:00:00,0.0
2024-11-11 03:00:00,0.0
2024-11-11 04:00:00,0.0
2024-11-11 05:00:00,0.0
2024-11-11 06:00:00,0.0
2024-11-11 07:00:00,0.0
2024-11-11 08:00:00,64.7
2024-11-11 09:00:00,577.5
2024-11-11 10:00:00,1426.6
2024-11-11 11:00:00,2020.6
2024-11-11 12:00:00,2260.5
2024-11-11 13:00:00,2203.7
2024-11-11 14:00:00,2293.0
2024-11-11 15:00:00,2187.7
2024-11-11 16:00:00,2077.3
2024-11-11 17:00:00,1685.0
2024-11-11 18:00:00,1058.3
2024-11-11 19:00:00,273.5
2024-11-11 20:00:00,59.1
2024-11-11 21:00:00,0.4
2024-11-11 22:00:00,0.0
2024-11-11 23:00:00,0.0
2024-11-12 00:00:00,0.0
2024-11-12 01:00:00,0.0
2024-11-12 02:00:00,0.0
2024-11-12 03:00:00,0.0
2024-11-12 04:00:00,0.0
2024-11-12 05:00:00,0.0
2024-11-12 06:00:00,0.0
2024-11-12 07:00:00,0.0
2024-11-12 08:00:00,64.8
2024-11-12 09:00:00,492.3
2024-11-12 10:00:00,1186.2
2024-11-12 11:00:00,1957.0
2024-11-12 12:00:00,2201.6
2024-11-12 13:00:00,2227.6
2024-11-12 14:00:00,2207.1
2024-11-12 15:00:00,2124.6
2024-11-12 16:00:00,964.9
2024-11-12 17:00:00,870.1
2024-11-12 18:00:00,773.9
2024-11-12 19:00:00,391.7
2024-11-12 20:00:00,124.9
2024-11-12 21:00:00,3.1
2024-11-12 22:00:00,0.0
2024-11-12 23:00:00,0.0
2024-11-13 00:00:00,0.0
2024-11-13 01:00:00,0.0
2024-11-13 02:00:00,0.0
2024-11-13 03:00:00,0.0
2024-11-13 04:00:00,0.0
2024-11-13 05:00:00,0.0
2024-11-13 06:00:00,0.0
2024-11-13 07:00:00,0.0
2024-11-13 08:00:00,9.4
2024-11-13 09:00:00,39.8
2024-11-13 10:00:00,180.7
2024-11-13 11:00:00,34.0
2024-11-13 12:00:00,88.6
2024-11-13 13:00:00,153.1
2024-11-13 14:00:00,279.6
2024-11-13 15:00:00,312.1
2024-11-13 16:00:00,586.7
2024-11-13 17:00:00,291.8
2024-11-13 18:00:00,365.9
2024-11-13 19:00:00,81.7
2024-11-13 20:00:00,24.2
2024-11-13 21:00:00,0.0
2024-11-13 22:00:00,0.0
2024-11-13 23:00:00,0.0
2024-11-14 00:00:00,0.0
2024-11-14 01:00:00,0.0
2024-11-14 02:00:00,0.0
2024-11-14 03:00:00,0.0
2024-11-14 04:00:00,0.0
2024-11-14 05:00:00,0.0
2024-11-14 06:00:00,0.0
2024-11-14 07:00:00,0.0
2024-11-14 08:00:00,3.6
2024-11-14 09:00:00,46.3
2024-11-14 10:00:00,331.8
2024-11-14 11:00:00,782.2
2024-11-14 12:00:00,613.2
2024-11-14 13:00:00,925.8
2024-11-14 14:00:00,1517.5
2024-11-14 15:00:00,1357.8
2024-11-14 16:00:00,687.0
2024-11-14 17:00:00,531.5
2024-11-14 18:00:00,288.9
2024-11-14 19:00:00,193.8
2024-11-14 20:00:00,26.7
2024-11-14 21:00:00,0.0
2024-11-14 22:00:00,0.0
2024-11-14 23:00:00,0.0
2024-11-15 00:00:00,0.0
2024-11-15 01:00:00,0.0
2024-11-15 02:00:00,0.0
2024-11-15 03:00:00,0.0
2024-11-15 04:00:00,0.0
2024-11-15 05:00:00,0.0
2024-11-15 06:00:00,0.0
2024-11-15 07:00:00,0.0
2024-11-15 08:00:00,9.9
2024-11-15 09:00:00,67.0
2024-11-15 10:00:00,711.9
2024-11-15 11:00:00,547.5
2024-11-15 12:00:00,1067.4
2024-11-15 13:00:00,1704.7
2024-11-15 14:00:00,1638.3
2024-11-15 15:00:00,1490.5
2024-11-15 16:00:00,1471.2
2024-11-15 17:00:00,755.8
2024-11-15 18:00:00,364.2
2024-11-15 19:00:00,340.9
2024-11-15 20:00:00,81.4
2024-11-15 21:00:00,0.8
2024-11-15 22:00:00,0.0
2024-11-15 23:00:00,0.0
2024-11-16 00:00:00,0.0
2024-11-16 01:00:00,0.0
2024-11-16 02:00:00,0.0
2024-11-16 03:00:00,0.0
2024-11-16 04:00:00,0.0
2024-11-16 05:00:00,0.0
2024-11-16 06:00:00,0.0
2024-11-16 07:00:00,0.0
2024-11-16 08:00:00,5.1
2024-11-16 09:00:00,42.2
2024-11-16 10:00:00,118.8
2024-11-16 11:00:00,121.1
2024-11-16 12:00:00,211.7
2024-11-16 13:00:00,358.7
2024-11-16 14:00:00,848.5
2024-11-16 15:00:00,361.6
2024-11-16 16:00:00,335.8
2024-11-16 17:00:00,325.0
2024-11-16 18:00:00,264.8
2024-11-16 19:00:00,271.7
2024-11-16 20:00:00,69.1
2024-11-16 21:00:00,0.0
2024-11-16 22:00:00,0.0
2024-11-16 23:00:00,0.0
2024-11-17 00:00:00,0.0
2024-11-17 01:00:00,0.0
2024-11-17 02:00:00,0.0
2024-11-17 03:00:00,0.0
2024-11-17 04:00:00,0.0
2024-11-17 05:00:00,0.0
2024-11-17 06:00:00,0.0
2024-11-17 07:00:00,0.0
2024-11-17 08:00:00,57.1
2024-11-17 09:00:00,312.3
2024-11-17 10:00:00,434.6
2024-11-17 11:00:00,1077.7
2024-11-17 12:00:00,1647.2
2024-11-17 13:00:00,2160.9
2024-11-17 14:00:00,2046.0
2024-11-17 15:00:00,1607.1
2024-11-17 16:00:00,1279.5
2024-11-17 17:00:00,817.7
2024-11-17 18:00:00,317.5
2024-11-17 19:00:00,253.0
2024-11-17 20:00:00,57.8
2024-11-17 21:00:00,0.6
2024-11-17 22:00:00,0.0
2024-11-17 23:00:00,0.0
2024-11-18 00:00:00,0.0
2024-11-18 01:00:00,0.0
2024-11-18 02:00:00,0.0
2024-11-18 03:00:00,0.0
2024-11-18 04:00:00,0.0
2024-11-18 05:00:00,0.0
2024-11-18 06:00:00,0.0
2024-11-18 07:00:00,0.0
2024-11-18 08:00:00,68.6
2024-11-18 09:00:00,548.0
2024-11-18 10:00:00,1297.8
2024-11-18 11:00:00,1899.0
2024-11-18 12:00:00,2204.1
2024-11-18 13:00:00,2132.7
2024-11-18 14:00:00,2483.6
2024-11-18 15:00:00,2199.0
2024-11-18 16:00:00,2032.6
2024-11-18 17:00:00,1707.4
2024-11-18 18:00:00,990.9
2024-11-18 19:00:00,308.1
2024-11-18 20:00:00,72.3
2024-11-18 21:00:00,3.4
2024-11-18 22:00:00,0.0
2024-11-18 23:00:00,0.0
2024-11-19 00:00:00,0.0
2024-11-19 01:00:00,0.0
2024-11-19 02:00:00,0.0
2024-11-19 03:00:00,0.0
2024-11-19 04:00:00,0.0
2024-11-19 05:00:00,0.0
2024-11-19 06:00:00,0.0
2024-11-19 07:00:00,0.0
2024-11-19 08:00:00,53.0
2024-11-19 09:00:00,455.4
2024-11-19 10:00:00,1193.5
2024-11-19 11:00:00,1860.3
2024-11-19 12:00:00,2319.1
2024-11-19 13:00:00,2237.6
2024-11-19 14:00:00,2140.6
2024-11-19 15:00:00,2025.7
2024-11-19 16:00:00,1565.0
2024-11-19 17:00:00,880.5
2024-11-19 18:00:00,740.3
2024-11-19 19:00:00,226.2
2024-11-19 20:00:00,68.9
2024-11-19 21:00:00,0.1
2024-11-19 22:00:00,0.0
2024-11-19 23:00:00,0.0
2024-11-20 00:00:00,0.0
2024-11-20 01:00:00,0.0
2024-11-20 02:00:00,0.0
2024-11-20 03:00:00,0.0
2024-11-20 04:00:00,0.0
2024-11-20 05:00:00,0.0
2024-11-20 06:00:00,0.0
2024-11-20 07:00:00,0.0
2024-11-20 08:00:00,68.4
2024-11-20 09:00:00,478.7
2024-11-20 10:00:00,1345.2
2024-11-20 11:00:00,1513.7
2024-11-20 12:00:00,1897.9
2024-11-20 13:00:00,2223.4
2024-11-20 14:00:00,2397.1
2024-11-20 15:00:00,2318.4
2024-11-20 16:00:00,2018.2
2024-11-20 17:00:00,1584.4
2024-11-20 18:00:00,1008.6
2024-11-20 19:00:00,388.1
2024-11-20 20:00:00,77.7
2024-11-20 21:00:00,0.4
2024-11-20 22:00:00,0.0
2024-11-20 23:00:00,0.0
2024-11-21 00:00:00,0.0
2024-11-21 01:00:00,0.0
2024-11-21 02:00:00,0.0
2024-11-21 03:00:00,0.0
2024-11-21 04:00:00,0.0
2024-11-21 05:00:00,0.0
2024-11-21 06:00:00,0.0
2024-11-21 07:00:00,0.0
2024-11-21 08:00:00,22.3
2024-11-21 09:00:00,211.4
2024-11-21 10:00:00,421.0
2024-11-21 11:00:00,270.7
2024-11-21 12:00:00,532.6
2024-11-21 13:00:00,1130.1
2024-11-21 14:00:00,1623.0
2024-11-21 15:00:00,1245.1
2024-11-21 16:00:00,1255.4
2024-11-21 17:00:00,858.2
2024-11-21 18:00:00,670.3
2024-11-21 19:00:00,192.1
2024-11-21 20:00:00,52.5
2024-11-21 21:00:00,0.0
2024-11-21 22:00:00,0.0
2024-11-21 23:00:00,0.0
2024-11-22 00:00:00,0.0
2024-11-22 01:00:00,0.0
2024-11-22 02:00:00,0.0
2024-11-22 03:00:00,0.0
2024-11-22 04:00:00,0.0
2024-11-22 05:00:00,0.0
2024-11-22 06:00:00,0.0
2024-11-22 07:00:00,0.0
2024-11-22 08:00:00,34.5
2024-11-22 09:00:00,179.8
2024-11-22 10:00:00,436.2
2024-11-22 11:00:00,877.9
2024-11-22 12:00:00,1280.1
2024-11-22 13:00:00,1304.7
2024-11-22 14:00:00,1976.2
2024-11-22 15:00:00,2268.3
2024-11-22 16:00:00,1871.2
2024-11-22 17:00:00,1323.4
2024-11-22 18:00:00,963.5
2024-11-22 19:00:00,344.9
2024-11-22 20:00:00,93.7
2024-11-22 21:00:00,0.6
2024-11-22 22:00:00,0.0
2024-11-22 23:00:00,0.0
2024-11-23 00:00:00,0.0
2024-11-23 01:00:00,0.0
2024-11-23 02:00:00,0.0
2024-11-23 03:00:00,0.0
2024-11-23 04:00:00,0.0
2024-11-23 05:00:00,0.0
2024-11-23 06:00:00,0.0
2024-11-23 07:00:00,0.0
2024-11-23 08:00:00,6.9
2024-11-23 09:00:00,150.4
2024-11-23 10:00:00,416.5
2024-11-23 11:00:00,559.8
2024-11-23 12:00:00,947.6
2024-11-23 13:00:00,1014.2
2024-11-23 14:00:00,538.6
2024-11-23 15:00:00,208.7
2024-11-23 16:00:00,266.3
2024-11-23 17:00:00,430.2
2024-11-23 18:00:00,506.0
2024-11-23 19:00:00,398.0
2024-11-23 20:00:00,128.7
2024-11-23 21:00:00,4.6
2024-11-23 22:00:00,0.0
2024-11-23 23:00:00,0.0
2024-11-24 00:00:00,0.0
2024-11-24 01:00:00,0.0
2024-11-24 02:00:00,0.0
2024-11-24 03:00:00,0.0
2024-11-24 04:00:00,0.0
2024-11-24 05:00:00,0.0
2024-11-24 06:00:00,0.0
2024-11-24 07:00:00,0.0
2024-11-24 08:00:00,55.9
2024-11-24 09:00:00,287.5
2024-11-24 10:00:00,757.9
2024-11-24 11:00:00,1246.7
2024-11-24 12:00:00,1394.7
2024-11-24 13:00:00,627.0
2024-11-24 14:00:00,1342.2
2024-11-24 15:00:00,1461.8
2024-11-24 16:00:00,1370.1
2024-11-24 17:00:00,1636.1
2024-11-24 18:00:00,1049.6
2024-11-24 19:00:00,331.8
2024-11-24 20:00:00,158.7
2024-11-24 21:00:00,5.7
2024-11-24 22:00:00,0.0
2024-11-24 23:00:00,0.0
2024-11-25 00:00:00,0.0
2024-11-25 01:00:00,0.0
2024-11-25 02:00:00,0.0
2024-11-25 03:00:00,0.0
2024-11-25 04:00:00,0.0
2024-11-25 05:00:00,0.0
2024-11-25 06:00:00,0.0
2024-11-25 07:00:00,0.0
2024-11-25 08:00:00,72.9
2024-11-25 09:00:00,541.4
2024-11-25 10:00:00,1261.9
2024-11-25 11:00:00,1787.4
2024-11-25 12:00:00,1580.4
2024-11-25 13:00:00,2315.5
2024-11-25 14:00:00,1536.8
2024-11-25 15:00:00,2430.5
2024-11-25 16:00:00,2079.1
2024-11-25 17:00:00,1752.3
2024-11-25 18:00:00,1040.9
2024-11-25 19:00:00,309.4
2024-11-25 20:00:00,74.1
2024-11-25 21:00:00,3.9
2024-11-25 22:00:00,0.0
2024-11-25 23:00:00,0.0
2024-11-26 00:00:00,0.0
2024-11-26 01:00:00,0.0
2024-11-26 02:00:00,0.0
2024-11-26 03:00:00,0.0
2024-11-26 04:00:00,0.0
2024-11-26 05:00:00,0.0
2024-11-26 06:00:00,0.0
2024-11-26 07:00:00,0.0
2024-11-26 08:00:00,49.2
2024-11-26 09:00:00,513.0
2024-11-26 10:00:00,1494.7
2024-11-26 11:00:00,1966.6
2024-11-26 12:00:00,2220.5
2024-11-26 13:00:00,2486.1
2024-11-26 14:00:00,2522.2
2024-11-26 15:00:00,2476.4
2024-11-26 16:00:00,2201.9
2024-11-26 17:00:00,1754.8
2024-11-26 18:00:00,1051.0
2024-11-26 19:00:00,308.5
2024-11-26 20:00:00,70.3
2024-11-26 21:00:00,2.4
2024-11-26 22:00:00,0.0
2024-11-26 23:00:00,0.0
2024-11-27 00:00:00,0.0
2024-11-27 01:00:00,0.0
2024-11-27 02:00:00,0.0
2024-11-27 03:00:00,0.0
2024-11-27 04:00:00,0.0
2024-11-27 05:00:00,0.0
2024-11-27 06:00:00,0.0
2024-11-27 07:00:00,0.0
2024-11-27 08:00:00,67.1
2024-11-27 09:00:00,475.2
2024-11-27 10:00:00,1180.4
2024-11-27 11:00:00,1859.8
2024-11-27 12:00:00,2221.8
2024-11-27 13:00:00,2364.2
2024-11-27 14:00:00,2543.0
2024-11-27 15:00:00,2306.4
2024-11-27 16:00:00,2006.6
2024-11-27 17:00:00,1602.6
2024-11-27 18:00:00,961.7
2024-11-27 19:00:00,304.5
2024-11-27 20:00:00,68.5
2024-11-27 21:00:00,3.2
2024-11-27 22:00:00,0.0
2024-11-27 23:00:00,0.0
2024-11-28 00:00:00,0.0
2024-11-28 01:00:00,0.0
2024-11-28 02:00:00,0.0
2024-11-28 03:00:00,0.0
2024-11-28 04:00:00,0.0
2024-11-28 05:00:00,0.0
2024-11-28 06:00:00,0.0
2024-11-28 07:00:00,0.0
2024-11-28 08:00:00,58.1
2024-11-28 09:00:00,444.3
2024-11-28 10:00:00,1174.8
2024-11-28 11:00:00,1838.6
2024-11-28 12:00:00,2171.7
2024-11-28 13:00:00,2346.2
2024-11-28 14:00:00,2423.5
2024-11-28 15:00:00,2277.0
2024-11-28 16:00:00,2002.5
2024-11-28 17:00:00,857.9
2024-11-28 18:00:00,914.2
2024-11-28 19:00:00,355.7
2024-11-28 20:00:00,34.4
2024-11-28 21:00:00,0.0
2024-11-28 22:00:00,0.0
2024-11-28 23:00:00,0.0
2024-11-29 00:00:00,0.0
2024-11-29 01:00:00,0.0
2024-11-29 02:00:00,0.0
2024-11-29 03:00:00,0.0
2024-11-29 04:00:00,0.0
2024-11-29 05:00:00,0.0
2024-11-29 06:00:00,0.0
2024-11-29 07:00:00,0.0
2024-11-29 08:00:00,52.4
2024-11-29 09:00:00,207.7
2024-11-29 10:00:00,222.1
2024-11-29 11:00:00,382.2
2024-11-29 12:00:00,698.2
2024-11-29 13:00:00,718.1
2024-11-29 14:00:00,836.0
2024-11-29 15:00:00,623.0
2024-11-29 16:00:00,484.6
2024-11-29 17:00:00,625.5
2024-11-29 18:00:00,550.5
2024-11-29 19:00:00,347.8
2024-11-29 20:00:00,178.3
2024-11-29 21:00:00,8.2
2024-11-29 22:00:00,0.0
2024-11-29 23:00:00,0.0
2024-11-30 00:00:00,0.0
2024-11-30 01:00:00,0.0
2024-11-30 02:00:00,0.0
2024-11-30 03:00:00,0.0
2024-11-30 04:00:00,0.0
2024-11-30 05:00:00,0.0
2024-11-30 06:00:00,0.0
2024-11-30 07:00:00,0.0
2024-11-30 08:00:00,96.4
2024-11-30 09:00:00,457.8
2024-11-30 10:00:00,916.3
2024-11-30 11:00:00,1320.9
2024-11-30 12:00:00,1824.5
2024-11-30 13:00:00,2287.5
2024-11-30 14:00:00,2037.9
2024-11-30 15:00:00,1961.8
2024-11-30 16:00:00,1604.2
2024-11-30 17:00:00,1374.3
2024-11-30 18:00:00,921.2
2024-11-30 19:00:00,542.4
2024-11-30 20:00:00,124.1
2024-11-30 21:00:00,2.2
2024-11-30 22:00:00,0.0
2024-11-30 23:00:00,0.0
2024-12-01 00:00:00,0.0
2024-12-01 01:00:00,0.0
2024-12-01 02:00:00,0.0
2024-12-01 03:00:00,0.0
2024-12-01 04:00:00,0.0
2024-12-01 05:00:00,0.0
2024-12-01 06:00:00,0.0
2024-12-01 07:00:00,0.0
2024-12-01 08:00:00,53.8
2024-12-01 09:00:00,175.3
2024-12-01 10:00:00,426.5
2024-12-01 11:00:00,936.8
2024-12-01 12:00:00,1623.4
2024-12-01 13:00:00,1196.5
2024-12-01 14:00:00,1089.9
2024-12-01 15:00:00,1802.1
2024-12-01 16:00:00,1830.1
2024-12-01 17:00:00,1489.7
2024-12-01 18:00:00,1060.6
2024-12-01 19:00:00,402.5
2024-12-01 20:00:00,152.0
2024-12-01 21:00:00,6.3
2024-12-01 22:00:00,0.0
2024-12-01 23:00:00,0.0
2024-12-02 00:00:00,0.0
2024-12-02 01:00:00,0.0
2024-12-02 02:00:00,0.0
2024-12-02 03:00:00,0.0
2024-12-02 04:00:00,0.0
2024-12-02 05:00:00,0.0
2024-12-02 06:00:00,0.0
2024-12-02 07:00:00,0.0
2024-12-02 08:00:00,90.8
2024-12-02 09:00:00,461.0
2024-12-02 10:00:00,1089.9
2024-12-02 11:00:00,1724.2
2024-12-02 12:00:00,2135.4
2024-12-02 13:00:00,2137.1
2024-12-02 14:00:00,1885.0
2024-12-02 15:00:00,1911.4
2024-12-02 16:00:00,1764.6
2024-12-02 17:00:00,1378.4
2024-12-02 18:00:00,960.1
2024-12-02 19:00:00,429.5
2024-12-02 20:00:00,45.6
2024-12-02 21:00:00,0.0
2024-12-02 22:00:00,0.0
2024-12-02 23:00:00,0.0
2024-12-03 00:00:00,0.0
2024-12-03 01:00:00,0.0
2024-12-03 02:00:00,0.0
2024-12-03 03:00:00,0.0
2024-12-03 04:00:00,0.0
2024-12-03 05:00:00,0.0
2024-12-03 06:00:00,0.0
2024-12-03 07:00:00,0.0
2024-12-03 08:00:00,15.6
2024-12-03 09:00:00,196.7
2024-12-03 10:00:00,594.8
2024-12-03 11:00:00,834.0
2024-12-03 12:00:00,807.6
2024-12-03 13:00:00,891.5
2024-12-03 14:00:00,1577.2
2024-12-03 15:00:00,586.9
2024-12-03 16:00:00,1002.5
2024-12-03 17:00:00,511.7
2024-12-03 18:00:00,322.3
2024-12-03 19:00:00,324.8
2024-12-03 20:00:00,69.1
2024-12-03 21:00:00,0.0
2024-12-03 22:00:00,0.0
2024-12-03 23:00:00,0.0
2024-12-04 00:00:00,0.0
2024-12-04 01:00:00,0.0
2024-12-04 02:00:00,0.0
2024-12-04 03:00:00,0.0
2024-12-04 04:00:00,0.0
2024-12-04 05:00:00,0.0
2024-12-04 06:00:00,0.0
2024-12-04 07:00:00,0.0
2024-12-04 08:00:00,1.5
2024-12-04 09:00:00,76.4
2024-12-04 10:00:00,182.9
2024-12-04 11:00:00,309.0
2024-12-04 12:00:00,299.4
2024-12-04 13:00:00,494.4
2024-12-04 14:00:00,578.0
2024-12-04 15:00:00,667.1
2024-12-04 16:00:00,652.9
2024-12-04 17:00:00,626.7
2024-12-04 18:00:00,327.7
2024-12-04 19:00:00,156.4
2024-12-04 20:00:00,46.7
2024-12-04 21:00:00,0.6
2024-12-04 22:00:00,0.0
2024-12-04 23:00:00,0.0
2024-12-05 00:00:00,0.0
2024-12-05 01:00:00,0.0
2024-12-05 02:00:00,0.0
2024-12-05 03:00:00,0.0
2024-12-05 04:00:00,0.0
2024-12-05 05:00:00,0.0
2024-12-05 06:00:00,0.0
2024-12-05 07:00:00,0.0
2024-12-05 08:00:00,12.5
2024-12-05 09:00:00,156.9
2024-12-05 10:00:00,240.6
2024-12-05 11:00:00,652.1
2024-12-05 12:00:00,546.9
2024-12-05 13:00:00,701.2
2024-12-05 14:00:00,695.8
2024-12-05 15:00:00,945.6
2024-12-05 16:00:00,546.4
2024-12-05 17:00:00,277.6
2024-12-05 18:00:00,493.7
2024-12-05 19:00:00,248.1
2024-12-05 20:00:00,48.9
2024-12-05 21:00:00,4.6
2024-12-05 22:00:00,0.0
2024-12-05 23:00:00,0.0
2024-12-06 00:00:00,0.0
2024-12-06 01:00:00,0.0
2024-12-06 02:00:00,0.0
2024-12-06 03:00:00,0.0
2024-12-06 04:00:00,0.0
2024-12-06 05:00:00,0.0
2024-12-06 06:00:00,0.0
2024-12-06 07:00:00,0.0
2024-12-06 08:00:00,26.6
2024-12-06 09:00:00,394.2
2024-12-06 10:00:00,1202.2
2024-12-06 11:00:00,1836.3
2024-12-06 12:00:00,2154.5
2024-12-06 13:00:00,2546.9
2024-12-06 14:00:00,2177.8
2024-12-06 15:00:00,2392.7
2024-12-06 16:00:00,2112.8
2024-12-06 17:00:00,1731.7
2024-12-06 18:00:00,1089.6
2024-12-06 19:00:00,355.5
2024-12-06 20:00:00,70.3
2024-12-06 21:00:00,4.9
2024-12-06 22:00:00,0.0
2024-12-06 23:00:00,0.0
2024-12-07 00:00:00,0.0
2024-12-07 01:00:00,0.0
2024-12-07 02:00:00,0.0
2024-12-07 03:00:00,0.0
2024-12-07 04:00:00,0.0
2024-12-07 05:00:00,0.0
2024-12-07 06:00:00,0.0
2024-12-07 07:00:00,0.0
2024-12-07 08:00:00,91.6
2024-12-07 09:00:00,519.1
2024-12-07 10:00:00,1248.6
2024-12-07 11:00:00,1662.4
2024-12-07 12:00:00,1983.8
2024-12-07 13:00:00,2457.5
2024-12-07 14:00:00,2324.0
2024-12-07 15:00:00,2261.1
2024-12-07 16:00:00,1552.9
2024-12-07 17:00:00,1164.8
2024-12-07 18:00:00,1230.2
2024-12-07 19:00:00,419.7
2024-12-07 20:00:00,127.6
2024-12-07 21:00:00,10.2
2024-12-07 22:00:00,0.0
2024-12-07 23:00:00,0.0
2024-12-08 00:00:00,0.0
2024-12-08 01:00:00,0.0
2024-12-08 02:00:00,0.0
2024-12-08 03:00:00,0.0
2024-12-08 04:00:00,0.0
2024-12-08 05:00:00,0.0
2024-12-08 06:00:00,0.0
2024-12-08 07:00:00,0.0
2024-12-08 08:00:00,62.9
2024-12-08 09:00:00,255.1
2024-12-08 10:00:00,1164.7
2024-12-08 11:00:00,1860.0
2024-12-08 12:00:00,2083.0
2024-12-08 13:00:00,2018.4
2024-12-08 14:00:00,2181.6
2024-12-08 15:00:00,1891.6
2024-12-08 16:00:00,1462.8
2024-12-08 17:00:00,861.7
2024-12-08 18:00:00,954.1
2024-12-08 19:00:00,637.2
2024-12-08 20:00:00,27.9
2024-12-08 21:00:00,0.0
2024-12-08 22:00:00,0.0
2024-12-08 23:00:00,0.0
2024-12-09 00:00:00,0.0
2024-12-09 01:00:00,0.0
2024-12-09 02:00:00,0.0
2024-12-09 03:00:00,0.0
2024-12-09 04:00:00,0.0
2024-12-09 05:00:00,0.0
2024-12-09 06:00:00,0.0
2024-12-09 07:00:00,0.0
2024-12-09 08:00:00,41.4
2024-12-09 09:00:00,267.1
2024-12-09 10:00:00,595.0
2024-12-09 11:00:00,1159.2
2024-12-09 12:00:00,1673.6
2024-12-09 13:00:00,2051.6
2024-12-09 14:00:00,2159.8
2024-12-09 15:00:00,2110.9
2024-12-09 16:00:00,1235.2
2024-12-09 17:00:00,792.7
2024-12-09 18:00:00,424.6
2024-12-09 19:00:00,167.2
2024-12-09 20:00:00,9.3
2024-12-09 21:00:00,0.0
2024-12-09 22:00:00,0.0
2024-12-09 23:00:00,0.0
2024-12-10 00:00:00,0.0
2024-12-10 01:00:00,0.0
2024-12-10 02:00:00,0.0
2024-12-10 03:00:00,0.0
2024-12-10 04:00:00,0.0
2024-12-10 05:00:00,0.0
2024-12-10 06:00:00,0.0
2024-12-10 07:00:00,0.0
2024-12-10 08:00:00,3.7
2024-12-10 09:00:00,218.2
2024-12-10 10:00:00,613.8
2024-12-10 11:00:00,890.1
2024-12-10 12:00:00,1448.3
2024-12-10 13:00:00,1033.7
2024-12-10 14:00:00,1090.5
2024-12-10 15:00:00,1482.8
2024-12-10 16:00:00,1227.2
2024-12-10 17:00:00,907.3
2024-12-10 18:00:00,630.1
2024-12-10 19:00:00,231.6
2024-12-10 20:00:00,24.0
2024-12-10 21:00:00,0.0
2024-12-10 22:00:00,0.0
2024-12-10 23:00:00,0.0
2024-12-11 00:00:00,0.0
2024-12-11 01:00:00,0.0
2024-12-11 02:00:00,0.0
2024-12-11 03:00:00,0.0
2024-12-11 04:00:00,0.0
2024-12-11 05:00:00,0.0
2024-12-11 06:00:00,0.0
2024-12-11 07:00:00,0.0
2024-12-11 08:00:00,6.0
2024-12-11 09:00:00,181.0
2024-12-11 10:00:00,442.8
2024-12-11 11:00:00,1095.2
2024-12-11 12:00:00,1589.7
2024-12-11 13:00:00,1177.8
2024-12-11 14:00:00,1873.7
2024-12-11 15:00:00,2066.9
2024-12-11 16:00:00,1963.4
2024-12-11 17:00:00,1473.4
2024-12-11 18:00:00,897.5
2024-12-11 19:00:00,216.0
2024-12-11 20:00:00,104.9
2024-12-11 21:00:00,17.6
2024-12-11 22:00:00,0.0
2024-12-11 23:00:00,0.0
2024-12-12 00:00:00,0.0
2024-12-12 01:00:00,0.0
2024-12-12 02:00:00,0.0
2024-12-12 03:00:00,0.0
2024-12-12 04:00:00,0.0
2024-12-12 05:00:00,0.0
2024-12-12 06:00:00,0.0
2024-12-12 07:00:00,0.0
2024-12-12 08:00:00,49.4
2024-12-12 09:00:00,458.1
2024-12-12 10:00:00,1258.6
2024-12-12 11:00:00,1647.8
2024-12-12 12:00:00,1246.0
2024-12-12 13:00:00,1473.2
2024-12-12 14:00:00,1092.5
2024-12-12 15:00:00,1044.7
2024-12-12 16:00:00,747.2
2024-12-12 17:00:00,729.9
2024-12-12 18:00:00,416.0
2024-12-12 19:00:00,548.2
2024-12-12 20:00:00,191.3
2024-12-12 21:00:00,7.8
2024-12-12 22:00:00,0.0
2024-12-12 23:00:00,0.0
2024-12-13 00:00:00,0.0
2024-12-13 01:00:00,0.0
2024-12-13 02:00:00,0.0
2024-12-13 03:00:00,0.0
2024-12-13 04:00:00,0.0
2024-12-13 05:00:00,0.0
2024-12-13 06:00:00,0.0
2024-12-13 07:00:00,0.0
2024-12-13 08:00:00,52.9
2024-12-13 09:00:00,370.8
2024-12-13 10:00:00,1282.3
2024-12-13 11:00:00,1773.1
2024-12-13 12:00:00,1899.4
2024-12-13 13:00:00,2175.1
2024-12-13 14:00:00,1637.0
2024-12-13 15:00:00,1918.0
2024-12-13 16:00:00,1856.7
2024-12-13 17:00:00,1428.9
2024-12-13 18:00:00,1023.4
2024-12-13 19:00:00,464.2
2024-12-13 20:00:00,174.6
2024-12-13 21:00:00,13.7
2024-12-13 22:00:00,0.0
2024-12-13 23:00:00,0.0
2024-12-14 00:00:00,0.0
2024-12-14 01:00:00,0.0
2024-12-14 02:00:00,0.0
2024-12-14 03:00:00,0.0
2024-12-14 04:00:00,0.0
2024-12-14 05:00:00,0.0
2024-12-14 06:00:00,0.0
2024-12-14 07:00:00,0.0
2024-12-14 08:00:00,17.0
2024-12-14 09:00:00,309.8
2024-12-14 10:00:00,901.0
2024-12-14 11:00:00,1069.5
2024-12-14 12:00:00,1819.0
2024-12-14 13:00:00,1919.3
2024-12-14 14:00:00,1858.9
2024-12-14 15:00:00,1403.4
2024-12-14 16:00:00,874.1
2024-12-14 17:00:00,476.1
2024-12-14 18:00:00,340.0
2024-12-14 19:00:00,94.0
2024-12-14 20:00:00,6.1
2024-12-14 21:00:00,18.9
2024-12-14 22:00:00,0.0
2024-12-14 23:00:00,0.0
2024-12-15 00:00:00,0.0
2024-12-15 01:00:00,0.0
2024-12-15 02:00:00,0.0
2024-12-15 03:00:00,0.0
2024-12-15 04:00:00,0.0
2024-12-15 05:00:00,0.0
2024-12-15 06:00:00,0.0
2024-12-15 07:00:00,0.0
2024-12-15 08:00:00,5.5
2024-12-15 09:00:00,88.8
2024-12-15 10:00:00,271.9
2024-12-15 11:00:00,1215.6
2024-12-15 12:00:00,1612.9
2024-12-15 13:00:00,1524.1
2024-12-15 14:00:00,1636.4
2024-12-15 15:00:00,1219.0
2024-12-15 16:00:00,1882.5
2024-12-15 17:00:00,1598.5
2024-12-15 18:00:00,522.1
2024-12-15 19:00:00,263.4
2024-12-15 20:00:00,53.3
2024-12-15 21:00:00,7.5
2024-12-15 22:00:00,0.0
2024-12-15 23:00:00,0.0
2024-12-16 00:00:00,0.0
2024-12-16 01:00:00,0.0
2024-12-16 02:00:00,0.0
2024-12-16 03:00:00,0.0
2024-12-16 04:00:00,0.0
2024-12-16 05:00:00,0.0
2024-12-16 06:00:00,0.0
2024-12-16 07:00:00,0.0
2024-12-16 08:00:00,64.0
2024-12-16 09:00:00,443.8
2024-12-16 10:00:00,1186.3
2024-12-16 11:00:00,1027.0
2024-12-16 12:00:00,1498.7
2024-12-16 13:00:00,1756.5
2024-12-16 14:00:00,2025.3
2024-12-16 15:00:00,1953.4
2024-12-16 16:00:00,1524.2
2024-12-16 17:00:00,960.9
2024-12-16 18:00:00,342.5
2024-12-16 19:00:00,359.9
2024-12-16 20:00:00,206.1
2024-12-16 21:00:00,22.1
2024-12-16 22:00:00,0.0
2024-12-16 23:00:00,0.0
2024-12-17 00:00:00,0.0
2024-12-17 01:00:00,0.0
2024-12-17 02:00:00,0.0
2024-12-17 03:00:00,0.0
2024-12-17 04:00:00,0.0
2024-12-17 05:00:00,0.0
2024-12-17 06:00:00,0.0
2024-12-17 07:00:00,0.0
2024-12-17 08:00:00,38.3
2024-12-17 09:00:00,352.4
2024-12-17 10:00:00,1091.1
2024-12-17 11:00:00,1822.8
2024-12-17 12:00:00,2286.4
2024-12-17 13:00:00,2307.9
2024-12-17 14:00:00,2322.0
2024-12-17 15:00:00,2121.2
2024-12-17 16:00:00,1757.7
2024-12-17 17:00:00,2047.6
2024-12-17 18:00:00,1297.2
2024-12-17 19:00:00,537.7
2024-12-17 20:00:00,214.9
2024-12-17 21:00:00,8.6
2024-12-17 22:00:00,0.0
2024-12-17 23:00:00,0.0
2024-12-18 00:00:00,0.0
2024-12-18 01:00:00,0.0
2024-12-18 02:00:00,0.0
2024-12-18 03:00:00,0.0
2024-12-18 04:00:00,0.0
2024-12-18 05:00:00,0.0
2024-12-18 06:00:00,0.0
2024-12-18 07:00:00,0.0
2024-12-18 08:00:00,62.1
2024-12-18 09:00:00,367.4
2024-12-18 10:00:00,982.0
2024-12-18 11:00:00,1950.1
2024-12-18 12:00:00,1375.2
2024-12-18 13:00:00,1653.4
2024-12-18 14:00:00,2033.9
2024-12-18 15:00:00,1933.9
2024-12-18 16:00:00,1743.8
2024-12-18 17:00:00,1213.5
2024-12-18 18:00:00,346.1
2024-12-18 19:00:00,136.9
2024-12-18 20:00:00,19.8
2024-12-18 21:00:00,0.0
2024-12-18 22:00:00,0.0
2024-12-18 23:00:00,0.0
2024-12-19 00:00:00,0.0
2024-12-19 01:00:00,0.0
2024-12-19 02:00:00,0.0
2024-12-19 03:00:00,0.0
2024-12-19 04:00:00,0.0
2024-12-19 05:00:00,0.0
2024-12-19 06:00:00,0.0
2024-12-19 07:00:00,0.0
2024-12-19 08:00:00,41.2
2024-12-19 09:00:00,386.6
2024-12-19 10:00:00,1172.8
2024-12-19 11:00:00,1783.3
2024-12-19 12:00:00,2020.5
2024-12-19 13:00:00,1718.8
2024-12-19 14:00:00,1710.0
2024-12-19 15:00:00,1181.2
2024-12-19 16:00:00,1880.2
2024-12-19 17:00:00,1744.0
2024-12-19 18:00:00,1165.7
2024-12-19 19:00:00,452.9
2024-12-19 20:00:00,176.3
2024-12-19 21:00:00,20.6
2024-12-19 22:00:00,0.0
2024-12-19 23:00:00,0.0
2024-12-20 00:00:00,0.0
2024-12-20 01:00:00,0.0
2024-12-20 02:00:00,0.0
2024-12-20 03:00:00,0.0
2024-12-20 04:00:00,0.0
2024-12-20 05:00:00,0.0
2024-12-20 06:00:00,0.0
2024-12-20 07:00:00,0.0
2024-12-20 08:00:00,38.8
2024-12-20 09:00:00,458.3
2024-12-20 10:00:00,955.9
2024-12-20 11:00:00,1052.4
2024-12-20 12:00:00,834.4
2024-12-20 13:00:00,1813.5
2024-12-20 14:00:00,2082.0
2024-12-20 15:00:00,2256.9
2024-12-20 16:00:00,2079.3
2024-12-20 17:00:00,1692.5
2024-12-20 18:00:00,404.0
2024-12-20 19:00:00,182.4
2024-12-20 20:00:00,48.4
2024-12-20 21:00:00,0.0
2024-12-20 22:00:00,0.0
2024-12-20 23:00:00,0.0
2024-12-21 00:00:00,0.0
2024-12-21 01:00:00,0.0
2024-12-21 02:00:00,0.0
2024-12-21 03:00:00,0.0
2024-12-21 04:00:00,0.0
2024-12-21 05:00:00,0.0
2024-12-21 06:00:00,0.0
2024-12-21 07:00:00,0.0
2024-12-21 08:00:00,31.3
2024-12-21 09:00:00,106.2
2024-12-21 10:00:00,505.4
2024-12-21 11:00:00,387.2
2024-12-21 12:00:00,446.5
2024-12-21 13:00:00,846.9
2024-12-21 14:00:00,1325.6
2024-12-21 15:00:00,1577.0
2024-12-21 16:00:00,1141.3
2024-12-21 17:00:00,1357.3
2024-12-21 18:00:00,438.9
2024-12-21 19:00:00,475.5
2024-12-21 20:00:00,110.9
2024-12-21 21:00:00,5.5
2024-12-21 22:00:00,0.0
2024-12-21 23:00:00,0.0
2024-12-22 00:00:00,0.0
2024-12-22 01:00:00,0.0
2024-12-22 02:00:00,0.0
2024-12-22 03:00:00,0.0
2024-12-22 04:00:00,0.0
2024-12-22 05:00:00,0.0
2024-12-22 06:00:00,0.0
2024-12-22 07:00:00,0.0
2024-12-22 08:00:00,48.0
2024-12-22 09:00:00,411.6
2024-12-22 10:00:00,546.3
2024-12-22 11:00:00,654.7
2024-12-22 12:00:00,825.9
2024-12-22 13:00:00,734.1
2024-12-22 14:00:00,1123.8
2024-12-22 15:00:00,1726.9
2024-12-22 16:00:00,888.5
2024-12-22 17:00:00,1407.5
2024-12-22 18:00:00,705.3
2024-12-22 19:00:00,122.4
2024-12-22 20:00:00,56.3
2024-12-22 21:00:00,2.3
2024-12-22 22:00:00,0.0
2024-12-22 23:00:00,0.0
2024-12-23 00:00:00,0.0
2024-12-23 01:00:00,0.0
2024-12-23 02:00:00,0.0
2024-12-23 03:00:00,0.0
2024-12-23 04:00:00,0.0
2024-12-23 05:00:00,0.0
2024-12-23 06:00:00,0.0
2024-12-23 07:00:00,0.0
2024-12-23 08:00:00,28.3
2024-12-23 09:00:00,234.4
2024-12-23 10:00:00,536.2
2024-12-23 11:00:00,651.9
2024-12-23 12:00:00,1499.2
2024-12-23 13:00:00,1264.5
2024-12-23 14:00:00,1212.7
2024-12-23 15:00:00,1414.5
2024-12-23 16:00:00,1770.3
2024-12-23 17:00:00,1683.9
2024-12-23 18:00:00,924.9
2024-12-23 19:00:00,183.9
2024-12-23 20:00:00,95.3
2024-12-23 21:00:00,2.5
2024-12-23 22:00:00,0.0
2024-12-23 23:00:00,0.0
2024-12-24 00:00:00,0.0
2024-12-24 01:00:00,0.0
2024-12-24 02:00:00,0.0
2024-12-24 03:00:00,0.0
2024-12-24 04:00:00,0.0
2024-12-24 05:00:00,0.0
2024-12-24 06:00:00,0.0
2024-12-24 07:00:00,0.0
2024-12-24 08:00:00,36.5
2024-12-24 09:00:00,237.3
2024-12-24 10:00:00,569.7
2024-12-24 11:00:00,1229.4
2024-12-24 12:00:00,1012.1
2024-12-24 13:00:00,1561.9
2024-12-24 14:00:00,1510.9
2024-12-24 15:00:00,1206.2
2024-12-24 16:00:00,1314.1
2024-12-24 17:00:00,1162.0
2024-12-24 18:00:00,651.8
2024-12-24 19:00:00,425.4
2024-12-24 20:00:00,108.7
2024-12-24 21:00:00,1.9
2024-12-24 22:00:00,0.0
2024-12-24 23:00:00,0.0
2024-12-25 00:00:00,0.0
2024-12-25 01:00:00,0.0
2024-12-25 02:00:00,0.0
2024-12-25 03:00:00,0.0
2024-12-25 04:00:00,0.0
2024-12-25 05:00:00,0.0
2024-12-25 06:00:00,0.0
2024-12-25 07:00:00,0.0
2024-12-25 08:00:00,61.6
2024-12-25 09:00:00,270.9
2024-12-25 10:00:00,1134.3
2024-12-25 11:00:00,1398.1
2024-12-25 12:00:00,1902.3
2024-12-25 13:00:00,1473.4
2024-12-25 14:00:00,2086.6
2024-12-25 15:00:00,1859.1
2024-12-25 16:00:00,1960.1
2024-12-25 17:00:00,1288.8
2024-12-25 18:00:00,1269.4
2024-12-25 19:00:00,380.5
2024-12-25 20:00:00,97.4
2024-12-25 21:00:00,9.5
2024-12-25 22:00:00,0.0
2024-12-25 23:00:00,0.0
2024-12-26 00:00:00,0.0
2024-12-26 01:00:00,0.0
2024-12-26 02:00:00,0.0
2024-12-26 03:00:00,0.0
2024-12-26 04:00:00,0.0
2024-12-26 05:00:00,0.0
2024-12-26 06:00:00,0.0
2024-12-26 07:00:00,0.0
2024-12-26 08:00:00,12.8
2024-12-26 09:00:00,99.6
2024-12-26 10:00:00,386.5
2024-12-26 11:00:00,665.5
2024-12-26 12:00:00,813.8
2024-12-26 13:00:00,1146.8
2024-12-26 14:00:00,1602.1
2024-12-26 15:00:00,836.0
2024-12-26 16:00:00,400.9
2024-12-26 17:00:00,425.7
2024-12-26 18:00:00,339.7
2024-12-26 19:00:00,188.3
2024-12-26 20:00:00,79.7
2024-12-26 21:00:00,1.1
2024-12-26 22:00:00,0.0
2024-12-26 23:00:00,0.0
2024-12-27 00:00:00,0.0
2024-12-27 01:00:00,0.0
2024-12-27 02:00:00,0.0
2024-12-27 03:00:00,0.0
2024-12-27 04:00:00,0.0
2024-12-27 05:00:00,0.0
2024-12-27 06:00:00,0.0
2024-12-27 07:00:00,0.1
2024-12-27 08:00:00,42.6
2024-12-27 09:00:00,253.5
2024-12-27 10:00:00,426.0
2024-12-27 11:00:00,214.6
2024-12-27 12:00:00,336.3
2024-12-27 13:00:00,1010.9
2024-12-27 14:00:00,1441.6
2024-12-27 15:00:00,1357.9
2024-12-27 16:00:00,439.3
2024-12-27 17:00:00,849.6
2024-12-27 18:00:00,603.7
2024-12-27 19:00:00,302.0
2024-12-27 20:00:00,48.8
2024-12-27 21:00:00,3.3
2024-12-27 22:00:00,0.0
2024-12-27 23:00:00,0.0
2024-12-28 00:00:00,0.0
2024-12-28 01:00:00,0.0
2024-12-28 02:00:00,0.0
2024-12-28 03:00:00,0.0
2024-12-28 04:00:00,0.0
2024-12-28 05:00:00,0.0
2024-12-28 06:00:00,0.0
2024-12-28 07:00:00,0.0
2024-12-28 08:00:00,26.2
2024-12-28 09:00:00,311.3
2024-12-28 10:00:00,751.4
2024-12-28 11:00:00,1417.4
2024-12-28 12:00:00,1829.4
2024-12-28 13:00:00,2292.6
2024-12-28 14:00:00,2136.0
2024-12-28 15:00:00,2186.6
2024-12-28 16:00:00,1927.9
2024-12-28 17:00:00,1979.5
2024-12-28 18:00:00,1284.8
2024-12-28 19:00:00,632.0
2024-12-28 20:00:00,145.1
2024-12-28 21:00:00,25.2
2024-12-28 22:00:00,0.0
2024-12-28 23:00:00,0.0
2024-12-29 00:00:00,0.0
2024-12-29 01:00:00,0.0
2024-12-29 02:00:00,0.0
2024-12-29 03:00:00,0.0
2024-12-29 04:00:00,0.0
2024-12-29 05:00:00,0.0
2024-12-29 06:00:00,0.0
2024-12-29 07:00:00,0.0
2024-12-29 08:00:00,63.1
2024-12-29 09:00:00,344.1
2024-12-29 10:00:00,450.1
2024-12-29 11:00:00,1085.1
2024-12-29 12:00:00,1103.9
2024-12-29 13:00:00,1172.2
2024-12-29 14:00:00,1644.0
2024-12-29 15:00:00,1383.1
2024-12-29 16:00:00,1238.0
2024-12-29 17:00:00,1272.7
2024-12-29 18:00:00,924.8
2024-12-29 19:00:00,565.2
2024-12-29 20:00:00,199.1
2024-12-29 21:00:00,25.7
2024-12-29 22:00:00,0.0
2024-12-29 23:00:00,0.0
2024-12-30 00:00:00,0.0
2024-12-30 01:00:00,0.0
2024-12-30 02:00:00,0.0
2024-12-30 03:00:00,0.0
2024-12-30 04:00:00,0.0
2024-12-30 05:00:00,0.0
2024-12-30 06:00:00,0.0
2024-12-30 07:00:00,0.0
2024-12-30 08:00:00,45.0
2024-12-30 09:00:00,176.3
2024-12-30 10:00:00,697.2
2024-12-30 11:00:00,665.6
2024-12-30 12:00:00,1581.7
2024-12-30 13:00:00,2325.2
2024-12-30 14:00:00,2064.9
2024-12-30 15:00:00,2379.7
2024-12-30 16:00:00,2500.6
2024-12-30 17:00:00,1654.7
2024-12-30 18:00:00,1546.0
2024-12-30 19:00:00,448.4
2024-12-30 20:00:00,214.1
2024-12-30 21:00:00,12.7
2024-12-30 22:00:00,0.0
2024-12-30 23:00:00,0.0
2024-12-31 00:00:00,0.0
2024-12-31 01:00:00,0.0
2024-12-31 02:00:00,0.0
2024-12-31 03:00:00,0.0
2024-12-31 04:00:00,0.0
2024-12-31 05:00:00,0.0
2024-12-31 06:00:00,0.0
2024-12-31 07:00:00,0.0
2024-12-31 08:00:00,25.7
2024-12-31 09:00:00,284.4
2024-12-31 10:00:00,1105.7
2024-12-31 11:00:00,1363.7
2024-12-31 12:00:00,1643.4
2024-12-31 13:00:00,1729.8
2024-12-31 14:00:00,1642.4
2024-12-31 15:00:00,2313.2
2024-12-31 16:00:00,1667.1
2024-12-31 17:00:00,1848.0
2024-12-31 18:00:00,1062.9
2024-12-31 19:00:00,352.2
2024-12-31 20:00:00,142.8
2024-12-31 21:00:00,14.1
2024-12-31 22:00:00,0.0
2024-12-31 23:00:00,0.0
2025-01-01 00:00:00,0.0
2025-01-01 01:00:00,0.0
2025-01-01 02:00:00,0.0
2025-01-01 03:00:00,0.0
2025-01-01 04:00:00,0.0
2025-01-01 05:00:00,0.0
2025-01-01 06:00:00,0.0
2025-01-01 07:00:00,0.0
2025-01-01 08:00:00,24.1
2025-01-01 09:00:00,220.2
2025-01-01 10:00:00,897.7
2025-01-01 11:00:00,1588.4
2025-01-01 12:00:00,1659.3
2025-01-01 13:00:00,2214.9
2025-01-01 14:00:00,2526.3
2025-01-01 15:00:00,2285.9
2025-01-01 16:00:00,2061.8
2025-01-01 17:00:00,1933.3
2025-01-01 18:00:00,1294.2
2025-01-01 19:00:00,456.2
2025-01-01 20:00:00,153.2
2025-01-01 21:00:00,37.0
2025-01-01 22:00:00,0.0
2025-01-01 23:00:00,0.0
2025-01-02 00:00:00,0.0
2025-01-02 01:00:00,0.0
2025-01-02 02:00:00,0.0
2025-01-02 03:00:00,0.0
2025-01-02 04:00:00,0.0
2025-01-02 05:00:00,0.0
2025-01-02 06:00:00,0.0
2025-01-02 07:00:00,0.0
2025-01-02 08:00:00,17.5
2025-01-02 09:00:00,319.4
2025-01-02 10:00:00,1036.1
2025-01-02 11:00:00,1602.5
2025-01-02 12:00:00,2050.5
2025-01-02 13:00:00,2296.1
2025-01-02 14:00:00,2496.1
2025-01-02 15:00:00,2325.0
2025-01-02 16:00:00,1977.7
2025-01-02 17:00:00,1802.6
2025-01-02 18:00:00,1134.5
2025-01-02 19:00:00,648.3
2025-01-02 20:00:00,205.1
2025-01-02 21:00:00,12.9
2025-01-02 22:00:00,0.0
2025-01-02 23:00:00,0.0
2025-01-03 00:00:00,0.0
2025-01-03 01:00:00,0.0
2025-01-03 02:00:00,0.0
2025-01-03 03:00:00,0.0
2025-01-03 04:00:00,0.0
2025-01-03 05:00:00,0.0
2025-01-03 06:00:00,0.0
2025-01-03 07:00:00,0.0
2025-01-03 08:00:00,35.8
2025-01-03 09:00:00,236.5
2025-01-03 10:00:00,501.5
2025-01-03 11:00:00,1392.4
2025-01-03 12:00:00,1979.4
2025-01-03 13:00:00,2389.7
2025-01-03 14:00:00,2397.7
2025-01-03 15:00:00,2382.6
2025-01-03 16:00:00,1525.3
2025-01-03 17:00:00,2080.4
2025-01-03 18:00:00,991.3
2025-01-03 19:00:00,246.9
2025-01-03 20:00:00,165.8
2025-01-03 21:00:00,3.2
2025-01-03 22:00:00,0.0
2025-01-03 23:00:00,0.0
2025-01-04 00:00:00,0.0
2025-01-04 01:00:00,0.0
2025-01-04 02:00:00,0.0
2025-01-04 03:00:00,0.0
2025-01-04 04:00:00,0.0
2025-01-04 05:00:00,0.0
2025-01-04 06:00:00,0.0
2025-01-04 07:00:00,0.0
2025-01-04 08:00:00,16.1
2025-01-04 09:00:00,340.0
2025-01-04 10:00:00,557.1
2025-01-04 11:00:00,1081.7
2025-01-04 12:00:00,1424.0
2025-01-04 13:00:00,2377.7
2025-01-04 14:00:00,2149.8
2025-01-04 15:00:00,1384.4
2025-01-04 16:00:00,1156.1
2025-01-04 17:00:00,1698.1
2025-01-04 18:00:00,1060.2
2025-01-04 19:00:00,503.8
2025-01-04 20:00:00,23.8
2025-01-04 21:00:00,0.2
2025-01-04 22:00:00,0.0
2025-01-04 23:00:00,0.0
2025-01-05 00:00:00,0.0
2025-01-05 01:00:00,0.0
2025-01-05 02:00:00,0.0
2025-01-05 03:00:00,0.0
2025-01-05 04:00:00,0.0
2025-01-05 05:00:00,0.0
2025-01-05 06:00:00,0.0
2025-01-05 07:00:00,0.0
2025-01-05 08:00:00,7.2
2025-01-05 09:00:00,192.1
2025-01-05 10:00:00,829.6
2025-01-05 11:00:00,1252.1
2025-01-05 12:00:00,1187.8
2025-01-05 13:00:00,1898.8
2025-01-05 14:00:00,2294.3
2025-01-05 15:00:00,2287.4
2025-01-05 16:00:00,2163.5
2025-01-05 17:00:00,1901.2
2025-01-05 18:00:00,1214.5
2025-01-05 19:00:00,529.6
2025-01-05 20:00:00,257.9
2025-01-05 21:00:00,44.0
2025-01-05 22:00:00,0.0
2025-01-05 23:00:00,0.0
2025-01-06 00:00:00,0.0
2025-01-06 01:00:00,0.0
2025-01-06 02:00:00,0.0
2025-01-06 03:00:00,0.0
2025-01-06 04:00:00,0.0
2025-01-06 05:00:00,0.0
2025-01-06 06:00:00,0.0
2025-01-06 07:00:00,0.0
2025-01-06 08:00:00,25.0
2025-01-06 09:00:00,268.3
2025-01-06 10:00:00,1054.3
2025-01-06 11:00:00,1839.4
2025-01-06 12:00:00,2089.7
2025-01-06 13:00:00,2264.6
2025-01-06 14:00:00,1784.2
2025-01-06 15:00:00,1997.8
2025-01-06 16:00:00,2192.4
2025-01-06 17:00:00,1826.9
2025-01-06 18:00:00,1183.2
2025-01-06 19:00:00,498.4
2025-01-06 20:00:00,188.2
2025-01-06 21:00:00,15.2
2025-01-06 22:00:00,0.0
2025-01-06 23:00:00,0.0
2025-01-07 00:00:00,0.0
2025-01-07 01:00:00,0.0
2025-01-07 02:00:00,0.0
2025-01-07 03:00:00,0.0
2025-01-07 04:00:00,0.0
2025-01-07 05:00:00,0.0
2025-01-07 06:00:00,0.0
2025-01-07 07:00:00,0.0
2025-01-07 08:00:00,8.3
2025-01-07 09:00:00,152.8
2025-01-07 10:00:00,282.7
2025-01-07 11:00:00,1179.8
2025-01-07 12:00:00,698.4
2025-01-07 13:00:00,547.7
2025-01-07 14:00:00,636.1
2025-01-07 15:00:00,1297.1
2025-01-07 16:00:00,2152.5
2025-01-07 17:00:00,1165.5
2025-01-07 18:00:00,546.2
2025-01-07 19:00:00,190.8
2025-01-07 20:00:00,47.0
2025-01-07 21:00:00,30.8
2025-01-07 22:00:00,0.0
2025-01-07 23:00:00,0.0
2025-01-08 00:00:00,0.0
2025-01-08 01:00:00,0.0
2025-01-08 02:00:00,0.0
2025-01-08 03:00:00,0.0
2025-01-08 04:00:00,0.0
2025-01-08 05:00:00,0.0
2025-01-08 06:00:00,0.0
2025-01-08 07:00:00,0.0
2025-01-08 08:00:00,8.7
2025-01-08 09:00:00,237.6
2025-01-08 10:00:00,350.8
2025-01-08 11:00:00,498.5
2025-01-08 12:00:00,1369.4
2025-01-08 13:00:00,1992.5
2025-01-08 14:00:00,2045.4
2025-01-08 15:00:00,2390.2
2025-01-08 16:00:00,2264.6
2025-01-08 17:00:00,1812.8
2025-01-08 18:00:00,920.3
2025-01-08 19:00:00,590.6
2025-01-08 20:00:00,150.6
2025-01-08 21:00:00,19.6
2025-01-08 22:00:00,0.0
2025-01-08 23:00:00,0.0
2025-01-09 00:00:00,0.0
2025-01-09 01:00:00,0.0
2025-01-09 02:00:00,0.0
2025-01-09 03:00:00,0.0
2025-01-09 04:00:00,0.0
2025-01-09 05:00:00,0.0
2025-01-09 06:00:00,0.0
2025-01-09 07:00:00,0.0
2025-01-09 08:00:00,11.8
2025-01-09 09:00:00,244.3
2025-01-09 10:00:00,379.5
2025-01-09 11:00:00,563.7
2025-01-09 12:00:00,286.4
2025-01-09 13:00:00,1037.0
2025-01-09 14:00:00,884.3
2025-01-09 15:00:00,330.7
2025-01-09 16:00:00,1434.1
2025-01-09 17:00:00,583.6
2025-01-09 18:00:00,390.4
2025-01-09 19:00:00,270.5
2025-01-09 20:00:00,248.6
2025-01-09 21:00:00,23.0
2025-01-09 22:00:00,0.0
2025-01-09 23:00:00,0.0
2025-01-10 00:00:00,0.0
2025-01-10 01:00:00,0.0
2025-01-10 02:00:00,0.0
2025-01-10 03:00:00,0.0
2025-01-10 04:00:00,0.0
2025-01-10 05:00:00,0.0
2025-01-10 06:00:00,0.0
2025-01-10 07:00:00,0.0
2025-01-10 08:00:00,9.8
2025-01-10 09:00:00,140.8
2025-01-10 10:00:00,331.3
2025-01-10 11:00:00,592.5
2025-01-10 12:00:00,741.4
2025-01-10 13:00:00,1132.3
2025-01-10 14:00:00,1978.4
2025-01-10 15:00:00,2682.5
2025-01-10 16:00:00,2290.1
2025-01-10 17:00:00,1877.3
2025-01-10 18:00:00,1251.8
2025-01-10 19:00:00,770.2
2025-01-10 20:00:00,181.7
2025-01-10 21:00:00,16.5
2025-01-10 22:00:00,0.0
2025-01-10 23:00:00,0.0
2025-01-11 00:00:00,0.0
2025-01-11 01:00:00,0.0
2025-01-11 02:00:00,0.0
2025-01-11 03:00:00,0.0
2025-01-11 04:00:00,0.0
2025-01-11 05:00:00,0.0
2025-01-11 06:00:00,0.0
2025-01-11 07:00:00,0.0
2025-01-11 08:00:00,13.3
2025-01-11 09:00:00,231.9
2025-01-11 10:00:00,538.1
2025-01-11 11:00:00,971.4
2025-01-11 12:00:00,1405.5
2025-01-11 13:00:00,1866.2
2025-01-11 14:00:00,2459.8
2025-01-11 15:00:00,1675.5
2025-01-11 16:00:00,1904.1
2025-01-11 17:00:00,1811.4
2025-01-11 18:00:00,776.5
2025-01-11 19:00:00,329.7
2025-01-11 20:00:00,187.9
2025-01-11 21:00:00,15.5
2025-01-11 22:00:00,0.0
2025-01-11 23:00:00,0.0
2025-01-12 00:00:00,0.0
2025-01-12 01:00:00,0.0
2025-01-12 02:00:00,0.0
2025-01-12 03:00:00,0.0
2025-01-12 04:00:00,0.0
2025-01-12 05:00:00,0.0
2025-01-12 06:00:00,0.0
2025-01-12 07:00:00,0.0
2025-01-12 08:00:00,18.4
2025-01-12 09:00:00,279.9
2025-01-12 10:00:00,491.4
2025-01-12 11:00:00,280.0
2025-01-12 12:00:00,414.8
2025-01-12 13:00:00,575.1
2025-01-12 14:00:00,848.4
2025-01-12 15:00:00,497.2
2025-01-12 16:00:00,618.7
2025-01-12 17:00:00,566.4
2025-01-12 18:00:00,295.0
2025-01-12 19:00:00,158.4
2025-01-12 20:00:00,82.7
2025-01-12 21:00:00,8.1
2025-01-12 22:00:00,0.0
2025-01-12 23:00:00,0.0
2025-01-13 00:00:00,0.0
2025-01-13 01:00:00,0.0
2025-01-13 02:00:00,0.0
2025-01-13 03:00:00,0.0
2025-01-13 04:00:00,0.0
2025-01-13 05:00:00,0.0
2025-01-13 06:00:00,0.0
2025-01-13 07:00:00,0.0
2025-01-13 08:00:00,2.6
2025-01-13 09:00:00,125.3
2025-01-13 10:00:00,221.0
2025-01-13 11:00:00,404.3
2025-01-13 12:00:00,394.5
2025-01-13 13:00:00,393.3
2025-01-13 14:00:00,327.7
2025-01-13 15:00:00,579.9
2025-01-13 16:00:00,1325.9
2025-01-13 17:00:00,973.6
2025-01-13 18:00:00,297.5
2025-01-13 19:00:00,159.3
2025-01-13 20:00:00,79.0
2025-01-13 21:00:00,8.7
2025-01-13 22:00:00,0.0
2025-01-13 23:00:00,0.0
2025-01-14 00:00:00,0.0
2025-01-14 01:00:00,0.0
2025-01-14 02:00:00,0.0
2025-01-14 03:00:00,0.0
2025-01-14 04:00:00,0.0
2025-01-14 05:00:00,0.0
2025-01-14 06:00:00,0.0
2025-01-14 07:00:00,0.0
2025-01-14 08:00:00,14.8
2025-01-14 09:00:00,205.7
2025-01-14 10:00:00,445.4
2025-01-14 11:00:00,1229.3
2025-01-14 12:00:00,889.7
2025-01-14 13:00:00,781.2
2025-01-14 14:00:00,297.6
2025-01-14 15:00:00,701.4
2025-01-14 16:00:00,581.6
2025-01-14 17:00:00,350.4
2025-01-14 18:00:00,205.1
2025-01-14 19:00:00,152.2
2025-01-14 20:00:00,17.7
2025-01-14 21:00:00,0.6
2025-01-14 22:00:00,0.0
2025-01-14 23:00:00,0.0
2025-01-15 00:00:00,0.0
2025-01-15 01:00:00,0.0
2025-01-15 02:00:00,0.0
2025-01-15 03:00:00,0.0
2025-01-15 04:00:00,0.0
2025-01-15 05:00:00,0.0
2025-01-15 06:00:00,0.0
2025-01-15 07:00:00,0.0
2025-01-15 08:00:00,9.7
2025-01-15 09:00:00,126.4
2025-01-15 10:00:00,261.4
2025-01-15 11:00:00,541.9
2025-01-15 12:00:00,773.5
2025-01-15 13:00:00,1131.5
2025-01-15 14:00:00,1338.6
2025-01-15 15:00:00,1383.1
2025-01-15 16:00:00,1816.4
2025-01-15 17:00:00,1231.8
2025-01-15 18:00:00,821.8
2025-01-15 19:00:00,381.2
2025-01-15 20:00:00,170.4
2025-01-15 21:00:00,18.7
2025-01-15 22:00:00,0.0
2025-01-15 23:00:00,0.0
2025-01-16 00:00:00,0.0
2025-01-16 01:00:00,0.0
2025-01-16 02:00:00,0.0
2025-01-16 03:00:00,0.0
2025-01-16 04:00:00,0.0
2025-01-16 05:00:00,0.0
2025-01-16 06:00:00,0.0
2025-01-16 07:00:00,0.0
2025-01-16 08:00:00,9.5
2025-01-16 09:00:00,292.5
2025-01-16 10:00:00,629.3
2025-01-16 11:00:00,1228.7
2025-01-16 12:00:00,1933.3
2025-01-16 13:00:00,2768.3
2025-01-16 14:00:00,2211.2
2025-01-16 15:00:00,2124.5
2025-01-16 16:00:00,1390.4
2025-01-16 17:00:00,1364.7
2025-01-16 18:00:00,596.6
2025-01-16 19:00:00,284.4
2025-01-16 20:00:00,249.4
2025-01-16 21:00:00,19.8
2025-01-16 22:00:00,0.0
2025-01-16 23:00:00,0.0
2025-01-17 00:00:00,0.0
2025-01-17 01:00:00,0.0
2025-01-17 02:00:00,0.0
2025-01-17 03:00:00,0.0
2025-01-17 04:00:00,0.0
2025-01-17 05:00:00,0.0
2025-01-17 06:00:00,0.0
2025-01-17 07:00:00,0.0
2025-01-17 08:00:00,14.7
2025-01-17 09:00:00,255.5
2025-01-17 10:00:00,1033.0
2025-01-17 11:00:00,1755.9
2025-01-17 12:00:00,2089.4
2025-01-17 13:00:00,2062.2
2025-01-17 14:00:00,2503.4
2025-01-17 15:00:00,2194.5
2025-01-17 16:00:00,2021.6
2025-01-17 17:00:00,1534.4
2025-01-17 18:00:00,746.7
2025-01-17 19:00:00,640.7
2025-01-17 20:00:00,140.7
2025-01-17 21:00:00,21.2
2025-01-17 22:00:00,0.0
2025-01-17 23:00:00,0.0
2025-01-18 00:00:00,0.0
2025-01-18 01:00:00,0.0
2025-01-18 02:00:00,0.0
2025-01-18 03:00:00,0.0
2025-01-18 04:00:00,0.0
2025-01-18 05:00:00,0.0
2025-01-18 06:00:00,0.0
2025-01-18 07:00:00,0.0
2025-01-18 08:00:00,7.9
2025-01-18 09:00:00,351.3
2025-01-18 10:00:00,1122.3
2025-01-18 11:00:00,1211.9
2025-01-18 12:00:00,2068.2
2025-01-18 13:00:00,2209.6
2025-01-18 14:00:00,2398.1
2025-01-18 15:00:00,2073.7
2025-01-18 16:00:00,868.0
2025-01-18 17:00:00,1115.5
2025-01-18 18:00:00,1457.5
2025-01-18 19:00:00,660.1
2025-01-18 20:00:00,153.2
2025-01-18 21:00:00,24.4
2025-01-18 22:00:00,0.0
2025-01-18 23:00:00,0.0
2025-01-19 00:00:00,0.0
2025-01-19 01:00:00,0.0
2025-01-19 02:00:00,0.0
2025-01-19 03:00:00,0.0
2025-01-19 04:00:00,0.0
2025-01-19 05:00:00,0.0
2025-01-19 06:00:00,0.0
2025-01-19 07:00:00,0.0
2025-01-19 08:00:00,9.2
2025-01-19 09:00:00,263.6
2025-01-19 10:00:00,972.3
2025-01-19 11:00:00,1678.9
2025-01-19 12:00:00,2149.3
2025-01-19 13:00:00,2215.8
2025-01-19 14:00:00,2353.0
2025-01-19 15:00:00,2029.6
2025-01-19 16:00:00,1936.9
2025-01-19 17:00:00,1951.7
2025-01-19 18:00:00,1244.6
2025-01-19 19:00:00,769.9
2025-01-19 20:00:00,354.2
2025-01-19 21:00:00,78.5
2025-01-19 22:00:00,0.0
2025-01-19 23:00:00,0.0
2025-01-20 00:00:00,0.0
2025-01-20 01:00:00,0.0
2025-01-20 02:00:00,0.0
2025-01-20 03:00:00,0.0
2025-01-20 04:00:00,0.0
2025-01-20 05:00:00,0.0
2025-01-20 06:00:00,0.0
2025-01-20 07:00:00,0.0
2025-01-20 08:00:00,0.0
2025-01-20 09:00:00,219.9
2025-01-20 10:00:00,838.5
2025-01-20 11:00:00,1632.0
2025-01-20 12:00:00,1893.4
2025-01-20 13:00:00,2151.0
2025-01-20 14:00:00,1797.5
2025-01-20 15:00:00,2342.6
2025-01-20 16:00:00,2100.5
2025-01-20 17:00:00,1907.7
2025-01-20 18:00:00,1261.4
2025-01-20 19:00:00,846.5
2025-01-20 20:00:00,294.7
2025-01-20 21:00:00,55.2
2025-01-20 22:00:00,0.0
2025-01-20 23:00:00,0.0
2025-01-21 00:00:00,0.0
2025-01-21 01:00:00,0.0
2025-01-21 02:00:00,0.0
2025-01-21 03:00:00,0.0
2025-01-21 04:00:00,0.0
2025-01-21 05:00:00,0.0
2025-01-21 06:00:00,0.0
2025-01-21 07:00:00,0.0
2025-01-21 08:00:00,0.0
2025-01-21 09:00:00,0.0
2025-01-21 10:00:00,0.0
2025-01-21 11:00:00,0.0
2025-01-21 12:00:00,2125.0
2025-01-21 13:00:00,2300.8
2025-01-21 14:00:00,2529.3
2025-01-21 15:00:00,2375.8
2025-01-21 16:00:00,2277.3
2025-01-21 17:00:00,1943.9
2025-01-21 18:00:00,1430.1
2025-01-21 19:00:00,755.9
2025-01-21 20:00:00,280.5
2025-01-21 21:00:00,56.0
2025-01-21 22:00:00,0.0
2025-01-21 23:00:00,0.0
2025-01-22 00:00:00,0.0
2025-01-22 01:00:00,0.0
2025-01-22 02:00:00,0.0
2025-01-22 03:00:00,0.0
2025-01-22 04:00:00,0.0
2025-01-22 05:00:00,0.0
2025-01-22 06:00:00,0.0
2025-01-22 07:00:00,0.0
2025-01-22 08:00:00,20.3
2025-01-22 09:00:00,177.5
2025-01-22 10:00:00,603.4
2025-01-22 11:00:00,1536.7
2025-01-22 12:00:00,1990.1
2025-01-22 13:00:00,1627.3
2025-01-22 14:00:00,1863.3
2025-01-22 15:00:00,2099.3
2025-01-22 16:00:00,2400.0
2025-01-22 17:00:00,2126.2
2025-01-22 18:00:00,811.9
2025-01-22 19:00:00,319.3
2025-01-22 20:00:00,202.5
2025-01-22 21:00:00,26.7
2025-01-22 22:00:00,0.0
2025-01-22 23:00:00,0.0
2025-01-23 00:00:00,0.0
2025-01-23 01:00:00,0.0
2025-01-23 02:00:00,0.0
2025-01-23 03:00:00,0.0
2025-01-23 04:00:00,0.0
2025-01-23 05:00:00,0.0
2025-01-23 06:00:00,0.0
2025-01-23 07:00:00,0.0
2025-01-23 08:00:00,17.4
2025-01-23 09:00:00,215.8
2025-01-23 10:00:00,872.6
2025-01-23 11:00:00,1412.1
2025-01-23 12:00:00,1948.5
2025-01-23 13:00:00,2224.0
2025-01-23 14:00:00,1794.4
2025-01-23 15:00:00,2128.8
2025-01-23 16:00:00,1826.4
2025-01-23 17:00:00,1776.6
2025-01-23 18:00:00,1104.9
2025-01-23 19:00:00,306.7
2025-01-23 20:00:00,102.1
2025-01-23 21:00:00,8.6
2025-01-23 22:00:00,0.0
2025-01-23 23:00:00,0.0
2025-01-24 00:00:00,0.0
2025-01-24 01:00:00,0.0
2025-01-24 02:00:00,0.0
2025-01-24 03:00:00,0.0
2025-01-24 04:00:00,0.0
2025-01-24 05:00:00,0.0
2025-01-24 06:00:00,0.0
2025-01-24 07:00:00,0.0
2025-01-24 08:00:00,0.0
2025-01-24 09:00:00,0.0
2025-01-24 10:00:00,0.0
2025-01-24 11:00:00,0.0
2025-01-24 12:00:00,0.0
2025-01-24 13:00:00,0.0
2025-01-24 14:00:00,0.0
2025-01-24 15:00:00,0.0
2025-01-24 16:00:00,0.0
2025-01-24 17:00:00,0.0
2025-01-24 18:00:00,575.8
2025-01-24 19:00:00,631.4
2025-01-24 20:00:00,131.3
2025-01-24 21:00:00,13.8
2025-01-24 22:00:00,0.0
2025-01-24 23:00:00,0.0
2025-01-25 00:00:00,0.0
2025-01-25 01:00:00,0.0
2025-01-25 02:00:00,0.0
2025-01-25 03:00:00,0.0
2025-01-25 04:00:00,0.0
2025-01-25 05:00:00,0.0
2025-01-25 06:00:00,0.0
2025-01-25 07:00:00,0.0
2025-01-25 08:00:00,5.3
2025-01-25 09:00:00,253.2
2025-01-25 10:00:00,837.5
2025-01-25 11:00:00,1261.1
2025-01-25 12:00:00,1778.4
2025-01-25 13:00:00,2445.7
2025-01-25 14:00:00,2409.2
2025-01-25 15:00:00,2451.7
2025-01-25 16:00:00,2299.5
2025-01-25 17:00:00,1886.3
2025-01-25 18:00:00,1133.5
2025-01-25 19:00:00,336.7
2025-01-25 20:00:00,200.1
2025-01-25 21:00:00,20.8
2025-01-25 22:00:00,0.0
2025-01-25 23:00:00,0.0
2025-01-26 00:00:00,0.0
2025-01-26 01:00:00,0.0
2025-01-26 02:00:00,0.0
2025-01-26 03:00:00,0.0
2025-01-26 04:00:00,0.0
2025-01-26 05:00:00,0.0
2025-01-26 06:00:00,0.0
2025-01-26 07:00:00,0.0
2025-01-26 08:00:00,4.6
2025-01-26 09:00:00,243.8
2025-01-26 10:00:00,983.4
2025-01-26 11:00:00,1425.0
2025-01-26 12:00:00,1780.7
2025-01-26 13:00:00,1604.9
2025-01-26 14:00:00,1584.6
2025-01-26 15:00:00,1690.0
2025-01-26 16:00:00,1520.8
2025-01-26 17:00:00,1377.9
2025-01-26 18:00:00,1102.7
2025-01-26 19:00:00,534.2
2025-01-26 20:00:00,168.2
2025-01-26 21:00:00,5.7
2025-01-26 22:00:00,0.0
2025-01-26 23:00:00,0.0
2025-01-27 00:00:00,0.0
2025-01-27 01:00:00,0.0
2025-01-27 02:00:00,0.0
2025-01-27 03:00:00,0.0
2025-01-27 04:00:00,0.0
2025-01-27 05:00:00,0.0
2025-01-27 06:00:00,0.0
2025-01-27 07:00:00,0.0
2025-01-27 08:00:00,1.7
2025-01-27 09:00:00,85.1
2025-01-27 10:00:00,319.0
2025-01-27 11:00:00,281.3
2025-01-27 12:00:00,744.6
2025-01-27 13:00:00,727.8
2025-01-27 14:00:00,1326.1
2025-01-27 15:00:00,1770.9
2025-01-27 16:00:00,1819.4
2025-01-27 17:00:00,1181.3
2025-01-27 18:00:00,754.6
2025-01-27 19:00:00,310.3
2025-01-27 20:00:00,113.9
2025-01-27 21:00:00,15.3
2025-01-27 22:00:00,0.0
2025-01-27 23:00:00,0.0
2025-01-28 00:00:00,0.0
2025-01-28 01:00:00,0.0
2025-01-28 02:00:00,0.0
2025-01-28 03:00:00,0.0
2025-01-28 04:00:00,0.0
2025-01-28 05:00:00,0.0
2025-01-28 06:00:00,0.0
2025-01-28 07:00:00,0.0
2025-01-28 08:00:00,15.2
2025-01-28 09:00:00,222.0
2025-01-28 10:00:00,568.3
2025-01-28 11:00:00,1070.4
2025-01-28 12:00:00,1412.8
2025-01-28 13:00:00,1600.5
2025-01-28 14:00:00,1594.8
2025-01-28 15:00:00,2121.9
2025-01-28 16:00:00,2001.0
2025-01-28 17:00:00,1952.9
2025-01-28 18:00:00,738.1
2025-01-28 19:00:00,786.3
2025-01-28 20:00:00,297.0
2025-01-28 21:00:00,8.6
2025-01-28 22:00:00,0.0
2025-01-28 23:00:00,0.0
2025-01-29 00:00:00,0.0
2025-01-29 01:00:00,0.0
2025-01-29 02:00:00,0.0
2025-01-29 03:00:00,0.0
2025-01-29 04:00:00,0.0
2025-01-29 05:00:00,0.0
2025-01-29 06:00:00,0.0
2025-01-29 07:00:00,0.0
2025-01-29 08:00:00,4.8
2025-01-29 09:00:00,252.3
2025-01-29 10:00:00,942.5
2025-01-29 11:00:00,1820.0
2025-01-29 12:00:00,1824.4
2025-01-29 13:00:00,2294.2
2025-01-29 14:00:00,2056.8
2025-01-29 15:00:00,1712.1
2025-01-29 16:00:00,2316.1
2025-01-29 17:00:00,954.4
2025-01-29 18:00:00,664.9
2025-01-29 19:00:00,16.7
2025-01-29 20:00:00,0.2
2025-01-29 21:00:00,0.7
2025-01-29 22:00:00,0.0
2025-01-29 23:00:00,0.0
2025-01-30 00:00:00,0.0
2025-01-30 01:00:00,0.0
2025-01-30 02:00:00,0.0
2025-01-30 03:00:00,0.0
2025-01-30 04:00:00,0.0
2025-01-30 05:00:00,0.0
2025-01-30 06:00:00,0.0
2025-01-30 07:00:00,0.0
2025-01-30 08:00:00,2.2
2025-01-30 09:00:00,62.3
2025-01-30 10:00:00,225.9
2025-01-30 11:00:00,340.8
2025-01-30 12:00:00,735.0
2025-01-30 13:00:00,1076.3
2025-01-30 14:00:00,1370.5
2025-01-30 15:00:00,1842.3
2025-01-30 16:00:00,1666.9
2025-01-30 17:00:00,2057.0
2025-01-30 18:00:00,923.2
2025-01-30 19:00:00,292.3
2025-01-30 20:00:00,13.2
2025-01-30 21:00:00,25.0
2025-01-30 22:00:00,0.0
2025-01-30 23:00:00,0.0
2025-01-31 00:00:00,0.0
2025-01-31 01:00:00,0.0
2025-01-31 02:00:00,0.0
2025-01-31 03:00:00,0.0
2025-01-31 04:00:00,0.0
2025-01-31 05:00:00,0.0
2025-01-31 06:00:00,0.0
2025-01-31 07:00:00,0.0
2025-01-31 08:00:00,0.8
2025-01-31 09:00:00,118.4
2025-01-31 10:00:00,757.1
2025-01-31 11:00:00,1657.0
2025-01-31 12:00:00,1618.5
2025-01-31 13:00:00,1862.2
2025-01-31 14:00:00,1893.3
2025-01-31 15:00:00,1291.0
2025-01-31 16:00:00,884.3
2025-01-31 17:00:00,480.3
2025-01-31 18:00:00,62.5
2025-01-31 19:00:00,109.6
2025-01-31 20:00:00,165.8
2025-01-31 21:00:00,17.1
2025-01-31 22:00:00,0.0
2025-01-31 23:00:00,0.0
2025-02-01 00:00:00,0.0
2025-02-01 01:00:00,0.0
2025-02-01 02:00:00,0.0
2025-02-01 03:00:00,0.0
2025-02-01 04:00:00,0.0
2025-02-01 05:00:00,0.0
2025-02-01 06:00:00,0.0
2025-02-01 07:00:00,0.0
2025-02-01 08:00:00,3.1
2025-02-01 09:00:00,102.1
2025-02-01 10:00:00,330.4
2025-02-01 11:00:00,526.5
2025-02-01 12:00:00,1363.9
2025-02-01 13:00:00,2216.8
2025-02-01 14:00:00,1478.5
2025-02-01 15:00:00,1288.0
2025-02-01 16:00:00,1155.2
2025-02-01 17:00:00,1028.9
2025-02-01 18:00:00,232.8
2025-02-01 19:00:00,269.9
2025-02-01 20:00:00,150.1
2025-02-01 21:00:00,14.4
2025-02-01 22:00:00,0.0
2025-02-01 23:00:00,0.0
2025-02-02 00:00:00,0.0
2025-02-02 01:00:00,0.0
2025-02-02 02:00:00,0.0
2025-02-02 03:00:00,0.0
2025-02-02 04:00:00,0.0
2025-02-02 05:00:00,0.0
2025-02-02 06:00:00,0.0
2025-02-02 07:00:00,0.0
2025-02-02 08:00:00,2.9
2025-02-02 09:00:00,174.4
2025-02-02 10:00:00,562.3
2025-02-02 11:00:00,1737.5
2025-02-02 12:00:00,916.3
2025-02-02 13:00:00,1015.6
2025-02-02 14:00:00,962.7
2025-02-02 15:00:00,1739.8
2025-02-02 16:00:00,1166.8
2025-02-02 17:00:00,756.7
2025-02-02 18:00:00,637.2
2025-02-02 19:00:00,343.5
2025-02-02 20:00:00,121.2
2025-02-02 21:00:00,12.5
2025-02-02 22:00:00,0.0
2025-02-02 23:00:00,0.0
2025-02-03 00:00:00,0.0
2025-02-03 01:00:00,0.0
2025-02-03 02:00:00,0.0
2025-02-03 03:00:00,0.0
2025-02-03 04:00:00,0.0
2025-02-03 05:00:00,0.0
2025-02-03 06:00:00,0.0
2025-02-03 07:00:00,0.0
2025-02-03 08:00:00,6.2
2025-02-03 09:00:00,130.2
2025-02-03 10:00:00,813.8
2025-02-03 11:00:00,1786.6
2025-02-03 12:00:00,2193.5
2025-02-03 13:00:00,2714.2
2025-02-03 14:00:00,2518.9
2025-02-03 15:00:00,1737.1
2025-02-03 16:00:00,1752.5
2025-02-03 17:00:00,1646.4
2025-02-03 18:00:00,344.2
2025-02-03 19:00:00,442.4
2025-02-03 20:00:00,188.5
2025-02-03 21:00:00,23.8
2025-02-03 22:00:00,0.0
2025-02-03 23:00:00,0.0
2025-02-04 00:00:00,0.0
2025-02-04 01:00:00,0.0
2025-02-04 02:00:00,0.0
2025-02-04 03:00:00,0.0
2025-02-04 04:00:00,0.0
2025-02-04 05:00:00,0.0
2025-02-04 06:00:00,0.0
2025-02-04 07:00:00,0.0
2025-02-04 08:00:00,2.8
2025-02-04 09:00:00,177.3
2025-02-04 10:00:00,1023.2
2025-02-04 11:00:00,1711.0
2025-02-04 12:00:00,2174.9
2025-02-04 13:00:00,2311.7
2025-02-04 14:00:00,2370.4
2025-02-04 15:00:00,2276.9
2025-02-04 16:00:00,2243.0
2025-02-04 17:00:00,1412.9
2025-02-04 18:00:00,1445.2
2025-02-04 19:00:00,758.2
2025-02-04 20:00:00,174.8
2025-02-04 21:00:00,28.9
2025-02-04 22:00:00,0.0
2025-02-04 23:00:00,0.0
2025-02-05 00:00:00,0.0
2025-02-05 01:00:00,0.0
2025-02-05 02:00:00,0.0
2025-02-05 03:00:00,0.0
2025-02-05 04:00:00,0.0
2025-02-05 05:00:00,0.0
2025-02-05 06:00:00,0.0
2025-02-05 07:00:00,0.0
2025-02-05 08:00:00,7.2
2025-02-05 09:00:00,241.4
2025-02-05 10:00:00,802.8
2025-02-05 11:00:00,1712.8
2025-02-05 12:00:00,2195.0
2025-02-05 13:00:00,2419.8
2025-02-05 14:00:00,2532.0
2025-02-05 15:00:00,2403.7
2025-02-05 16:00:00,2370.2
2025-02-05 17:00:00,2156.5
2025-02-05 18:00:00,1014.9
2025-02-05 19:00:00,597.9
2025-02-05 20:00:00,126.0
2025-02-05 21:00:00,19.1
2025-02-05 22:00:00,0.0
2025-02-05 23:00:00,0.0
2025-02-06 00:00:00,0.0
2025-02-06 01:00:00,0.0
2025-02-06 02:00:00,0.0
2025-02-06 03:00:00,0.0
2025-02-06 04:00:00,0.0
2025-02-06 05:00:00,0.0
2025-02-06 06:00:00,0.0
2025-02-06 07:00:00,0.0
2025-02-06 08:00:00,4.3
2025-02-06 09:00:00,233.4
2025-02-06 10:00:00,933.1
2025-02-06 11:00:00,1729.6
2025-02-06 12:00:00,2210.8
2025-02-06 13:00:00,2371.1
2025-02-06 14:00:00,2502.1
2025-02-06 15:00:00,2391.1
2025-02-06 16:00:00,2221.3
2025-02-06 17:00:00,1705.8
2025-02-06 18:00:00,1308.1
2025-02-06 19:00:00,705.5
2025-02-06 20:00:00,149.3
2025-02-06 21:00:00,25.1
2025-02-06 22:00:00,0.0
2025-02-06 23:00:00,0.0
2025-02-07 00:00:00,0.0
2025-02-07 01:00:00,0.0
2025-02-07 02:00:00,0.0
2025-02-07 03:00:00,0.0
2025-02-07 04:00:00,0.0
2025-02-07 05:00:00,0.0
2025-02-07 06:00:00,0.0
2025-02-07 07:00:00,0.0
2025-02-07 08:00:00,3.0
2025-02-07 09:00:00,224.6
2025-02-07 10:00:00,964.8
2025-02-07 11:00:00,1688.9
2025-02-07 12:00:00,2096.7
2025-02-07 13:00:00,2182.7
2025-02-07 14:00:00,2039.5
2025-02-07 15:00:00,2270.9
2025-02-07 16:00:00,2192.7
2025-02-07 17:00:00,1947.2
2025-02-07 18:00:00,1403.4
2025-02-07 19:00:00,544.5
2025-02-07 20:00:00,93.2
2025-02-07 21:00:00,14.7
2025-02-07 22:00:00,0.0
2025-02-07 23:00:00,0.0
2025-02-08 00:00:00,0.0
2025-02-08 01:00:00,0.0
2025-02-08 02:00:00,0.0
2025-02-08 03:00:00,0.0
2025-02-08 04:00:00,0.0
2025-02-08 05:00:00,0.0
2025-02-08 06:00:00,0.0
2025-02-08 07:00:00,0.0
2025-02-08 08:00:00,0.7
2025-02-08 09:00:00,243.4
2025-02-08 10:00:00,882.9
2025-02-08 11:00:00,1239.3
2025-02-08 12:00:00,2177.7
2025-02-08 13:00:00,2120.0
2025-02-08 14:00:00,1527.8
2025-02-08 15:00:00,2373.3
2025-02-08 16:00:00,2378.4
2025-02-08 17:00:00,1920.8
2025-02-08 18:00:00,1409.6
2025-02-08 19:00:00,631.8
2025-02-08 20:00:00,123.2
2025-02-08 21:00:00,15.8
2025-02-08 22:00:00,0.0
2025-02-08 23:00:00,0.0
2025-02-09 00:00:00,0.0
2025-02-09 01:00:00,0.0
2025-02-09 02:00:00,0.0
2025-02-09 03:00:00,0.0
2025-02-09 04:00:00,0.0
2025-02-09 05:00:00,0.0
2025-02-09 06:00:00,0.0
2025-02-09 07:00:00,0.0
2025-02-09 08:00:00,3.1
2025-02-09 09:00:00,174.5
2025-02-09 10:00:00,649.6
2025-02-09 11:00:00,1691.3
2025-02-09 12:00:00,2133.8
2025-02-09 13:00:00,1778.1
2025-02-09 14:00:00,2682.3
2025-02-09 15:00:00,1786.3
2025-02-09 16:00:00,2243.6
2025-02-09 17:00:00,2008.7
2025-02-09 18:00:00,1428.7
2025-02-09 19:00:00,811.9
2025-02-09 20:00:00,245.3
2025-02-09 21:00:00,24.6
2025-02-09 22:00:00,0.0
2025-02-09 23:00:00,0.0
2025-02-10 00:00:00,0.0
2025-02-10 01:00:00,0.0
2025-02-10 02:00:00,0.0
2025-02-10 03:00:00,0.0
2025-02-10 04:00:00,0.0
2025-02-10 05:00:00,0.0
2025-02-10 06:00:00,0.0
2025-02-10 07:00:00,0.0
2025-02-10 08:00:00,1.2
2025-02-10 09:00:00,214.6
2025-02-10 10:00:00,901.8
2025-02-10 11:00:00,755.8
2025-02-10 12:00:00,1252.3
2025-02-10 13:00:00,2399.8
2025-02-10 14:00:00,2295.2
2025-02-10 15:00:00,2207.2
2025-02-10 16:00:00,1675.2
2025-02-10 17:00:00,1492.3
2025-02-10 18:00:00,1182.5
2025-02-10 19:00:00,675.4
2025-02-10 20:00:00,202.2
2025-02-10 21:00:00,19.3
2025-02-10 22:00:00,0.0
2025-02-10 23:00:00,0.0
2025-02-11 00:00:00,0.0
2025-02-11 01:00:00,0.0
2025-02-11 02:00:00,0.0
2025-02-11 03:00:00,0.0
2025-02-11 04:00:00,0.0
2025-02-11 05:00:00,0.0
2025-02-11 06:00:00,0.0
2025-02-11 07:00:00,0.0
2025-02-11 08:00:00,5.9
2025-02-11 09:00:00,244.6
2025-02-11 10:00:00,473.3
2025-02-11 11:00:00,747.6
2025-02-11 12:00:00,2117.9
2025-02-11 13:00:00,2311.6
2025-02-11 14:00:00,2236.1
2025-02-11 15:00:00,1451.9
2025-02-11 16:00:00,1603.6
2025-02-11 17:00:00,1353.1
2025-02-11 18:00:00,1048.6
2025-02-11 19:00:00,774.8
2025-02-11 20:00:00,226.6
2025-02-11 21:00:00,14.7
2025-02-11 22:00:00,0.0
2025-02-11 23:00:00,0.0
2025-02-12 00:00:00,0.0
2025-02-12 01:00:00,0.0
2025-02-12 02:00:00,0.0
2025-02-12 03:00:00,0.0
2025-02-12 04:00:00,0.0
2025-02-12 05:00:00,0.0
2025-02-12 06:00:00,0.0
2025-02-12 07:00:00,0.0
2025-02-12 08:00:00,10.1
2025-02-12 09:00:00,239.6
2025-02-12 10:00:00,708.5
2025-02-12 11:00:00,1695.2
2025-02-12 12:00:00,2167.3
2025-02-12 13:00:00,2282.8
2025-02-12 14:00:00,2259.7
2025-02-12 15:00:00,1869.3
2025-02-12 16:00:00,2316.3
2025-02-12 17:00:00,1266.3
2025-02-12 18:00:00,1099.1
2025-02-12 19:00:00,696.0
2025-02-12 20:00:00,120.9
2025-02-12 21:00:00,17.9
2025-02-12 22:00:00,0.0
2025-02-12 23:00:00,0.0
2025-02-13 00:00:00,0.0
2025-02-13 01:00:00,0.0
2025-02-13 02:00:00,0.0
2025-02-13 03:00:00,0.0
2025-02-13 04:00:00,0.0
2025-02-13 05:00:00,0.0
2025-02-13 06:00:00,0.0
2025-02-13 07:00:00,0.0
2025-02-13 08:00:00,8.0
2025-02-13 09:00:00,262.4
2025-02-13 10:00:00,1061.6
2025-02-13 11:00:00,1715.5
2025-02-13 12:00:00,2146.7
2025-02-13 13:00:00,1514.8
2025-02-13 14:00:00,1749.1
2025-02-13 15:00:00,2305.2
2025-02-13 16:00:00,2678.8
2025-02-13 17:00:00,1943.2
2025-02-13 18:00:00,1363.2
2025-02-13 19:00:00,648.4
2025-02-13 20:00:00,113.3
2025-02-13 21:00:00,9.6
2025-02-13 22:00:00,0.0
2025-02-13 23:00:00,0.0
2025-02-14 00:00:00,0.0
2025-02-14 01:00:00,0.0
2025-02-14 02:00:00,0.0
2025-02-14 03:00:00,0.0
2025-02-14 04:00:00,0.0
2025-02-14 05:00:00,0.0
2025-02-14 06:00:00,0.0
2025-02-14 07:00:00,0.0
2025-02-14 08:00:00,1.8
2025-02-14 09:00:00,171.8
2025-02-14 10:00:00,913.3
2025-02-14 11:00:00,1267.0
2025-02-14 12:00:00,2091.8
2025-02-14 13:00:00,1841.0
2025-02-14 14:00:00,2387.9
2025-02-14 15:00:00,2352.5
2025-02-14 16:00:00,2199.3
2025-02-14 17:00:00,1996.7
2025-02-14 18:00:00,382.2
2025-02-14 19:00:00,57.9
2025-02-14 20:00:00,21.2
2025-02-14 21:00:00,7.6
2025-02-14 22:00:00,0.0
2025-02-14 23:00:00,0.0
2025-02-15 00:00:00,0.0
2025-02-15 01:00:00,0.0
2025-02-15 02:00:00,0.0
2025-02-15 03:00:00,0.0
2025-02-15 04:00:00,0.0
2025-02-15 05:00:00,0.0
2025-02-15 06:00:00,0.0
2025-02-15 07:00:00,0.0
2025-02-15 08:00:00,1.6
2025-02-15 09:00:00,205.5
2025-02-15 10:00:00,894.6
2025-02-15 11:00:00,1554.2
2025-02-15 12:00:00,2092.3
2025-02-15 13:00:00,2144.8
2025-02-15 14:00:00,1816.7
2025-02-15 15:00:00,1888.2
2025-02-15 16:00:00,2117.1
2025-02-15 17:00:00,1723.8
2025-02-15 18:00:00,1204.8
2025-02-15 19:00:00,610.4
2025-02-15 20:00:00,133.9
2025-02-15 21:00:00,12.1
2025-02-15 22:00:00,0.0
2025-02-15 23:00:00,0.0
2025-02-16 00:00:00,0.0
2025-02-16 01:00:00,0.0
2025-02-16 02:00:00,0.0
2025-02-16 03:00:00,0.0
2025-02-16 04:00:00,0.0
2025-02-16 05:00:00,0.0
2025-02-16 06:00:00,0.0
2025-02-16 07:00:00,0.0
2025-02-16 08:00:00,1.8
2025-02-16 09:00:00,220.7
2025-02-16 10:00:00,954.3
2025-02-16 11:00:00,1522.6
2025-02-16 12:00:00,2101.7
2025-02-16 13:00:00,2140.8
2025-02-16 14:00:00,2352.7
2025-02-16 15:00:00,2266.9
2025-02-16 16:00:00,2162.5
2025-02-16 17:00:00,2043.5
2025-02-16 18:00:00,1314.5
2025-02-16 19:00:00,660.5
2025-02-16 20:00:00,115.9
2025-02-16 21:00:00,9.7
2025-02-16 22:00:00,0.0
2025-02-16 23:00:00,0.0
2025-02-17 00:00:00,0.0
2025-02-17 01:00:00,0.0
2025-02-17 02:00:00,0.0
2025-02-17 03:00:00,0.0
2025-02-17 04:00:00,0.0
2025-02-17 05:00:00,0.0
2025-02-17 06:00:00,0.0
2025-02-17 07:00:00,0.0
2025-02-17 08:00:00,1.0
2025-02-17 09:00:00,323.2
2025-02-17 10:00:00,1000.8
2025-02-17 11:00:00,1677.5
2025-02-17 12:00:00,2165.6
2025-02-17 13:00:00,2329.7
2025-02-17 14:00:00,2375.2
2025-02-17 15:00:00,2211.4
2025-02-17 16:00:00,2133.2
2025-02-17 17:00:00,1861.2
2025-02-17 18:00:00,1217.3
2025-02-17 19:00:00,639.8
2025-02-17 20:00:00,85.1
2025-02-17 21:00:00,5.9
2025-02-17 22:00:00,0.0
2025-02-17 23:00:00,0.0
2025-02-18 00:00:00,0.0
2025-02-18 01:00:00,0.0
2025-02-18 02:00:00,0.0
2025-02-18 03:00:00,0.0
2025-02-18 04:00:00,0.0
2025-02-18 05:00:00,0.0
2025-02-18 06:00:00,0.0
2025-02-18 07:00:00,0.0
2025-02-18 08:00:00,1.7
2025-02-18 09:00:00,215.5
2025-02-18 10:00:00,947.1
2025-02-18 11:00:00,1601.0
2025-02-18 12:00:00,2110.5
2025-02-18 13:00:00,2174.6
2025-02-18 14:00:00,2272.1
2025-02-18 15:00:00,1799.1
2025-02-18 16:00:00,2143.4
2025-02-18 17:00:00,1882.9
2025-02-18 18:00:00,1199.6
2025-02-18 19:00:00,603.5
2025-02-18 20:00:00,105.5
2025-02-18 21:00:00,7.8
2025-02-18 22:00:00,0.0
2025-02-18 23:00:00,0.0
2025-02-19 00:00:00,0.0
2025-02-19 01:00:00,0.0
2025-02-19 02:00:00,0.0
2025-02-19 03:00:00,0.0
2025-02-19 04:00:00,0.0
2025-02-19 05:00:00,0.0
2025-02-19 06:00:00,0.0
2025-02-19 07:00:00,0.0
2025-02-19 08:00:00,0.9
2025-02-19 09:00:00,129.9
2025-02-19 10:00:00,917.0
2025-02-19 11:00:00,1742.4
2025-02-19 12:00:00,2132.4
2025-02-19 13:00:00,2224.4
2025-02-19 14:00:00,2310.2
2025-02-19 15:00:00,2174.5
2025-02-19 16:00:00,2014.7
2025-02-19 17:00:00,1602.0
2025-02-19 18:00:00,1193.7
2025-02-19 19:00:00,629.6
2025-02-19 20:00:00,110.7
2025-02-19 21:00:00,8.6
2025-02-19 22:00:00,0.0
2025-02-19 23:00:00,0.0
2025-02-20 00:00:00,0.0
2025-02-20 01:00:00,0.0
2025-02-20 02:00:00,0.0
2025-02-20 03:00:00,0.0
2025-02-20 04:00:00,0.0
2025-02-20 05:00:00,0.0
2025-02-20 06:00:00,0.0
2025-02-20 07:00:00,0.0
2025-02-20 08:00:00,1.3
2025-02-20 09:00:00,333.6
2025-02-20 10:00:00,722.3
2025-02-20 11:00:00,1650.2
2025-02-20 12:00:00,2091.6
2025-02-20 13:00:00,2241.5
2025-02-20 14:00:00,2243.9
2025-02-20 15:00:00,2072.3
2025-02-20 16:00:00,2071.6
2025-02-20 17:00:00,2010.3
2025-02-20 18:00:00,1278.9
2025-02-20 19:00:00,596.4
2025-02-20 20:00:00,97.3
2025-02-20 21:00:00,3.0
2025-02-20 22:00:00,0.0
2025-02-20 23:00:00,0.0
2025-02-21 00:00:00,0.0
2025-02-21 01:00:00,0.0
2025-02-21 02:00:00,0.0
2025-02-21 03:00:00,0.0
2025-02-21 04:00:00,0.0
2025-02-21 05:00:00,0.0
2025-02-21 06:00:00,0.0
2025-02-21 07:00:00,0.0
2025-02-21 08:00:00,0.7
2025-02-21 09:00:00,188.8
2025-02-21 10:00:00,881.3
2025-02-21 11:00:00,1620.2
2025-02-21 12:00:00,1989.3
2025-02-21 13:00:00,1926.5
2025-02-21 14:00:00,2330.1
2025-02-21 15:00:00,2280.2
2025-02-21 16:00:00,2195.5
2025-02-21 17:00:00,1935.0
2025-02-21 18:00:00,1318.3
2025-02-21 19:00:00,651.9
2025-02-21 20:00:00,123.3
2025-02-21 21:00:00,3.2
2025-02-21 22:00:00,0.0
2025-02-21 23:00:00,0.0
2025-02-22 00:00:00,0.0
2025-02-22 01:00:00,0.0
2025-02-22 02:00:00,0.0
2025-02-22 03:00:00,0.0
2025-02-22 04:00:00,0.0
2025-02-22 05:00:00,0.0
2025-02-22 06:00:00,0.0
2025-02-22 07:00:00,0.0
2025-02-22 08:00:00,0.8
2025-02-22 09:00:00,194.5
2025-02-22 10:00:00,931.7
2025-02-22 11:00:00,1706.1
2025-02-22 12:00:00,2107.9
2025-02-22 13:00:00,2287.6
2025-02-22 14:00:00,2176.4
2025-02-22 15:00:00,2325.9
2025-02-22 16:00:00,2200.2
2025-02-22 17:00:00,1518.7
2025-02-22 18:00:00,874.8
2025-02-22 19:00:00,520.1
2025-02-22 20:00:00,143.5
2025-02-22 21:00:00,1.1
2025-02-22 22:00:00,0.0
2025-02-22 23:00:00,0.0
2025-02-23 00:00:00,0.0
2025-02-23 01:00:00,0.0
2025-02-23 02:00:00,0.0
2025-02-23 03:00:00,0.0
2025-02-23 04:00:00,0.0
2025-02-23 05:00:00,0.0
2025-02-23 06:00:00,0.0
2025-02-23 07:00:00,0.0
2025-02-23 08:00:00,0.9
2025-02-23 09:00:00,196.1
2025-02-23 10:00:00,742.8
2025-02-23 11:00:00,1552.3
2025-02-23 12:00:00,1929.9
2025-02-23 13:00:00,1697.8
2025-02-23 14:00:00,1303.3
2025-02-23 15:00:00,1445.8
2025-02-23 16:00:00,2122.3
2025-02-23 17:00:00,1941.9
2025-02-23 18:00:00,1088.1
2025-02-23 19:00:00,420.4
2025-02-23 20:00:00,114.4
2025-02-23 21:00:00,3.5
2025-02-23 22:00:00,0.0
2025-02-23 23:00:00,0.0
2025-02-24 00:00:00,0.0
2025-02-24 01:00:00,0.0
2025-02-24 02:00:00,0.0
2025-02-24 03:00:00,0.0
2025-02-24 04:00:00,0.0
2025-02-24 05:00:00,0.0
2025-02-24 06:00:00,0.0
2025-02-24 07:00:00,0.0
2025-02-24 08:00:00,0.3
2025-02-24 09:00:00,211.7
2025-02-24 10:00:00,980.0
2025-02-24 11:00:00,1677.2
2025-02-24 12:00:00,2076.8
2025-02-24 13:00:00,2264.5
2025-02-24 14:00:00,2331.6
2025-02-24 15:00:00,2311.1
2025-02-24 16:00:00,2079.6
2025-02-24 17:00:00,1959.8
2025-02-24 18:00:00,1339.6
2025-02-24 19:00:00,620.8
2025-02-24 20:00:00,107.3
2025-02-24 21:00:00,5.7
2025-02-24 22:00:00,0.0
2025-02-24 23:00:00,0.0
2025-02-25 00:00:00,0.0
2025-02-25 01:00:00,0.0
2025-02-25 02:00:00,0.0
2025-02-25 03:00:00,0.0
2025-02-25 04:00:00,0.0
2025-02-25 05:00:00,0.0
2025-02-25 06:00:00,0.0
2025-02-25 07:00:00,0.0
2025-02-25 08:00:00,0.0
2025-02-25 09:00:00,212.0
2025-02-25 10:00:00,713.5
2025-02-25 11:00:00,1683.0
2025-02-25 12:00:00,2060.2
2025-02-25 13:00:00,1829.6
2025-02-25 14:00:00,1389.1
2025-02-25 15:00:00,1798.3
2025-02-25 16:00:00,2379.4
2025-02-25 17:00:00,1885.2
2025-02-25 18:00:00,1372.2
2025-02-25 19:00:00,632.0
2025-02-25 20:00:00,105.5
2025-02-25 21:00:00,9.5
2025-02-25 22:00:00,0.0
2025-02-25 23:00:00,0.0
2025-02-26 00:00:00,0.0
2025-02-26 01:00:00,0.0
2025-02-26 02:00:00,0.0
2025-02-26 03:00:00,0.0
2025-02-26 04:00:00,0.0
2025-02-26 05:00:00,0.0
2025-02-26 06:00:00,0.0
2025-02-26 07:00:00,0.0
2025-02-26 08:00:00,0.0
2025-02-26 09:00:00,205.9
2025-02-26 10:00:00,810.9
2025-02-26 11:00:00,1688.2
2025-02-26 12:00:00,2152.2
2025-02-26 13:00:00,2275.3
2025-02-26 14:00:00,2778.4
2025-02-26 15:00:00,1579.7
2025-02-26 16:00:00,1891.9
2025-02-26 17:00:00,2013.9
2025-02-26 18:00:00,1286.2
2025-02-26 19:00:00,606.9
2025-02-26 20:00:00,96.1
2025-02-26 21:00:00,4.7
2025-02-26 22:00:00,0.0
2025-02-26 23:00:00,0.0
2025-02-27 00:00:00,0.0
2025-02-27 01:00:00,0.0
2025-02-27 02:00:00,0.0
2025-02-27 03:00:00,0.0
2025-02-27 04:00:00,0.0
2025-02-27 05:00:00,0.0
2025-02-27 06:00:00,0.0
2025-02-27 07:00:00,0.0
2025-02-27 08:00:00,0.0
2025-02-27 09:00:00,176.0
2025-02-27 10:00:00,913.8
2025-02-27 11:00:00,1743.8
2025-02-27 12:00:00,2088.8
2025-02-27 13:00:00,2246.0
2025-02-27 14:00:00,2340.1
2025-02-27 15:00:00,2162.5
2025-02-27 16:00:00,1440.0
2025-02-27 17:00:00,278.5
2025-02-27 18:00:00,1295.6
2025-02-27 19:00:00,796.1
2025-02-27 20:00:00,124.8
2025-02-27 21:00:00,7.3
2025-02-27 22:00:00,0.0
2025-02-27 23:00:00,0.0
2025-02-28 00:00:00,0.0
2025-02-28 01:00:00,0.0
2025-02-28 02:00:00,0.0
2025-02-28 03:00:00,0.0
2025-02-28 04:00:00,0.0
2025-02-28 05:00:00,0.0
2025-02-28 06:00:00,0.0
2025-02-28 07:00:00,0.0
2025-02-28 08:00:00,0.1
2025-02-28 09:00:00,190.2
2025-02-28 10:00:00,961.0
2025-02-28 11:00:00,1588.2
2025-02-28 12:00:00,2094.6
2025-02-28 13:00:00,2122.1
2025-02-28 14:00:00,2255.7
2025-02-28 15:00:00,2147.4
2025-02-28 16:00:00,1911.3
2025-02-28 17:00:00,1810.5
2025-02-28 18:00:00,1208.0
2025-02-28 19:00:00,647.3
2025-02-28 20:00:00,173.6
2025-02-28 21:00:00,3.7
2025-02-28 22:00:00,0.0
2025-02-28 23:00:00,0.0
2025-03-01 00:00:00,0.0
2025-03-01 01:00:00,0.0
2025-03-01 02:00:00,0.0
2025-03-01 03:00:00,0.0
2025-03-01 04:00:00,0.0
2025-03-01 05:00:00,0.0
2025-03-01 06:00:00,0.0
2025-03-01 07:00:00,0.0
2025-03-01 08:00:00,0.1
2025-03-01 09:00:00,206.0
2025-03-01 10:00:00,968.3
2025-03-01 11:00:00,1719.7
2025-03-01 12:00:00,2090.1
2025-03-01 13:00:00,2166.6
2025-03-01 14:00:00,2226.7
2025-03-01 15:00:00,2451.8
2025-03-01 16:00:00,2151.6
2025-03-01 17:00:00,892.3
2025-03-01 18:00:00,909.2
2025-03-01 19:00:00,524.7
2025-03-01 20:00:00,151.4
2025-03-01 21:00:00,4.7
2025-03-01 22:00:00,0.0
2025-03-01 23:00:00,0.0
2025-03-02 00:00:00,0.0
2025-03-02 01:00:00,0.0
2025-03-02 02:00:00,0.0
2025-03-02 03:00:00,0.0
2025-03-02 04:00:00,0.0
2025-03-02 05:00:00,0.0
2025-03-02 06:00:00,0.0
2025-03-02 07:00:00,0.0
2025-03-02 08:00:00,0.3
2025-03-02 09:00:00,210.5
2025-03-02 10:00:00,1029.9
2025-03-02 11:00:00,1719.8
2025-03-02 12:00:00,2155.4
2025-03-02 13:00:00,2325.7
2025-03-02 14:00:00,2277.3
2025-03-02 15:00:00,1699.6
2025-03-02 16:00:00,861.9
2025-03-02 17:00:00,1768.0
2025-03-02 18:00:00,1296.7
2025-03-02 19:00:00,607.5
2025-03-02 20:00:00,105.9
2025-03-02 21:00:00,2.7
2025-03-02 22:00:00,0.0
2025-03-02 23:00:00,0.0
2025-03-03 00:00:00,0.0
2025-03-03 01:00:00,0.0
2025-03-03 02:00:00,0.0
2025-03-03 03:00:00,0.0
2025-03-03 04:00:00,0.0
2025-03-03 05:00:00,0.0
2025-03-03 06:00:00,0.0
2025-03-03 07:00:00,0.0
2025-03-03 08:00:00,0.4
2025-03-03 09:00:00,198.6
2025-03-03 10:00:00,947.5
2025-03-03 11:00:00,1616.5
2025-03-03 12:00:00,2054.6
2025-03-03 13:00:00,1204.6
2025-03-03 14:00:00,1264.8
2025-03-03 15:00:00,2019.5
2025-03-03 16:00:00,2233.8
2025-03-03 17:00:00,1977.6
2025-03-03 18:00:00,1231.2
2025-03-03 19:00:00,632.0
2025-03-03 20:00:00,118.4
2025-03-03 21:00:00,0.8
2025-03-03 22:00:00,0.0
2025-03-03 23:00:00,0.0
2025-03-04 00:00:00,0.0
2025-03-04 01:00:00,0.0
2025-03-04 02:00:00,0.0
2025-03-04 03:00:00,0.0
2025-03-04 04:00:00,0.0
2025-03-04 05:00:00,0.0
2025-03-04 06:00:00,0.0
2025-03-04 07:00:00,0.0
2025-03-04 08:00:00,0.0
2025-03-04 09:00:00,215.1
2025-03-04 10:00:00,985.7
2025-03-04 11:00:00,1235.5
2025-03-04 12:00:00,2056.3
2025-03-04 13:00:00,2289.2
2025-03-04 14:00:00,2410.9
2025-03-04 15:00:00,1731.3
2025-03-04 16:00:00,1046.5
2025-03-04 17:00:00,1702.2
2025-03-04 18:00:00,1011.3
2025-03-04 19:00:00,397.1
2025-03-04 20:00:00,105.1
2025-03-04 21:00:00,2.3
2025-03-04 22:00:00,0.0
2025-03-04 23:00:00,0.0
2025-03-05 00:00:00,0.0
2025-03-05 01:00:00,0.0
2025-03-05 02:00:00,0.0
2025-03-05 03:00:00,0.0
2025-03-05 04:00:00,0.0
2025-03-05 05:00:00,0.0
2025-03-05 06:00:00,0.0
2025-03-05 07:00:00,0.0
2025-03-05 08:00:00,0.0
2025-03-05 09:00:00,183.4
2025-03-05 10:00:00,902.8
2025-03-05 11:00:00,1598.9
2025-03-05 12:00:00,1842.9
2025-03-05 13:00:00,1406.7
2025-03-05 14:00:00,1356.7
2025-03-05 15:00:00,7137.7
2025-03-05 16:00:00,2366.0
2025-03-05 17:00:00,4689.5
2025-03-05 18:00:00,1353.1
2025-03-05 19:00:00,583.1
2025-03-05 20:00:00,13.4
2025-03-05 21:00:00,0.0
2025-03-05 22:00:00,0.0
2025-03-05 23:00:00,0.0
2025-03-06 00:00:00,0.0
2025-03-06 01:00:00,0.0
2025-03-06 02:00:00,0.0
2025-03-06 03:00:00,0.0
2025-03-06 04:00:00,0.0
2025-03-06 05:00:00,0.0
2025-03-06 06:00:00,0.0
2025-03-06 07:00:00,0.0
2025-03-06 08:00:00,0.0
2025-03-06 09:00:00,96.3
2025-03-06 10:00:00,528.4
2025-03-06 11:00:00,1727.3
2025-03-06 12:00:00,1976.6
2025-03-06 13:00:00,1554.4
2025-03-06 14:00:00,1994.0
2025-03-06 15:00:00,2348.8
2025-03-06 16:00:00,2033.0
2025-03-06 17:00:00,1857.2
2025-03-06 18:00:00,1382.0
2025-03-06 19:00:00,630.7
2025-03-06 20:00:00,100.7
2025-03-06 21:00:00,2.8
2025-03-06 22:00:00,0.0
2025-03-06 23:00:00,0.0
2025-03-07 00:00:00,0.0
2025-03-07 01:00:00,0.0
2025-03-07 02:00:00,0.0
2025-03-07 03:00:00,0.0
2025-03-07 04:00:00,0.0
2025-03-07 05:00:00,0.0
2025-03-07 06:00:00,0.0
2025-03-07 07:00:00,0.0
2025-03-07 08:00:00,0.0
2025-03-07 09:00:00,186.2
2025-03-07 10:00:00,997.8
2025-03-07 11:00:00,964.0
2025-03-07 12:00:00,658.6
2025-03-07 13:00:00,745.8
2025-03-07 14:00:00,841.4
2025-03-07 15:00:00,1832.9
2025-03-07 16:00:00,1362.0
2025-03-07 17:00:00,1556.5
2025-03-07 18:00:00,1284.7
2025-03-07 19:00:00,630.3
2025-03-07 20:00:00,90.3
2025-03-07 21:00:00,2.7
2025-03-07 22:00:00,0.0
2025-03-07 23:00:00,0.0
2025-03-08 00:00:00,0.0
2025-03-08 01:00:00,0.0
2025-03-08 02:00:00,0.0
2025-03-08 03:00:00,0.0
2025-03-08 04:00:00,0.0
2025-03-08 05:00:00,0.0
2025-03-08 06:00:00,0.0
2025-03-08 07:00:00,0.0
2025-03-08 08:00:00,0.0
2025-03-08 09:00:00,111.8
2025-03-08 10:00:00,991.2
2025-03-08 11:00:00,1744.6
2025-03-08 12:00:00,2278.5
2025-03-08 13:00:00,2195.4
2025-03-08 14:00:00,1898.9
2025-03-08 15:00:00,2044.8
2025-03-08 16:00:00,2212.5
2025-03-08 17:00:00,1951.6
2025-03-08 18:00:00,1286.2
2025-03-08 19:00:00,605.1
2025-03-08 20:00:00,100.4
2025-03-08 21:00:00,1.1
2025-03-08 22:00:00,0.0
2025-03-08 23:00:00,0.0
2025-03-09 00:00:00,0.0
2025-03-09 01:00:00,0.0
2025-03-09 02:00:00,0.0
2025-03-09 03:00:00,0.0
2025-03-09 04:00:00,0.0
2025-03-09 05:00:00,0.0
2025-03-09 06:00:00,0.0
2025-03-09 07:00:00,0.0
2025-03-09 08:00:00,0.0
2025-03-09 09:00:00,186.4
2025-03-09 10:00:00,986.6
2025-03-09 11:00:00,1672.8
2025-03-09 12:00:00,2108.0
2025-03-09 13:00:00,2177.8
2025-03-09 14:00:00,2354.5
2025-03-09 15:00:00,2166.6
2025-03-09 16:00:00,1946.2
2025-03-09 17:00:00,1965.9
2025-03-09 18:00:00,1236.9
2025-03-09 19:00:00,352.2
2025-03-09 20:00:00,139.8
2025-03-09 21:00:00,0.1
2025-03-09 22:00:00,0.0
2025-03-09 23:00:00,0.0
2025-03-10 00:00:00,0.0
2025-03-10 01:00:00,0.0
2025-03-10 02:00:00,0.0
2025-03-10 03:00:00,0.0
2025-03-10 04:00:00,0.0
2025-03-10 05:00:00,0.0
2025-03-10 06:00:00,0.0
2025-03-10 07:00:00,0.0
2025-03-10 08:00:00,0.0
2025-03-10 09:00:00,175.5
2025-03-10 10:00:00,1005.5
2025-03-10 11:00:00,1712.5
2025-03-10 12:00:00,2148.9
2025-03-10 13:00:00,2200.3
2025-03-10 14:00:00,2137.6
2025-03-10 15:00:00,2209.4
2025-03-10 16:00:00,2029.9
2025-03-10 17:00:00,173.9
2025-03-10 18:00:00,0.0
2025-03-10 19:00:00,0.0
2025-03-10 20:00:00,0.0
2025-03-10 21:00:00,0.0
2025-03-10 22:00:00,0.0
2025-03-10 23:00:00,0.0
2025-03-11 00:00:00,0.0
2025-03-11 01:00:00,0.0
2025-03-11 02:00:00,0.0
2025-03-11 03:00:00,0.0
2025-03-11 04:00:00,0.0
2025-03-11 05:00:00,0.0
2025-03-11 06:00:00,0.0
2025-03-11 07:00:00,0.0
2025-03-11 08:00:00,0.0
2025-03-11 09:00:00,127.5
2025-03-11 10:00:00,516.9
2025-03-11 11:00:00,1472.5
2025-03-11 12:00:00,1640.0
2025-03-11 13:00:00,2273.7
2025-03-11 14:00:00,1701.7
2025-03-11 15:00:00,2031.3
2025-03-11 16:00:00,2079.2
2025-03-11 17:00:00,1297.4
2025-03-11 18:00:00,999.4
2025-03-11 19:00:00,429.9
2025-03-11 20:00:00,77.4
2025-03-11 21:00:00,0.0
2025-03-11 22:00:00,0.0
2025-03-11 23:00:00,0.0
2025-03-12 00:00:00,0.0
2025-03-12 01:00:00,0.0
2025-03-12 02:00:00,0.0
2025-03-12 03:00:00,0.0
2025-03-12 04:00:00,0.0
2025-03-12 05:00:00,0.0
2025-03-12 06:00:00,0.0
2025-03-12 07:00:00,0.0
2025-03-12 08:00:00,0.0
2025-03-12 09:00:00,114.9
2025-03-12 10:00:00,854.9
2025-03-12 11:00:00,1682.9
2025-03-12 12:00:00,1540.3
2025-03-12 13:00:00,2193.0
2025-03-12 14:00:00,1984.7
2025-03-12 15:00:00,1510.0
2025-03-12 16:00:00,1670.7
2025-03-12 17:00:00,1490.4
2025-03-12 18:00:00,1240.2
2025-03-12 19:00:00,389.3
2025-03-12 20:00:00,60.9
2025-03-12 21:00:00,0.0
2025-03-12 22:00:00,0.0
2025-03-12 23:00:00,0.0
2025-03-13 00:00:00,0.0
2025-03-13 01:00:00,0.0
2025-03-13 02:00:00,0.0
2025-03-13 03:00:00,0.0
2025-03-13 04:00:00,0.0
2025-03-13 05:00:00,0.0
2025-03-13 06:00:00,0.0
2025-03-13 07:00:00,0.0
2025-03-13 08:00:00,0.0
2025-03-13 09:00:00,148.7
2025-03-13 10:00:00,752.0
2025-03-14 00:00:00,0.0
2025-03-14 01:00:00,0.0
2025-03-14 02:00:00,0.0
2025-03-14 03:00:00,0.0
2025-03-14 04:00:00,0.0
2025-03-14 05:00:00,0.0
2025-03-14 06:00:00,0.0
2025-03-14 07:00:00,0.0
2025-03-14 08:00:00,0.0
2025-03-14 09:00:00,89.1
2025-03-14 10:00:00,653.0
2025-03-14 11:00:00,1669.6
2025-03-14 12:00:00,2038.6
2025-03-14 13:00:00,1421.0
2025-03-14 14:00:00,1976.7
2025-03-14 15:00:00,2196.2
2025-03-14 16:00:00,2159.6
2025-03-14 17:00:00,2007.8
2025-03-14 18:00:00,1219.5
2025-03-14 19:00:00,633.2
2025-03-14 20:00:00,80.3
2025-03-14 21:00:00,0.3
2025-03-14 22:00:00,0.0
2025-03-14 23:00:00,0.0
2025-03-15 00:00:00,0.0
2025-03-15 01:00:00,0.0
2025-03-15 02:00:00,0.0
2025-03-15 03:00:00,0.0
2025-03-15 04:00:00,0.0
2025-03-15 05:00:00,0.0
2025-03-15 06:00:00,0.0
2025-03-15 07:00:00,0.0
2025-03-15 08:00:00,0.0
2025-03-15 09:00:00,33.2
2025-03-15 10:00:00,380.1
2025-03-15 11:00:00,1496.8
2025-03-15 12:00:00,1311.9
2025-03-15 13:00:00,1140.4
2025-03-15 14:00:00,2107.9
2025-03-15 15:00:00,1672.1
2025-03-15 16:00:00,2111.6
2025-03-15 17:00:00,1863.9
2025-03-15 18:00:00,1350.2
2025-03-15 19:00:00,250.3
2025-03-15 20:00:00,41.4
2025-03-15 21:00:00,0.0
2025-03-15 22:00:00,0.0
2025-03-15 23:00:00,0.0
2025-03-16 00:00:00,0.0
2025-03-16 01:00:00,0.0
2025-03-16 02:00:00,0.0
2025-03-16 03:00:00,0.0
2025-03-16 04:00:00,0.0
2025-03-16 05:00:00,0.0
2025-03-16 06:00:00,0.0
2025-03-16 07:00:00,0.0
2025-03-16 08:00:00,0.0
2025-03-16 09:00:00,95.6
2025-03-16 10:00:00,256.7
2025-03-16 11:00:00,683.7
2025-03-16 12:00:00,740.8
2025-03-16 13:00:00,371.5
2025-03-16 14:00:00,509.8
2025-03-16 15:00:00,197.5
2025-03-16 16:00:00,641.1
2025-03-16 17:00:00,969.6
2025-03-16 18:00:00,566.6
2025-03-16 19:00:00,116.8
2025-03-16 20:00:00,47.5
2025-03-16 21:00:00,0.0
2025-03-16 22:00:00,0.0
2025-03-16 23:00:00,0.0
2025-03-17 00:00:00,0.0
2025-03-17 01:00:00,0.0
2025-03-17 02:00:00,0.0
2025-03-17 03:00:00,0.0
2025-03-17 04:00:00,0.0
2025-03-17 05:00:00,0.0
2025-03-17 06:00:00,0.0
2025-03-17 07:00:00,0.0
2025-03-17 08:00:00,0.0
2025-03-17 09:00:00,23.4
2025-03-17 10:00:00,157.2
2025-03-17 11:00:00,66.5
2025-03-17 12:00:00,108.8
2025-03-17 13:00:00,386.1
2025-03-17 14:00:00,683.1
2025-03-17 15:00:00,1779.7
2025-03-17 16:00:00,1386.5
2025-03-17 17:00:00,778.5
2025-03-17 18:00:00,457.6
2025-03-17 19:00:00,86.2
2025-03-17 20:00:00,102.1
2025-03-17 21:00:00,0.0
2025-03-17 22:00:00,0.0
2025-03-17 23:00:00,0.0
2025-03-18 00:00:00,0.0
2025-03-18 01:00:00,0.0
2025-03-18 02:00:00,0.0
2025-03-18 03:00:00,0.0
2025-03-18 04:00:00,0.0
2025-03-18 05:00:00,0.0
2025-03-18 06:00:00,0.0
2025-03-18 07:00:00,0.0
2025-03-18 08:00:00,0.0
2025-03-18 09:00:00,195.3
2025-03-18 10:00:00,1060.6
2025-03-18 11:00:00,1752.3
2025-03-18 12:00:00,2120.4
2025-03-18 13:00:00,2230.0
2025-03-18 14:00:00,2046.7
2025-03-18 15:00:00,1341.3
2025-03-18 16:00:00,1578.7
2025-03-18 17:00:00,1974.9
2025-03-18 18:00:00,1203.7
2025-03-18 19:00:00,579.2
2025-03-18 20:00:00,77.8
2025-03-18 21:00:00,0.0
2025-03-18 22:00:00,0.0
2025-03-18 23:00:00,0.0
2025-03-19 00:00:00,0.0
2025-03-19 01:00:00,0.0
2025-03-19 02:00:00,0.0
2025-03-19 03:00:00,0.0
2025-03-19 04:00:00,0.0
2025-03-19 05:00:00,0.0
2025-03-19 06:00:00,0.0
2025-03-19 07:00:00,0.0
2025-03-19 08:00:00,0.0
2025-03-19 09:00:00,57.1
2025-03-19 10:00:00,271.3
2025-03-19 11:00:00,951.6
2025-03-19 12:00:00,1788.6
2025-03-19 13:00:00,1243.7
2025-03-19 14:00:00,1406.9
2025-03-19 15:00:00,1251.2
2025-03-19 16:00:00,1846.1
2025-03-19 17:00:00,1640.2
2025-03-19 18:00:00,665.8
2025-03-19 19:00:00,331.1
2025-03-19 20:00:00,45.8
2025-03-19 21:00:00,0.0
2025-03-19 22:00:00,0.0
2025-03-19 23:00:00,0.0
2025-03-20 00:00:00,0.0
2025-03-20 01:00:00,0.0
2025-03-20 02:00:00,0.0
2025-03-20 03:00:00,0.0
2025-03-20 04:00:00,0.0
2025-03-20 05:00:00,0.0
2025-03-20 06:00:00,0.0
2025-03-20 07:00:00,0.0
2025-03-20 08:00:00,0.0
2025-03-20 09:00:00,12.3
2025-03-20 10:00:00,203.2
2025-03-20 11:00:00,445.3
2025-03-20 12:00:00,1324.0
2025-03-20 13:00:00,1285.0
2025-03-20 14:00:00,1502.6
2025-03-20 15:00:00,1460.5
2025-03-20 16:00:00,1097.8
2025-03-20 17:00:00,1977.8
2025-03-20 18:00:00,585.7
2025-03-20 19:00:00,587.7
2025-03-20 20:00:00,109.1
2025-03-20 21:00:00,0.1
2025-03-20 22:00:00,0.0
2025-03-20 23:00:00,0.0
2025-03-21 00:00:00,0.0
2025-03-21 01:00:00,0.0
2025-03-21 02:00:00,0.0
2025-03-21 03:00:00,0.0
2025-03-21 04:00:00,0.0
2025-03-21 05:00:00,0.0
2025-03-21 06:00:00,0.0
2025-03-21 07:00:00,0.0
2025-03-21 08:00:00,0.0
2025-03-21 09:00:00,67.7
2025-03-21 10:00:00,456.2
2025-03-21 11:00:00,1452.9
2025-03-21 12:00:00,1031.8
2025-03-21 13:00:00,891.4
2025-03-21 14:00:00,928.3
2025-03-21 15:00:00,755.5
2025-03-21 16:00:00,1216.0
2025-03-21 17:00:00,1663.0
2025-03-21 18:00:00,1218.7
2025-03-21 19:00:00,423.5
2025-03-21 20:00:00,79.1
2025-03-21 21:00:00,0.0
2025-03-21 22:00:00,0.0
2025-03-21 23:00:00,0.0
2025-03-22 00:00:00,0.0
2025-03-22 01:00:00,0.0
2025-03-22 02:00:00,0.0
2025-03-22 03:00:00,0.0
2025-03-22 04:00:00,0.0
2025-03-22 05:00:00,0.0
2025-03-22 06:00:00,0.0
2025-03-22 07:00:00,0.0
2025-03-22 08:00:00,0.0
2025-03-22 09:00:00,207.8
2025-03-22 10:00:00,1073.1
2025-03-22 11:00:00,1689.7
2025-03-22 12:00:00,2185.6
2025-03-22 13:00:00,2279.7
2025-03-22 14:00:00,2271.3
2025-03-22 15:00:00,2359.6
2025-03-22 16:00:00,2170.3
2025-03-22 17:00:00,1891.6
2025-03-22 18:00:00,1338.8
2025-03-22 19:00:00,584.8
2025-03-22 20:00:00,71.2
2025-03-22 21:00:00,0.0
2025-03-22 22:00:00,0.0
2025-03-22 23:00:00,0.0
2025-03-23 00:00:00,0.0
2025-03-23 01:00:00,0.0
2025-03-23 02:00:00,0.0
2025-03-23 03:00:00,0.0
2025-03-23 04:00:00,0.0
2025-03-23 05:00:00,0.0
2025-03-23 06:00:00,0.0
2025-03-23 07:00:00,0.0
2025-03-23 08:00:00,0.0
2025-03-23 09:00:00,143.7
2025-03-23 10:00:00,1067.7
2025-03-23 11:00:00,1364.6
2025-03-23 12:00:00,2096.9
2025-03-23 13:00:00,2211.8
2025-03-23 14:00:00,2148.9
2025-03-23 15:00:00,2377.8
2025-03-23 16:00:00,1457.6
2025-03-23 17:00:00,936.2
2025-03-23 18:00:00,956.9
2025-03-23 19:00:00,202.6
2025-03-23 20:00:00,28.7
2025-03-23 21:00:00,0.0
2025-03-23 22:00:00,0.0
2025-03-23 23:00:00,0.0
2025-03-24 00:00:00,0.0
2025-03-24 01:00:00,0.0
2025-03-24 02:00:00,0.0
2025-03-24 03:00:00,0.0
2025-03-24 04:00:00,0.0
2025-03-24 05:00:00,0.0
2025-03-24 06:00:00,0.0
2025-03-24 07:00:00,0.0
2025-03-24 08:00:00,0.0
2025-03-24 09:00:00,50.8
2025-03-24 10:00:00,291.4
2025-03-24 11:00:00,270.1
2025-03-24 12:00:00,315.2
2025-03-24 13:00:00,368.7
2025-03-24 14:00:00,912.6
2025-03-24 15:00:00,1502.3
2025-03-24 16:00:00,820.3
2025-03-24 17:00:00,669.3
2025-03-24 18:00:00,574.1
2025-03-24 19:00:00,248.6
2025-03-24 20:00:00,50.7
2025-03-24 21:00:00,0.0
2025-03-24 22:00:00,0.0
2025-03-24 23:00:00,0.0
2025-03-25 00:00:00,0.0
2025-03-25 01:00:00,0.0
2025-03-25 02:00:00,0.0
2025-03-25 03:00:00,0.0
2025-03-25 04:00:00,0.0
2025-03-25 05:00:00,0.0
2025-03-25 06:00:00,0.0
2025-03-25 07:00:00,0.0
2025-03-25 08:00:00,0.0
2025-03-25 09:00:00,198.8
2025-03-25 10:00:00,1043.0
2025-03-25 11:00:00,1876.2
2025-03-25 12:00:00,1778.7
2025-03-25 13:00:00,1496.3
2025-03-25 14:00:00,1946.4
2025-03-25 15:00:00,1845.1
2025-03-25 16:00:00,2287.6
2025-03-25 17:00:00,1981.4
2025-03-25 18:00:00,1291.7
2025-03-25 19:00:00,532.5
2025-03-25 20:00:00,62.7
2025-03-25 21:00:00,0.0
2025-03-25 22:00:00,0.0
2025-03-25 23:00:00,0.0
2025-03-26 00:00:00,0.0
2025-03-26 01:00:00,0.0
2025-03-26 02:00:00,0.0
2025-03-26 03:00:00,0.0
2025-03-26 04:00:00,0.0
2025-03-26 05:00:00,0.0
2025-03-26 06:00:00,0.0
2025-03-26 07:00:00,0.0
2025-03-26 08:00:00,0.0
2025-03-26 09:00:00,193.9
2025-03-26 10:00:00,1024.4
2025-03-26 11:00:00,1604.4
2025-03-26 12:00:00,1270.5
2025-03-26 13:00:00,1611.5
2025-03-26 14:00:00,1340.1
2025-03-26 15:00:00,2414.3
2025-03-26 16:00:00,2315.3
2025-03-26 17:00:00,1616.0
2025-03-26 18:00:00,1129.6
2025-03-26 19:00:00,425.1
2025-03-26 20:00:00,60.2
2025-03-26 21:00:00,0.0
2025-03-26 22:00:00,0.0
2025-03-26 23:00:00,0.0
2025-03-27 00:00:00,0.0
2025-03-27 01:00:00,0.0
2025-03-27 02:00:00,0.0
2025-03-27 03:00:00,0.0
2025-03-27 04:00:00,0.0
2025-03-27 05:00:00,0.0
2025-03-27 06:00:00,0.0
2025-03-27 07:00:00,0.0
2025-03-27 08:00:00,0.0
2025-03-27 09:00:00,160.2
2025-03-27 10:00:00,999.3
2025-03-27 11:00:00,1529.8
2025-03-27 12:00:00,2246.8
2025-03-27 13:00:00,2247.6
2025-03-27 14:00:00,2076.9
2025-03-27 15:00:00,1902.3
2025-03-27 16:00:00,1295.4
2025-03-27 17:00:00,2002.4
2025-03-27 18:00:00,1259.8
2025-03-27 19:00:00,481.1
2025-03-27 20:00:00,52.0
2025-03-27 21:00:00,0.0
2025-03-27 22:00:00,0.0
2025-03-27 23:00:00,0.0
2025-03-28 00:00:00,0.0
2025-03-28 01:00:00,0.0
2025-03-28 02:00:00,0.0
2025-03-28 03:00:00,0.0
2025-03-28 04:00:00,0.0
2025-03-28 05:00:00,0.0
2025-03-28 06:00:00,0.0
2025-03-28 07:00:00,0.0
2025-03-28 08:00:00,0.0
2025-03-28 09:00:00,179.6
2025-03-28 10:00:00,1031.6
2025-03-28 11:00:00,1835.2
2025-03-28 12:00:00,1994.5
2025-03-28 13:00:00,2258.4
2025-03-28 14:00:00,1839.0
2025-03-28 15:00:00,1737.5
2025-03-28 16:00:00,2346.5
2025-03-28 17:00:00,1734.9
2025-03-28 18:00:00,1253.8
2025-03-28 19:00:00,472.6
2025-03-28 20:00:00,47.6
2025-03-28 21:00:00,0.0
2025-03-28 22:00:00,0.0
2025-03-28 23:00:00,0.0
2025-03-29 00:00:00,0.0
2025-03-29 01:00:00,0.0
2025-03-29 02:00:00,0.0
2025-03-29 03:00:00,0.0
2025-03-29 04:00:00,0.0
2025-03-29 05:00:00,0.0
2025-03-29 06:00:00,0.0
2025-03-29 07:00:00,0.0
2025-03-29 08:00:00,0.0
2025-03-29 09:00:00,163.3
2025-03-29 10:00:00,1016.4
2025-03-29 11:00:00,1790.0
2025-03-29 12:00:00,2250.9
2025-03-29 13:00:00,2468.4
2025-03-29 14:00:00,2505.7
2025-03-29 15:00:00,1621.4
2025-03-29 16:00:00,1895.5
2025-03-29 17:00:00,2041.2
2025-03-29 18:00:00,1082.8
2025-03-29 19:00:00,418.9
2025-03-29 20:00:00,53.3
2025-03-29 21:00:00,0.0
2025-03-29 22:00:00,0.0
2025-03-29 23:00:00,0.0
2025-03-30 00:00:00,0.0
2025-03-30 01:00:00,0.0
2025-03-30 02:00:00,0.0
2025-03-30 03:00:00,0.0
2025-03-30 04:00:00,0.0
2025-03-30 05:00:00,0.0
2025-03-30 06:00:00,0.0
2025-03-30 07:00:00,0.0
2025-03-30 08:00:00,0.0
2025-03-30 09:00:00,140.2
2025-03-30 10:00:00,885.1
2025-03-30 11:00:00,1689.9
2025-03-30 12:00:00,2202.1
2025-03-30 13:00:00,2302.4
2025-03-30 14:00:00,1546.5
2025-03-30 15:00:00,1222.3
2025-03-30 16:00:00,2043.1
2025-03-30 17:00:00,1774.4
2025-03-30 18:00:00,822.7
2025-03-30 19:00:00,251.1
2025-03-30 20:00:00,30.6
2025-03-30 21:00:00,0.0
2025-03-30 22:00:00,0.0
2025-03-30 23:00:00,0.0
2025-03-31 00:00:00,0.0
2025-03-31 01:00:00,0.0
2025-03-31 02:00:00,0.0
2025-03-31 03:00:00,0.0
2025-03-31 04:00:00,0.0
2025-03-31 05:00:00,0.0
2025-03-31 06:00:00,0.0
2025-03-31 07:00:00,0.0
2025-03-31 08:00:00,0.0
2025-03-31 09:00:00,76.4
2025-03-31 10:00:00,413.2
2025-03-31 11:00:00,869.4
2025-03-31 12:00:00,926.0
2025-03-31 13:00:00,1589.4
2025-03-31 14:00:00,998.1
2025-03-31 15:00:00,1009.0
2025-03-31 16:00:00,1140.4
2025-03-31 17:00:00,1221.3
2025-03-31 18:00:00,655.0
2025-03-31 19:00:00,105.9
2025-03-31 20:00:00,20.4
2025-03-31 21:00:00,0.0
2025-03-31 22:00:00,0.0
2025-03-31 23:00:00,0.0
2025-04-01 00:00:00,0.0
2025-04-01 01:00:00,0.0
2025-04-01 02:00:00,0.0
2025-04-01 03:00:00,0.0
2025-04-01 04:00:00,0.0
2025-04-01 05:00:00,0.0
2025-04-01 06:00:00,0.0
2025-04-01 07:00:00,0.0
2025-04-01 08:00:00,0.0
2025-04-01 09:00:00,32.6
2025-04-01 10:00:00,633.2
2025-04-01 11:00:00,1756.3
2025-04-01 12:00:00,1839.6
2025-04-01 13:00:00,2384.8
2025-04-01 14:00:00,1393.2
2025-04-01 15:00:00,885.9
2025-04-01 16:00:00,207.1
2025-04-01 17:00:00,377.8
2025-04-01 18:00:00,1249.5
2025-04-01 19:00:00,349.8
2025-04-01 20:00:00,39.9
2025-04-01 21:00:00,0.0
2025-04-01 22:00:00,0.0
2025-04-01 23:00:00,0.0
2025-04-02 00:00:00,0.0
2025-04-02 01:00:00,0.0
2025-04-02 02:00:00,0.0
2025-04-02 03:00:00,0.0
2025-04-02 04:00:00,0.0
2025-04-02 05:00:00,0.0
2025-04-02 06:00:00,0.0
2025-04-02 07:00:00,0.0
2025-04-02 08:00:00,0.0
2025-04-02 09:00:00,172.4
2025-04-02 10:00:00,984.4
2025-04-02 11:00:00,1683.4
2025-04-02 12:00:00,2062.5
2025-04-02 13:00:00,2289.4
2025-04-02 14:00:00,2265.1
2025-04-02 15:00:00,1903.2
2025-04-02 16:00:00,1832.7
2025-04-02 17:00:00,1793.2
2025-04-02 18:00:00,1257.1
2025-04-02 19:00:00,500.9
2025-04-02 20:00:00,46.4
2025-04-02 21:00:00,0.0
2025-04-02 22:00:00,0.0
2025-04-02 23:00:00,0.0
2025-04-03 00:00:00,0.0
2025-04-03 01:00:00,0.0
2025-04-03 02:00:00,0.0
2025-04-03 03:00:00,0.0
2025-04-03 04:00:00,0.0
2025-04-03 05:00:00,0.0
2025-04-03 06:00:00,0.0
2025-04-03 07:00:00,0.0
2025-04-03 08:00:00,0.0
2025-04-03 09:00:00,184.7
2025-04-03 10:00:00,773.9
2025-04-03 11:00:00,1721.8
2025-04-03 12:00:00,2206.9
2025-04-03 13:00:00,2115.0
2025-04-03 14:00:00,2025.9
2025-04-03 15:00:00,1761.9
2025-04-03 16:00:00,1647.3
2025-04-03 17:00:00,1170.7
2025-04-03 18:00:00,564.7
2025-04-03 19:00:00,212.0
2025-04-03 20:00:00,64.2
2025-04-03 21:00:00,0.0
2025-04-03 22:00:00,0.0
2025-04-03 23:00:00,0.0
2025-04-04 00:00:00,0.0
2025-04-04 01:00:00,0.0
2025-04-04 02:00:00,0.0
2025-04-04 03:00:00,0.0
2025-04-04 04:00:00,0.0
2025-04-04 05:00:00,0.0
2025-04-04 06:00:00,0.0
2025-04-04 07:00:00,0.0
2025-04-04 08:00:00,0.0
2025-04-04 09:00:00,1.0
2025-04-04 10:00:00,38.0
2025-04-04 11:00:00,447.6
2025-04-04 12:00:00,1502.9
2025-04-04 13:00:00,2088.8
2025-04-04 14:00:00,1870.3
2025-04-04 15:00:00,1819.8
2025-04-04 16:00:00,1365.2
2025-04-04 17:00:00,545.4
2025-04-04 18:00:00,169.4
2025-04-04 19:00:00,64.8
2025-04-04 20:00:00,3.6
2025-04-04 21:00:00,0.0
2025-04-04 22:00:00,0.0
2025-04-04 23:00:00,0.0
2025-04-05 00:00:00,0.0
2025-04-05 01:00:00,0.0
2025-04-05 02:00:00,0.0
2025-04-05 03:00:00,0.0
2025-04-05 04:00:00,0.0
2025-04-05 05:00:00,0.0
2025-04-05 06:00:00,0.0
2025-04-05 07:00:00,0.0
2025-04-05 08:00:00,0.0
2025-04-05 09:00:00,11.1
2025-04-05 10:00:00,95.1
2025-04-05 11:00:00,396.8
2025-04-05 12:00:00,727.0
2025-04-05 13:00:00,381.2
2025-04-05 14:00:00,411.1
2025-04-05 15:00:00,381.9
2025-04-05 16:00:00,419.1
2025-04-05 17:00:00,737.0
2025-04-05 18:00:00,125.6
2025-04-05 19:00:00,51.0
2025-04-05 20:00:00,11.8
2025-04-05 21:00:00,0.0
2025-04-05 22:00:00,0.0
2025-04-05 23:00:00,0.0
2025-04-06 00:00:00,0.0
2025-04-06 01:00:00,0.0
2025-04-06 02:00:00,0.0
2025-04-06 03:00:00,0.0
2025-04-06 04:00:00,0.0
2025-04-06 05:00:00,0.0
2025-04-06 06:00:00,0.0
2025-04-06 07:00:00,0.0
2025-04-06 08:00:00,0.0
2025-04-06 09:00:00,85.4
2025-04-06 10:00:00,378.0
2025-04-06 11:00:00,414.3
2025-04-06 12:00:00,675.3
2025-04-06 13:00:00,661.5
2025-04-06 14:00:00,766.7
2025-04-06 15:00:00,917.1
2025-04-06 16:00:00,474.9
2025-04-06 17:00:00,706.2
2025-04-06 18:00:00,234.5
2025-04-06 19:00:00,142.9
2025-04-06 20:00:00,8.9
2025-04-06 21:00:00,0.0
2025-04-06 22:00:00,0.0
2025-04-06 23:00:00,0.0
2025-04-07 00:00:00,0.0
2025-04-07 01:00:00,0.0
2025-04-07 02:00:00,0.0
2025-04-07 03:00:00,0.0
2025-04-07 04:00:00,0.0
2025-04-07 05:00:00,0.0
2025-04-07 06:00:00,0.0
2025-04-07 07:00:00,0.0
2025-04-07 08:00:00,0.0
2025-04-07 09:00:00,42.0
2025-04-07 10:00:00,370.7
2025-04-07 11:00:00,1552.1
2025-04-07 12:00:00,2301.8
2025-04-07 13:00:00,1284.5
2025-04-07 14:00:00,803.0
2025-04-07 15:00:00,672.1
2025-04-07 16:00:00,1463.4
2025-04-07 17:00:00,1606.9
2025-04-07 18:00:00,693.8
2025-04-07 19:00:00,249.4
2025-04-07 20:00:00,33.4
2025-04-07 21:00:00,0.0
2025-04-07 22:00:00,0.0
2025-04-07 23:00:00,0.0
2025-04-08 00:00:00,0.0
2025-04-08 01:00:00,0.0
2025-04-08 02:00:00,0.0
2025-04-08 03:00:00,0.0
2025-04-08 04:00:00,0.0
2025-04-08 05:00:00,0.0
2025-04-08 06:00:00,0.0
2025-04-08 07:00:00,0.0
2025-04-08 08:00:00,0.0
2025-04-08 09:00:00,181.5
2025-04-08 10:00:00,1129.0
2025-04-08 11:00:00,1888.9
2025-04-08 12:00:00,2271.9
2025-04-08 13:00:00,2517.2
2025-04-08 14:00:00,2214.1
2025-04-08 15:00:00,2307.0
2025-04-08 16:00:00,2174.8
2025-04-08 17:00:00,1887.5
2025-04-08 18:00:00,1244.8
2025-04-08 19:00:00,456.7
2025-04-08 20:00:00,34.4
2025-04-08 21:00:00,0.0
2025-04-08 22:00:00,0.0
2025-04-08 23:00:00,0.0
2025-04-09 00:00:00,0.0
2025-04-09 01:00:00,0.0
2025-04-09 02:00:00,0.0
2025-04-09 03:00:00,0.0
2025-04-09 04:00:00,0.0
2025-04-09 05:00:00,0.0
2025-04-09 06:00:00,0.0
2025-04-09 07:00:00,0.0
2025-04-09 08:00:00,0.0
2025-04-09 09:00:00,81.1
2025-04-09 10:00:00,491.6
2025-04-09 11:00:00,1706.6
2025-04-09 12:00:00,2290.4
2025-04-09 13:00:00,2328.5
2025-04-09 14:00:00,2428.8
2025-04-09 15:00:00,2129.9
2025-04-09 16:00:00,560.6
2025-04-09 17:00:00,1659.9
2025-04-09 18:00:00,769.0
2025-04-09 19:00:00,425.7
2025-04-09 20:00:00,33.8
2025-04-09 21:00:00,0.0
2025-04-09 22:00:00,0.0
2025-04-09 23:00:00,0.0
2025-04-10 00:00:00,0.0
2025-04-10 01:00:00,0.0
2025-04-10 02:00:00,0.0
2025-04-10 03:00:00,0.0
2025-04-10 04:00:00,0.0
2025-04-10 05:00:00,0.0
2025-04-10 06:00:00,0.0
2025-04-10 07:00:00,0.0
2025-04-10 08:00:00,0.0
2025-04-10 09:00:00,31.4
2025-04-10 10:00:00,537.7
2025-04-10 11:00:00,1510.3
2025-04-10 12:00:00,1695.4
2025-04-10 13:00:00,2069.7
2025-04-10 14:00:00,2106.4
2025-04-10 15:00:00,1932.5
2025-04-10 16:00:00,1047.7
2025-04-10 17:00:00,287.4
2025-04-10 18:00:00,240.4
2025-04-10 19:00:00,123.6
2025-04-10 20:00:00,1.8
2025-04-10 21:00:00,0.0
2025-04-10 22:00:00,0.0
2025-04-10 23:00:00,0.0
2025-04-11 00:00:00,0.0
2025-04-11 01:00:00,0.0
2025-04-11 02:00:00,0.0
2025-04-11 03:00:00,0.0
2025-04-11 04:00:00,0.0
2025-04-11 05:00:00,0.0
2025-04-11 06:00:00,0.0
2025-04-11 07:00:00,0.0
2025-04-11 08:00:00,0.0
2025-04-11 09:00:00,208.9
2025-04-11 10:00:00,1156.4
2025-04-11 11:00:00,1853.2
2025-04-11 12:00:00,2218.8
2025-04-11 13:00:00,1878.2
2025-04-11 14:00:00,1481.9
2025-04-11 15:00:00,1602.1
2025-04-11 16:00:00,2376.0
2025-04-11 17:00:00,1645.6
2025-04-11 18:00:00,631.6
2025-04-11 19:00:00,502.9
2025-04-11 20:00:00,30.5
2025-04-11 21:00:00,0.0
2025-04-11 22:00:00,0.0
2025-04-11 23:00:00,0.0
2025-04-12 00:00:00,0.0
2025-04-12 01:00:00,0.0
2025-04-12 02:00:00,0.0
2025-04-12 03:00:00,0.0
2025-04-12 04:00:00,0.0
2025-04-12 05:00:00,0.0
2025-04-12 06:00:00,0.0
2025-04-12 07:00:00,0.0
2025-04-12 08:00:00,0.0
2025-04-12 09:00:00,164.2
2025-04-12 10:00:00,1119.9
2025-04-12 11:00:00,1917.7
2025-04-12 12:00:00,2376.3
2025-04-12 13:00:00,2417.4
2025-04-12 14:00:00,2819.1
2025-04-12 15:00:00,2115.2
2025-04-12 16:00:00,1286.4
2025-04-12 17:00:00,1090.3
2025-04-12 18:00:00,836.4
2025-04-12 19:00:00,443.2
2025-04-12 20:00:00,28.6
2025-04-12 21:00:00,0.0
2025-04-12 22:00:00,0.0
2025-04-12 23:00:00,0.0
2025-04-13 00:00:00,0.0
2025-04-13 01:00:00,0.0
2025-04-13 02:00:00,0.0
2025-04-13 03:00:00,0.0
2025-04-13 04:00:00,0.0
2025-04-13 05:00:00,0.0
2025-04-13 06:00:00,0.0
2025-04-13 07:00:00,0.0
2025-04-13 08:00:00,0.0
2025-04-13 09:00:00,167.0
2025-04-13 10:00:00,588.3
2025-04-13 11:00:00,1236.5
2025-04-13 12:00:00,1433.0
2025-04-13 13:00:00,1814.2
2025-04-13 14:00:00,2523.5
2025-04-13 15:00:00,1969.7
2025-04-13 16:00:00,1624.5
2025-04-13 17:00:00,1348.4
2025-04-13 18:00:00,1028.1
2025-04-13 19:00:00,324.6
2025-04-13 20:00:00,28.1
2025-04-13 21:00:00,0.0
2025-04-13 22:00:00,0.0
2025-04-13 23:00:00,0.0
2025-04-14 00:00:00,0.0
2025-04-14 01:00:00,0.0
2025-04-14 02:00:00,0.0
2025-04-14 03:00:00,0.0
2025-04-14 04:00:00,0.0
2025-04-14 05:00:00,0.0
2025-04-14 06:00:00,0.0
2025-04-14 07:00:00,0.0
2025-04-14 08:00:00,0.0
2025-04-14 09:00:00,6.2
2025-04-14 10:00:00,85.7
2025-04-14 11:00:00,259.8
2025-04-14 12:00:00,407.8
2025-04-14 13:00:00,1405.8
2025-04-14 14:00:00,1127.4
2025-04-14 15:00:00,1462.6
2025-04-14 16:00:00,1663.9
2025-04-14 17:00:00,1249.8
2025-04-14 18:00:00,414.1
2025-04-14 19:00:00,306.0
2025-04-14 20:00:00,28.5
2025-04-14 21:00:00,0.0
2025-04-14 22:00:00,0.0
2025-04-14 23:00:00,0.0
2025-04-15 00:00:00,0.0
2025-04-15 01:00:00,0.0
2025-04-15 02:00:00,0.0
2025-04-15 03:00:00,0.0
2025-04-15 04:00:00,0.0
2025-04-15 05:00:00,0.0
2025-04-15 06:00:00,0.0
2025-04-15 07:00:00,0.0
2025-04-15 08:00:00,0.0
2025-04-15 09:00:00,16.7
2025-04-15 10:00:00,630.2
2025-04-15 11:00:00,1895.4
2025-04-15 12:00:00,2403.1
2025-04-15 13:00:00,1558.8
2025-04-15 14:00:00,2822.2
2025-04-15 15:00:00,1642.3
2025-04-15 16:00:00,2257.4
2025-04-15 17:00:00,1950.2
2025-04-15 18:00:00,1324.8
2025-04-15 19:00:00,413.2
2025-04-15 20:00:00,15.1
2025-04-15 21:00:00,0.0
2025-04-15 22:00:00,0.0
2025-04-15 23:00:00,0.0
2025-04-16 00:00:00,0.0
2025-04-16 01:00:00,0.0
2025-04-16 02:00:00,0.0
2025-04-16 03:00:00,0.0
2025-04-16 04:00:00,0.0
2025-04-16 05:00:00,0.0
2025-04-16 06:00:00,0.0
2025-04-16 07:00:00,0.0
2025-04-16 08:00:00,0.0
2025-04-16 09:00:00,9.4
2025-04-16 10:00:00,75.8
2025-04-16 11:00:00,174.2
2025-04-16 12:00:00,283.1
2025-04-16 13:00:00,333.0
2025-04-16 14:00:00,620.6
2025-04-16 15:00:00,1666.6
2025-04-16 16:00:00,944.5
2025-04-16 17:00:00,358.9
2025-04-16 18:00:00,290.9
2025-04-16 19:00:00,123.0
2025-04-16 20:00:00,11.9
2025-04-16 21:00:00,0.0
2025-04-16 22:00:00,0.0
2025-04-16 23:00:00,0.0
2025-04-17 00:00:00,0.0
2025-04-17 01:00:00,0.0
2025-04-17 02:00:00,0.0
2025-04-17 03:00:00,0.0
2025-04-17 04:00:00,0.0
2025-04-17 05:00:00,0.0
2025-04-17 06:00:00,0.0
2025-04-17 07:00:00,0.0
2025-04-17 08:00:00,0.0
2025-04-17 09:00:00,100.2
2025-04-17 10:00:00,985.1
2025-04-17 11:00:00,1787.5
2025-04-17 12:00:00,2311.9
2025-04-17 13:00:00,2517.4
2025-04-17 14:00:00,2519.8
2025-04-17 15:00:00,2298.8
2025-04-17 16:00:00,2199.9
2025-04-17 17:00:00,1627.8
2025-04-17 18:00:00,787.7
2025-04-17 19:00:00,277.7
2025-04-17 20:00:00,24.7
2025-04-17 21:00:00,0.0
2025-04-17 22:00:00,0.0
2025-04-17 23:00:00,0.0
2025-04-18 00:00:00,0.0
2025-04-18 01:00:00,0.0
2025-04-18 02:00:00,0.0
2025-04-18 03:00:00,0.0
2025-04-18 04:00:00,0.0
2025-04-18 05:00:00,0.0
2025-04-18 06:00:00,0.0
2025-04-18 07:00:00,0.0
2025-04-18 08:00:00,0.0
2025-04-18 09:00:00,79.3
2025-04-18 10:00:00,690.2
2025-04-18 11:00:00,1451.4
2025-04-18 12:00:00,2132.5
2025-04-18 13:00:00,1668.7
2025-04-18 14:00:00,1796.0
2025-04-18 15:00:00,1383.4
2025-04-18 16:00:00,1839.5
2025-04-18 17:00:00,753.4
2025-04-18 18:00:00,623.6
2025-04-18 19:00:00,237.3
2025-04-18 20:00:00,25.5
2025-04-18 21:00:00,0.0
2025-04-18 22:00:00,0.0
2025-04-18 23:00:00,0.0
2025-04-19 00:00:00,0.0
2025-04-19 01:00:00,0.0
2025-04-19 02:00:00,0.0
2025-04-19 03:00:00,0.0
2025-04-19 04:00:00,0.0
2025-04-19 05:00:00,0.0
2025-04-19 06:00:00,0.0
2025-04-19 07:00:00,0.0
2025-04-19 08:00:00,0.0
2025-04-19 09:00:00,32.8
2025-04-19 10:00:00,790.0
2025-04-19 11:00:00,1605.4
2025-04-19 12:00:00,1909.4
2025-04-19 13:00:00,2186.4
2025-04-19 14:00:00,2285.3
2025-04-19 15:00:00,1798.5
2025-04-19 16:00:00,1621.7
2025-04-19 17:00:00,1367.7
2025-04-19 18:00:00,1021.2
2025-04-19 19:00:00,150.7
2025-04-19 20:00:00,2.1
2025-04-19 21:00:00,0.0
2025-04-19 22:00:00,0.0
2025-04-19 23:00:00,0.0
2025-04-20 00:00:00,0.0
2025-04-20 01:00:00,0.0
2025-04-20 02:00:00,0.0
2025-04-20 03:00:00,0.0
2025-04-20 04:00:00,0.0
2025-04-20 05:00:00,0.0
2025-04-20 06:00:00,0.0
2025-04-20 07:00:00,0.0
2025-04-20 08:00:00,0.0
2025-04-20 09:00:00,25.1
2025-04-20 10:00:00,366.3
2025-04-20 11:00:00,405.4
2025-04-20 12:00:00,471.7
2025-04-20 13:00:00,649.9
2025-04-20 14:00:00,881.7
2025-04-20 15:00:00,1116.7
2025-04-20 16:00:00,2302.3
2025-04-20 17:00:00,1452.7
2025-04-20 18:00:00,988.4
2025-04-20 19:00:00,236.3
2025-04-20 20:00:00,9.9
2025-04-20 21:00:00,0.0
2025-04-20 22:00:00,0.0
2025-04-20 23:00:00,0.0
2025-04-21 00:00:00,0.0
2025-04-21 01:00:00,0.0
2025-04-21 02:00:00,0.0
2025-04-21 03:00:00,0.0
2025-04-21 04:00:00,0.0
2025-04-21 05:00:00,0.0
2025-04-21 06:00:00,0.0
2025-04-21 07:00:00,0.0
2025-04-21 08:00:00,0.0
2025-04-21 09:00:00,19.4
2025-04-21 10:00:00,82.7
2025-04-21 11:00:00,243.3
2025-04-21 12:00:00,720.9
2025-04-21 13:00:00,598.8
2025-04-21 14:00:00,1003.1
2025-04-21 15:00:00,915.3
2025-04-21 16:00:00,263.2
2025-04-21 17:00:00,269.2
2025-04-21 18:00:00,178.8
2025-04-21 19:00:00,15.5
2025-04-21 20:00:00,2.8
2025-04-21 21:00:00,0.0
2025-04-21 22:00:00,0.0
2025-04-21 23:00:00,0.0
2025-04-22 00:00:00,0.0
2025-04-22 01:00:00,0.0
2025-04-22 02:00:00,0.0
2025-04-22 03:00:00,0.0
2025-04-22 04:00:00,0.0
2025-04-22 05:00:00,0.0
2025-04-22 06:00:00,0.0
2025-04-22 07:00:00,0.0
2025-04-22 08:00:00,0.0
2025-04-22 09:00:00,15.9
2025-04-22 10:00:00,134.1
2025-04-22 11:00:00,747.9
2025-04-22 12:00:00,434.5
2025-04-22 13:00:00,1988.5
2025-04-22 14:00:00,471.9
2025-04-22 15:00:00,458.6
2025-04-22 16:00:00,1338.8
2025-04-22 17:00:00,12.9
2025-04-22 18:00:00,169.1
2025-04-22 19:00:00,53.9
2025-04-22 20:00:00,6.2
2025-04-22 21:00:00,0.0
2025-04-22 22:00:00,0.0
2025-04-22 23:00:00,0.0
2025-04-23 00:00:00,0.0
2025-04-23 01:00:00,0.0
2025-04-23 02:00:00,0.0
2025-04-23 03:00:00,0.0
2025-04-23 04:00:00,0.0
2025-04-23 05:00:00,0.0
2025-04-23 06:00:00,0.0
2025-04-23 07:00:00,0.0
2025-04-23 08:00:00,0.0
2025-04-23 09:00:00,92.6
2025-04-23 10:00:00,952.7
2025-04-23 11:00:00,1650.4
2025-04-23 12:00:00,2256.3
2025-04-23 13:00:00,2010.3
2025-04-23 14:00:00,1559.5
2025-04-23 15:00:00,1718.6
2025-04-23 16:00:00,1557.9
2025-04-23 17:00:00,1409.8
2025-04-23 18:00:00,815.0
2025-04-23 19:00:00,320.4
2025-04-23 20:00:00,26.6
2025-04-23 21:00:00,0.0
2025-04-23 22:00:00,0.0
2025-04-23 23:00:00,0.0
2025-04-24 00:00:00,0.0
2025-04-24 01:00:00,0.0
2025-04-24 02:00:00,0.0
2025-04-24 03:00:00,0.0
2025-04-24 04:00:00,0.0
2025-04-24 05:00:00,0.0
2025-04-24 06:00:00,0.0
2025-04-24 07:00:00,0.0
2025-04-24 08:00:00,0.0
2025-04-24 09:00:00,71.7
2025-04-24 10:00:00,1043.3
2025-04-24 11:00:00,1737.4
2025-04-24 12:00:00,2232.0
2025-04-24 13:00:00,2333.1
2025-04-24 14:00:00,1735.0
2025-04-24 15:00:00,2299.2
2025-04-24 16:00:00,1724.0
2025-04-24 17:00:00,1606.7
2025-04-24 18:00:00,651.9
2025-04-24 19:00:00,180.0
2025-04-24 20:00:00,7.8
2025-04-24 21:00:00,0.0
2025-04-24 22:00:00,0.0
2025-04-24 23:00:00,0.0
2025-04-25 00:00:00,0.0
2025-04-25 01:00:00,0.0
2025-04-25 02:00:00,0.0
2025-04-25 03:00:00,0.0
2025-04-25 04:00:00,0.0
2025-04-25 05:00:00,0.0
2025-04-25 06:00:00,0.0
2025-04-25 07:00:00,0.0
2025-04-25 08:00:00,0.0
2025-04-25 09:00:00,0.6
2025-04-25 10:00:00,73.1
2025-04-25 11:00:00,260.6
2025-04-25 12:00:00,331.7
2025-04-25 13:00:00,548.0
2025-04-25 14:00:00,303.2
2025-04-25 15:00:00,327.0
2025-04-25 16:00:00,131.9
2025-04-25 17:00:00,264.0
2025-04-25 18:00:00,107.0
2025-04-25 19:00:00,52.4
2025-04-25 20:00:00,0.0
2025-04-25 21:00:00,0.0
2025-04-25 22:00:00,0.0
2025-04-25 23:00:00,0.0
2025-04-26 00:00:00,0.0
2025-04-26 01:00:00,0.0
2025-04-26 02:00:00,0.0
2025-04-26 03:00:00,0.0
2025-04-26 04:00:00,0.0
2025-04-26 05:00:00,0.0
2025-04-26 06:00:00,0.0
2025-04-26 07:00:00,0.0
2025-04-26 08:00:00,0.0
2025-04-26 09:00:00,49.4
2025-04-26 10:00:00,775.7
2025-04-26 11:00:00,1294.0
2025-04-26 12:00:00,2502.8
2025-04-26 13:00:00,2276.6
2025-04-26 14:00:00,2026.8
2025-04-26 15:00:00,1634.8
2025-04-26 16:00:00,629.7
2025-04-26 17:00:00,1121.3
2025-04-26 18:00:00,382.3
2025-04-26 19:00:00,129.9
2025-04-26 20:00:00,0.0
2025-04-26 21:00:00,0.0
2025-04-26 22:00:00,0.0
2025-04-26 23:00:00,0.0
2025-04-27 00:00:00,0.0
2025-04-27 01:00:00,0.0
2025-04-27 02:00:00,0.0
2025-04-27 03:00:00,0.0
2025-04-27 04:00:00,0.0
2025-04-27 05:00:00,0.0
2025-04-27 06:00:00,0.0
2025-04-27 07:00:00,0.0
2025-04-27 08:00:00,0.0
2025-04-27 09:00:00,126.1
2025-04-27 10:00:00,731.2
2025-04-27 11:00:00,1899.0
2025-04-27 12:00:00,1891.0
2025-04-27 13:00:00,2438.8
2025-04-27 14:00:00,2354.5
2025-04-27 15:00:00,2164.8
2025-04-27 16:00:00,1661.1
2025-04-27 17:00:00,1146.4
2025-04-27 18:00:00,978.3
2025-04-27 19:00:00,344.0
2025-04-27 20:00:00,17.1
2025-04-27 21:00:00,0.0
2025-04-27 22:00:00,0.0
2025-04-27 23:00:00,0.0
2025-04-28 00:00:00,0.0
2025-04-28 01:00:00,0.0
2025-04-28 02:00:00,0.0
2025-04-28 03:00:00,0.0
2025-04-28 04:00:00,0.0
2025-04-28 05:00:00,0.0
2025-04-28 06:00:00,0.0
2025-04-28 07:00:00,0.0
2025-04-28 08:00:00,0.0
2025-04-28 09:00:00,144.8
2025-04-28 10:00:00,896.3
2025-04-28 11:00:00,1693.0
2025-04-28 12:00:00,911.0
2025-04-28 13:00:00,1133.1
2025-04-28 14:00:00,2040.0
2025-04-28 15:00:00,2581.8
2025-04-28 16:00:00,1569.1
2025-04-28 17:00:00,485.9
2025-04-28 18:00:00,400.6
2025-04-28 19:00:00,75.7
2025-04-28 20:00:00,1.5
2025-04-28 21:00:00,0.0
2025-04-28 22:00:00,0.0
2025-04-28 23:00:00,0.0
2025-04-29 00:00:00,0.0
2025-04-29 01:00:00,0.0
2025-04-29 02:00:00,0.0
2025-04-29 03:00:00,0.0
2025-04-29 04:00:00,0.0
2025-04-29 05:00:00,0.0
2025-04-29 06:00:00,0.0
2025-04-29 07:00:00,0.0
2025-04-29 08:00:00,0.0
2025-04-29 09:00:00,16.0
2025-04-29 10:00:00,289.0
2025-04-29 11:00:00,489.4
2025-04-29 12:00:00,753.5
2025-04-29 13:00:00,419.4
2025-04-29 14:00:00,375.2
2025-04-29 15:00:00,553.0
2025-04-29 16:00:00,414.5
2025-04-29 17:00:00,857.5
2025-04-29 18:00:00,470.8
2025-04-29 19:00:00,208.3
2025-04-29 20:00:00,6.4
2025-04-29 21:00:00,0.0
2025-04-29 22:00:00,0.0
2025-04-29 23:00:00,0.0
2025-04-30 00:00:00,0.0
2025-04-30 01:00:00,0.0
2025-04-30 02:00:00,0.0
2025-04-30 03:00:00,0.0
2025-04-30 04:00:00,0.0
2025-04-30 05:00:00,0.0
2025-04-30 06:00:00,0.0
2025-04-30 07:00:00,0.0
2025-04-30 08:00:00,0.0
2025-04-30 09:00:00,2.0
2025-04-30 10:00:00,160.5
2025-04-30 11:00:00,730.3
2025-04-30 12:00:00,2228.4
2025-04-30 13:00:00,794.7
2025-04-30 14:00:00,820.5
2025-04-30 15:00:00,760.7
2025-04-30 16:00:00,2034.0
2025-04-30 17:00:00,1707.5
2025-04-30 18:00:00,763.8
2025-04-30 19:00:00,170.2
2025-04-30 20:00:00,2.8
2025-04-30 21:00:00,0.0
2025-04-30 22:00:00,0.0
2025-04-30 23:00:00,0.0
2025-05-01 00:00:00,0.0
2025-05-01 01:00:00,0.0
2025-05-01 02:00:00,0.0
2025-05-01 03:00:00,0.0
2025-05-01 04:00:00,0.0
2025-05-01 05:00:00,0.0
2025-05-01 06:00:00,0.0
2025-05-01 07:00:00,0.0
2025-05-01 08:00:00,0.0
2025-05-01 09:00:00,154.1
2025-05-01 10:00:00,1099.3
2025-05-01 11:00:00,1726.2
2025-05-01 12:00:00,2031.1
2025-05-01 13:00:00,1874.5
2025-05-01 14:00:00,2347.5
2025-05-01 15:00:00,2634.0
2025-05-01 16:00:00,2334.4
2025-05-01 17:00:00,1834.9
2025-05-01 18:00:00,1107.6
2025-05-01 19:00:00,297.9
2025-05-01 20:00:00,10.3
2025-05-01 21:00:00,0.0
2025-05-01 22:00:00,0.0
2025-05-01 23:00:00,0.0
2025-05-02 00:00:00,0.0
2025-05-02 01:00:00,0.0
2025-05-02 02:00:00,0.0
2025-05-02 03:00:00,0.0
2025-05-02 04:00:00,0.0
2025-05-02 05:00:00,0.0
2025-05-02 06:00:00,0.0
2025-05-02 07:00:00,0.0
2025-05-02 08:00:00,0.0
2025-05-02 09:00:00,141.0
2025-05-02 10:00:00,1044.5
2025-05-02 11:00:00,1845.7
2025-05-02 12:00:00,2345.5
2025-05-02 13:00:00,2308.5
2025-05-02 14:00:00,2560.0
2025-05-02 15:00:00,2353.9
2025-05-02 16:00:00,1803.5
2025-05-02 17:00:00,706.8
2025-05-02 18:00:00,1018.1
2025-05-02 19:00:00,0.0
2025-05-02 20:00:00,4.8
2025-05-02 21:00:00,0.0
2025-05-02 22:00:00,0.0
2025-05-02 23:00:00,0.0
2025-05-03 00:00:00,0.0
2025-05-03 01:00:00,0.0
2025-05-03 02:00:00,0.0
2025-05-03 03:00:00,0.0
2025-05-03 04:00:00,0.0
2025-05-03 05:00:00,0.0
2025-05-03 06:00:00,0.0
2025-05-03 07:00:00,0.0
2025-05-03 08:00:00,0.0
2025-05-03 09:00:00,139.9
2025-05-03 10:00:00,1028.5
2025-05-03 11:00:00,1850.7
2025-05-03 12:00:00,2112.8
2025-05-03 13:00:00,2420.5
2025-05-03 14:00:00,2538.3
2025-05-03 15:00:00,2632.1
2025-05-03 16:00:00,1863.6
2025-05-03 17:00:00,618.5
2025-05-03 18:00:00,1097.5
2025-05-03 19:00:00,251.4
2025-05-03 20:00:00,9.4
2025-05-03 21:00:00,0.0
2025-05-03 22:00:00,0.0
2025-05-03 23:00:00,0.0
2025-05-04 00:00:00,0.0
2025-05-04 01:00:00,0.0
2025-05-04 02:00:00,0.0
2025-05-04 03:00:00,0.0
2025-05-04 04:00:00,0.0
2025-05-04 05:00:00,0.0
2025-05-04 06:00:00,0.0
2025-05-04 07:00:00,0.0
2025-05-04 08:00:00,0.0
2025-05-04 09:00:00,127.3
2025-05-04 10:00:00,1039.4
2025-05-04 11:00:00,1619.2
2025-05-04 12:00:00,2345.5
2025-05-04 13:00:00,1677.1
2025-05-04 14:00:00,1746.3
2025-05-04 15:00:00,2858.5
2025-05-04 16:00:00,2149.3
2025-05-04 17:00:00,1831.2
2025-05-04 18:00:00,1060.6
2025-05-04 19:00:00,280.1
2025-05-04 20:00:00,10.7
2025-05-04 21:00:00,0.0
2025-05-04 22:00:00,0.0
2025-05-04 23:00:00,0.0
2025-05-05 00:00:00,0.0
2025-05-05 01:00:00,0.0
2025-05-05 02:00:00,0.0
2025-05-05 03:00:00,0.0
2025-05-05 04:00:00,0.0
2025-05-05 05:00:00,0.0
2025-05-05 06:00:00,0.0
2025-05-05 07:00:00,0.0
2025-05-05 08:00:00,0.0
2025-05-05 09:00:00,90.1
2025-05-05 10:00:00,648.5
2025-05-05 11:00:00,1717.7
2025-05-05 12:00:00,2222.3
2025-05-05 13:00:00,2537.0
2025-05-05 14:00:00,2214.6
2025-05-05 15:00:00,1498.5
2025-05-05 16:00:00,912.1
2025-05-05 17:00:00,701.1
2025-05-05 18:00:00,903.0
2025-05-05 19:00:00,265.7
2025-05-05 20:00:00,8.2
2025-05-05 21:00:00,0.0
2025-05-05 22:00:00,0.0
2025-05-05 23:00:00,0.0
2025-05-06 00:00:00,0.0
2025-05-06 01:00:00,0.0
2025-05-06 02:00:00,0.0
2025-05-06 03:00:00,0.0
2025-05-06 04:00:00,0.0
2025-05-06 05:00:00,0.0
2025-05-06 06:00:00,0.0
2025-05-06 07:00:00,0.0
2025-05-06 08:00:00,0.0
2025-05-06 09:00:00,120.2
2025-05-06 10:00:00,987.2
2025-05-06 11:00:00,1774.5
2025-05-06 12:00:00,2194.2
2025-05-06 13:00:00,2493.8
2025-05-06 14:00:00,1838.6
2025-05-06 15:00:00,2227.2
2025-05-06 16:00:00,1593.1
2025-05-06 17:00:00,1013.3
2025-05-06 18:00:00,442.7
2025-05-06 19:00:00,121.4
2025-05-06 20:00:00,3.1
2025-05-06 21:00:00,0.0
2025-05-06 22:00:00,0.0
2025-05-06 23:00:00,0.0
2025-05-07 00:00:00,0.0
2025-05-07 01:00:00,0.0
2025-05-07 02:00:00,0.0
2025-05-07 03:00:00,0.0
2025-05-07 04:00:00,0.0
2025-05-07 05:00:00,0.0
2025-05-07 06:00:00,0.0
2025-05-07 07:00:00,0.0
2025-05-07 08:00:00,0.0
2025-05-07 09:00:00,27.0
2025-05-07 10:00:00,704.0
2025-05-07 11:00:00,1681.1
2025-05-07 12:00:00,2132.7
2025-05-07 13:00:00,2315.2
2025-05-07 14:00:00,1957.4
2025-05-07 15:00:00,1747.7
2025-05-07 16:00:00,1561.6
2025-05-07 17:00:00,1680.7
2025-05-07 18:00:00,1061.2
2025-05-07 19:00:00,167.8
2025-05-07 20:00:00,4.1
2025-05-07 21:00:00,0.0
2025-05-07 22:00:00,0.0
2025-05-07 23:00:00,0.0
2025-05-08 00:00:00,0.0
2025-05-08 01:00:00,0.0
2025-05-08 02:00:00,0.0
2025-05-08 03:00:00,0.0
2025-05-08 04:00:00,0.0
2025-05-08 05:00:00,0.0
2025-05-08 06:00:00,0.0
2025-05-08 07:00:00,0.0
2025-05-08 08:00:00,0.0
2025-05-08 09:00:00,74.3
2025-05-08 10:00:00,872.6
2025-05-08 11:00:00,1724.7
2025-05-08 12:00:00,2123.0
2025-05-08 13:00:00,2275.2
2025-05-08 14:00:00,2454.8
2025-05-08 15:00:00,2214.9
2025-05-08 16:00:00,2088.8
2025-05-08 17:00:00,1753.0
2025-05-08 18:00:00,1098.9
2025-05-08 19:00:00,258.4
2025-05-08 20:00:00,8.6
2025-05-08 21:00:00,0.0
2025-05-08 22:00:00,0.0
2025-05-08 23:00:00,0.0
2025-05-09 00:00:00,0.0
2025-05-09 01:00:00,0.0
2025-05-09 02:00:00,0.0
2025-05-09 03:00:00,0.0
2025-05-09 04:00:00,0.0
2025-05-09 05:00:00,0.0
2025-05-09 06:00:00,0.0
2025-05-09 07:00:00,0.0
2025-05-09 08:00:00,0.0
2025-05-09 09:00:00,128.0
2025-05-09 10:00:00,1042.5
2025-05-09 11:00:00,1803.6
2025-05-09 12:00:00,2041.0
2025-05-09 13:00:00,0.0
2025-05-09 14:00:00,0.0
2025-05-09 15:00:00,0.0
2025-05-09 16:00:00,0.0
2025-05-09 17:00:00,0.0
2025-05-09 18:00:00,0.0
2025-05-09 19:00:00,239.6
2025-05-09 20:00:00,7.1
2025-05-09 21:00:00,0.0
2025-05-09 22:00:00,0.0
2025-05-09 23:00:00,0.0
2025-05-10 00:00:00,0.0
2025-05-10 01:00:00,0.0
2025-05-10 02:00:00,0.0
2025-05-10 03:00:00,0.0
2025-05-10 04:00:00,0.0
2025-05-10 05:00:00,0.0
2025-05-10 06:00:00,0.0
2025-05-10 07:00:00,0.0
2025-05-10 08:00:00,0.0
2025-05-10 09:00:00,107.0
2025-05-10 10:00:00,935.0
2025-05-10 11:00:00,1561.4
2025-05-10 12:00:00,2018.2
2025-05-10 13:00:00,2138.9
2025-05-10 14:00:00,2275.6
2025-05-10 15:00:00,2267.7
2025-05-10 16:00:00,1577.9
2025-05-10 17:00:00,605.8
2025-05-10 18:00:00,516.9
2025-05-10 19:00:00,141.4
2025-05-10 20:00:00,3.5
2025-05-10 21:00:00,0.0
2025-05-10 22:00:00,0.0
2025-05-10 23:00:00,0.0
2025-05-11 00:00:00,0.0
2025-05-11 01:00:00,0.0
2025-05-11 02:00:00,0.0
2025-05-11 03:00:00,0.0
2025-05-11 04:00:00,0.0
2025-05-11 05:00:00,0.0
2025-05-11 06:00:00,0.0
2025-05-11 07:00:00,0.0
2025-05-11 08:00:00,0.0
2025-05-11 09:00:00,3.6
2025-05-11 10:00:00,40.7
2025-05-11 11:00:00,122.2
2025-05-11 12:00:00,130.2
2025-05-11 13:00:00,182.2
2025-05-11 14:00:00,260.5
2025-05-11 15:00:00,360.1
2025-05-11 16:00:00,378.0
2025-05-11 17:00:00,347.5
2025-05-11 18:00:00,185.4
2025-05-11 19:00:00,24.5
2025-05-11 20:00:00,0.0
2025-05-11 21:00:00,0.0
2025-05-11 22:00:00,0.0
2025-05-11 23:00:00,0.0
2025-05-12 00:00:00,0.0
2025-05-12 01:00:00,0.0
2025-05-12 02:00:00,0.0
2025-05-12 03:00:00,0.0
2025-05-12 04:00:00,0.0
2025-05-12 05:00:00,0.0
2025-05-12 06:00:00,0.0
2025-05-12 07:00:00,0.0
2025-05-12 08:00:00,0.0
2025-05-12 09:00:00,4.4
2025-05-12 10:00:00,232.4
2025-05-12 11:00:00,483.0
2025-05-12 12:00:00,1433.7
2025-05-12 13:00:00,1998.4
2025-05-12 14:00:00,861.5
2025-05-12 15:00:00,352.2
2025-05-12 16:00:00,126.4
2025-05-12 17:00:00,197.1
2025-05-12 18:00:00,217.0
2025-05-12 19:00:00,43.9
2025-05-12 20:00:00,0.3
2025-05-12 21:00:00,0.0
2025-05-12 22:00:00,0.0
2025-05-12 23:00:00,0.0
2025-05-13 00:00:00,0.0
2025-05-13 01:00:00,0.0
2025-05-13 02:00:00,0.0
2025-05-13 03:00:00,0.0
2025-05-13 04:00:00,0.0
2025-05-13 05:00:00,0.0
2025-05-13 06:00:00,0.0
2025-05-13 07:00:00,0.0
2025-05-13 08:00:00,0.0
2025-05-13 09:00:00,62.8
2025-05-13 10:00:00,533.0
2025-05-13 11:00:00,1395.3
2025-05-13 12:00:00,1913.6
2025-05-13 13:00:00,1463.3
2025-05-13 14:00:00,496.3
2025-05-13 15:00:00,1190.3
2025-05-13 16:00:00,1115.2
2025-05-13 17:00:00,480.3
2025-05-13 18:00:00,382.6
2025-05-13 19:00:00,221.3
2025-05-13 20:00:00,4.1
2025-05-13 21:00:00,0.0
2025-05-13 22:00:00,0.0
2025-05-13 23:00:00,0.0
2025-05-14 00:00:00,0.0
2025-05-14 01:00:00,0.0
2025-05-14 02:00:00,0.0
2025-05-14 03:00:00,0.0
2025-05-14 04:00:00,0.0
2025-05-14 05:00:00,0.0
2025-05-14 06:00:00,0.0
2025-05-14 07:00:00,0.0
2025-05-14 08:00:00,0.0
2025-05-14 09:00:00,89.7
2025-05-14 10:00:00,1032.9
2025-05-14 11:00:00,1741.8
2025-05-14 12:00:00,2085.7
2025-05-14 13:00:00,2432.4
2025-05-14 14:00:00,2473.6
2025-05-14 15:00:00,2295.3
2025-05-14 16:00:00,1183.7
2025-05-14 17:00:00,1811.8
2025-05-14 18:00:00,538.4
2025-05-14 19:00:00,139.6
2025-05-14 20:00:00,4.0
2025-05-14 21:00:00,0.0
2025-05-14 22:00:00,0.0
2025-05-14 23:00:00,0.0
2025-05-15 00:00:00,0.0
2025-05-15 01:00:00,0.0
2025-05-15 02:00:00,0.0
2025-05-15 03:00:00,0.0
2025-05-15 04:00:00,0.0
2025-05-15 05:00:00,0.0
2025-05-15 06:00:00,0.0
2025-05-15 07:00:00,0.0
2025-05-15 08:00:00,0.0
2025-05-15 09:00:00,87.2
2025-05-15 10:00:00,942.8
2025-05-15 11:00:00,1777.8
2025-05-15 12:00:00,2254.2
2025-05-15 13:00:00,2405.7
2025-05-15 14:00:00,2390.5
2025-05-15 15:00:00,2461.4
2025-05-15 16:00:00,1737.3
2025-05-15 17:00:00,1896.9
2025-05-15 18:00:00,874.6
2025-05-15 19:00:00,188.1
2025-05-15 20:00:00,3.3
2025-05-15 21:00:00,0.0
2025-05-15 22:00:00,0.0
2025-05-15 23:00:00,0.0
2025-05-16 00:00:00,0.0
2025-05-16 01:00:00,0.0
2025-05-16 02:00:00,0.0
2025-05-16 03:00:00,0.0
2025-05-16 04:00:00,0.0
2025-05-16 05:00:00,0.0
2025-05-16 06:00:00,0.0
2025-05-16 07:00:00,0.0
2025-05-16 08:00:00,0.0
2025-05-16 09:00:00,88.4
2025-05-16 10:00:00,991.9
2025-05-16 11:00:00,1738.0
2025-05-16 12:00:00,2106.6
2025-05-16 13:00:00,2285.7
2025-05-16 14:00:00,1642.7
2025-05-16 15:00:00,2440.3
2025-05-16 16:00:00,2247.6
2025-05-16 17:00:00,1287.8
2025-05-16 18:00:00,700.9
2025-05-16 19:00:00,199.6
2025-05-16 20:00:00,6.1
2025-05-16 21:00:00,0.0
2025-05-16 22:00:00,0.0
2025-05-16 23:00:00,0.0
2025-05-17 00:00:00,0.0
2025-05-17 01:00:00,0.0
2025-05-17 02:00:00,0.0
2025-05-17 03:00:00,0.0
2025-05-17 04:00:00,0.0
2025-05-17 05:00:00,0.0
2025-05-17 06:00:00,0.0
2025-05-17 07:00:00,0.0
2025-05-17 08:00:00,0.0
2025-05-17 09:00:00,84.9
2025-05-17 10:00:00,973.6
2025-05-17 11:00:00,1761.4
2025-05-17 12:00:00,2151.8
2025-05-17 13:00:00,2415.9
2025-05-17 14:00:00,2320.3
2025-05-17 15:00:00,2309.1
2025-05-17 16:00:00,2075.7
2025-05-17 17:00:00,1657.1
2025-05-17 18:00:00,1052.5
2025-05-17 19:00:00,222.4
2025-05-17 20:00:00,4.5
2025-05-17 21:00:00,0.0
2025-05-17 22:00:00,0.0
2025-05-17 23:00:00,0.0
2025-05-18 00:00:00,0.0
2025-05-18 01:00:00,0.0
2025-05-18 02:00:00,0.0
2025-05-18 03:00:00,0.0
2025-05-18 04:00:00,0.0
2025-05-18 05:00:00,0.0
2025-05-18 06:00:00,0.0
2025-05-18 07:00:00,0.0
2025-05-18 08:00:00,0.0
2025-05-18 09:00:00,69.3
2025-05-18 10:00:00,921.1
2025-05-18 11:00:00,1697.2
2025-05-18 12:00:00,2081.2
2025-05-18 13:00:00,2350.8
2025-05-18 14:00:00,2363.6
2025-05-18 15:00:00,2310.2
2025-05-18 16:00:00,2125.1
2025-05-18 17:00:00,1604.3
2025-05-18 18:00:00,1014.1
2025-05-18 19:00:00,211.4
2025-05-18 20:00:00,7.1
2025-05-18 21:00:00,0.0
2025-05-18 22:00:00,0.0
2025-05-18 23:00:00,0.0
2025-05-19 00:00:00,0.0
2025-05-19 01:00:00,0.0
2025-05-19 02:00:00,0.0
2025-05-19 03:00:00,0.0
2025-05-19 04:00:00,0.0
2025-05-19 05:00:00,0.0
2025-05-19 06:00:00,0.0
2025-05-19 07:00:00,0.0
2025-05-19 08:00:00,0.0
2025-05-19 09:00:00,81.8
2025-05-19 10:00:00,970.2
2025-05-19 11:00:00,1761.0
2025-05-19 12:00:00,2083.6
2025-05-19 13:00:00,2343.3
2025-05-19 14:00:00,2428.0
2025-05-19 15:00:00,2345.7
2025-05-19 16:00:00,2070.6
2025-05-19 17:00:00,1511.2
2025-05-19 18:00:00,1134.6
2025-05-19 19:00:00,199.0
2025-05-19 20:00:00,8.7
2025-05-19 21:00:00,0.0
2025-05-19 22:00:00,0.0
2025-05-19 23:00:00,0.0
2025-05-20 00:00:00,0.0
2025-05-20 01:00:00,0.0
2025-05-20 02:00:00,0.0
2025-05-20 03:00:00,0.0
2025-05-20 04:00:00,0.0
2025-05-20 05:00:00,0.0
2025-05-20 06:00:00,0.0
2025-05-20 07:00:00,0.0
2025-05-20 08:00:00,0.0
2025-05-20 09:00:00,86.8
2025-05-20 10:00:00,979.1
2025-05-20 11:00:00,1799.8
2025-05-20 12:00:00,2161.5
2025-05-20 13:00:00,2340.5
2025-05-20 14:00:00,2441.7
2025-05-20 15:00:00,2381.8
2025-05-20 16:00:00,2135.3
2025-05-20 17:00:00,1758.3
2025-05-20 18:00:00,1081.6
2025-05-20 19:00:00,207.3
2025-05-20 20:00:00,2.8
2025-05-20 21:00:00,0.0
2025-05-20 22:00:00,0.0
2025-05-20 23:00:00,0.0
2025-05-21 00:00:00,0.0
2025-05-21 01:00:00,0.0
2025-05-21 02:00:00,0.0
2025-05-21 03:00:00,0.0
2025-05-21 04:00:00,0.0
2025-05-21 05:00:00,0.0
2025-05-21 06:00:00,0.0
2025-05-21 07:00:00,0.0
2025-05-21 08:00:00,0.0
2025-05-21 09:00:00,73.2
2025-05-21 10:00:00,882.9
2025-05-21 11:00:00,1684.2
2025-05-21 12:00:00,2113.3
2025-05-21 13:00:00,2335.6
2025-05-21 14:00:00,2414.3
2025-05-21 15:00:00,2381.1
2025-05-21 16:00:00,1903.4
2025-05-21 17:00:00,1703.9
2025-05-21 18:00:00,928.7
2025-05-21 19:00:00,185.3
2025-05-21 20:00:00,3.4
2025-05-21 21:00:00,0.0
2025-05-21 22:00:00,0.0
2025-05-21 23:00:00,0.0
2025-05-22 00:00:00,0.0
2025-05-22 01:00:00,0.0
2025-05-22 02:00:00,0.0
2025-05-22 03:00:00,0.0
2025-05-22 04:00:00,0.0
2025-05-22 05:00:00,0.0
2025-05-22 06:00:00,0.0
2025-05-22 07:00:00,0.0
2025-05-22 08:00:00,0.0
2025-05-22 09:00:00,58.3
2025-05-22 10:00:00,783.4
2025-05-22 11:00:00,1447.8
2025-05-22 12:00:00,1361.4
2025-05-22 13:00:00,2302.0
2025-05-22 14:00:00,2270.3
2025-05-22 15:00:00,2329.0
2025-05-22 16:00:00,2049.1
2025-05-22 17:00:00,1686.6
2025-05-22 18:00:00,1034.6
2025-05-22 19:00:00,178.8
2025-05-22 20:00:00,3.3
2025-05-22 21:00:00,0.0
2025-05-22 22:00:00,0.0
2025-05-22 23:00:00,0.0
2025-05-23 00:00:00,0.0
2025-05-23 01:00:00,0.0
2025-05-23 02:00:00,0.0
2025-05-23 03:00:00,0.0
2025-05-23 04:00:00,0.0
2025-05-23 05:00:00,0.0
2025-05-23 06:00:00,0.0
2025-05-23 07:00:00,0.0
2025-05-23 08:00:00,0.0
2025-05-23 09:00:00,5.9
2025-05-23 10:00:00,132.6
2025-05-23 11:00:00,453.2
2025-05-23 12:00:00,963.4
2025-05-23 13:00:00,1267.8
2025-05-23 14:00:00,412.2
2025-05-23 15:00:00,766.9
2025-05-23 16:00:00,594.9
2025-05-23 17:00:00,240.3
2025-05-23 18:00:00,164.5
2025-05-23 19:00:00,80.5
2025-05-23 20:00:00,1.8
2025-05-23 21:00:00,0.0
2025-05-23 22:00:00,0.0
2025-05-23 23:00:00,0.0
2025-05-24 00:00:00,0.0
2025-05-24 01:00:00,0.0
2025-05-24 02:00:00,0.0
2025-05-24 03:00:00,0.0
2025-05-24 04:00:00,0.0
2025-05-24 05:00:00,0.0
2025-05-24 06:00:00,0.0
2025-05-24 07:00:00,0.0
2025-05-24 08:00:00,0.0
2025-05-24 09:00:00,6.9
2025-05-24 10:00:00,150.8
2025-05-24 11:00:00,188.3
2025-05-24 12:00:00,355.6
2025-05-24 13:00:00,570.2
2025-05-24 14:00:00,2064.7
2025-05-24 15:00:00,975.6
2025-05-24 16:00:00,212.9
2025-05-24 17:00:00,230.1
2025-05-24 18:00:00,169.4
2025-05-24 19:00:00,84.1
2025-05-24 20:00:00,0.9
2025-05-24 21:00:00,0.0
2025-05-24 22:00:00,0.0
2025-05-24 23:00:00,0.0
2025-05-25 00:00:00,0.0
2025-05-25 01:00:00,0.0
2025-05-25 02:00:00,0.0
2025-05-25 03:00:00,0.0
2025-05-25 04:00:00,0.0
2025-05-25 05:00:00,0.0
2025-05-25 06:00:00,0.0
2025-05-25 07:00:00,0.0
2025-05-25 08:00:00,0.0
2025-05-25 09:00:00,69.2
2025-05-25 10:00:00,894.9
2025-05-25 11:00:00,1668.4
2025-05-25 12:00:00,2102.8
2025-05-25 13:00:00,2359.0
2025-05-25 14:00:00,2299.2
2025-05-25 15:00:00,2321.5
2025-05-25 16:00:00,2109.0
2025-05-25 17:00:00,1731.1
2025-05-25 18:00:00,1066.8
2025-05-25 19:00:00,182.3
2025-05-25 20:00:00,0.6
2025-05-25 21:00:00,0.0
2025-05-25 22:00:00,0.0
2025-05-25 23:00:00,0.0
2025-05-26 00:00:00,0.0
2025-05-26 01:00:00,0.0
2025-05-26 02:00:00,0.0
2025-05-26 03:00:00,0.0
2025-05-26 04:00:00,0.0
2025-05-26 05:00:00,0.0
2025-05-26 06:00:00,0.0
2025-05-26 07:00:00,0.0
2025-05-26 08:00:00,0.0
2025-05-26 09:00:00,48.2
2025-05-26 10:00:00,869.0
2025-05-26 11:00:00,1636.8
2025-05-26 12:00:00,2230.1
2025-05-26 13:00:00,2436.2
2025-05-26 14:00:00,2366.7
2025-05-26 15:00:00,2384.4
2025-05-26 16:00:00,1926.5
2025-05-26 17:00:00,1482.7
2025-05-26 18:00:00,509.0
2025-05-26 19:00:00,235.4
2025-05-26 20:00:00,7.7
2025-05-26 21:00:00,0.0
2025-05-26 22:00:00,0.0
2025-05-26 23:00:00,0.0
2025-05-27 00:00:00,0.0
2025-05-27 01:00:00,0.0
2025-05-27 02:00:00,0.0
2025-05-27 03:00:00,0.0
2025-05-27 04:00:00,0.0
2025-05-27 05:00:00,0.0
2025-05-27 06:00:00,0.0
2025-05-27 07:00:00,0.0
2025-05-27 08:00:00,0.0
2025-05-27 09:00:00,40.6
2025-05-27 10:00:00,758.5
2025-05-27 11:00:00,1706.0
2025-05-27 12:00:00,2114.8
2025-05-27 13:00:00,2326.3
2025-05-27 14:00:00,2374.4
2025-05-27 15:00:00,2187.9
2025-05-27 16:00:00,1424.9
2025-05-27 17:00:00,1181.9
2025-05-27 18:00:00,1119.4
2025-05-27 19:00:00,164.8
2025-05-27 20:00:00,2.4
2025-05-27 21:00:00,0.0
2025-05-27 22:00:00,0.0
2025-05-27 23:00:00,0.0
2025-05-28 00:00:00,0.0
2025-05-28 01:00:00,0.0
2025-05-28 02:00:00,0.0
2025-05-28 03:00:00,0.0
2025-05-28 04:00:00,0.0
2025-05-28 05:00:00,0.0
2025-05-28 06:00:00,0.0
2025-05-28 07:00:00,0.0
2025-05-28 08:00:00,0.0
2025-05-28 09:00:00,17.1
2025-05-28 10:00:00,871.6
2025-05-28 11:00:00,1701.0
2025-05-28 12:00:00,2130.7
2025-05-28 13:00:00,1918.0
2025-05-28 14:00:00,2277.3
2025-05-28 15:00:00,1611.9
2025-05-28 16:00:00,1344.1
2025-05-28 17:00:00,1734.6
2025-05-28 18:00:00,765.8
2025-05-28 19:00:00,117.2
2025-05-28 20:00:00,2.0
2025-05-28 21:00:00,0.0
2025-05-28 22:00:00,0.0
2025-05-28 23:00:00,0.0
2025-05-29 00:00:00,0.0
2025-05-29 01:00:00,0.0
2025-05-29 02:00:00,0.0
2025-05-29 03:00:00,0.0
2025-05-29 04:00:00,0.0
2025-05-29 05:00:00,0.0
2025-05-29 06:00:00,0.0
2025-05-29 07:00:00,0.0
2025-05-29 08:00:00,0.0
2025-05-29 09:00:00,4.2
2025-05-29 10:00:00,104.2
2025-05-29 11:00:00,177.5
2025-05-29 12:00:00,411.7
2025-05-29 13:00:00,880.3
2025-05-29 14:00:00,519.7
2025-05-29 15:00:00,448.6
2025-05-29 16:00:00,446.6
2025-05-29 17:00:00,437.9
2025-05-29 18:00:00,397.7
2025-05-29 19:00:00,140.6
2025-05-29 20:00:00,0.0
2025-05-29 21:00:00,0.0
2025-05-29 22:00:00,0.0
2025-05-29 23:00:00,0.0
2025-05-30 00:00:00,0.0
2025-05-30 01:00:00,0.0
2025-05-30 02:00:00,0.0
2025-05-30 03:00:00,0.0
2025-05-30 04:00:00,0.0
2025-05-30 05:00:00,0.0
2025-05-30 06:00:00,0.0
2025-05-30 07:00:00,0.0
2025-05-30 08:00:00,0.0
2025-05-30 09:00:00,1.5
2025-05-30 10:00:00,105.5
2025-05-30 11:00:00,239.9
2025-05-30 12:00:00,541.9
2025-05-30 13:00:00,373.7
2025-05-30 14:00:00,421.5
2025-05-30 15:00:00,406.7
2025-05-30 16:00:00,264.6
2025-05-30 17:00:00,274.4
2025-05-30 18:00:00,120.6
2025-05-30 19:00:00,42.8
2025-05-30 20:00:00,0.0
2025-05-30 21:00:00,0.0
2025-05-30 22:00:00,0.0
2025-05-30 23:00:00,0.0
2025-05-31 00:00:00,0.0
2025-05-31 01:00:00,0.0
2025-05-31 02:00:00,0.0
2025-05-31 03:00:00,0.0
2025-05-31 04:00:00,0.0
2025-05-31 05:00:00,0.0
2025-05-31 06:00:00,0.0
2025-05-31 07:00:00,0.0
2025-05-31 08:00:00,0.0
2025-05-31 09:00:00,21.7
2025-05-31 10:00:00,532.0
2025-05-31 11:00:00,1210.5
2025-05-31 12:00:00,1953.5
2025-05-31 13:00:00,2427.9
2025-05-31 14:00:00,2145.6
2025-05-31 15:00:00,1510.8
2025-05-31 16:00:00,1296.6
2025-05-31 17:00:00,980.4
2025-05-31 18:00:00,441.6
2025-05-31 19:00:00,155.4
2025-05-31 20:00:00,1.6
2025-05-31 21:00:00,0.0
2025-05-31 22:00:00,0.0
2025-05-31 23:00:00,0.0
2025-06-01 00:00:00,0.0
2025-06-01 01:00:00,0.0
2025-06-01 02:00:00,0.0
2025-06-01 03:00:00,0.0
2025-06-01 04:00:00,0.0
2025-06-01 05:00:00,0.0
2025-06-01 06:00:00,0.0
2025-06-01 07:00:00,0.0
2025-06-01 08:00:00,0.0
2025-06-01 09:00:00,22.5
2025-06-01 10:00:00,722.8
2025-06-01 11:00:00,1287.9
2025-06-01 12:00:00,2011.5
2025-06-01 13:00:00,2113.4
2025-06-01 14:00:00,2218.9
2025-06-01 15:00:00,2287.7
2025-06-01 16:00:00,2089.9
2025-06-01 17:00:00,1107.7
2025-06-01 18:00:00,246.8
2025-06-01 19:00:00,37.8
2025-06-01 20:00:00,0.4
2025-06-01 21:00:00,0.0
2025-06-01 22:00:00,0.0
2025-06-01 23:00:00,0.0
2025-06-02 00:00:00,0.0
2025-06-02 01:00:00,0.0
2025-06-02 02:00:00,0.0
2025-06-02 03:00:00,0.0
2025-06-02 04:00:00,0.0
2025-06-02 05:00:00,0.0
2025-06-02 06:00:00,0.0
2025-06-02 07:00:00,0.0
2025-06-02 08:00:00,0.0
2025-06-02 09:00:00,4.9
2025-06-02 10:00:00,148.3
2025-06-02 11:00:00,337.0
2025-06-02 12:00:00,467.3
2025-06-02 13:00:00,369.4
2025-06-02 14:00:00,1406.3
2025-06-02 15:00:00,684.1
2025-06-02 16:00:00,1105.0
2025-06-02 17:00:00,1089.7
2025-06-02 18:00:00,396.2
2025-06-02 19:00:00,111.7
2025-06-02 20:00:00,2.7
2025-06-02 21:00:00,0.0
2025-06-02 22:00:00,0.0
2025-06-02 23:00:00,0.0
2025-06-03 00:00:00,0.0
2025-06-03 01:00:00,0.0
2025-06-03 02:00:00,0.0
2025-06-03 03:00:00,0.0
2025-06-03 04:00:00,0.0
2025-06-03 05:00:00,0.0
2025-06-03 06:00:00,0.0
2025-06-03 07:00:00,0.0
2025-06-03 08:00:00,0.0
2025-06-03 09:00:00,27.0
2025-06-03 10:00:00,543.6
2025-06-03 11:00:00,1596.3
2025-06-03 12:00:00,2049.9
2025-06-03 13:00:00,2270.9
2025-06-03 14:00:00,2272.0
2025-06-03 15:00:00,2060.6
2025-06-03 16:00:00,1671.6
2025-06-03 17:00:00,876.2
2025-06-03 18:00:00,538.3
2025-06-03 19:00:00,96.5
2025-06-03 20:00:00,0.0
2025-06-03 21:00:00,0.0
2025-06-03 22:00:00,0.0
2025-06-03 23:00:00,0.0
2025-06-04 00:00:00,0.0
2025-06-04 01:00:00,0.0
2025-06-04 02:00:00,0.0
2025-06-04 03:00:00,0.0
2025-06-04 04:00:00,0.0
2025-06-04 05:00:00,0.0
2025-06-04 06:00:00,0.0
2025-06-04 07:00:00,0.0
2025-06-04 08:00:00,0.0
2025-06-04 09:00:00,37.4
2025-06-04 10:00:00,821.7
2025-06-04 11:00:00,1654.2
2025-06-04 12:00:00,2073.6
2025-06-04 13:00:00,2768.0
2025-06-04 14:00:00,2442.0
2025-06-04 15:00:00,2358.5
2025-06-04 16:00:00,2085.8
2025-06-04 17:00:00,1679.1
2025-06-04 18:00:00,1026.9
2025-06-04 19:00:00,174.2
2025-06-04 20:00:00,3.2
2025-06-04 21:00:00,0.0
2025-06-04 22:00:00,0.0
2025-06-04 23:00:00,0.0
2025-06-05 00:00:00,0.0
2025-06-05 01:00:00,0.0
2025-06-05 02:00:00,0.0
2025-06-05 03:00:00,0.0
2025-06-05 04:00:00,0.0
2025-06-05 05:00:00,0.0
2025-06-05 06:00:00,0.0
2025-06-05 07:00:00,0.0
2025-06-05 08:00:00,0.0
2025-06-05 09:00:00,39.2
2025-06-05 10:00:00,767.0
2025-06-05 11:00:00,1537.9
2025-06-05 12:00:00,1991.2
2025-06-05 13:00:00,2187.9
2025-06-05 14:00:00,2296.7
2025-06-05 15:00:00,2386.0
2025-06-05 16:00:00,2116.3
2025-06-05 17:00:00,1537.1
2025-06-05 18:00:00,595.8
2025-06-05 19:00:00,123.3
2025-06-05 20:00:00,1.3
2025-06-05 21:00:00,0.0
2025-06-05 22:00:00,0.0
2025-06-05 23:00:00,0.0
2025-06-06 00:00:00,0.0
2025-06-06 01:00:00,0.0
2025-06-06 02:00:00,0.0
2025-06-06 03:00:00,0.0
2025-06-06 04:00:00,0.0
2025-06-06 05:00:00,0.0
2025-06-06 06:00:00,0.0
2025-06-06 07:00:00,0.0
2025-06-06 08:00:00,0.0
2025-06-06 09:00:00,5.4
2025-06-06 10:00:00,434.6
2025-06-06 11:00:00,1148.3
2025-06-06 12:00:00,1918.5
2025-06-06 13:00:00,2183.9
2025-06-06 14:00:00,2240.2
2025-06-06 15:00:00,811.7
2025-06-06 16:00:00,539.4
2025-06-06 17:00:00,482.4
2025-06-06 18:00:00,404.1
2025-06-06 19:00:00,94.4
2025-06-06 20:00:00,0.0
2025-06-06 21:00:00,0.0
2025-06-06 22:00:00,0.0
2025-06-06 23:00:00,0.0
2025-06-07 00:00:00,0.0
2025-06-07 01:00:00,0.0
2025-06-07 02:00:00,0.0
2025-06-07 03:00:00,0.0
2025-06-07 04:00:00,0.0
2025-06-07 05:00:00,0.0
2025-06-07 06:00:00,0.0
2025-06-07 07:00:00,0.0
2025-06-07 08:00:00,0.0
2025-06-07 09:00:00,2.2
2025-06-07 10:00:00,62.6
2025-06-07 11:00:00,207.9
2025-06-07 12:00:00,271.3
2025-06-07 13:00:00,318.8
2025-06-07 14:00:00,623.7
2025-06-07 15:00:00,736.3
2025-06-07 16:00:00,505.6
2025-06-07 17:00:00,1013.9
2025-06-07 18:00:00,318.4
2025-06-07 19:00:00,104.0
2025-06-07 20:00:00,0.5
2025-06-07 21:00:00,0.0
2025-06-07 22:00:00,0.0
2025-06-07 23:00:00,0.0
2025-06-08 00:00:00,0.0
2025-06-08 01:00:00,0.0
2025-06-08 02:00:00,0.0
2025-06-08 03:00:00,0.0
2025-06-08 04:00:00,0.0
2025-06-08 05:00:00,0.0
2025-06-08 06:00:00,0.0
2025-06-08 07:00:00,0.0
2025-06-08 08:00:00,0.0
2025-06-08 09:00:00,9.4
2025-06-08 10:00:00,451.0
2025-06-08 11:00:00,1549.3
2025-06-08 12:00:00,1979.0
2025-06-08 13:00:00,674.9
2025-06-08 14:00:00,1506.6
2025-06-08 15:00:00,1062.5
2025-06-08 16:00:00,412.4
2025-06-08 17:00:00,188.7
2025-06-08 18:00:00,420.1
2025-06-08 19:00:00,68.2
2025-06-08 20:00:00,0.0
2025-06-08 21:00:00,0.0
2025-06-08 22:00:00,0.0
2025-06-08 23:00:00,0.0
2025-06-09 00:00:00,0.0
2025-06-09 01:00:00,0.0
2025-06-09 02:00:00,0.0
2025-06-09 03:00:00,0.0
2025-06-09 04:00:00,0.0
2025-06-09 05:00:00,0.0
2025-06-09 06:00:00,0.0
2025-06-09 07:00:00,0.0
2025-06-09 08:00:00,0.0
2025-06-09 09:00:00,0.4
2025-06-09 10:00:00,43.2
2025-06-09 11:00:00,182.7
2025-06-09 12:00:00,456.7
2025-06-09 13:00:00,556.1
2025-06-09 14:00:00,339.7
2025-06-09 15:00:00,166.6
2025-06-09 16:00:00,178.3
2025-06-09 17:00:00,184.3
2025-06-09 18:00:00,97.0
2025-06-09 19:00:00,28.2
2025-06-09 20:00:00,0.0
2025-06-09 21:00:00,0.0
2025-06-09 22:00:00,0.0
2025-06-09 23:00:00,0.0
2025-06-10 00:00:00,0.0
2025-06-10 01:00:00,0.0
2025-06-10 02:00:00,0.0
2025-06-10 03:00:00,0.0
2025-06-10 04:00:00,0.0
2025-06-10 05:00:00,0.0
2025-06-10 06:00:00,0.0
2025-06-10 07:00:00,0.0
2025-06-10 08:00:00,0.0
2025-06-10 09:00:00,7.3
2025-06-10 10:00:00,127.3
2025-06-10 11:00:00,779.2
2025-06-10 12:00:00,421.7
2025-06-10 13:00:00,413.0
2025-06-10 14:00:00,514.7
2025-06-10 15:00:00,707.1
2025-06-10 16:00:00,980.3
2025-06-10 17:00:00,639.0
2025-06-10 18:00:00,324.2
2025-06-10 19:00:00,118.3
2025-06-10 20:00:00,4.9
2025-06-10 21:00:00,0.0
2025-06-10 22:00:00,0.0
2025-06-10 23:00:00,0.0
2025-06-11 00:00:00,0.0
2025-06-11 01:00:00,0.0
2025-06-11 02:00:00,0.0
2025-06-11 03:00:00,0.0
2025-06-11 04:00:00,0.0
2025-06-11 05:00:00,0.0
2025-06-11 06:00:00,0.0
2025-06-11 07:00:00,0.0
2025-06-11 08:00:00,0.0
2025-06-11 09:00:00,18.8
2025-06-11 10:00:00,557.3
2025-06-11 11:00:00,1399.9
2025-06-11 12:00:00,1670.1
2025-06-11 13:00:00,1474.3
2025-06-11 14:00:00,2006.1
2025-06-11 15:00:00,1960.7
2025-06-11 16:00:00,1275.8
2025-06-11 17:00:00,302.4
2025-06-11 18:00:00,226.7
2025-06-11 19:00:00,100.1
2025-06-11 20:00:00,0.4
2025-06-11 21:00:00,0.0
2025-06-11 22:00:00,0.0
2025-06-11 23:00:00,0.0
2025-06-12 00:00:00,0.0
2025-06-12 01:00:00,0.0
2025-06-12 02:00:00,0.0
2025-06-12 03:00:00,0.0
2025-06-12 04:00:00,0.0
2025-06-12 05:00:00,0.0
2025-06-12 06:00:00,0.0
2025-06-12 07:00:00,0.0
2025-06-12 08:00:00,0.0
2025-06-12 09:00:00,3.3
2025-06-12 10:00:00,298.2
2025-06-12 11:00:00,471.9
2025-06-12 12:00:00,1391.9
2025-06-12 13:00:00,1198.5
2025-06-12 14:00:00,640.9
2025-06-12 15:00:00,907.0
2025-06-12 16:00:00,836.7
2025-06-12 17:00:00,311.7
2025-06-12 18:00:00,135.9
2025-06-12 19:00:00,65.8
2025-06-12 20:00:00,0.0
2025-06-12 21:00:00,0.0
2025-06-12 22:00:00,0.0
2025-06-12 23:00:00,0.0
2025-06-13 00:00:00,0.0
2025-06-13 01:00:00,0.0
2025-06-13 02:00:00,0.0
2025-06-13 03:00:00,0.0
2025-06-13 04:00:00,0.0
2025-06-13 05:00:00,0.0
2025-06-13 06:00:00,0.0
2025-06-13 07:00:00,0.0
2025-06-13 08:00:00,0.0
2025-06-13 09:00:00,11.8
2025-06-13 10:00:00,560.9
2025-06-13 11:00:00,1535.1
2025-06-13 12:00:00,2154.0
2025-06-13 13:00:00,2424.5
2025-06-13 14:00:00,2421.8
2025-06-13 15:00:00,2499.6
2025-06-13 16:00:00,2208.9
2025-06-13 17:00:00,1815.3
2025-06-13 18:00:00,785.7
2025-06-13 19:00:00,197.4
2025-06-13 20:00:00,1.3
2025-06-13 21:00:00,0.0
2025-06-13 22:00:00,0.0
2025-06-13 23:00:00,0.0
2025-06-14 00:00:00,0.0
2025-06-14 01:00:00,0.0
2025-06-14 02:00:00,0.0
2025-06-14 03:00:00,0.0
2025-06-14 04:00:00,0.0
2025-06-14 05:00:00,0.0
2025-06-14 06:00:00,0.0
2025-06-14 07:00:00,0.0
2025-06-14 08:00:00,0.0
2025-06-14 09:00:00,47.7
2025-06-14 10:00:00,765.5
2025-06-14 11:00:00,1532.3
2025-06-14 12:00:00,1895.7
2025-06-14 13:00:00,2165.6
2025-06-14 14:00:00,2270.2
2025-06-14 15:00:00,2303.0
2025-06-14 16:00:00,1685.2
2025-06-14 17:00:00,1456.7
2025-06-14 18:00:00,607.5
2025-06-14 19:00:00,156.0
2025-06-14 20:00:00,1.5
2025-06-14 21:00:00,0.0
2025-06-14 22:00:00,0.0
2025-06-14 23:00:00,0.0
2025-06-15 00:00:00,0.0
2025-06-15 01:00:00,0.0
2025-06-15 02:00:00,0.0
2025-06-15 03:00:00,0.0
2025-06-15 04:00:00,0.0
2025-06-15 05:00:00,0.0
2025-06-15 06:00:00,0.0
2025-06-15 07:00:00,0.0
2025-06-15 08:00:00,0.0
2025-06-15 09:00:00,22.6
2025-06-15 10:00:00,438.3
2025-06-15 11:00:00,1204.8
2025-06-15 12:00:00,1525.7
2025-06-15 13:00:00,1924.1
2025-06-15 14:00:00,2077.9
2025-06-15 15:00:00,2072.6
2025-06-15 16:00:00,1931.4
2025-06-15 17:00:00,1676.6
2025-06-15 18:00:00,864.3
2025-06-15 19:00:00,182.3
2025-06-15 20:00:00,2.2
2025-06-15 21:00:00,0.0
2025-06-15 22:00:00,0.0
2025-06-15 23:00:00,0.0
2025-06-16 00:00:00,0.0
2025-06-16 01:00:00,0.0
2025-06-16 02:00:00,0.0
2025-06-16 03:00:00,0.0
2025-06-16 04:00:00,0.0
2025-06-16 05:00:00,0.0
2025-06-16 06:00:00,0.0
2025-06-16 07:00:00,0.0
2025-06-16 08:00:00,0.0
2025-06-16 09:00:00,25.2
2025-06-16 10:00:00,770.4
2025-06-16 11:00:00,1639.8
2025-06-16 12:00:00,2128.6
2025-06-16 13:00:00,2326.0
2025-06-16 14:00:00,2426.3
2025-06-16 15:00:00,2337.8
2025-06-16 16:00:00,2128.8
2025-06-16 17:00:00,1725.6
2025-06-16 18:00:00,1093.8
2025-06-16 19:00:00,190.6
2025-06-16 20:00:00,3.2
2025-06-16 21:00:00,0.0
2025-06-16 22:00:00,0.0
2025-06-16 23:00:00,0.0
2025-06-17 00:00:00,0.0
2025-06-17 01:00:00,0.0
2025-06-17 02:00:00,0.0
2025-06-17 03:00:00,0.0
2025-06-17 04:00:00,0.0
2025-06-17 05:00:00,0.0
2025-06-17 06:00:00,0.0
2025-06-17 07:00:00,0.0
2025-06-17 08:00:00,0.0
2025-06-17 09:00:00,26.8
2025-06-17 10:00:00,744.1
2025-06-17 11:00:00,1608.8
2025-06-17 12:00:00,2148.8
2025-06-17 13:00:00,2330.3
2025-06-17 14:00:00,2478.9
2025-06-17 15:00:00,2402.8
2025-06-17 16:00:00,2064.1
2025-06-17 17:00:00,1674.9
2025-06-17 18:00:00,998.8
2025-06-17 19:00:00,174.6
2025-06-17 20:00:00,2.1
2025-06-17 21:00:00,0.0
2025-06-17 22:00:00,0.0
2025-06-17 23:00:00,0.0
2025-06-18 00:00:00,0.0
2025-06-18 01:00:00,0.0
2025-06-18 02:00:00,0.0
2025-06-18 03:00:00,0.0
2025-06-18 04:00:00,0.0
2025-06-18 05:00:00,0.0
2025-06-18 06:00:00,0.0
2025-06-18 07:00:00,0.0
2025-06-18 08:00:00,0.0
2025-06-18 09:00:00,31.6
2025-06-18 10:00:00,794.4
2025-06-18 11:00:00,1605.4
2025-06-18 12:00:00,2138.4
2025-06-18 13:00:00,2355.7
2025-06-18 14:00:00,2436.9
2025-06-18 15:00:00,2397.3
2025-06-18 16:00:00,2130.4
2025-06-18 17:00:00,1722.0
2025-06-18 18:00:00,1031.1
2025-06-18 19:00:00,191.8
2025-06-18 20:00:00,4.3
2025-06-18 21:00:00,0.0
2025-06-18 22:00:00,0.0
2025-06-18 23:00:00,0.0
2025-06-19 00:00:00,0.0
2025-06-19 01:00:00,0.0
2025-06-19 02:00:00,0.0
2025-06-19 03:00:00,0.0
2025-06-19 04:00:00,0.0
2025-06-19 05:00:00,0.0
2025-06-19 06:00:00,0.0
2025-06-19 07:00:00,0.0
2025-06-19 08:00:00,0.0
2025-06-19 09:00:00,22.1
2025-06-19 10:00:00,536.7
2025-06-19 11:00:00,1490.2
2025-06-19 12:00:00,2002.2
2025-06-19 13:00:00,2171.5
2025-06-19 14:00:00,2432.1
2025-06-19 15:00:00,2312.4
2025-06-19 16:00:00,2129.0
2025-06-19 17:00:00,1681.6
2025-06-19 18:00:00,1025.1
2025-06-19 19:00:00,183.1
2025-06-19 20:00:00,3.3
2025-06-19 21:00:00,0.0
2025-06-19 22:00:00,0.0
2025-06-19 23:00:00,0.0
2025-06-20 00:00:00,0.0
2025-06-20 01:00:00,0.0
2025-06-20 02:00:00,0.0
2025-06-20 03:00:00,0.0
2025-06-20 04:00:00,0.0
2025-06-20 05:00:00,0.0
2025-06-20 06:00:00,0.0
2025-06-20 07:00:00,0.0
2025-06-20 08:00:00,0.0
2025-06-20 09:00:00,12.1
2025-06-20 10:00:00,697.1
2025-06-20 11:00:00,1483.1
2025-06-20 12:00:00,1623.2
2025-06-20 13:00:00,2214.4
2025-06-20 14:00:00,2485.2
2025-06-20 15:00:00,2355.1
2025-06-20 16:00:00,2108.1
2025-06-20 17:00:00,1706.6
2025-06-20 18:00:00,1054.4
2025-06-20 19:00:00,183.5
2025-06-20 20:00:00,3.5
2025-06-20 21:00:00,0.0
2025-06-20 22:00:00,0.0
2025-06-20 23:00:00,0.0
2025-06-21 00:00:00,0.0
2025-06-21 01:00:00,0.0
2025-06-21 02:00:00,0.0
2025-06-21 03:00:00,0.0
2025-06-21 04:00:00,0.0
2025-06-21 05:00:00,0.0
2025-06-21 06:00:00,0.0
2025-06-21 07:00:00,0.0
2025-06-21 08:00:00,0.0
2025-06-21 09:00:00,16.3
2025-06-21 10:00:00,675.1
2025-06-21 11:00:00,1596.7
2025-06-21 12:00:00,1166.3
2025-06-21 13:00:00,2021.6
2025-06-21 14:00:00,1693.4
2025-06-21 15:00:00,1801.2
2025-06-21 16:00:00,1323.8
2025-06-21 17:00:00,1529.1
2025-06-21 18:00:00,803.8
2025-06-21 19:00:00,203.9
2025-06-21 20:00:00,6.5
2025-06-21 21:00:00,0.0
2025-06-21 22:00:00,0.0
2025-06-21 23:00:00,0.0
2025-06-22 00:00:00,0.0
2025-06-22 01:00:00,0.0
2025-06-22 02:00:00,0.0
2025-06-22 03:00:00,0.0
2025-06-22 04:00:00,0.0
2025-06-22 05:00:00,0.0
2025-06-22 06:00:00,0.0
2025-06-22 07:00:00,0.0
2025-06-22 08:00:00,0.0
2025-06-22 09:00:00,0.2
2025-06-22 10:00:00,227.4
2025-06-22 11:00:00,381.3
2025-06-22 12:00:00,662.5
2025-06-22 13:00:00,1510.7
2025-06-22 14:00:00,1685.1
2025-06-22 15:00:00,1797.3
2025-06-22 16:00:00,1623.3
2025-06-22 17:00:00,984.5
2025-06-22 18:00:00,634.4
2025-06-22 19:00:00,178.5
2025-06-22 20:00:00,2.4
2025-06-22 21:00:00,0.0
2025-06-22 22:00:00,0.0
2025-06-22 23:00:00,0.0
2025-06-23 00:00:00,0.0
2025-06-23 01:00:00,0.0
2025-06-23 02:00:00,0.0
2025-06-23 03:00:00,0.0
2025-06-23 04:00:00,0.0
2025-06-23 05:00:00,0.0
2025-06-23 06:00:00,0.0
2025-06-23 07:00:00,0.0
2025-06-23 08:00:00,0.0
2025-06-23 09:00:00,27.4
2025-06-23 10:00:00,547.2
2025-06-23 11:00:00,1034.8
2025-06-23 12:00:00,1072.3
2025-06-23 13:00:00,1329.0
2025-06-23 14:00:00,1990.2
2025-06-23 15:00:00,2103.0
2025-06-23 16:00:00,1458.8
2025-06-23 17:00:00,911.2
2025-06-23 18:00:00,590.0
2025-06-23 19:00:00,196.3
2025-06-23 20:00:00,2.6
2025-06-23 21:00:00,0.0
2025-06-23 22:00:00,0.0
2025-06-23 23:00:00,0.0
2025-06-24 00:00:00,0.0
2025-06-24 01:00:00,0.0
2025-06-24 02:00:00,0.0
2025-06-24 03:00:00,0.0
2025-06-24 04:00:00,0.0
2025-06-24 05:00:00,0.0
2025-06-24 06:00:00,0.0
2025-06-24 07:00:00,0.0
2025-06-24 08:00:00,0.0
2025-06-24 09:00:00,0.0
2025-06-24 10:00:00,2.1
2025-06-24 11:00:00,51.5
2025-06-24 12:00:00,256.8
2025-06-24 13:00:00,149.2
2025-06-24 14:00:00,179.2
2025-06-24 15:00:00,231.8
2025-06-24 16:00:00,164.9
2025-06-24 17:00:00,212.5
2025-06-24 18:00:00,97.2
2025-06-24 19:00:00,11.2
2025-06-24 20:00:00,0.0
2025-06-24 21:00:00,0.0
2025-06-24 22:00:00,0.0
2025-06-24 23:00:00,0.0
2025-06-25 00:00:00,0.0
2025-06-25 01:00:00,0.0
2025-06-25 02:00:00,0.0
2025-06-25 03:00:00,0.0
2025-06-25 04:00:00,0.0
2025-06-25 05:00:00,0.0
2025-06-25 06:00:00,0.0
2025-06-25 07:00:00,0.0
2025-06-25 08:00:00,0.0
2025-06-25 09:00:00,18.8
2025-06-25 10:00:00,716.8
2025-06-25 11:00:00,1574.6
2025-06-25 12:00:00,1786.8
2025-06-25 13:00:00,1408.1
2025-06-25 14:00:00,1517.3
2025-06-25 15:00:00,1624.1
2025-06-25 16:00:00,2140.9
2025-06-25 17:00:00,1659.3
2025-06-25 18:00:00,1014.4
2025-06-25 19:00:00,201.2
2025-06-25 20:00:00,3.2
2025-06-25 21:00:00,0.0
2025-06-25 22:00:00,0.0
2025-06-25 23:00:00,0.0
2025-06-26 00:00:00,0.0
2025-06-26 01:00:00,0.0
2025-06-26 02:00:00,0.0
2025-06-26 03:00:00,0.0
2025-06-26 04:00:00,0.0
2025-06-26 05:00:00,0.0
2025-06-26 06:00:00,0.0
2025-06-26 07:00:00,0.0
2025-06-26 08:00:00,0.0
2025-06-26 09:00:00,24.6
2025-06-26 10:00:00,739.0
2025-06-26 11:00:00,1612.1
2025-06-26 12:00:00,2137.1
2025-06-26 13:00:00,2375.4
2025-06-26 14:00:00,2416.1
2025-06-26 15:00:00,2383.5
2025-06-26 16:00:00,2186.7
2025-06-26 17:00:00,1759.7
2025-06-26 18:00:00,1064.2
2025-06-26 19:00:00,206.8
2025-06-26 20:00:00,3.2
2025-06-26 21:00:00,0.0
2025-06-26 22:00:00,0.0
2025-06-26 23:00:00,0.0
2025-06-27 00:00:00,0.0
2025-06-27 01:00:00,0.0
2025-06-27 02:00:00,0.0
2025-06-27 03:00:00,0.0
2025-06-27 04:00:00,0.0
2025-06-27 05:00:00,0.0
2025-06-27 06:00:00,0.0
2025-06-27 07:00:00,0.0
2025-06-27 08:00:00,0.0
2025-06-27 09:00:00,22.5
2025-06-27 10:00:00,669.6
2025-06-27 11:00:00,1468.5
2025-06-27 12:00:00,2062.4
2025-06-27 13:00:00,1785.9
2025-06-27 14:00:00,1916.7
2025-06-27 15:00:00,2254.8
2025-06-27 16:00:00,1212.4
2025-06-27 17:00:00,389.8
2025-06-27 18:00:00,215.0
2025-06-27 19:00:00,105.6
2025-06-27 20:00:00,3.1
2025-06-27 21:00:00,0.0
2025-06-27 22:00:00,0.0
2025-06-27 23:00:00,0.0
2025-06-28 00:00:00,0.0
2025-06-28 01:00:00,0.0
2025-06-28 02:00:00,0.0
2025-06-28 03:00:00,0.0
2025-06-28 04:00:00,0.0
2025-06-28 05:00:00,0.0
2025-06-28 06:00:00,0.0
2025-06-28 07:00:00,0.0
2025-06-28 08:00:00,0.0
2025-06-28 09:00:00,0.7
2025-06-28 10:00:00,153.5
2025-06-28 11:00:00,785.2
2025-06-28 12:00:00,1204.9
2025-06-28 13:00:00,2156.3
2025-06-28 14:00:00,2115.3
2025-06-28 15:00:00,1326.8
2025-06-28 16:00:00,1565.6
2025-06-28 17:00:00,1461.8
2025-06-28 18:00:00,1001.2
2025-06-28 19:00:00,198.6
2025-06-28 20:00:00,5.1
2025-06-28 21:00:00,0.0
2025-06-28 22:00:00,0.0
2025-06-28 23:00:00,0.0
2025-06-29 00:00:00,0.0
2025-06-29 01:00:00,0.0
2025-06-29 02:00:00,0.0
2025-06-29 03:00:00,0.0
2025-06-29 04:00:00,0.0
2025-06-29 05:00:00,0.0
2025-06-29 06:00:00,0.0
2025-06-29 07:00:00,0.0
2025-06-29 08:00:00,0.0
2025-06-29 09:00:00,27.9
2025-06-29 10:00:00,728.8
2025-06-29 11:00:00,1629.5
2025-06-29 12:00:00,2129.4
2025-06-29 13:00:00,2391.0
2025-06-29 14:00:00,2351.1
2025-06-29 15:00:00,2318.9
2025-06-29 16:00:00,2130.0
2025-06-29 17:00:00,1701.4
2025-06-29 18:00:00,1060.7
2025-06-29 19:00:00,194.9
2025-06-29 20:00:00,3.9
2025-06-29 21:00:00,0.0
2025-06-29 22:00:00,0.0
2025-06-29 23:00:00,0.0
2025-06-30 00:00:00,0.0
2025-06-30 01:00:00,0.0
2025-06-30 02:00:00,0.0
2025-06-30 03:00:00,0.0
2025-06-30 04:00:00,0.0
2025-06-30 05:00:00,0.0
2025-06-30 06:00:00,0.0
2025-06-30 07:00:00,0.0
2025-06-30 08:00:00,0.0
2025-06-30 09:00:00,3.9
2025-06-30 10:00:00,328.8
2025-06-30 11:00:00,556.7
2025-06-30 12:00:00,1286.0
2025-06-30 13:00:00,1641.2
2025-06-30 14:00:00,2270.7
2025-06-30 15:00:00,1762.0
2025-06-30 16:00:00,1923.1
2025-06-30 17:00:00,1346.1
2025-06-30 18:00:00,823.8
2025-06-30 19:00:00,126.8
2025-06-30 20:00:00,0.0
2025-06-30 21:00:00,0.0
2025-06-30 22:00:00,0.0
2025-06-30 23:00:00,0.0
2025-07-01 00:00:00,0.0
2025-07-01 01:00:00,0.0
2025-07-01 02:00:00,0.0
2025-07-01 03:00:00,0.0
2025-07-01 04:00:00,0.0
2025-07-01 05:00:00,0.0
2025-07-01 06:00:00,0.0
2025-07-01 07:00:00,0.0
2025-07-01 08:00:00,0.0
2025-07-01 09:00:00,0.0
2025-07-01 10:00:00,15.9
2025-07-01 11:00:00,72.5
2025-07-01 12:00:00,237.6
2025-07-01 13:00:00,414.2
2025-07-01 14:00:00,393.9
2025-07-01 15:00:00,383.1
2025-07-01 16:00:00,565.3
2025-07-01 17:00:00,428.6
2025-07-01 18:00:00,164.0
2025-07-01 19:00:00,24.3
2025-07-01 20:00:00,0.0
2025-07-01 21:00:00,0.0
2025-07-01 22:00:00,0.0
2025-07-01 23:00:00,0.0
2025-07-02 00:00:00,0.0
2025-07-02 01:00:00,0.0
2025-07-02 02:00:00,0.0
2025-07-02 03:00:00,0.0
2025-07-02 04:00:00,0.0
2025-07-02 05:00:00,0.0
2025-07-02 06:00:00,0.0
2025-07-02 07:00:00,0.0
2025-07-02 08:00:00,0.0
2025-07-02 09:00:00,1.3
2025-07-02 10:00:00,114.1
2025-07-02 11:00:00,224.3
2025-07-02 12:00:00,462.4
2025-07-02 13:00:00,433.8
2025-07-02 14:00:00,733.2
2025-07-02 15:00:00,847.7
2025-07-02 16:00:00,604.1
2025-07-02 17:00:00,376.1
2025-07-02 18:00:00,219.5
2025-07-02 19:00:00,71.5
2025-07-02 20:00:00,0.4
2025-07-02 21:00:00,0.0
2025-07-02 22:00:00,0.0
2025-07-02 23:00:00,0.0
2025-07-03 00:00:00,0.0
2025-07-03 01:00:00,0.0
2025-07-03 02:00:00,0.0
2025-07-03 03:00:00,0.0
2025-07-03 04:00:00,0.0
2025-07-03 05:00:00,0.0
2025-07-03 06:00:00,0.0
2025-07-03 07:00:00,0.0
2025-07-03 08:00:00,0.0
2025-07-03 09:00:00,0.0
2025-07-03 10:00:00,59.8
2025-07-03 11:00:00,280.9
2025-07-03 12:00:00,391.0
2025-07-03 13:00:00,334.4
2025-07-03 14:00:00,520.6
2025-07-03 15:00:00,390.2
2025-07-03 16:00:00,433.8
2025-07-03 17:00:00,229.2
2025-07-03 18:00:00,171.3
2025-07-03 19:00:00,40.7
2025-07-03 20:00:00,0.0
2025-07-03 21:00:00,0.0
2025-07-03 22:00:00,0.0
2025-07-03 23:00:00,0.0
2025-07-04 00:00:00,0.0
2025-07-04 01:00:00,0.0
2025-07-04 02:00:00,0.0
2025-07-04 03:00:00,0.0
2025-07-04 04:00:00,0.0
2025-07-04 05:00:00,0.0
2025-07-04 06:00:00,0.0
2025-07-04 07:00:00,0.0
2025-07-04 08:00:00,0.0
2025-07-04 09:00:00,0.0
2025-07-04 10:00:00,64.0
2025-07-04 11:00:00,478.8
2025-07-04 12:00:00,814.4
2025-07-04 13:00:00,1410.6
2025-07-04 14:00:00,1222.5
2025-07-04 15:00:00,2201.2
2025-07-04 16:00:00,1488.9
2025-07-04 17:00:00,1283.1
2025-07-04 18:00:00,1230.6
2025-07-04 19:00:00,257.2
2025-07-04 20:00:00,6.1
2025-07-04 21:00:00,0.0
2025-07-04 22:00:00,0.0
2025-07-04 23:00:00,0.0
2025-07-05 00:00:00,0.0
2025-07-05 01:00:00,0.0
2025-07-05 02:00:00,0.0
2025-07-05 03:00:00,0.0
2025-07-05 04:00:00,0.0
2025-07-05 05:00:00,0.0
2025-07-05 06:00:00,0.0
2025-07-05 07:00:00,0.0
2025-07-05 08:00:00,0.0
2025-07-05 09:00:00,16.5
2025-07-05 10:00:00,760.7
2025-07-05 11:00:00,1563.1
2025-07-05 12:00:00,2086.0
2025-07-05 13:00:00,2342.2
2025-07-05 14:00:00,2433.5
2025-07-05 15:00:00,2248.6
2025-07-05 16:00:00,2097.9
2025-07-05 17:00:00,1648.4
2025-07-05 18:00:00,1081.0
2025-07-05 19:00:00,255.8
2025-07-05 20:00:00,4.7
2025-07-05 21:00:00,0.0
2025-07-05 22:00:00,0.0
2025-07-05 23:00:00,0.0
2025-07-06 00:00:00,0.0
2025-07-06 01:00:00,0.0
2025-07-06 02:00:00,0.0
2025-07-06 03:00:00,0.0
2025-07-06 04:00:00,0.0
2025-07-06 05:00:00,0.0
2025-07-06 06:00:00,0.0
2025-07-06 07:00:00,0.0
2025-07-06 08:00:00,0.0
2025-07-06 09:00:00,11.6
2025-07-06 10:00:00,540.3
2025-07-06 11:00:00,1400.9
2025-07-06 12:00:00,2053.7
2025-07-06 13:00:00,2306.1
2025-07-06 14:00:00,1792.6
2025-07-06 15:00:00,1391.8
2025-07-06 16:00:00,1267.2
2025-07-06 17:00:00,743.9
2025-07-06 18:00:00,348.5
2025-07-06 19:00:00,201.8
2025-07-06 20:00:00,6.5
2025-07-06 21:00:00,0.0
2025-07-06 22:00:00,0.0
2025-07-06 23:00:00,0.0
2025-07-07 00:00:00,0.0
2025-07-07 01:00:00,0.0
2025-07-07 02:00:00,0.0
2025-07-07 03:00:00,0.0
2025-07-07 04:00:00,0.0
2025-07-07 05:00:00,0.0
2025-07-07 06:00:00,0.0
2025-07-07 07:00:00,0.0
2025-07-07 08:00:00,0.0
2025-07-07 09:00:00,4.5
2025-07-07 10:00:00,168.4
2025-07-07 11:00:00,466.8
2025-07-07 12:00:00,1642.2
2025-07-07 13:00:00,2326.2
2025-07-07 14:00:00,1701.1
2025-07-07 15:00:00,1987.3
2025-07-07 16:00:00,1425.4
2025-07-07 17:00:00,1130.2
2025-07-07 18:00:00,1075.8
2025-07-07 19:00:00,289.9
2025-07-07 20:00:00,8.2
2025-07-07 21:00:00,0.0
2025-07-07 22:00:00,0.0
2025-07-07 23:00:00,0.0
2025-07-08 00:00:00,0.0
2025-07-08 01:00:00,0.0
2025-07-08 02:00:00,0.0
2025-07-08 03:00:00,0.0
2025-07-08 04:00:00,0.0
2025-07-08 05:00:00,0.0
2025-07-08 06:00:00,0.0
2025-07-08 07:00:00,0.0
2025-07-08 08:00:00,0.0
2025-07-08 09:00:00,12.4
2025-07-08 10:00:00,611.2
2025-07-08 11:00:00,1503.5
2025-07-08 12:00:00,2197.9
2025-07-08 13:00:00,2369.3
2025-07-08 14:00:00,2469.3
2025-07-08 15:00:00,2402.4
2025-07-08 16:00:00,2174.4
2025-07-08 17:00:00,1782.3
2025-07-08 18:00:00,1169.8
2025-07-08 19:00:00,250.9
2025-07-08 20:00:00,6.8
2025-07-08 21:00:00,0.0
2025-07-08 22:00:00,0.0
2025-07-08 23:00:00,0.0
2025-07-09 00:00:00,0.0
2025-07-09 01:00:00,0.0
2025-07-09 02:00:00,0.0
2025-07-09 03:00:00,0.0
2025-07-09 04:00:00,0.0
2025-07-09 05:00:00,0.0
2025-07-09 06:00:00,0.0
2025-07-09 07:00:00,0.0
2025-07-09 08:00:00,0.0
2025-07-09 09:00:00,0.0
2025-07-09 10:00:00,4.4
2025-07-09 11:00:00,88.8
2025-07-09 12:00:00,462.3
2025-07-09 13:00:00,1090.2
2025-07-09 14:00:00,2139.1
2025-07-09 15:00:00,2025.2
2025-07-09 16:00:00,1339.2
2025-07-09 17:00:00,1428.8
2025-07-09 18:00:00,782.6
2025-07-09 19:00:00,159.0
2025-07-09 20:00:00,9.6
2025-07-09 21:00:00,0.0
2025-07-09 22:00:00,0.0
2025-07-09 23:00:00,0.0
2025-07-10 00:00:00,0.0
2025-07-10 01:00:00,0.0
2025-07-10 02:00:00,0.0
2025-07-10 03:00:00,0.0
2025-07-10 04:00:00,0.0
2025-07-10 05:00:00,0.0
2025-07-10 06:00:00,0.0
2025-07-10 07:00:00,0.0
2025-07-10 08:00:00,0.0
2025-07-10 09:00:00,0.7
2025-07-10 10:00:00,89.4
2025-07-10 11:00:00,245.5
2025-07-10 12:00:00,683.5
2025-07-10 13:00:00,1016.4
2025-07-10 14:00:00,3458.6
2025-07-10 15:00:00,785.2
2025-07-10 16:00:00,1472.1
2025-07-10 17:00:00,485.2
2025-07-10 18:00:00,262.4
2025-07-10 19:00:00,153.3
2025-07-10 20:00:00,6.9
2025-07-10 21:00:00,0.0
2025-07-10 22:00:00,0.0
2025-07-10 23:00:00,0.0
2025-07-11 00:00:00,0.0
2025-07-11 01:00:00,0.0
2025-07-11 02:00:00,0.0
2025-07-11 03:00:00,0.0
2025-07-11 04:00:00,0.0
2025-07-11 05:00:00,0.0
2025-07-11 06:00:00,0.0
2025-07-11 07:00:00,0.0
2025-07-11 08:00:00,0.0
2025-07-11 09:00:00,27.6
2025-07-11 10:00:00,696.2
2025-07-11 11:00:00,1271.1
2025-07-11 12:00:00,1740.6
2025-07-11 13:00:00,2303.3
2025-07-11 14:00:00,2438.7
2025-07-11 15:00:00,2127.6
2025-07-11 16:00:00,1986.7
2025-07-11 17:00:00,1721.9
2025-07-11 18:00:00,949.3
2025-07-11 19:00:00,176.4
2025-07-11 20:00:00,7.0
2025-07-11 21:00:00,0.0
2025-07-11 22:00:00,0.0
2025-07-11 23:00:00,0.0
2025-07-12 00:00:00,0.0
2025-07-12 01:00:00,0.0
2025-07-12 02:00:00,0.0
2025-07-12 03:00:00,0.0
2025-07-12 04:00:00,0.0
2025-07-12 05:00:00,0.0
2025-07-12 06:00:00,0.0
2025-07-12 07:00:00,0.0
2025-07-12 08:00:00,0.0
2025-07-12 09:00:00,1.4
2025-07-12 10:00:00,114.3
2025-07-12 11:00:00,444.4
2025-07-12 12:00:00,806.2
2025-07-12 13:00:00,1341.7
2025-07-12 14:00:00,1414.6
2025-07-12 15:00:00,1740.2
2025-07-12 16:00:00,2114.0
2025-07-12 17:00:00,1577.3
2025-07-12 18:00:00,1237.0
2025-07-12 19:00:00,290.8
2025-07-12 20:00:00,9.5
2025-07-12 21:00:00,0.0
2025-07-12 22:00:00,0.0
2025-07-12 23:00:00,0.0
2025-07-13 00:00:00,0.0
2025-07-13 01:00:00,0.0
2025-07-13 02:00:00,0.0
2025-07-13 03:00:00,0.0
2025-07-13 04:00:00,0.0
2025-07-13 05:00:00,0.0
2025-07-13 06:00:00,0.0
2025-07-13 07:00:00,0.0
2025-07-13 08:00:00,0.0
2025-07-13 09:00:00,21.5
2025-07-13 10:00:00,723.6
2025-07-13 11:00:00,1588.5
2025-07-13 12:00:00,2090.6
2025-07-13 13:00:00,2299.7
2025-07-13 14:00:00,2411.9
2025-07-13 15:00:00,2072.7
2025-07-13 16:00:00,1628.4
2025-07-13 17:00:00,1085.7
2025-07-13 18:00:00,498.2
2025-07-13 19:00:00,145.9
2025-07-13 20:00:00,5.0
2025-07-13 21:00:00,0.0
2025-07-13 22:00:00,0.0
2025-07-13 23:00:00,0.0
2025-07-14 00:00:00,0.0
2025-07-14 01:00:00,0.0
2025-07-14 02:00:00,0.0
2025-07-14 03:00:00,0.0
2025-07-14 04:00:00,0.0
2025-07-14 05:00:00,0.0
2025-07-14 06:00:00,0.0
2025-07-14 07:00:00,0.0
2025-07-14 08:00:00,0.0
2025-07-14 09:00:00,25.8
2025-07-14 10:00:00,648.4
2025-07-14 11:00:00,1551.3
2025-07-14 12:00:00,2080.1
2025-07-14 13:00:00,2292.3
2025-07-14 14:00:00,2415.1
2025-07-14 15:00:00,2325.7
2025-07-14 16:00:00,2078.8
2025-07-14 17:00:00,1611.1
2025-07-14 18:00:00,1024.9
2025-07-14 19:00:00,257.3
2025-07-14 20:00:00,10.0
2025-07-14 21:00:00,0.0
2025-07-14 22:00:00,0.0
2025-07-14 23:00:00,0.0
2025-07-15 00:00:00,0.0
2025-07-15 01:00:00,0.0
2025-07-15 02:00:00,0.0
2025-07-15 03:00:00,0.0
2025-07-15 04:00:00,0.0
2025-07-15 05:00:00,0.0
2025-07-15 06:00:00,0.0
2025-07-15 07:00:00,0.0
2025-07-15 08:00:00,0.0
2025-07-15 09:00:00,10.6
2025-07-15 10:00:00,574.2
2025-07-15 11:00:00,1409.7
2025-07-15 12:00:00,2049.1
2025-07-15 13:00:00,2333.8
2025-07-15 14:00:00,2531.7
2025-07-15 15:00:00,2505.8
2025-07-15 16:00:00,2160.6
2025-07-15 17:00:00,1751.9
2025-07-15 18:00:00,1135.5
2025-07-15 19:00:00,285.9
2025-07-15 20:00:00,7.0
2025-07-15 21:00:00,0.0
2025-07-15 22:00:00,0.0
2025-07-15 23:00:00,0.0
2025-07-16 00:00:00,0.0
2025-07-16 01:00:00,0.0
2025-07-16 02:00:00,0.0
2025-07-16 03:00:00,0.0
2025-07-16 04:00:00,0.0
2025-07-16 05:00:00,0.0
2025-07-16 06:00:00,0.0
2025-07-16 07:00:00,0.0
2025-07-16 08:00:00,0.0
2025-07-16 09:00:00,14.9
2025-07-16 10:00:00,690.4
2025-07-16 11:00:00,1469.8
2025-07-16 12:00:00,2171.6
2025-07-16 13:00:00,2371.4
2025-07-16 14:00:00,2446.4
2025-07-16 15:00:00,2436.3
2025-07-16 16:00:00,2217.6
2025-07-16 17:00:00,1771.4
2025-07-16 18:00:00,1111.4
2025-07-16 19:00:00,235.4
2025-07-16 20:00:00,8.9
2025-07-16 21:00:00,0.0
2025-07-16 22:00:00,0.0
2025-07-16 23:00:00,0.0
2025-07-17 00:00:00,0.0
2025-07-17 01:00:00,0.0
2025-07-17 02:00:00,0.0
2025-07-17 03:00:00,0.0
2025-07-17 04:00:00,0.0
2025-07-17 05:00:00,0.0
2025-07-17 06:00:00,0.0
2025-07-17 07:00:00,0.0
2025-07-17 08:00:00,0.0
2025-07-17 09:00:00,10.8
2025-07-17 10:00:00,490.8
2025-07-17 11:00:00,1314.3
2025-07-17 12:00:00,2060.6
2025-07-17 13:00:00,2215.0
2025-07-17 14:00:00,2411.8
2025-07-17 15:00:00,2413.3
2025-07-17 16:00:00,2055.1
2025-07-17 17:00:00,1779.5
2025-07-17 18:00:00,1055.2
2025-07-17 19:00:00,294.7
2025-07-17 20:00:00,13.5
2025-07-17 21:00:00,0.0
2025-07-17 22:00:00,0.0
2025-07-17 23:00:00,0.0
2025-07-18 00:00:00,0.0
2025-07-18 01:00:00,0.0
2025-07-18 02:00:00,0.0
2025-07-18 03:00:00,0.0
2025-07-18 04:00:00,0.0
2025-07-18 05:00:00,0.0
2025-07-18 06:00:00,0.0
2025-07-18 07:00:00,0.0
2025-07-18 08:00:00,0.0
2025-07-18 09:00:00,20.9
2025-07-18 10:00:00,573.1
2025-07-18 11:00:00,1461.2
2025-07-18 12:00:00,2109.4
2025-07-18 13:00:00,2297.7
2025-07-18 14:00:00,2430.3
2025-07-18 15:00:00,2347.5
2025-07-18 16:00:00,2112.6
2025-07-18 17:00:00,1565.6
2025-07-18 18:00:00,627.2
2025-07-18 19:00:00,91.3
2025-07-18 20:00:00,4.2
2025-07-18 21:00:00,0.0
2025-07-18 22:00:00,0.0
2025-07-18 23:00:00,0.0
2025-07-19 00:00:00,0.0
2025-07-19 01:00:00,0.0
2025-07-19 02:00:00,0.0
2025-07-19 03:00:00,0.0
2025-07-19 04:00:00,0.0
2025-07-19 05:00:00,0.0
2025-07-19 06:00:00,0.0
2025-07-19 07:00:00,0.0
2025-07-19 08:00:00,0.0
2025-07-19 09:00:00,1.9
2025-07-19 10:00:00,432.5
2025-07-19 11:00:00,1542.1
2025-07-19 12:00:00,1956.0
2025-07-19 13:00:00,2440.7
2025-07-19 14:00:00,2574.1
2025-07-19 15:00:00,2529.7
2025-07-19 16:00:00,2249.4
2025-07-19 17:00:00,1867.1
2025-07-19 18:00:00,1086.2
2025-07-19 19:00:00,268.2
2025-07-19 20:00:00,7.1
2025-07-19 21:00:00,0.0
2025-07-19 22:00:00,0.0
2025-07-19 23:00:00,0.0
2025-07-20 00:00:00,0.0
2025-07-20 01:00:00,0.0
2025-07-20 02:00:00,0.0
2025-07-20 03:00:00,0.0
2025-07-20 04:00:00,0.0
2025-07-20 05:00:00,0.0
2025-07-20 06:00:00,0.0
2025-07-20 07:00:00,0.0
2025-07-20 08:00:00,0.0
2025-07-20 09:00:00,24.7
2025-07-20 10:00:00,720.5
2025-07-20 11:00:00,1561.4
2025-07-20 12:00:00,2139.0
2025-07-20 13:00:00,2220.1
2025-07-20 14:00:00,907.2
2025-07-20 15:00:00,1811.8
2025-07-20 16:00:00,1654.3
2025-07-20 17:00:00,1308.6
2025-07-20 18:00:00,1246.0
2025-07-20 19:00:00,332.5
2025-07-20 20:00:00,0.0
2025-07-20 21:00:00,0.0
2025-07-20 22:00:00,0.0
2025-07-20 23:00:00,0.0
2025-07-21 00:00:00,0.0
2025-07-21 01:00:00,0.0
2025-07-21 02:00:00,0.0
2025-07-21 03:00:00,0.0
2025-07-21 04:00:00,0.0
2025-07-21 05:00:00,0.0
2025-07-21 06:00:00,0.0
2025-07-21 07:00:00,0.0
2025-07-21 08:00:00,0.0
2025-07-21 09:00:00,15.2
2025-07-21 10:00:00,111.5
2025-07-21 11:00:00,1016.6
2025-07-21 12:00:00,1976.4
2025-07-21 13:00:00,2427.4
2025-07-21 14:00:00,2169.0
2025-07-21 15:00:00,2357.7
2025-07-21 16:00:00,2098.0
2025-07-21 17:00:00,1595.5
2025-07-21 18:00:00,993.5
2025-07-21 19:00:00,258.1
2025-07-21 20:00:00,10.6
2025-07-21 21:00:00,0.0
2025-07-21 22:00:00,0.0
2025-07-21 23:00:00,0.0
2025-07-22 00:00:00,0.0
2025-07-22 01:00:00,0.0
2025-07-22 02:00:00,0.0
2025-07-22 03:00:00,0.0
2025-07-22 04:00:00,0.0
2025-07-22 05:00:00,0.0
2025-07-22 06:00:00,0.0
2025-07-22 07:00:00,0.0
2025-07-22 08:00:00,0.0
2025-07-22 09:00:00,10.8
2025-07-22 10:00:00,544.7
2025-07-22 11:00:00,1316.6
2025-07-22 12:00:00,2014.5
2025-07-22 13:00:00,1884.6
2025-07-22 14:00:00,2404.6
2025-07-22 15:00:00,2239.4
2025-07-22 16:00:00,2040.6
2025-07-22 17:00:00,1602.7
2025-07-22 18:00:00,754.1
2025-07-22 19:00:00,265.4
2025-07-22 20:00:00,10.8
2025-07-22 21:00:00,0.0
2025-07-22 22:00:00,0.0
2025-07-22 23:00:00,0.0
2025-07-23 00:00:00,0.0
2025-07-23 01:00:00,0.0
2025-07-23 02:00:00,0.0
2025-07-23 03:00:00,0.0
2025-07-23 04:00:00,0.0
2025-07-23 05:00:00,0.0
2025-07-23 06:00:00,0.0
2025-07-23 07:00:00,0.0
2025-07-23 08:00:00,0.0
2025-07-23 09:00:00,8.8
2025-07-23 10:00:00,448.6
2025-07-23 11:00:00,1355.0
2025-07-23 12:00:00,1985.5
2025-07-23 13:00:00,2306.9
2025-07-23 14:00:00,2255.6
2025-07-23 15:00:00,1422.3
2025-07-23 16:00:00,1237.0
2025-07-23 17:00:00,649.5
2025-07-23 18:00:00,337.8
2025-07-23 19:00:00,227.7
2025-07-23 20:00:00,9.0
2025-07-23 21:00:00,0.0
2025-07-23 22:00:00,0.0
2025-07-23 23:00:00,0.0
2025-07-24 00:00:00,0.0
2025-07-24 01:00:00,0.0
2025-07-24 02:00:00,0.0
2025-07-24 03:00:00,0.0
2025-07-24 04:00:00,0.0
2025-07-24 05:00:00,0.0
2025-07-24 06:00:00,0.0
2025-07-24 07:00:00,0.0
2025-07-24 08:00:00,0.0
2025-07-24 09:00:00,0.0
2025-07-24 10:00:00,97.6
2025-07-24 11:00:00,178.8
2025-07-24 12:00:00,298.3
2025-07-24 13:00:00,265.8
2025-07-24 14:00:00,107.0
2025-07-24 15:00:00,145.0
2025-07-24 16:00:00,365.5
2025-07-24 17:00:00,193.1
2025-07-24 18:00:00,41.6
2025-07-24 19:00:00,23.4
2025-07-24 20:00:00,0.0
2025-07-24 21:00:00,0.0
2025-07-24 22:00:00,0.0
2025-07-24 23:00:00,0.0
2025-07-25 00:00:00,0.0
2025-07-25 01:00:00,0.0
2025-07-25 02:00:00,0.0
2025-07-25 03:00:00,0.0
2025-07-25 04:00:00,0.0
2025-07-25 05:00:00,0.0
2025-07-25 06:00:00,0.0
2025-07-25 07:00:00,0.0
2025-07-25 08:00:00,0.0
2025-07-25 09:00:00,1.2
2025-07-25 10:00:00,116.8
2025-07-25 11:00:00,707.0
2025-07-25 12:00:00,1578.9
2025-07-25 13:00:00,1867.5
2025-07-25 14:00:00,1550.7
2025-07-25 15:00:00,1114.9
2025-07-25 16:00:00,361.9
2025-07-25 17:00:00,374.0
2025-07-25 18:00:00,370.5
2025-07-25 19:00:00,36.9
2025-07-25 20:00:00,0.0
2025-07-25 21:00:00,0.0
2025-07-25 22:00:00,0.0
2025-07-25 23:00:00,0.0
2025-07-26 00:00:00,0.0
2025-07-26 01:00:00,0.0
2025-07-26 02:00:00,0.0
2025-07-26 03:00:00,0.0
2025-07-26 04:00:00,0.0
2025-07-26 05:00:00,0.0
2025-07-26 06:00:00,0.0
2025-07-26 07:00:00,0.0
2025-07-26 08:00:00,0.0
2025-07-26 09:00:00,36.1
2025-07-26 10:00:00,770.2
2025-07-26 11:00:00,1625.0
2025-07-26 12:00:00,2174.5
2025-07-26 13:00:00,2322.5
2025-07-26 14:00:00,2421.4
2025-07-26 15:00:00,2180.3
2025-07-26 16:00:00,2097.7
2025-07-26 17:00:00,1228.6
2025-07-26 18:00:00,1126.5
2025-07-26 19:00:00,309.3
2025-07-26 20:00:00,12.3
2025-07-26 21:00:00,0.0
2025-07-26 22:00:00,0.0
2025-07-26 23:00:00,0.0
2025-07-27 00:00:00,0.0
2025-07-27 01:00:00,0.0
2025-07-27 02:00:00,0.0
2025-07-27 03:00:00,0.0
2025-07-27 04:00:00,0.0
2025-07-27 05:00:00,0.0
2025-07-27 06:00:00,0.0
2025-07-27 07:00:00,0.0
2025-07-27 08:00:00,0.0
2025-07-27 09:00:00,26.7
2025-07-27 10:00:00,731.4
2025-07-27 11:00:00,1617.9
2025-07-27 12:00:00,2166.9
2025-07-27 13:00:00,2455.8
2025-07-27 14:00:00,2617.3
2025-07-27 15:00:00,2530.0
2025-07-27 16:00:00,2304.8
2025-07-27 17:00:00,1835.0
2025-07-27 18:00:00,1233.4
2025-07-27 19:00:00,334.8
2025-07-27 20:00:00,9.4
2025-07-27 21:00:00,0.0
2025-07-27 22:00:00,0.0
2025-07-27 23:00:00,0.0
2025-07-28 00:00:00,0.0
2025-07-28 01:00:00,0.0
2025-07-28 02:00:00,0.0
2025-07-28 03:00:00,0.0
2025-07-28 04:00:00,0.0
2025-07-28 05:00:00,0.0
2025-07-28 06:00:00,0.0
2025-07-28 07:00:00,0.0
2025-07-28 08:00:00,0.0
2025-07-28 09:00:00,27.5
2025-07-28 10:00:00,640.3
2025-07-28 11:00:00,1499.3
2025-07-28 12:00:00,658.9
2025-07-28 13:00:00,636.4
2025-07-28 14:00:00,527.1
2025-07-28 15:00:00,516.8
2025-07-28 16:00:00,942.0
2025-07-28 17:00:00,753.2
2025-07-28 18:00:00,317.4
2025-07-28 19:00:00,109.8
2025-07-28 20:00:00,3.8
2025-07-28 21:00:00,0.0
2025-07-28 22:00:00,0.0
2025-07-28 23:00:00,0.0
2025-07-29 00:00:00,0.0
2025-07-29 01:00:00,0.0
2025-07-29 02:00:00,0.0
2025-07-29 03:00:00,0.0
2025-07-29 04:00:00,0.0
2025-07-29 05:00:00,0.0
2025-07-29 06:00:00,0.0
2025-07-29 07:00:00,0.0
2025-07-29 08:00:00,0.0
2025-07-29 09:00:00,0.3
2025-07-29 10:00:00,27.0
2025-07-29 11:00:00,97.8
2025-07-29 12:00:00,174.8
2025-07-29 13:00:00,248.3
2025-07-29 14:00:00,393.6
2025-07-29 15:00:00,816.6
2025-07-29 16:00:00,1142.9
2025-07-29 17:00:00,1862.7
2025-07-29 18:00:00,1240.0
2025-07-29 19:00:00,256.8
2025-07-29 20:00:00,7.3
2025-07-29 21:00:00,0.0
2025-07-29 22:00:00,0.0
2025-07-29 23:00:00,0.0
2025-07-30 00:00:00,0.0
2025-07-30 01:00:00,0.0
2025-07-30 02:00:00,0.0
2025-07-30 03:00:00,0.0
2025-07-30 04:00:00,0.0
2025-07-30 05:00:00,0.0
2025-07-30 06:00:00,0.0
2025-07-30 07:00:00,0.0
2025-07-30 08:00:00,0.0
2025-07-30 09:00:00,32.0
2025-07-30 10:00:00,443.6
2025-07-30 11:00:00,1439.2
2025-07-30 12:00:00,2066.6
2025-07-30 13:00:00,2171.3
2025-07-30 14:00:00,2352.9
2025-07-30 15:00:00,2561.2
2025-07-30 16:00:00,2331.2
2025-07-30 17:00:00,1578.1
2025-07-30 18:00:00,910.9
2025-07-30 19:00:00,332.3
2025-07-30 20:00:00,16.6
2025-07-30 21:00:00,0.0
2025-07-30 22:00:00,0.0
2025-07-30 23:00:00,0.0
2025-07-31 00:00:00,0.0
2025-07-31 01:00:00,0.0
2025-07-31 02:00:00,0.0
2025-07-31 03:00:00,0.0
2025-07-31 04:00:00,0.0
2025-07-31 05:00:00,0.0
2025-07-31 06:00:00,0.0
2025-07-31 07:00:00,0.0
2025-07-31 08:00:00,0.0
2025-07-31 09:00:00,2.9
2025-07-31 10:00:00,134.1
2025-07-31 11:00:00,354.8
2025-07-31 12:00:00,600.7
2025-07-31 13:00:00,1693.7
2025-07-31 14:00:00,1976.3
2025-07-31 15:00:00,1251.7
2025-07-31 16:00:00,1747.6
2025-07-31 17:00:00,1373.7
2025-07-31 18:00:00,1033.7
2025-07-31 19:00:00,138.0
2025-07-31 20:00:00,11.6
2025-07-31 21:00:00,0.0
2025-07-31 22:00:00,0.0
2025-07-31 23:00:00,0.0
2025-08-01 00:00:00,0.0
2025-08-01 01:00:00,0.0
2025-08-01 02:00:00,0.0
2025-08-01 03:00:00,0.0
2025-08-01 04:00:00,0.0
2025-08-01 05:00:00,0.0
2025-08-01 06:00:00,0.0
2025-08-01 07:00:00,0.0
2025-08-01 08:00:00,0.0
2025-08-01 09:00:00,31.8
2025-08-01 10:00:00,801.7
2025-08-01 11:00:00,1614.4
2025-08-01 12:00:00,2139.6
2025-08-01 13:00:00,2477.2
2025-08-01 14:00:00,2546.5
2025-08-01 15:00:00,2509.2
2025-08-01 16:00:00,2230.8
2025-08-01 17:00:00,1871.4
2025-08-01 18:00:00,1282.6
2025-08-01 19:00:00,355.6
2025-08-01 20:00:00,16.3
2025-08-01 21:00:00,0.0
2025-08-01 22:00:00,0.0
2025-08-01 23:00:00,0.0
2025-08-02 00:00:00,0.0
2025-08-02 01:00:00,0.0
2025-08-02 02:00:00,0.0
2025-08-02 03:00:00,0.0
2025-08-02 04:00:00,0.0
2025-08-02 05:00:00,0.0
2025-08-02 06:00:00,0.0
2025-08-02 07:00:00,0.0
2025-08-02 08:00:00,0.0
2025-08-02 09:00:00,50.8
2025-08-02 10:00:00,862.5
2025-08-02 11:00:00,1669.9
2025-08-02 12:00:00,2096.6
2025-08-02 13:00:00,2337.4
2025-08-02 14:00:00,2365.0
2025-08-02 15:00:00,2417.1
2025-08-02 16:00:00,2129.8
2025-08-02 17:00:00,1653.6
2025-08-02 18:00:00,980.4
2025-08-02 19:00:00,390.2
2025-08-02 20:00:00,17.9
2025-08-02 21:00:00,0.0
2025-08-02 22:00:00,0.0
2025-08-02 23:00:00,0.0
2025-08-03 00:00:00,0.0
2025-08-03 01:00:00,0.0
2025-08-03 02:00:00,0.0
2025-08-03 03:00:00,0.0
2025-08-03 04:00:00,0.0
2025-08-03 05:00:00,0.0
2025-08-03 06:00:00,0.0
2025-08-03 07:00:00,0.0
2025-08-03 08:00:00,0.0
2025-08-03 09:00:00,56.8
2025-08-03 10:00:00,908.8
2025-08-03 11:00:00,1665.0
2025-08-03 12:00:00,2213.6
2025-08-03 13:00:00,2370.7
2025-08-03 14:00:00,2294.7
2025-08-03 15:00:00,2392.9
2025-08-03 16:00:00,1984.7
2025-08-03 17:00:00,1689.1
2025-08-03 18:00:00,1067.6
2025-08-03 19:00:00,414.1
2025-08-03 20:00:00,21.9
2025-08-03 21:00:00,0.0
2025-08-03 22:00:00,0.0
2025-08-03 23:00:00,0.0
2025-08-04 00:00:00,0.0
2025-08-04 01:00:00,0.0
2025-08-04 02:00:00,0.0
2025-08-04 03:00:00,0.0
2025-08-04 04:00:00,0.0
2025-08-04 05:00:00,0.0
2025-08-04 06:00:00,0.0
2025-08-04 07:00:00,0.0
2025-08-04 08:00:00,0.0
2025-08-04 09:00:00,51.7
2025-08-04 10:00:00,464.7
2025-08-04 11:00:00,1493.1
2025-08-04 12:00:00,1866.9
2025-08-04 13:00:00,1848.5
2025-08-04 14:00:00,2100.6
2025-08-04 15:00:00,2126.4
2025-08-04 16:00:00,2234.9
2025-08-04 17:00:00,1669.2
2025-08-04 18:00:00,833.1
2025-08-04 19:00:00,216.8
2025-08-04 20:00:00,32.6
2025-08-04 21:00:00,0.0
2025-08-04 22:00:00,0.0
2025-08-04 23:00:00,0.0
2025-08-05 00:00:00,0.0
2025-08-05 01:00:00,0.0
2025-08-05 02:00:00,0.0
2025-08-05 03:00:00,0.0
2025-08-05 04:00:00,0.0
2025-08-05 05:00:00,0.0
2025-08-05 06:00:00,0.0
2025-08-05 07:00:00,0.0
2025-08-05 08:00:00,0.0
2025-08-05 09:00:00,11.3
2025-08-05 10:00:00,136.3
2025-08-05 11:00:00,256.7
2025-08-05 12:00:00,654.7
2025-08-05 13:00:00,708.4
2025-08-05 14:00:00,1090.1
2025-08-05 15:00:00,1047.2
2025-08-05 16:00:00,1079.2
2025-08-05 17:00:00,660.3
2025-08-05 18:00:00,335.3
2025-08-05 19:00:00,161.1
2025-08-05 20:00:00,2.9
2025-08-05 21:00:00,0.0
2025-08-05 22:00:00,0.0
2025-08-05 23:00:00,0.0
2025-08-06 00:00:00,0.0
2025-08-06 01:00:00,0.0
2025-08-06 02:00:00,0.0
2025-08-06 03:00:00,0.0
2025-08-06 04:00:00,0.0
2025-08-06 05:00:00,0.0
2025-08-06 06:00:00,0.0
2025-08-06 07:00:00,0.0
2025-08-06 08:00:00,0.0
2025-08-06 09:00:00,2.8
2025-08-06 10:00:00,190.6
2025-08-06 11:00:00,1295.2
2025-08-06 12:00:00,1722.5
2025-08-06 13:00:00,2211.5
2025-08-06 14:00:00,1957.4
2025-08-06 15:00:00,2381.7
2025-08-06 16:00:00,2000.4
2025-08-06 17:00:00,1796.4
2025-08-06 18:00:00,934.6
2025-08-06 19:00:00,319.8
2025-08-06 20:00:00,6.7
2025-08-06 21:00:00,0.0
2025-08-06 22:00:00,0.0
2025-08-06 23:00:00,0.0
2025-08-07 00:00:00,0.0
2025-08-07 01:00:00,0.0
2025-08-07 02:00:00,0.0
2025-08-07 03:00:00,0.0
2025-08-07 04:00:00,0.0
2025-08-07 05:00:00,0.0
2025-08-07 06:00:00,0.0
2025-08-07 07:00:00,0.0
2025-08-07 08:00:00,0.0
2025-08-07 09:00:00,47.6
2025-08-07 10:00:00,675.2
2025-08-07 11:00:00,1725.1
2025-08-07 12:00:00,2088.4
2025-08-07 13:00:00,2335.6
2025-08-07 14:00:00,2295.7
2025-08-07 15:00:00,2439.9
2025-08-07 16:00:00,2160.3
2025-08-07 17:00:00,1583.8
2025-08-07 18:00:00,1049.9
2025-08-07 19:00:00,336.1
2025-08-07 20:00:00,22.4
2025-08-07 21:00:00,0.0
2025-08-07 22:00:00,0.0
2025-08-07 23:00:00,0.0
2025-08-08 00:00:00,0.0
2025-08-08 01:00:00,0.0
2025-08-08 02:00:00,0.0
2025-08-08 03:00:00,0.0
2025-08-08 04:00:00,0.0
2025-08-08 05:00:00,0.0
2025-08-08 06:00:00,0.0
2025-08-08 07:00:00,0.0
2025-08-08 08:00:00,0.0
2025-08-08 09:00:00,40.9
2025-08-08 10:00:00,638.8
2025-08-08 11:00:00,1481.6
2025-08-08 12:00:00,2110.7
2025-08-08 13:00:00,2217.9
2025-08-08 14:00:00,2446.6
2025-08-08 15:00:00,2341.6
2025-08-08 16:00:00,2178.1
2025-08-08 17:00:00,1766.1
2025-08-08 18:00:00,1119.4
2025-08-08 19:00:00,199.7
2025-08-08 20:00:00,3.9
2025-08-08 21:00:00,0.0
2025-08-08 22:00:00,0.0
2025-08-08 23:00:00,0.0
2025-08-09 00:00:00,0.0
2025-08-09 01:00:00,0.0
2025-08-09 02:00:00,0.0
2025-08-09 03:00:00,0.0
2025-08-09 04:00:00,0.0
2025-08-09 05:00:00,0.0
2025-08-09 06:00:00,0.0
2025-08-09 07:00:00,0.0
2025-08-09 08:00:00,0.0
2025-08-09 09:00:00,0.9
2025-08-09 10:00:00,19.3
2025-08-09 11:00:00,83.2
2025-08-09 12:00:00,304.8
2025-08-09 13:00:00,358.9
2025-08-09 14:00:00,311.0
2025-08-09 15:00:00,350.5
2025-08-09 16:00:00,314.8
2025-08-09 17:00:00,288.8
2025-08-09 18:00:00,214.8
2025-08-09 19:00:00,71.8
2025-08-09 20:00:00,5.6
2025-08-09 21:00:00,0.0
2025-08-09 22:00:00,0.0
2025-08-09 23:00:00,0.0
2025-08-10 00:00:00,0.0
2025-08-10 01:00:00,0.0
2025-08-10 02:00:00,0.0
2025-08-10 03:00:00,0.0
2025-08-10 04:00:00,0.0
2025-08-10 05:00:00,0.0
2025-08-10 06:00:00,0.0
2025-08-10 07:00:00,0.0
2025-08-10 08:00:00,0.0
2025-08-10 09:00:00,80.4
2025-08-10 10:00:00,770.5
2025-08-10 11:00:00,1499.4
2025-08-10 12:00:00,1996.6
2025-08-10 13:00:00,2132.5
2025-08-10 14:00:00,1627.3
2025-08-10 15:00:00,2184.6
2025-08-10 16:00:00,1642.8
2025-08-10 17:00:00,658.7
2025-08-10 18:00:00,417.7
2025-08-10 19:00:00,176.4
2025-08-10 20:00:00,17.2
2025-08-10 21:00:00,0.0
2025-08-10 22:00:00,0.0
2025-08-10 23:00:00,0.0
2025-08-11 00:00:00,0.0
2025-08-11 01:00:00,0.0
2025-08-11 02:00:00,0.0
2025-08-11 03:00:00,0.0
2025-08-11 04:00:00,0.0
2025-08-11 05:00:00,0.0
2025-08-11 06:00:00,0.0
2025-08-11 07:00:00,0.0
2025-08-11 08:00:00,0.0
2025-08-11 09:00:00,5.5
2025-08-11 10:00:00,82.5
2025-08-11 11:00:00,263.5
2025-08-11 12:00:00,1876.0
2025-08-11 13:00:00,1352.1
2025-08-11 14:00:00,1238.2
2025-08-11 15:00:00,1716.2
2025-08-11 16:00:00,1085.2
2025-08-11 17:00:00,1407.0
2025-08-11 18:00:00,858.4
2025-08-11 19:00:00,186.7
2025-08-11 20:00:00,8.3
2025-08-11 21:00:00,0.0
2025-08-11 22:00:00,0.0
2025-08-11 23:00:00,0.0
2025-08-12 00:00:00,0.0
2025-08-12 01:00:00,0.0
2025-08-12 02:00:00,0.0
2025-08-12 03:00:00,0.0
2025-08-12 04:00:00,0.0
2025-08-12 05:00:00,0.0
2025-08-12 06:00:00,0.0
2025-08-12 07:00:00,0.0
2025-08-12 08:00:00,0.0
2025-08-12 09:00:00,25.6
2025-08-12 10:00:00,92.2
2025-08-12 11:00:00,387.6
2025-08-12 12:00:00,1581.5
2025-08-12 13:00:00,1021.8
2025-08-12 14:00:00,1629.9
2025-08-12 15:00:00,1887.8
2025-08-12 16:00:00,2094.8
2025-08-12 17:00:00,1851.1
2025-08-12 18:00:00,888.5
2025-08-12 19:00:00,259.4
2025-08-12 20:00:00,9.1
2025-08-12 21:00:00,0.0
2025-08-12 22:00:00,0.0
2025-08-12 23:00:00,0.0
2025-08-13 00:00:00,0.0
2025-08-13 01:00:00,0.0
2025-08-13 02:00:00,0.0
2025-08-13 03:00:00,0.0
2025-08-13 04:00:00,0.0
2025-08-13 05:00:00,0.0
2025-08-13 06:00:00,0.0
2025-08-13 07:00:00,0.0
2025-08-13 08:00:00,0.0
2025-08-13 09:00:00,69.6
2025-08-13 10:00:00,825.5
2025-08-13 11:00:00,1646.7
2025-08-13 12:00:00,2214.1
2025-08-13 13:00:00,2421.4
2025-08-13 14:00:00,2485.1
2025-08-13 15:00:00,2467.7
2025-08-13 16:00:00,2274.3
2025-08-13 17:00:00,1972.2
2025-08-13 18:00:00,1181.6
2025-08-13 19:00:00,407.8
2025-08-13 20:00:00,18.9
2025-08-13 21:00:00,0.0
2025-08-13 22:00:00,0.0
2025-08-13 23:00:00,0.0
2025-08-14 00:00:00,0.0
2025-08-14 01:00:00,0.0
2025-08-14 02:00:00,0.0
2025-08-14 03:00:00,0.0
2025-08-14 04:00:00,0.0
2025-08-14 05:00:00,0.0
2025-08-14 06:00:00,0.0
2025-08-14 07:00:00,0.0
2025-08-14 08:00:00,0.0
2025-08-14 09:00:00,24.7
2025-08-14 10:00:00,257.8
2025-08-14 11:00:00,178.6
2025-08-14 12:00:00,149.2
2025-08-14 13:00:00,306.1
2025-08-14 14:00:00,1224.2
2025-08-14 15:00:00,1602.7
2025-08-14 16:00:00,1676.8
2025-08-14 17:00:00,1898.4
2025-08-14 18:00:00,1187.0
2025-08-14 19:00:00,319.8
2025-08-14 20:00:00,61.1
2025-08-14 21:00:00,0.0
2025-08-14 22:00:00,0.0
2025-08-14 23:00:00,0.0
2025-08-15 00:00:00,0.0
2025-08-15 01:00:00,0.0
2025-08-15 02:00:00,0.0
2025-08-15 03:00:00,0.0
2025-08-15 04:00:00,0.0
2025-08-15 05:00:00,0.0
2025-08-15 06:00:00,0.0
2025-08-15 07:00:00,0.0
2025-08-15 08:00:00,0.0
2025-08-15 09:00:00,6.3
2025-08-15 10:00:00,63.8
2025-08-15 11:00:00,230.0
2025-08-15 12:00:00,479.7
2025-08-15 13:00:00,860.7
2025-08-15 14:00:00,1110.7
2025-08-15 15:00:00,219.0
2025-08-15 16:00:00,394.0
2025-08-15 17:00:00,510.9
2025-08-15 18:00:00,289.0
2025-08-15 19:00:00,199.4
2025-08-15 20:00:00,5.1
2025-08-15 21:00:00,0.0
2025-08-15 22:00:00,0.0
2025-08-15 23:00:00,0.0
2025-08-16 00:00:00,0.0
2025-08-16 01:00:00,0.0
2025-08-16 02:00:00,0.0
2025-08-16 03:00:00,0.0
2025-08-16 04:00:00,0.0
2025-08-16 05:00:00,0.0
2025-08-16 06:00:00,0.0
2025-08-16 07:00:00,0.0
2025-08-16 08:00:00,0.0
2025-08-16 09:00:00,51.5
2025-08-16 10:00:00,365.2
2025-08-16 11:00:00,758.3
2025-08-16 12:00:00,1148.6
2025-08-16 13:00:00,1828.6
2025-08-16 14:00:00,1119.5
2025-08-16 15:00:00,878.1
2025-08-16 16:00:00,785.3
2025-08-16 17:00:00,407.0
2025-08-16 18:00:00,255.2
2025-08-16 19:00:00,207.8
2025-08-16 20:00:00,20.4
2025-08-16 21:00:00,0.0
2025-08-16 22:00:00,0.0
2025-08-16 23:00:00,0.0
2025-08-17 00:00:00,0.0
2025-08-17 01:00:00,0.0
2025-08-17 02:00:00,0.0
2025-08-17 03:00:00,0.0
2025-08-17 04:00:00,0.0
2025-08-17 05:00:00,0.0
2025-08-17 06:00:00,0.0
2025-08-17 07:00:00,0.0
2025-08-17 08:00:00,0.0
2025-08-17 09:00:00,68.4
2025-08-17 10:00:00,709.7
2025-08-17 11:00:00,1635.5
2025-08-17 12:00:00,2141.3
2025-08-17 13:00:00,2418.2
2025-08-17 14:00:00,1857.4
2025-08-17 15:00:00,1629.5
2025-08-17 16:00:00,2037.7
2025-08-17 17:00:00,1703.3
2025-08-17 18:00:00,1153.4
2025-08-17 19:00:00,301.4
2025-08-17 20:00:00,18.6
2025-08-17 21:00:00,0.0
2025-08-17 22:00:00,0.0
2025-08-17 23:00:00,0.0
2025-08-18 00:00:00,0.0
2025-08-18 01:00:00,0.0
2025-08-18 02:00:00,0.0
2025-08-18 03:00:00,0.0
2025-08-18 04:00:00,0.0
2025-08-18 05:00:00,0.0
2025-08-18 06:00:00,0.0
2025-08-18 07:00:00,0.0
2025-08-18 08:00:00,0.0
2025-08-18 09:00:00,23.2
2025-08-18 10:00:00,452.7
2025-08-18 11:00:00,1284.7
2025-08-18 12:00:00,1852.9
2025-08-18 13:00:00,2420.2
2025-08-18 14:00:00,2708.1
2025-08-18 15:00:00,2007.7
2025-08-18 16:00:00,2156.6
2025-08-18 17:00:00,1446.8
2025-08-18 18:00:00,1199.7
2025-08-18 19:00:00,393.5
2025-08-18 20:00:00,19.7
2025-08-18 21:00:00,0.0
2025-08-18 22:00:00,0.0
2025-08-18 23:00:00,0.0
2025-08-21 20:00:00,0.0
2025-08-21 21:00:00,0.0
2025-08-21 22:00:00,0.0
2025-08-21 23:00:00,0.0
2025-08-22 00:00:00,0.0
2025-08-22 01:00:00,0.0
2025-08-22 02:00:00,0.0
2025-08-22 03:00:00,0.0
2025-08-22 04:00:00,0.0
2025-08-22 05:00:00,0.0
2025-08-22 06:00:00,0.0
2025-08-22 07:00:00,0.0
2025-08-22 08:00:00,0.0
2025-08-22 09:00:00,79.1
2025-08-22 10:00:00,778.5
2025-08-22 11:00:00,1593.0
2025-08-22 12:00:00,2111.5
2025-08-22 13:00:00,2235.3
2025-08-22 14:00:00,2487.4
2025-08-22 15:00:00,2362.6
2025-08-22 16:00:00,2150.1
2025-08-22 17:00:00,1805.7
2025-08-22 18:00:00,1165.6
2025-08-22 19:00:00,396.2
2025-08-22 20:00:00,23.2
2025-08-22 21:00:00,0.0
2025-08-22 22:00:00,0.0
2025-08-22 23:00:00,0.0
2025-08-23 00:00:00,0.0
2025-08-23 01:00:00,0.0
2025-08-23 02:00:00,0.0
2025-08-23 03:00:00,0.0
2025-08-23 04:00:00,0.0
2025-08-23 05:00:00,0.0
2025-08-23 06:00:00,0.0
2025-08-23 07:00:00,0.0
2025-08-23 08:00:00,0.0
2025-08-23 09:00:00,123.2
2025-08-23 10:00:00,981.3
2025-08-23 11:00:00,1749.8
2025-08-23 12:00:00,2253.1
2025-08-23 13:00:00,2426.0
2025-08-23 14:00:00,2347.4
2025-08-23 15:00:00,2507.3
2025-08-23 16:00:00,2179.1
2025-08-23 17:00:00,1830.6
2025-08-23 18:00:00,953.1
2025-08-23 19:00:00,365.8
2025-08-23 20:00:00,49.9
2025-08-23 21:00:00,0.0
2025-08-23 22:00:00,0.0
2025-08-23 23:00:00,0.0
2025-08-24 00:00:00,0.0
2025-08-24 01:00:00,0.0
2025-08-24 02:00:00,0.0
2025-08-24 03:00:00,0.0
2025-08-24 04:00:00,0.0
2025-08-24 05:00:00,0.0
2025-08-24 06:00:00,0.0
2025-08-24 07:00:00,0.0
2025-08-24 08:00:00,0.0
2025-08-24 09:00:00,32.8
2025-08-24 10:00:00,717.0
2025-08-24 11:00:00,1530.3
2025-08-24 12:00:00,2000.5
2025-08-24 13:00:00,2210.9
2025-08-24 14:00:00,1462.3
2025-08-24 15:00:00,1027.9
2025-08-24 16:00:00,619.4
2025-08-24 17:00:00,397.4
2025-08-24 18:00:00,258.2
2025-08-24 19:00:00,161.6
2025-08-24 20:00:00,13.3
2025-08-24 21:00:00,0.0
2025-08-24 22:00:00,0.0
2025-08-24 23:00:00,0.0
2025-08-25 00:00:00,0.0
2025-08-25 01:00:00,0.0
2025-08-25 02:00:00,0.0
2025-08-25 03:00:00,0.0
2025-08-25 04:00:00,0.0
2025-08-25 05:00:00,0.0
2025-08-25 06:00:00,0.0
2025-08-25 07:00:00,0.0
2025-08-25 08:00:00,0.0
2025-08-25 09:00:00,5.9
2025-08-25 10:00:00,211.2
2025-08-25 11:00:00,1054.9
2025-08-25 12:00:00,1710.1
2025-08-25 13:00:00,1852.9
2025-08-25 14:00:00,2283.5
2025-08-25 15:00:00,2231.7
2025-08-25 16:00:00,1897.2
2025-08-25 17:00:00,1829.9
2025-08-25 18:00:00,967.1
2025-08-25 19:00:00,166.8
2025-08-25 20:00:00,2.5
2025-08-25 21:00:00,0.0
2025-08-25 22:00:00,0.0
2025-08-25 23:00:00,0.0
2025-08-26 00:00:00,0.0
2025-08-26 01:00:00,0.0
2025-08-26 02:00:00,0.0
2025-08-26 03:00:00,0.0
2025-08-26 04:00:00,0.0
2025-08-26 05:00:00,0.0
2025-08-26 06:00:00,0.0
2025-08-26 07:00:00,0.0
2025-08-26 08:00:00,0.0
2025-08-26 09:00:00,5.2
2025-08-26 10:00:00,46.6
2025-08-26 11:00:00,273.0
2025-08-26 12:00:00,392.7
2025-08-26 13:00:00,306.1
2025-08-26 14:00:00,366.3
2025-08-26 15:00:00,1483.4
2025-08-26 16:00:00,895.0
2025-08-26 17:00:00,775.4
2025-08-26 18:00:00,374.1
2025-08-26 19:00:00,116.9
2025-08-26 20:00:00,3.4
2025-08-26 21:00:00,0.0
2025-08-26 22:00:00,0.0
2025-08-26 23:00:00,0.0
2025-08-27 00:00:00,0.0
2025-08-27 01:00:00,0.0
2025-08-27 02:00:00,0.0
2025-08-27 03:00:00,0.0
2025-08-27 04:00:00,0.0
2025-08-27 05:00:00,0.0
2025-08-27 06:00:00,0.0
2025-08-27 07:00:00,0.0
2025-08-27 08:00:00,0.0
2025-08-27 09:00:00,30.4
2025-08-27 10:00:00,884.7
2025-08-27 11:00:00,1588.2
2025-08-27 12:00:00,1944.4
2025-08-27 13:00:00,2011.4
2025-08-27 14:00:00,1470.4
2025-08-27 15:00:00,1891.5
2025-08-27 16:00:00,1143.5
2025-08-27 17:00:00,838.7
2025-08-27 18:00:00,478.7
2025-08-27 19:00:00,175.6
2025-08-27 20:00:00,22.9
2025-08-27 21:00:00,0.0
2025-08-27 22:00:00,0.0
2025-08-27 23:00:00,0.0
2025-08-28 00:00:00,0.0
2025-08-28 01:00:00,0.0
2025-08-28 02:00:00,0.0
2025-08-28 03:00:00,0.0
2025-08-28 04:00:00,0.0
2025-08-28 05:00:00,0.0
2025-08-28 06:00:00,0.0
2025-08-28 07:00:00,0.0
2025-08-28 08:00:00,0.0
2025-08-28 09:00:00,36.0
2025-08-28 10:00:00,845.7
2025-08-28 11:00:00,1727.2
2025-08-28 12:00:00,2218.7
2025-08-28 13:00:00,2429.4
2025-08-28 14:00:00,2513.5
2025-08-28 15:00:00,2303.5
2025-08-28 16:00:00,1712.4
2025-08-28 17:00:00,1180.8
2025-08-28 18:00:00,447.8
2025-08-28 19:00:00,190.5
2025-08-28 20:00:00,18.2
2025-08-28 21:00:00,0.0
2025-08-28 22:00:00,0.0
2025-08-28 23:00:00,0.0
2025-08-29 00:00:00,0.0
2025-08-29 01:00:00,0.0
2025-08-29 02:00:00,0.0
2025-08-29 03:00:00,0.0
2025-08-29 04:00:00,0.0
2025-08-29 05:00:00,0.0
2025-08-29 06:00:00,0.0
2025-08-29 07:00:00,0.0
2025-08-29 08:00:00,0.0
2025-08-29 09:00:00,33.8
2025-08-29 10:00:00,403.0
2025-08-29 11:00:00,953.6
2025-08-29 12:00:00,1394.2
2025-08-29 13:00:00,2130.1
2025-08-29 14:00:00,2338.9
2025-08-29 15:00:00,2028.7
2025-08-29 16:00:00,1534.9
2025-08-29 17:00:00,1209.4
2025-08-29 18:00:00,414.3
2025-08-29 19:00:00,170.6
2025-08-29 20:00:00,14.6
2025-08-29 21:00:00,0.0
2025-08-29 22:00:00,0.0
2025-08-29 23:00:00,0.0
2025-08-30 00:00:00,0.0
2025-08-30 01:00:00,0.0
2025-08-30 02:00:00,0.0
2025-08-30 03:00:00,0.0
2025-08-30 04:00:00,0.0
2025-08-30 05:00:00,0.0
2025-08-30 06:00:00,0.0
2025-08-30 07:00:00,0.0
2025-08-30 08:00:00,0.0
2025-08-30 09:00:00,30.3
2025-08-30 10:00:00,193.6
2025-08-30 11:00:00,690.1
2025-08-30 12:00:00,1207.0
2025-08-30 13:00:00,1125.8
2025-08-30 14:00:00,1354.5
2025-08-30 15:00:00,500.9
2025-08-30 16:00:00,620.9
2025-08-30 17:00:00,907.8
2025-08-30 18:00:00,641.4
2025-08-30 19:00:00,223.1
2025-08-30 20:00:00,34.0
2025-08-30 21:00:00,0.0
2025-08-30 22:00:00,0.0
2025-08-30 23:00:00,0.0
2025-08-31 00:00:00,0.0
2025-08-31 01:00:00,0.0
2025-08-31 02:00:00,0.0
2025-08-31 03:00:00,0.0
2025-08-31 04:00:00,0.0
2025-08-31 05:00:00,0.0
2025-08-31 06:00:00,0.0
2025-08-31 07:00:00,0.0
2025-08-31 08:00:00,0.0
2025-08-31 09:00:00,175.1
2025-08-31 10:00:00,954.4
2025-08-31 11:00:00,1789.3
2025-08-31 12:00:00,2312.3
2025-08-31 13:00:00,845.4
2025-08-31 14:00:00,1915.7
2025-08-31 15:00:00,2253.2
2025-08-31 16:00:00,1252.4
2025-08-31 17:00:00,1471.0
2025-08-31 18:00:00,782.4
2025-08-31 19:00:00,276.2
2025-08-31 20:00:00,51.5
2025-08-31 21:00:00,0.0
2025-08-31 22:00:00,0.0
2025-08-31 23:00:00,0.0
2025-09-01 00:00:00,0.0
2025-09-01 01:00:00,0.0
2025-09-01 02:00:00,0.0
2025-09-01 03:00:00,0.0
2025-09-01 04:00:00,0.0
2025-09-01 05:00:00,0.0
2025-09-01 06:00:00,0.0
2025-09-01 07:00:00,0.0
2025-09-01 08:00:00,0.0
2025-09-01 09:00:00,33.3
2025-09-01 10:00:00,238.1
2025-09-01 11:00:00,1577.8
2025-09-01 12:00:00,2180.5
2025-09-01 13:00:00,1760.1
2025-09-01 14:00:00,1435.3
2025-09-01 15:00:00,1106.0
2025-09-01 16:00:00,688.5
2025-09-01 17:00:00,1143.0
2025-09-01 18:00:00,718.0
2025-09-01 19:00:00,170.8
2025-09-01 20:00:00,29.8
2025-09-01 21:00:00,0.0
2025-09-01 22:00:00,0.0
2025-09-01 23:00:00,0.0
2025-09-02 00:00:00,0.0
2025-09-02 01:00:00,0.0
2025-09-02 02:00:00,0.0
2025-09-02 03:00:00,0.0
2025-09-02 04:00:00,0.0
2025-09-02 05:00:00,0.0
2025-09-02 06:00:00,0.0
2025-09-02 07:00:00,0.0
2025-09-02 08:00:00,0.0
2025-09-02 09:00:00,34.9
2025-09-02 10:00:00,385.3
2025-09-02 11:00:00,789.9
2025-09-02 12:00:00,988.0
2025-09-02 13:00:00,965.2
2025-09-02 14:00:00,1486.2
2025-09-02 15:00:00,1405.2
2025-09-02 16:00:00,1681.6
2025-09-02 17:00:00,1681.1
2025-09-02 18:00:00,1003.3
2025-09-02 19:00:00,328.9
2025-09-02 20:00:00,34.5
2025-09-02 21:00:00,0.0
2025-09-02 22:00:00,0.0
2025-09-02 23:00:00,0.0
2025-09-03 00:00:00,0.0
2025-09-03 01:00:00,0.0
2025-09-03 02:00:00,0.0
2025-09-03 03:00:00,0.0
2025-09-03 04:00:00,0.0
2025-09-03 05:00:00,0.0
2025-09-03 06:00:00,0.0
2025-09-03 07:00:00,0.0
2025-09-03 08:00:00,0.0
2025-09-03 09:00:00,199.8
2025-09-03 10:00:00,1146.2
2025-09-03 11:00:00,1896.6
2025-09-03 12:00:00,2268.4
2025-09-03 13:00:00,2484.8
2025-09-03 14:00:00,2494.8
2025-09-03 15:00:00,2565.7
2025-09-03 16:00:00,2231.7
2025-09-03 17:00:00,1976.5
2025-09-03 18:00:00,1183.8
2025-09-03 19:00:00,434.8
2025-09-03 20:00:00,30.8
2025-09-03 21:00:00,0.0
2025-09-03 22:00:00,0.0
2025-09-03 23:00:00,0.0
2025-09-04 00:00:00,0.0
2025-09-04 01:00:00,0.0
2025-09-04 02:00:00,0.0
2025-09-04 03:00:00,0.0
2025-09-04 04:00:00,0.0
2025-09-04 05:00:00,0.0
2025-09-04 06:00:00,0.0
2025-09-04 07:00:00,0.0
2025-09-04 08:00:00,0.0
2025-09-04 09:00:00,229.9
2025-09-04 10:00:00,1194.7
2025-09-04 11:00:00,1877.9
2025-09-04 12:00:00,2383.9
2025-09-04 13:00:00,2450.3
2025-09-04 14:00:00,2285.2
2025-09-04 15:00:00,2385.1
2025-09-04 16:00:00,2251.2
2025-09-04 17:00:00,1793.4
2025-09-04 18:00:00,1137.4
2025-09-04 19:00:00,338.4
2025-09-04 20:00:00,46.5
2025-09-04 21:00:00,0.0
2025-09-04 22:00:00,0.0
2025-09-04 23:00:00,0.0
2025-09-05 00:00:00,0.0
2025-09-05 01:00:00,0.0
2025-09-05 02:00:00,0.0
2025-09-05 03:00:00,0.0
2025-09-05 04:00:00,0.0
2025-09-05 05:00:00,0.0
2025-09-05 06:00:00,0.0
2025-09-05 07:00:00,0.0
2025-09-05 08:00:00,0.0
2025-09-05 09:00:00,203.5
2025-09-05 10:00:00,1097.2
2025-09-05 11:00:00,1837.1
2025-09-05 12:00:00,2291.4
2025-09-05 13:00:00,2503.9
2025-09-05 14:00:00,2597.8
2025-09-05 15:00:00,2538.7
2025-09-05 16:00:00,2272.9
2025-09-05 17:00:00,1887.2
2025-09-05 18:00:00,1114.7
2025-09-05 19:00:00,219.9
2025-09-05 20:00:00,33.5
2025-09-05 21:00:00,0.0
2025-09-05 22:00:00,0.0
2025-09-05 23:00:00,0.0
2025-09-06 00:00:00,0.0
2025-09-06 01:00:00,0.0
2025-09-06 02:00:00,0.0
2025-09-06 03:00:00,0.0
2025-09-06 04:00:00,0.0
2025-09-06 05:00:00,0.0
2025-09-06 06:00:00,0.0
2025-09-06 07:00:00,0.0
2025-09-06 08:00:00,0.0
2025-09-06 09:00:00,41.9
2025-09-06 10:00:00,343.1
2025-09-06 11:00:00,662.8
2025-09-06 12:00:00,878.2
2025-09-06 13:00:00,2073.8
2025-09-06 14:00:00,1621.1
2025-09-06 15:00:00,1721.4
2025-09-06 16:00:00,1179.7
2025-09-06 17:00:00,644.7
2025-09-06 18:00:00,343.2
2025-09-06 19:00:00,152.2
2025-09-06 20:00:00,19.3
2025-09-06 21:00:00,0.0
2025-09-06 22:00:00,0.0
2025-09-06 23:00:00,0.0
2025-09-07 00:00:00,0.0
2025-09-07 01:00:00,0.0
2025-09-07 02:00:00,0.0
2025-09-07 03:00:00,0.0
2025-09-07 04:00:00,0.0
2025-09-07 05:00:00,0.0
2025-09-07 06:00:00,0.0
2025-09-07 07:00:00,0.0
2025-09-07 08:00:00,0.0
2025-09-07 09:00:00,37.6
2025-09-07 10:00:00,123.7
2025-09-07 11:00:00,227.8
2025-09-07 12:00:00,212.6
2025-09-07 13:00:00,213.1
2025-09-07 14:00:00,307.5
2025-09-07 15:00:00,314.5
2025-09-07 16:00:00,340.3
2025-09-07 17:00:00,247.8
2025-09-07 18:00:00,536.7
2025-09-07 19:00:00,290.7
2025-09-07 20:00:00,14.5
2025-09-07 21:00:00,0.0
2025-09-07 22:00:00,0.0
2025-09-07 23:00:00,0.0
2025-09-08 00:00:00,0.0
2025-09-08 01:00:00,0.0
2025-09-08 02:00:00,0.0
2025-09-08 03:00:00,0.0
2025-09-08 04:00:00,0.0
2025-09-08 05:00:00,0.0
2025-09-08 06:00:00,0.0
2025-09-08 07:00:00,0.0
2025-09-08 08:00:00,0.0
2025-09-08 09:00:00,44.8
2025-09-08 10:00:00,235.2
2025-09-08 11:00:00,859.6
2025-09-08 12:00:00,1227.9
2025-09-08 13:00:00,2340.6
2025-09-08 14:00:00,2048.3
2025-09-08 15:00:00,2319.2
2025-09-08 16:00:00,2233.6
2025-09-08 17:00:00,1889.8
2025-09-08 18:00:00,1171.3
2025-09-08 19:00:00,386.3
2025-09-08 20:00:00,35.6
2025-09-08 21:00:00,0.0
2025-09-08 22:00:00,0.0
2025-09-08 23:00:00,0.0
2025-09-09 00:00:00,0.0
2025-09-09 01:00:00,0.0
2025-09-09 02:00:00,0.0
2025-09-09 03:00:00,0.0
2025-09-09 04:00:00,0.0
2025-09-09 05:00:00,0.0
2025-09-09 06:00:00,0.0
2025-09-09 07:00:00,0.0
2025-09-09 08:00:00,0.0
2025-09-09 09:00:00,217.2
2025-09-09 10:00:00,1087.6
2025-09-09 11:00:00,1833.0
2025-09-09 12:00:00,2251.2
2025-09-09 13:00:00,2389.0
2025-09-09 14:00:00,2499.3
2025-09-09 15:00:00,2300.3
2025-09-09 16:00:00,2078.6
2025-09-09 17:00:00,1758.0
2025-09-09 18:00:00,1039.9
2025-09-09 19:00:00,294.0
2025-09-09 20:00:00,44.0
2025-09-09 21:00:00,0.0
2025-09-09 22:00:00,0.0
2025-09-09 23:00:00,0.0
2025-09-10 00:00:00,0.0
2025-09-10 01:00:00,0.0
2025-09-10 02:00:00,0.0
2025-09-10 03:00:00,0.0
2025-09-10 04:00:00,0.0
2025-09-10 05:00:00,0.0
2025-09-10 06:00:00,0.0
2025-09-10 07:00:00,0.0
2025-09-10 08:00:00,0.0
2025-09-10 09:00:00,0.0
2025-09-10 10:00:00,0.0
2025-09-10 11:00:00,0.0
2025-09-10 12:00:00,0.0
2025-09-10 13:00:00,0.0
2025-09-10 14:00:00,0.0
2025-09-10 15:00:00,0.0
2025-09-10 16:00:00,0.0
2025-09-10 17:00:00,0.0
2025-09-10 18:00:00,0.0
2025-09-10 19:00:00,0.0
2025-09-10 20:00:00,0.0
2025-09-10 21:00:00,0.0
2025-09-10 22:00:00,0.0
2025-09-10 23:00:00,0.0
2025-09-11 00:00:00,0.0
2025-09-11 01:00:00,0.0
2025-09-11 02:00:00,0.0
2025-09-11 03:00:00,0.0
2025-09-11 04:00:00,0.0
2025-09-11 05:00:00,0.0
2025-09-11 06:00:00,0.0
2025-09-11 07:00:00,0.0
2025-09-11 08:00:00,0.0
2025-09-11 09:00:00,0.0
2025-09-11 10:00:00,0.0
2025-09-11 11:00:00,0.0
2025-09-11 12:00:00,0.0
2025-09-11 13:00:00,0.0
2025-09-11 14:00:00,0.0
2025-09-11 15:00:00,0.0
2025-09-11 16:00:00,0.0
2025-09-11 17:00:00,0.0
2025-09-11 18:00:00,0.0
2025-09-11 19:00:00,0.0
2025-09-11 20:00:00,0.0
2025-09-11 21:00:00,0.0
2025-09-11 22:00:00,0.0
2025-09-11 23:00:00,0.0
2025-09-12 00:00:00,0.0
2025-09-12 01:00:00,0.0
2025-09-12 02:00:00,0.0
2025-09-12 03:00:00,0.0
2025-09-12 04:00:00,0.0
2025-09-12 05:00:00,0.0
2025-09-12 06:00:00,0.0
2025-09-12 07:00:00,0.0
2025-09-12 08:00:00,0.0
2025-09-12 09:00:00,0.0
2025-09-12 10:00:00,0.0
2025-09-12 11:00:00,0.0
2025-09-12 12:00:00,0.0
2025-09-12 13:00:00,0.0
2025-09-12 14:00:00,0.0
2025-09-12 15:00:00,0.0
2025-09-12 16:00:00,0.0
2025-09-12 17:00:00,0.0
2025-09-12 18:00:00,0.0
2025-09-12 19:00:00,0.0
2025-09-12 20:00:00,0.0
2025-09-12 21:00:00,0.0
2025-09-12 22:00:00,0.0
2025-09-12 23:00:00,0.0
2025-09-13 00:00:00,0.0
2025-09-13 01:00:00,0.0
2025-09-13 02:00:00,0.0
2025-09-13 03:00:00,0.0
2025-09-13 04:00:00,0.0
2025-09-13 05:00:00,0.0
2025-09-13 06:00:00,0.0
2025-09-13 07:00:00,0.0
2025-09-13 08:00:00,0.0
2025-09-13 09:00:00,0.0
2025-09-13 10:00:00,0.0
2025-09-13 11:00:00,0.0
2025-09-13 12:00:00,0.0
2025-09-13 13:00:00,0.0
2025-09-13 14:00:00,0.0
2025-09-13 15:00:00,0.0
2025-09-13 16:00:00,0.0
2025-09-13 17:00:00,0.0
2025-09-13 18:00:00,0.0
2025-09-13 19:00:00,0.0
2025-09-13 20:00:00,0.0
2025-09-13 21:00:00,0.0
2025-09-13 22:00:00,0.0
2025-09-13 23:00:00,0.0
2025-09-14 00:00:00,0.0
2025-09-14 01:00:00,0.0
2025-09-14 02:00:00,0.0
2025-09-14 03:00:00,0.0
2025-09-14 04:00:00,0.0
2025-09-14 05:00:00,0.0
2025-09-14 06:00:00,0.0
2025-09-14 07:00:00,0.0
2025-09-14 08:00:00,0.0
2025-09-14 09:00:00,0.0
2025-09-14 10:00:00,0.0
2025-09-14 11:00:00,0.0
2025-09-14 12:00:00,0.0
2025-09-14 13:00:00,0.0
2025-09-14 14:00:00,0.0
2025-09-14 15:00:00,0.0
2025-09-14 16:00:00,0.0
2025-09-14 17:00:00,0.0
2025-09-14 18:00:00,0.0
2025-09-14 19:00:00,0.0
2025-09-14 20:00:00,0.0
2025-09-14 21:00:00,0.0
2025-09-14 22:00:00,0.0
2025-09-14 23:00:00,0.0
2025-09-15 00:00:00,0.0
2025-09-15 01:00:00,0.0
2025-09-15 02:00:00,0.0
2025-09-15 03:00:00,0.0
2025-09-15 04:00:00,0.0
2025-09-15 05:00:00,0.0
2025-09-15 06:00:00,0.0
2025-09-15 07:00:00,0.0
2025-09-15 08:00:00,0.0
2025-09-15 09:00:00,0.0
2025-09-15 10:00:00,0.0
2025-09-15 11:00:00,0.0
2025-09-15 12:00:00,0.0
2025-09-15 13:00:00,0.0
2025-09-15 14:00:00,0.0
2025-09-15 15:00:00,0.0
2025-09-15 16:00:00,0.0
2025-09-15 17:00:00,0.0
2025-09-15 18:00:00,0.0
2025-09-15 19:00:00,0.0
2025-09-15 20:00:00,0.0
2025-09-15 21:00:00,0.0
2025-09-15 22:00:00,0.0
2025-09-15 23:00:00,0.0
2025-09-16 00:00:00,0.0
2025-09-16 01:00:00,0.0
2025-09-16 02:00:00,0.0
2025-09-16 03:00:00,0.0
2025-09-16 04:00:00,0.0
2025-09-16 05:00:00,0.0
2025-09-16 06:00:00,0.0
2025-09-16 07:00:00,0.0
2025-09-16 08:00:00,0.0
2025-09-16 09:00:00,0.0
2025-09-16 10:00:00,0.0
2025-09-16 11:00:00,0.0
2025-09-16 12:00:00,0.0
2025-09-16 13:00:00,0.0
2025-09-16 14:00:00,0.0
2025-09-16 15:00:00,0.0
2025-09-16 16:00:00,0.0
2025-09-16 17:00:00,0.0
2025-09-16 18:00:00,0.0
2025-09-16 19:00:00,0.0
2025-09-16 20:00:00,0.0
2025-09-16 21:00:00,0.0
2025-09-16 22:00:00,0.0
2025-09-16 23:00:00,0.0
2025-09-17 00:00:00,0.0
2025-09-17 01:00:00,0.0
2025-09-17 02:00:00,0.0
2025-09-17 03:00:00,0.0
2025-09-17 04:00:00,0.0
2025-09-17 05:00:00,0.0
2025-09-17 06:00:00,0.0
2025-09-17 07:00:00,0.0
2025-09-17 08:00:00,0.0
2025-09-17 09:00:00,0.0
2025-09-17 10:00:00,0.0
2025-09-17 11:00:00,0.0
2025-09-17 12:00:00,0.0
2025-09-17 13:00:00,0.0
2025-09-17 14:00:00,0.0
2025-09-17 15:00:00,0.0
2025-09-17 16:00:00,0.0
2025-09-17 17:00:00,0.0
2025-09-17 18:00:00,0.0
2025-09-17 19:00:00,0.0
2025-09-17 20:00:00,0.0
2025-09-17 21:00:00,0.0
2025-09-17 22:00:00,0.0
2025-09-17 23:00:00,0.0
2025-09-18 00:00:00,0.0
2025-09-18 01:00:00,0.0
2025-09-18 02:00:00,0.0
2025-09-18 03:00:00,0.0
2025-09-18 04:00:00,0.0
2025-09-18 05:00:00,0.0
2025-09-18 06:00:00,0.0
2025-09-18 07:00:00,0.0
2025-09-18 08:00:00,0.0
2025-09-18 09:00:00,0.0
2025-09-18 10:00:00,0.0
2025-09-18 11:00:00,0.0
2025-09-18 12:00:00,0.0
2025-09-18 13:00:00,0.0
2025-09-18 14:00:00,0.0
2025-09-18 15:00:00,0.0
2025-09-18 16:00:00,0.0
2025-09-18 17:00:00,0.0
2025-09-18 18:00:00,0.0
2025-09-18 19:00:00,0.0
2025-09-18 20:00:00,0.0
2025-09-18 21:00:00,0.0
2025-09-18 22:00:00,0.0
2025-09-18 23:00:00,0.0
2025-09-19 00:00:00,0.0
2025-09-19 01:00:00,0.0
2025-09-19 02:00:00,0.0
2025-09-19 03:00:00,0.0
2025-09-19 04:00:00,0.0
2025-09-19 05:00:00,0.0
2025-09-19 06:00:00,0.0
2025-09-19 07:00:00,0.0
2025-09-19 08:00:00,0.0
2025-09-19 09:00:00,0.0
2025-09-19 10:00:00,0.0
2025-09-19 11:00:00,0.0
2025-09-19 12:00:00,0.0
2025-09-19 13:00:00,0.0
2025-09-19 14:00:00,0.0
2025-09-19 15:00:00,0.0
2025-09-19 16:00:00,0.0
2025-09-19 17:00:00,0.0
2025-09-19 18:00:00,0.0
2025-09-19 19:00:00,0.0
2025-09-19 20:00:00,0.0
2025-09-19 21:00:00,0.0
2025-09-19 22:00:00,0.0
2025-09-19 23:00:00,0.0
2025-09-20 00:00:00,0.0
2025-09-20 01:00:00,0.0
2025-09-20 02:00:00,0.0
2025-09-20 03:00:00,0.0
2025-09-20 04:00:00,0.0
2025-09-20 05:00:00,0.0
2025-09-20 06:00:00,0.0
2025-09-20 07:00:00,0.0
2025-09-20 08:00:00,0.0
2025-09-20 09:00:00,0.0
2025-09-20 10:00:00,0.0
2025-09-20 11:00:00,0.0
2025-09-20 12:00:00,0.0
2025-09-20 13:00:00,0.0
2025-09-20 14:00:00,0.0
2025-09-20 15:00:00,0.0
2025-09-20 16:00:00,0.0
2025-09-20 17:00:00,0.0
2025-09-20 18:00:00,0.0
2025-09-20 19:00:00,0.0
2025-09-20 20:00:00,0.0
2025-09-20 21:00:00,0.0
2025-09-20 22:00:00,0.0
2025-09-20 23:00:00,0.0
2025-09-21 00:00:00,0.0
2025-09-21 01:00:00,0.0
2025-09-21 02:00:00,0.0
2025-09-21 03:00:00,0.0
2025-09-21 04:00:00,0.0
2025-09-21 05:00:00,0.0
2025-09-21 06:00:00,0.0
2025-09-21 07:00:00,0.0
2025-09-21 08:00:00,0.0
2025-09-21 09:00:00,0.0
2025-09-21 10:00:00,0.0
2025-09-21 11:00:00,0.0
2025-09-21 12:00:00,0.0
2025-09-21 13:00:00,0.0
2025-09-21 14:00:00,0.0
2025-09-21 15:00:00,0.0
2025-09-21 16:00:00,0.0
2025-09-21 17:00:00,0.0
2025-09-21 18:00:00,0.0
2025-09-21 19:00:00,0.0
2025-09-21 20:00:00,0.0
2025-09-21 21:00:00,0.0
2025-09-21 22:00:00,0.0
2025-09-21 23:00:00,0.0
2025-09-22 00:00:00,0.0
2025-09-22 01:00:00,0.0
2025-09-22 02:00:00,0.0
2025-09-22 03:00:00,0.0
2025-09-22 04:00:00,0.0
2025-09-22 05:00:00,0.0
2025-09-22 06:00:00,0.0
2025-09-22 07:00:00,0.0
2025-09-22 08:00:00,0.0
2025-09-22 09:00:00,0.0
2025-09-22 10:00:00,0.0
2025-09-22 11:00:00,0.0
2025-09-22 12:00:00,0.0
2025-09-22 13:00:00,0.0
2025-09-22 14:00:00,0.0
2025-09-22 15:00:00,0.0
2025-09-22 16:00:00,0.0
2025-09-22 17:00:00,0.0
2025-09-22 18:00:00,0.0
2025-09-22 19:00:00,0.0
2025-09-22 20:00:00,0.0
2025-09-22 21:00:00,0.0
2025-09-22 22:00:00,0.0
2025-09-22 23:00:00,0.0
2025-09-23 00:00:00,0.0
2025-09-23 01:00:00,0.0
2025-09-23 02:00:00,0.0
2025-09-23 03:00:00,0.0
2025-09-23 04:00:00,0.0
2025-09-23 05:00:00,0.0
2025-09-23 06:00:00,0.0
2025-09-23 07:00:00,0.0
2025-09-23 08:00:00,0.0
2025-09-23 09:00:00,0.0
2025-09-23 10:00:00,0.0
2025-09-23 11:00:00,0.0
2025-09-23 12:00:00,0.0
2025-09-23 13:00:00,0.0
2025-09-23 14:00:00,0.0
2025-09-23 15:00:00,0.0
2025-09-23 16:00:00,0.0
2025-09-23 17:00:00,0.0
2025-09-23 18:00:00,0.0
2025-09-23 19:00:00,0.0
2025-09-23 20:00:00,0.0
2025-09-23 21:00:00,0.0
2025-09-23 22:00:00,0.0
2025-09-23 23:00:00,0.0
2025-09-24 00:00:00,0.0
2025-09-24 01:00:00,0.0
2025-09-24 02:00:00,0.0
2025-09-24 03:00:00,0.0
2025-09-24 04:00:00,0.0
2025-09-24 05:00:00,0.0
2025-09-24 06:00:00,0.0
2025-09-24 07:00:00,0.0
2025-09-24 08:00:00,0.0
2025-09-24 09:00:00,0.0
2025-09-24 10:00:00,0.0
2025-09-24 11:00:00,0.0
2025-09-24 12:00:00,0.0
2025-09-24 13:00:00,0.0
2025-09-24 14:00:00,0.0
2025-09-24 15:00:00,0.0
2025-09-24 16:00:00,0.0
2025-09-24 17:00:00,0.0
2025-09-24 18:00:00,0.0
2025-09-24 19:00:00,0.0
2025-09-24 20:00:00,0.0
2025-09-24 21:00:00,0.0
2025-09-24 22:00:00,0.0
2025-09-24 23:00:00,0.0
2025-09-25 00:00:00,0.0
2025-09-25 01:00:00,0.0
2025-09-25 02:00:00,0.0
2025-09-25 03:00:00,0.0
2025-09-25 04:00:00,0.0
2025-09-25 05:00:00,0.0
2025-09-25 06:00:00,0.0
2025-09-25 07:00:00,0.0
2025-09-25 08:00:00,0.0
2025-09-25 09:00:00,0.0
2025-09-25 10:00:00,0.0
2025-09-25 11:00:00,0.0
2025-09-25 12:00:00,0.0
2025-09-25 13:00:00,0.0
2025-09-25 14:00:00,0.0
2025-09-25 15:00:00,0.0
2025-09-25 16:00:00,0.0
2025-09-25 17:00:00,0.0
2025-09-25 18:00:00,0.0
2025-09-25 19:00:00,0.0
2025-09-25 20:00:00,0.0
2025-09-25 21:00:00,0.0
2025-09-25 22:00:00,0.0
2025-09-25 23:00:00,0.0
2025-09-26 00:00:00,0.0
2025-09-26 01:00:00,0.0
2025-09-26 02:00:00,0.0
2025-09-26 03:00:00,0.0
2025-09-26 04:00:00,0.0
2025-09-26 05:00:00,0.0
2025-09-26 06:00:00,0.0
2025-09-26 07:00:00,0.0
2025-09-26 08:00:00,0.0
2025-09-26 09:00:00,0.0
2025-09-26 10:00:00,0.0
2025-09-26 11:00:00,0.0
2025-09-26 12:00:00,0.0
2025-09-26 13:00:00,0.0
2025-09-26 14:00:00,0.0
2025-09-26 15:00:00,0.0
2025-09-26 16:00:00,0.0
2025-09-26 17:00:00,0.0
2025-09-26 18:00:00,0.0
2025-09-26 19:00:00,0.0
2025-09-26 20:00:00,0.0
2025-09-26 21:00:00,0.0
2025-09-26 22:00:00,0.0
2025-09-26 23:00:00,0.0
2025-09-27 00:00:00,0.0
2025-09-27 01:00:00,0.0
2025-09-27 02:00:00,0.0
2025-09-27 03:00:00,0.0
2025-09-27 04:00:00,0.0
2025-09-27 05:00:00,0.0
2025-09-27 06:00:00,0.0
2025-09-27 07:00:00,0.0
2025-09-27 08:00:00,0.0
2025-09-27 09:00:00,0.0
2025-09-27 10:00:00,0.0
2025-09-27 11:00:00,0.0
2025-09-27 12:00:00,0.0
2025-09-27 13:00:00,0.0
2025-09-27 14:00:00,0.0
2025-09-27 15:00:00,0.0
2025-09-27 16:00:00,0.0
2025-09-27 17:00:00,0.0
2025-09-27 18:00:00,0.0
2025-09-27 19:00:00,0.0
2025-09-27 20:00:00,0.0
2025-09-27 21:00:00,0.0
2025-09-27 22:00:00,0.0
2025-09-27 23:00:00,0.0
2025-09-28 00:00:00,0.0
2025-09-28 01:00:00,0.0
2025-09-28 02:00:00,0.0
2025-09-28 03:00:00,0.0
2025-09-28 04:00:00,0.0
2025-09-28 05:00:00,0.0
2025-09-28 06:00:00,0.0
2025-09-28 07:00:00,0.0
2025-09-28 08:00:00,0.0
2025-09-28 09:00:00,0.0
2025-09-28 10:00:00,0.0
2025-09-28 11:00:00,0.0
2025-09-28 12:00:00,0.0
2025-09-28 13:00:00,0.0
2025-09-28 14:00:00,0.0
2025-09-28 15:00:00,0.0
2025-09-28 16:00:00,0.0
2025-09-28 17:00:00,0.0
2025-09-28 18:00:00,0.0
2025-09-28 19:00:00,0.0
2025-09-28 20:00:00,0.0
2025-09-28 21:00:00,0.0
2025-09-28 22:00:00,0.0
2025-09-28 23:00:00,0.0
2025-09-29 00:00:00,0.0
2025-09-29 01:00:00,0.0
2025-09-29 02:00:00,0.0
2025-09-29 03:00:00,0.0
2025-09-29 04:00:00,0.0
2025-09-29 05:00:00,0.0
2025-09-29 06:00:00,0.0
2025-09-29 07:00:00,0.0
2025-09-29 08:00:00,0.0
2025-09-29 09:00:00,0.0
2025-09-29 10:00:00,0.0
2025-09-29 11:00:00,0.0
2025-09-29 12:00:00,0.0
2025-09-29 13:00:00,0.0
2025-09-29 14:00:00,0.0
2025-09-29 15:00:00,0.0
2025-09-29 16:00:00,0.0
2025-09-29 17:00:00,0.0
2025-09-29 18:00:00,0.0
2025-09-29 19:00:00,0.0
2025-09-29 20:00:00,0.0
2025-09-29 21:00:00,0.0
2025-09-29 22:00:00,0.0
2025-09-29 23:00:00,0.0
2025-09-30 00:00:00,0.0
2025-09-30 01:00:00,0.0
2025-09-30 02:00:00,0.0
2025-09-30 03:00:00,0.0
2025-09-30 04:00:00,0.0
2025-09-30 05:00:00,0.0
2025-09-30 06:00:00,0.0
2025-09-30 07:00:00,0.0
2025-09-30 08:00:00,0.0
2025-09-30 09:00:00,0.0
2025-09-30 10:00:00,0.0
2025-09-30 11:00:00,0.0
2025-09-30 12:00:00,0.0
2025-09-30 13:00:00,0.0
2025-09-30 14:00:00,0.0
2025-09-30 15:00:00,0.0
2025-09-30 16:00:00,0.0
2025-09-30 17:00:00,0.0
2025-09-30 18:00:00,0.0
2025-09-30 19:00:00,0.0
2025-09-30 20:00:00,0.0
2025-09-30 21:00:00,0.0
2025-09-30 22:00:00,0.0
2025-09-30 23:00:00,0.0
2025-10-01 00:00:00,0.0
2025-10-01 01:00:00,0.0
2025-10-01 02:00:00,0.0
2025-10-01 03:00:00,0.0
2025-10-01 04:00:00,0.0
2025-10-01 05:00:00,0.0
2025-10-01 06:00:00,0.0
2025-10-01 07:00:00,0.0
2025-10-01 08:00:00,0.0
2025-10-01 09:00:00,0.0
2025-10-01 10:00:00,0.0
2025-10-01 11:00:00,0.0
2025-10-01 12:00:00,0.0
2025-10-01 13:00:00,0.0
2025-10-01 14:00:00,0.0
2025-10-01 15:00:00,0.0
2025-10-01 16:00:00,0.0
2025-10-01 17:00:00,0.0
2025-10-01 18:00:00,0.0
2025-10-01 19:00:00,0.0
2025-10-01 20:00:00,0.0
2025-10-01 21:00:00,0.0
2025-10-01 22:00:00,0.0
2025-10-01 23:00:00,0.0
2025-10-02 00:00:00,0.0
2025-10-02 01:00:00,0.0
2025-10-02 02:00:00,0.0
2025-10-02 03:00:00,0.0
2025-10-02 04:00:00,0.0
2025-10-02 05:00:00,0.0
2025-10-02 06:00:00,0.0
2025-10-02 07:00:00,0.0
2025-10-02 08:00:00,0.0
2025-10-02 09:00:00,0.0
2025-10-02 10:00:00,0.0
2025-10-02 11:00:00,0.0
2025-10-02 12:00:00,0.0
2025-10-02 13:00:00,0.0
2025-10-02 14:00:00,0.0
2025-10-02 15:00:00,0.0
2025-10-02 16:00:00,0.0
2025-10-02 17:00:00,0.0
2025-10-02 18:00:00,0.0
2025-10-02 19:00:00,0.0
2025-10-02 20:00:00,0.0
2025-10-02 21:00:00,0.0
2025-10-02 22:00:00,0.0
2025-10-02 23:00:00,0.0
2025-10-03 00:00:00,0.0
2025-10-03 01:00:00,0.0
2025-10-03 02:00:00,0.0
2025-10-03 03:00:00,0.0
2025-10-03 04:00:00,0.0
2025-10-03 05:00:00,0.0
2025-10-03 06:00:00,0.0
2025-10-03 07:00:00,0.0
2025-10-03 08:00:00,0.0
2025-10-03 09:00:00,0.0
2025-10-03 10:00:00,0.0
2025-10-03 11:00:00,0.0
2025-10-03 12:00:00,0.0
2025-10-03 13:00:00,0.0
2025-10-03 14:00:00,0.0
2025-10-03 15:00:00,0.0
2025-10-03 16:00:00,0.0
2025-10-03 17:00:00,0.0
2025-10-03 18:00:00,0.0
2025-10-03 19:00:00,0.0
2025-10-03 20:00:00,0.0
2025-10-03 21:00:00,0.0
2025-10-03 22:00:00,0.0
2025-10-03 23:00:00,0.0
2025-10-04 00:00:00,0.0
2025-10-04 01:00:00,0.0
2025-10-04 02:00:00,0.0
2025-10-04 03:00:00,0.0
2025-10-04 04:00:00,0.0
2025-10-04 05:00:00,0.0
2025-10-04 06:00:00,0.0
2025-10-04 07:00:00,0.0
2025-10-04 08:00:00,0.0
2025-10-04 09:00:00,0.0
2025-10-04 10:00:00,0.0
2025-10-04 11:00:00,0.0
2025-10-04 12:00:00,0.0
2025-10-04 13:00:00,0.0
2025-10-04 14:00:00,0.0
2025-10-04 15:00:00,0.0
2025-10-04 16:00:00,0.0
2025-10-04 17:00:00,0.0
2025-10-04 18:00:00,0.0
2025-10-04 19:00:00,0.0
2025-10-04 20:00:00,0.0
2025-10-04 21:00:00,0.0
2025-10-04 22:00:00,0.0
2025-10-04 23:00:00,0.0
2025-10-05 00:00:00,0.0
2025-10-05 01:00:00,0.0
2025-10-05 02:00:00,0.0
2025-10-05 03:00:00,0.0
2025-10-05 04:00:00,0.0
2025-10-05 05:00:00,0.0
2025-10-05 06:00:00,0.0
2025-10-05 07:00:00,0.0
2025-10-05 08:00:00,0.0
2025-10-05 09:00:00,0.0
2025-10-05 10:00:00,0.0
2025-10-05 11:00:00,0.0
2025-10-05 12:00:00,0.0
2025-10-05 13:00:00,0.0
2025-10-05 14:00:00,0.0
2025-10-05 15:00:00,0.0
2025-10-05 16:00:00,0.0
2025-10-05 17:00:00,0.0
2025-10-05 18:00:00,0.0
2025-10-05 19:00:00,0.0
2025-10-05 20:00:00,0.0
2025-10-05 21:00:00,0.0
2025-10-05 22:00:00,0.0
2025-10-05 23:00:00,0.0
2025-10-06 00:00:00,0.0
2025-10-06 01:00:00,0.0
2025-10-06 02:00:00,0.0
2025-10-06 03:00:00,0.0
2025-10-06 04:00:00,0.0
2025-10-06 05:00:00,0.0
2025-10-06 06:00:00,0.0
2025-10-06 07:00:00,0.0
2025-10-06 08:00:00,0.0
2025-10-06 09:00:00,0.0
2025-10-06 10:00:00,0.0
2025-10-06 11:00:00,0.0
2025-10-06 12:00:00,0.0
2025-10-06 13:00:00,0.0
2025-10-06 14:00:00,0.0
2025-10-06 15:00:00,0.0
2025-10-06 16:00:00,0.0
2025-10-06 17:00:00,0.0
2025-10-06 18:00:00,0.0
2025-10-06 19:00:00,0.0
2025-10-06 20:00:00,0.0
2025-10-06 21:00:00,0.0
2025-10-06 22:00:00,0.0
2025-10-06 23:00:00,0.0
2025-10-07 00:00:00,0.0
2025-10-07 01:00:00,0.0
2025-10-07 02:00:00,0.0
2025-10-07 03:00:00,0.0
2025-10-07 04:00:00,0.0
2025-10-07 05:00:00,0.0
2025-10-07 06:00:00,0.0
2025-10-07 07:00:00,0.0
2025-10-07 08:00:00,0.0
2025-10-07 09:00:00,0.0
2025-10-07 10:00:00,0.0
2025-10-07 11:00:00,0.0
2025-10-07 12:00:00,0.0
2025-10-07 13:00:00,0.0
2025-10-07 14:00:00,0.0
2025-10-07 15:00:00,0.0
2025-10-07 16:00:00,0.0
2025-10-07 17:00:00,0.0
2025-10-07 18:00:00,0.0
2025-10-07 19:00:00,0.0
2025-10-07 20:00:00,0.0
2025-10-07 21:00:00,0.0
2025-10-07 22:00:00,0.0
2025-10-07 23:00:00,0.0
2025-10-08 00:00:00,0.0
2025-10-08 01:00:00,0.0
2025-10-08 02:00:00,0.0
2025-10-08 03:00:00,0.0
2025-10-08 04:00:00,0.0
2025-10-08 05:00:00,0.0
2025-10-08 06:00:00,0.0
2025-10-08 07:00:00,0.0
2025-10-08 08:00:00,0.0
2025-10-08 09:00:00,0.0
2025-10-08 10:00:00,0.0
2025-10-08 11:00:00,0.0
2025-10-08 12:00:00,0.0
2025-10-08 13:00:00,0.0
2025-10-08 14:00:00,0.0
2025-10-08 15:00:00,0.0
2025-10-08 16:00:00,0.0
2025-10-08 17:00:00,0.0
2025-10-08 18:00:00,0.0
2025-10-08 19:00:00,0.0
2025-10-08 20:00:00,0.0
2025-10-08 21:00:00,0.0
2025-10-08 22:00:00,0.0
2025-10-08 23:00:00,0.0
2025-10-09 00:00:00,0.0
2025-10-09 01:00:00,0.0
2025-10-09 02:00:00,0.0
2025-10-09 03:00:00,0.0
2025-10-09 04:00:00,0.0
2025-10-09 05:00:00,0.0
2025-10-09 06:00:00,0.0
2025-10-09 07:00:00,0.0
2025-10-09 08:00:00,0.0
2025-10-09 09:00:00,0.0
2025-10-09 10:00:00,0.0
2025-10-09 11:00:00,0.0
2025-10-09 12:00:00,0.0
2025-10-09 13:00:00,0.0
2025-10-09 14:00:00,0.0
2025-10-09 15:00:00,0.0
2025-10-09 16:00:00,0.0
2025-10-09 17:00:00,0.0
2025-10-09 18:00:00,0.0
2025-10-09 19:00:00,0.0
2025-10-09 20:00:00,0.0
2025-10-09 21:00:00,0.0
2025-10-09 22:00:00,0.0
2025-10-09 23:00:00,0.0
2025-10-10 00:00:00,0.0
2025-10-10 01:00:00,0.0
2025-10-10 02:00:00,0.0
2025-10-10 03:00:00,0.0
2025-10-10 04:00:00,0.0
2025-10-10 05:00:00,0.0
2025-10-10 06:00:00,0.0
2025-10-10 07:00:00,0.0
2025-10-10 08:00:00,0.0
2025-10-10 09:00:00,0.0
2025-10-10 10:00:00,0.0
2025-10-10 11:00:00,0.0
2025-10-10 12:00:00,0.0
2025-10-10 13:00:00,0.0
2025-10-10 14:00:00,0.0
2025-10-10 15:00:00,0.0
2025-10-10 16:00:00,0.0
2025-10-10 17:00:00,0.0
2025-10-10 18:00:00,0.0
2025-10-10 19:00:00,0.0
2025-10-10 20:00:00,0.0
2025-10-10 21:00:00,0.0
2025-10-10 22:00:00,0.0
2025-10-10 23:00:00,0.0
2025-10-11 00:00:00,0.0
2025-10-11 01:00:00,0.0
2025-10-11 02:00:00,0.0
2025-10-11 03:00:00,0.0
2025-10-11 04:00:00,0.0
2025-10-11 05:00:00,0.0
2025-10-11 06:00:00,0.0
2025-10-11 07:00:00,0.0
2025-10-11 08:00:00,0.0
2025-10-11 09:00:00,0.0
2025-10-11 10:00:00,0.0
2025-10-11 11:00:00,0.0
2025-10-11 12:00:00,0.0
2025-10-11 13:00:00,0.0
2025-10-11 14:00:00,0.0
2025-10-11 15:00:00,0.0
2025-10-11 16:00:00,0.0
2025-10-11 17:00:00,0.0
2025-10-11 18:00:00,0.0
2025-10-11 19:00:00,0.0
2025-10-11 20:00:00,0.0
2025-10-11 21:00:00,0.0
2025-10-11 22:00:00,0.0
2025-10-11 23:00:00,0.0
2025-10-12 00:00:00,0.0
2025-10-12 01:00:00,0.0
2025-10-12 02:00:00,0.0
2025-10-12 03:00:00,0.0
2025-10-12 04:00:00,0.0
2025-10-12 05:00:00,0.0
2025-10-12 06:00:00,0.0
2025-10-12 07:00:00,0.0
2025-10-12 08:00:00,0.0
2025-10-12 09:00:00,0.0
2025-10-12 10:00:00,0.0
2025-10-12 11:00:00,0.0
2025-10-12 12:00:00,0.0
2025-10-12 13:00:00,0.0
2025-10-12 14:00:00,0.0
2025-10-12 15:00:00,0.0
2025-10-12 16:00:00,0.0
2025-10-12 17:00:00,0.0
2025-10-12 18:00:00,0.0
2025-10-12 19:00:00,0.0
2025-10-12 20:00:00,0.0
2025-10-12 21:00:00,0.0
2025-10-12 22:00:00,0.0
2025-10-12 23:00:00,0.0
2025-10-13 00:00:00,0.0
2025-10-13 01:00:00,0.0
2025-10-13 02:00:00,0.0
2025-10-13 03:00:00,0.0
2025-10-13 04:00:00,0.0
2025-10-13 05:00:00,0.0
2025-10-13 06:00:00,0.0
2025-10-13 07:00:00,0.0
2025-10-13 08:00:00,0.0
2025-10-13 09:00:00,0.0
2025-10-13 10:00:00,0.0
2025-10-13 11:00:00,0.0
2025-10-13 12:00:00,0.0
2025-10-13 13:00:00,0.0
2025-10-13 14:00:00,0.0
2025-10-13 15:00:00,0.0
2025-10-13 16:00:00,0.0
2025-10-13 17:00:00,0.0
2025-10-13 18:00:00,0.0
2025-10-13 19:00:00,0.0
2025-10-13 20:00:00,0.0
2025-10-13 21:00:00,0.0
2025-10-13 22:00:00,0.0
2025-10-13 23:00:00,0.0
2025-10-14 00:00:00,0.0
2025-10-14 01:00:00,0.0
2025-10-14 02:00:00,0.0
2025-10-14 03:00:00,0.0
2025-10-14 04:00:00,0.0
2025-10-14 05:00:00,0.0
2025-10-14 06:00:00,0.0
2025-10-14 07:00:00,0.0
2025-10-14 08:00:00,0.0
2025-10-14 09:00:00,0.0
2025-10-14 10:00:00,0.0
2025-10-14 11:00:00,0.0
2025-10-14 12:00:00,0.0
2025-10-14 13:00:00,0.0
2025-10-14 14:00:00,0.0
2025-10-14 15:00:00,0.0
2025-10-14 16:00:00,0.0
2025-10-14 17:00:00,0.0
2025-10-14 18:00:00,0.0
2025-10-14 19:00:00,0.0
2025-10-14 20:00:00,0.0
2025-10-14 21:00:00,0.0
2025-10-14 22:00:00,0.0
2025-10-14 23:00:00,0.0
2025-10-15 00:00:00,0.0
2025-10-15 01:00:00,0.0
2025-10-15 02:00:00,0.0
2025-10-15 03:00:00,0.0
2025-10-15 04:00:00,0.0
2025-10-15 05:00:00,0.0
2025-10-15 06:00:00,0.0
2025-10-15 07:00:00,0.0
2025-10-15 08:00:00,0.0
2025-10-15 09:00:00,0.0
2025-10-15 10:00:00,0.0
2025-10-15 11:00:00,0.0
2025-10-15 12:00:00,0.0
2025-10-15 13:00:00,0.0
2025-10-15 14:00:00,0.0
2025-10-15 15:00:00,0.0
2025-10-15 16:00:00,0.0
2025-10-15 17:00:00,0.0
2025-10-15 18:00:00,0.0
2025-10-15 19:00:00,0.0
2025-10-15 20:00:00,0.0
2025-10-15 21:00:00,0.0
2025-10-15 22:00:00,0.0
2025-10-15 23:00:00,0.0
2025-10-16 00:00:00,0.0
2025-10-16 01:00:00,0.0
2025-10-16 02:00:00,0.0
2025-10-16 03:00:00,0.0
2025-10-16 04:00:00,0.0
2025-10-16 05:00:00,0.0
2025-10-16 06:00:00,0.0
2025-10-16 07:00:00,0.0
2025-10-16 08:00:00,0.0
2025-10-16 09:00:00,0.0
2025-10-16 10:00:00,0.0
2025-10-16 11:00:00,0.0
2025-10-16 12:00:00,0.0
2025-10-16 13:00:00,0.0
2025-10-16 14:00:00,0.0
2025-10-16 15:00:00,0.0
2025-10-16 16:00:00,0.0
2025-10-16 17:00:00,0.0
2025-10-16 18:00:00,0.0
2025-10-16 19:00:00,0.0
2025-10-16 20:00:00,0.0
2025-10-16 21:00:00,0.0
2025-10-16 22:00:00,0.0
2025-10-16 23:00:00,0.0
2025-10-17 00:00:00,0.0
2025-10-17 01:00:00,0.0
2025-10-17 02:00:00,0.0
2025-10-17 03:00:00,0.0
2025-10-17 04:00:00,0.0
2025-10-17 05:00:00,0.0
2025-10-17 06:00:00,0.0
2025-10-17 07:00:00,0.0
2025-10-17 08:00:00,0.0
2025-10-17 09:00:00,0.0
2025-10-17 10:00:00,0.0
2025-10-17 11:00:00,0.0
2025-10-17 12:00:00,0.0
2025-10-17 13:00:00,0.0
2025-10-17 14:00:00,0.0
2025-10-17 15:00:00,0.0
2025-10-17 16:00:00,0.0
2025-10-17 17:00:00,0.0
2025-10-17 18:00:00,0.0
2025-10-17 19:00:00,0.0
2025-10-17 20:00:00,0.0
2025-10-17 21:00:00,0.0
2025-10-17 22:00:00,0.0
2025-10-17 23:00:00,0.0
2025-10-18 00:00:00,0.0
2025-10-18 01:00:00,0.0
2025-10-18 02:00:00,0.0
2025-10-18 03:00:00,0.0
2025-10-18 04:00:00,0.0
2025-10-18 05:00:00,0.0
2025-10-18 06:00:00,0.0
2025-10-18 07:00:00,0.0
2025-10-18 08:00:00,0.0
2025-10-18 09:00:00,0.0
2025-10-18 10:00:00,0.0
2025-10-18 11:00:00,0.0
2025-10-18 12:00:00,0.0
2025-10-18 13:00:00,0.0
2025-10-18 14:00:00,0.0
2025-10-18 15:00:00,0.0
2025-10-18 16:00:00,0.0
2025-10-18 17:00:00,0.0
2025-10-18 18:00:00,0.0
2025-10-18 19:00:00,0.0
2025-10-18 20:00:00,0.0
2025-10-18 21:00:00,0.0
2025-10-18 22:00:00,0.0
2025-10-18 23:00:00,0.0
2025-10-19 00:00:00,0.0
2025-10-19 01:00:00,0.0
2025-10-19 02:00:00,0.0
2025-10-19 03:00:00,0.0
2025-10-19 04:00:00,0.0
2025-10-19 05:00:00,0.0
2025-10-19 06:00:00,0.0
2025-10-19 07:00:00,0.0
2025-10-19 08:00:00,0.0
2025-10-19 09:00:00,0.0
2025-10-19 10:00:00,0.0
2025-10-19 11:00:00,0.0
2025-10-19 12:00:00,0.0
2025-10-19 13:00:00,0.0
2025-10-19 14:00:00,0.0
2025-10-19 15:00:00,0.0
2025-10-19 16:00:00,0.0
2025-10-19 17:00:00,0.0
2025-10-19 18:00:00,0.0
2025-10-19 19:00:00,0.0
2025-10-19 20:00:00,0.0
2025-10-19 21:00:00,0.0
2025-10-19 22:00:00,0.0
2025-10-19 23:00:00,0.0
2025-10-20 00:00:00,0.0
2025-10-20 01:00:00,0.0
2025-10-20 02:00:00,0.0
2025-10-20 03:00:00,0.0
2025-10-20 04:00:00,0.0
2025-10-20 05:00:00,0.0
2025-10-20 06:00:00,0.0
2025-10-20 07:00:00,0.0
2025-10-20 08:00:00,0.0
2025-10-20 09:00:00,0.0
2025-10-20 10:00:00,0.0
2025-10-20 11:00:00,0.0
2025-10-20 12:00:00,0.0
2025-10-20 13:00:00,0.0
2025-10-20 14:00:00,0.0
2025-10-20 15:00:00,0.0
2025-10-20 16:00:00,0.0
2025-10-20 17:00:00,0.0
2025-10-20 18:00:00,0.0
2025-10-20 19:00:00,0.0
2025-10-20 20:00:00,0.0
2025-10-20 21:00:00,0.0
2025-10-20 22:00:00,0.0
2025-10-20 23:00:00,0.0
2025-10-21 00:00:00,0.0
2025-10-21 01:00:00,0.0
2025-10-21 02:00:00,0.0
2025-10-21 03:00:00,0.0
2025-10-21 04:00:00,0.0
2025-10-21 05:00:00,0.0
2025-10-21 06:00:00,0.0
2025-10-21 07:00:00,0.0
2025-10-21 08:00:00,0.0
2025-10-21 09:00:00,0.0
2025-10-21 10:00:00,0.0
2025-10-21 11:00:00,0.0
2025-10-21 12:00:00,0.0
2025-10-21 13:00:00,0.0
2025-10-21 14:00:00,0.0
2025-10-21 15:00:00,0.0
2025-10-21 16:00:00,0.0
2025-10-21 17:00:00,0.0
2025-10-21 18:00:00,0.0
2025-10-21 19:00:00,0.0
2025-10-21 20:00:00,0.0
2025-10-21 21:00:00,0.0
2025-10-21 22:00:00,0.0
2025-10-21 23:00:00,0.0
2025-10-22 00:00:00,0.0
2025-10-22 01:00:00,0.0
2025-10-22 02:00:00,0.0
2025-10-22 03:00:00,0.0
2025-10-22 04:00:00,0.0
2025-10-22 05:00:00,0.0
2025-10-22 06:00:00,0.0
2025-10-22 07:00:00,0.0
2025-10-22 08:00:00,0.0
2025-10-22 09:00:00,0.0
2025-10-22 10:00:00,0.0
2025-10-22 11:00:00,0.0
2025-10-22 12:00:00,0.0
2025-10-22 13:00:00,0.0
2025-10-22 14:00:00,0.0
2025-10-22 15:00:00,0.0
2025-10-22 16:00:00,0.0
2025-10-22 17:00:00,0.0
2025-10-22 18:00:00,0.0
2025-10-22 19:00:00,0.0
2025-10-22 20:00:00,0.0
2025-10-22 21:00:00,0.0
2025-10-22 22:00:00,0.0
2025-10-22 23:00:00,0.0
2025-10-23 00:00:00,0.0
2025-10-23 01:00:00,0.0
2025-10-23 02:00:00,0.0
2025-10-23 03:00:00,0.0
2025-10-23 04:00:00,0.0
2025-10-23 05:00:00,0.0
2025-10-23 06:00:00,0.0
2025-10-23 07:00:00,0.0
2025-10-23 08:00:00,0.0
2025-10-23 09:00:00,0.0
2025-10-23 10:00:00,0.0
2025-10-23 11:00:00,0.0
2025-10-23 12:00:00,0.0
2025-10-23 13:00:00,0.0
2025-10-23 14:00:00,0.0
2025-10-23 15:00:00,0.0
2025-10-23 16:00:00,0.0
2025-10-23 17:00:00,0.0
2025-10-23 18:00:00,0.0
2025-10-23 19:00:00,0.0
2025-10-23 20:00:00,0.0
2025-10-23 21:00:00,0.0
2025-10-23 22:00:00,0.0
2025-10-23 23:00:00,0.0
2025-10-29 23:00:00,0.0
2025-10-30 00:00:00,0.0
2025-10-30 01:00:00,0.0
2025-10-30 02:00:00,0.0
2025-10-30 03:00:00,0.0
2025-10-30 04:00:00,0.0
2025-10-30 05:00:00,0.0
2025-10-30 06:00:00,0.0
2025-10-30 07:00:00,0.0
2025-10-30 08:00:00,0.0
2025-10-30 09:00:00,0.0
2025-10-30 10:00:00,0.0
2025-10-30 11:00:00,0.0
2025-10-30 12:00:00,0.0
2025-10-30 13:00:00,0.0
2025-10-30 14:00:00,0.0
2025-10-30 15:00:00,0.0
2025-10-30 16:00:00,0.0
2025-10-30 17:00:00,0.0
2025-10-30 18:00:00,0.0
2025-10-30 19:00:00,0.0
2025-10-30 20:00:00,0.0
2025-10-30 21:00:00,0.0
2025-10-30 22:00:00,0.0
2025-10-30 23:00:00,0.0
2025-10-31 00:00:00,0.0
2025-10-31 01:00:00,0.0
2025-10-31 02:00:00,0.0
2025-10-31 03:00:00,0.0
2025-10-31 04:00:00,0.0
2025-10-31 05:00:00,0.0
2025-10-31 06:00:00,0.0
2025-10-31 07:00:00,0.0
2025-10-31 08:00:00,0.0
2025-10-31 09:00:00,0.0
2025-10-31 10:00:00,0.0
2025-10-31 11:00:00,0.0
2025-10-31 12:00:00,0.0
2025-10-31 13:00:00,0.0
2025-10-31 14:00:00,0.0
2025-10-31 15:00:00,0.0
2025-10-31 16:00:00,0.0
2025-10-31 17:00:00,0.0
2025-10-31 18:00:00,0.0
2025-10-31 19:00:00,0.0
2025-10-31 20:00:00,0.0
2025-10-31 21:00:00,0.0
2025-10-31 22:00:00,0.0
2025-10-31 23:00:00,0.0
2025-11-01 00:00:00,0.0
2025-11-01 01:00:00,0.0
2025-11-01 02:00:00,0.0
2025-11-01 03:00:00,0.0
2025-11-01 04:00:00,0.0
2025-11-01 05:00:00,0.0
2025-11-01 06:00:00,0.0
2025-11-01 07:00:00,0.0
2025-11-01 08:00:00,0.0
2025-11-01 09:00:00,0.0
2025-11-01 10:00:00,0.0
2025-11-01 11:00:00,0.0
2025-11-01 12:00:00,0.0
2025-11-01 13:00:00,0.0
2025-11-01 14:00:00,0.0
2025-11-01 15:00:00,0.0
2025-11-01 16:00:00,0.0
2025-11-01 17:00:00,0.0
2025-11-01 18:00:00,0.0
2025-11-01 19:00:00,0.0
2025-11-01 20:00:00,0.0
2025-11-01 21:00:00,0.0
2025-11-01 22:00:00,0.0
2025-11-01 23:00:00,0.0
2025-11-02 00:00:00,0.0
2025-11-02 01:00:00,0.0
2025-11-02 02:00:00,0.0
2025-11-02 03:00:00,0.0
2025-11-02 04:00:00,0.0
2025-11-02 05:00:00,0.0
2025-11-02 06:00:00,0.0
2025-11-02 07:00:00,0.0
2025-11-02 08:00:00,0.0
2025-11-02 09:00:00,0.0
2025-11-02 10:00:00,0.0
2025-11-02 11:00:00,0.0
2025-11-02 12:00:00,0.0
2025-11-02 13:00:00,0.0
2025-11-02 14:00:00,0.0
2025-11-02 15:00:00,0.0
2025-11-02 16:00:00,0.0
2025-11-02 17:00:00,0.0
2025-11-02 18:00:00,0.0
2025-11-02 19:00:00,0.0
2025-11-02 20:00:00,0.0
2025-11-02 21:00:00,0.0
2025-11-02 22:00:00,0.0
2025-11-02 23:00:00,0.0
2025-11-03 00:00:00,0.0
2025-11-03 01:00:00,0.0
2025-11-03 02:00:00,0.0
2025-11-03 03:00:00,0.0
2025-11-03 04:00:00,0.0
2025-11-03 05:00:00,0.0
2025-11-03 06:00:00,0.0
2025-11-03 07:00:00,0.0
2025-11-03 08:00:00,0.0
2025-11-03 09:00:00,0.0
2025-11-03 10:00:00,0.0
2025-11-03 11:00:00,0.0
2025-11-03 12:00:00,0.0
2025-11-03 13:00:00,0.0
2025-11-03 14:00:00,0.0
2025-11-03 15:00:00,0.0
2025-11-03 16:00:00,0.0
2025-11-03 17:00:00,0.0
2025-11-03 18:00:00,0.0
2025-11-03 19:00:00,0.0
2025-11-03 20:00:00,0.0
2025-11-03 21:00:00,0.0
2025-11-03 22:00:00,0.0
2025-11-03 23:00:00,0.0
2025-11-04 00:00:00,0.0
2025-11-04 01:00:00,0.0
2025-11-04 02:00:00,0.0
2025-11-04 03:00:00,0.0
2025-11-04 04:00:00,0.0
2025-11-04 05:00:00,0.0
2025-11-04 06:00:00,0.0
2025-11-04 07:00:00,0.0
2025-11-04 08:00:00,0.0
2025-11-04 09:00:00,0.0
2025-11-04 10:00:00,0.0
2025-11-04 11:00:00,0.0
2025-11-04 12:00:00,0.0
2025-11-04 13:00:00,0.0
2025-11-04 14:00:00,0.0
2025-11-04 15:00:00,0.0
2025-11-04 16:00:00,0.0
2025-11-04 17:00:00,0.0
2025-11-04 18:00:00,0.0
2025-11-04 19:00:00,0.0
2025-11-04 20:00:00,0.0
2025-11-04 21:00:00,0.0
2025-11-04 22:00:00,0.0
2025-11-04 23:00:00,0.0
2025-11-05 00:00:00,0.0
2025-11-05 01:00:00,0.0
2025-11-05 02:00:00,0.0
2025-11-05 03:00:00,0.0
2025-11-05 04:00:00,0.0
2025-11-05 05:00:00,0.0
2025-11-05 06:00:00,0.0
2025-11-05 07:00:00,0.0
2025-11-05 08:00:00,0.0
2025-11-05 09:00:00,0.0
2025-11-05 10:00:00,0.0
2025-11-05 11:00:00,0.0
2025-11-05 12:00:00,0.0
2025-11-05 13:00:00,0.0
2025-11-05 14:00:00,0.0
2025-11-05 15:00:00,0.0
2025-11-05 16:00:00,0.0
2025-11-05 17:00:00,0.0
2025-11-05 18:00:00,0.0
2025-11-05 19:00:00,0.0
2025-11-05 20:00:00,0.0
2025-11-05 21:00:00,0.0
2025-11-05 22:00:00,0.0
2025-11-05 23:00:00,0.0
2025-11-06 00:00:00,0.0
2025-11-06 01:00:00,0.0
2025-11-06 02:00:00,0.0
2025-11-06 03:00:00,0.0
2025-11-06 04:00:00,0.0
2025-11-06 05:00:00,0.0
2025-11-06 06:00:00,0.0
2025-11-06 07:00:00,0.0
2025-11-06 08:00:00,0.0
2025-11-06 09:00:00,0.0
2025-11-06 10:00:00,0.0
2025-11-06 11:00:00,0.0
2025-11-06 12:00:00,0.0
2025-11-06 13:00:00,0.0
2025-11-06 14:00:00,0.0
2025-11-06 15:00:00,0.0
2025-11-06 16:00:00,0.0
2025-11-06 17:00:00,0.0
2025-11-06 18:00:00,0.0
2025-11-06 19:00:00,0.0
2025-11-06 20:00:00,0.0
2025-11-06 21:00:00,0.0
2025-11-06 22:00:00,0.0
2025-11-06 23:00:00,0.0
2025-11-07 00:00:00,0.0
2025-11-07 01:00:00,0.0
2025-11-07 02:00:00,0.0
2025-11-07 03:00:00,0.0
2025-11-07 04:00:00,0.0
2025-11-07 05:00:00,0.0
2025-11-07 06:00:00,0.0
2025-11-07 07:00:00,0.0
2025-11-07 08:00:00,0.0
2025-11-07 09:00:00,0.0
2025-11-07 10:00:00,0.0
2025-11-07 11:00:00,0.0
2025-11-07 12:00:00,0.0
2025-11-07 13:00:00,0.0
2025-11-07 14:00:00,0.0
2025-11-07 15:00:00,0.0
2025-11-07 16:00:00,0.0
2025-11-07 17:00:00,0.0
2025-11-07 18:00:00,0.0
2025-11-07 19:00:00,0.0
2025-11-07 20:00:00,0.0
2025-11-07 21:00:00,0.0
2025-11-07 22:00:00,0.0
2025-11-07 23:00:00,0.0
2025-11-08 00:00:00,0.0
2025-11-08 01:00:00,0.0
2025-11-08 02:00:00,0.0
2025-11-08 03:00:00,0.0
2025-11-08 04:00:00,0.0
2025-11-08 05:00:00,0.0
2025-11-08 06:00:00,0.0
2025-11-08 07:00:00,0.0
2025-11-08 08:00:00,0.0
2025-11-08 09:00:00,0.0
2025-11-08 10:00:00,0.0
2025-11-08 11:00:00,0.0
2025-11-08 12:00:00,0.0
2025-11-08 13:00:00,0.0
2025-11-08 14:00:00,0.0
2025-11-08 15:00:00,0.0
2025-11-08 16:00:00,0.0
2025-11-08 17:00:00,0.0
2025-11-08 18:00:00,0.0
2025-11-08 19:00:00,0.0
2025-11-08 20:00:00,0.0
2025-11-08 21:00:00,0.0
2025-11-08 22:00:00,0.0
2025-11-08 23:00:00,0.0
2025-11-09 00:00:00,0.0
2025-11-09 01:00:00,0.0
2025-11-09 02:00:00,0.0
2025-11-09 03:00:00,0.0
2025-11-09 04:00:00,0.0
2025-11-09 05:00:00,0.0
2025-11-09 06:00:00,0.0
2025-11-09 07:00:00,0.0
2025-11-09 08:00:00,0.0
2025-11-09 09:00:00,0.0
2025-11-09 10:00:00,0.0
2025-11-09 11:00:00,0.0
2025-11-09 12:00:00,0.0
2025-11-09 13:00:00,0.0
2025-11-09 14:00:00,0.0
2025-11-09 15:00:00,0.0
2025-11-09 16:00:00,0.0
2025-11-09 17:00:00,0.0
2025-11-09 18:00:00,0.0
2025-11-09 19:00:00,0.0
2025-11-09 20:00:00,0.0
2025-11-09 21:00:00,0.0
2025-11-09 22:00:00,0.0
2025-11-09 23:00:00,0.0
2025-11-10 00:00:00,0.0
2025-11-10 01:00:00,0.0
2025-11-10 02:00:00,0.0
2025-11-10 03:00:00,0.0
2025-11-10 04:00:00,0.0
2025-11-10 05:00:00,0.0
2025-11-10 06:00:00,0.0
2025-11-10 07:00:00,0.0
2025-11-10 08:00:00,0.0
2025-11-10 09:00:00,0.0
2025-11-10 10:00:00,0.0
2025-11-10 11:00:00,0.0
2025-11-10 12:00:00,0.0
2025-11-10 13:00:00,0.0
2025-11-10 14:00:00,0.0
2025-11-10 15:00:00,0.0
2025-11-10 16:00:00,0.0
2025-11-10 17:00:00,0.0
2025-11-10 18:00:00,0.0
2025-11-10 19:00:00,0.0
2025-11-10 20:00:00,0.0
2025-11-10 21:00:00,0.0
2025-11-10 22:00:00,0.0
2025-11-10 23:00:00,0.0
2025-11-11 00:00:00,0.0
2025-11-11 01:00:00,0.0
2025-11-11 02:00:00,0.0
2025-11-11 03:00:00,0.0
2025-11-11 04:00:00,0.0
2025-11-11 05:00:00,0.0
2025-11-11 06:00:00,0.0
2025-11-11 07:00:00,0.0
2025-11-11 08:00:00,0.0
2025-11-11 09:00:00,0.0
2025-11-11 10:00:00,0.0
2025-11-11 11:00:00,0.0
2025-11-11 12:00:00,0.0
2025-11-11 13:00:00,0.0
2025-11-11 14:00:00,0.0
2025-11-11 15:00:00,0.0
2025-11-11 16:00:00,0.0
2025-11-11 17:00:00,0.0
2025-11-11 18:00:00,0.0
2025-11-11 19:00:00,0.0
2025-11-11 20:00:00,0.0
2025-11-11 21:00:00,0.0
2025-11-11 22:00:00,0.0
2025-11-11 23:00:00,0.0
2025-11-12 00:00:00,0.0
2025-11-12 01:00:00,0.0
2025-11-12 02:00:00,0.0
2025-11-12 03:00:00,0.0
2025-11-12 04:00:00,0.0
2025-11-12 05:00:00,0.0
2025-11-12 06:00:00,0.0
2025-11-12 07:00:00,0.0
2025-11-12 08:00:00,0.0
2025-11-12 09:00:00,0.0
2025-11-12 10:00:00,0.0
2025-11-12 11:00:00,0.0
2025-11-12 12:00:00,0.0
2025-11-12 13:00:00,0.0
2025-11-12 14:00:00,0.0
2025-11-12 15:00:00,0.0
2025-11-12 16:00:00,0.0
2025-11-12 17:00:00,0.0
2025-11-12 18:00:00,0.0
2025-11-12 19:00:00,0.0
2025-11-12 20:00:00,0.0
2025-11-12 21:00:00,0.0
2025-11-12 22:00:00,0.0
2025-11-12 23:00:00,0.0
2025-11-13 00:00:00,0.0
2025-11-13 01:00:00,0.0
2025-11-13 02:00:00,0.0
2025-11-13 03:00:00,0.0
2025-11-13 04:00:00,0.0
2025-11-13 05:00:00,0.0
2025-11-13 06:00:00,0.0
2025-11-13 07:00:00,0.0
2025-11-13 08:00:00,0.0
2025-11-13 09:00:00,0.0
2025-11-13 10:00:00,0.0
2025-11-13 11:00:00,0.0
2025-11-13 12:00:00,0.0
2025-11-13 13:00:00,0.0
2025-11-13 14:00:00,0.0
2025-11-13 15:00:00,0.0
2025-11-13 16:00:00,0.0
2025-11-13 17:00:00,0.0
2025-11-13 18:00:00,0.0
2025-11-13 19:00:00,0.0
2025-11-13 20:00:00,0.0
2025-11-13 21:00:00,0.0
2025-11-13 22:00:00,0.0
2025-11-13 23:00:00,0.0
2025-11-14 00:00:00,0.0
2025-11-14 01:00:00,0.0
2025-11-14 02:00:00,0.0
2025-11-14 03:00:00,0.0
2025-11-14 04:00:00,0.0
2025-11-14 05:00:00,0.0
2025-11-14 06:00:00,0.0
2025-11-14 07:00:00,0.0
2025-11-14 08:00:00,0.0
2025-11-14 09:00:00,0.0
2025-11-14 10:00:00,0.0
2025-11-14 11:00:00,0.0
2025-11-14 12:00:00,0.0
2025-11-14 13:00:00,0.0
2025-11-14 14:00:00,0.0
2025-11-14 15:00:00,0.0
2025-11-14 16:00:00,0.0
2025-11-14 17:00:00,0.0
2025-11-14 18:00:00,0.0
2025-11-14 19:00:00,0.0
2025-11-14 20:00:00,0.0
2025-11-14 21:00:00,0.0
2025-11-14 22:00:00,0.0
2025-11-14 23:00:00,0.0
2025-11-15 00:00:00,0.0
2025-11-15 01:00:00,0.0
2025-11-15 02:00:00,0.0
2025-11-15 03:00:00,0.0
2025-11-15 04:00:00,0.0
2025-11-15 05:00:00,0.0
2025-11-15 06:00:00,0.0
2025-11-15 07:00:00,0.0
2025-11-15 08:00:00,0.0
2025-11-15 09:00:00,0.0
2025-11-15 10:00:00,0.0
2025-11-15 11:00:00,0.0
2025-11-15 12:00:00,0.0
2025-11-15 13:00:00,0.0
2025-11-15 14:00:00,0.0
2025-11-15 15:00:00,0.0
2025-11-15 16:00:00,0.0
2025-11-15 17:00:00,0.0
2025-11-15 18:00:00,0.0
2025-11-15 19:00:00,0.0
2025-11-15 20:00:00,0.0
2025-11-15 21:00:00,0.0
2025-11-15 22:00:00,0.0
2025-11-15 23:00:00,0.0
2025-11-16 00:00:00,0.0
2025-11-16 01:00:00,0.0
2025-11-16 02:00:00,0.0
2025-11-16 03:00:00,0.0
2025-11-16 04:00:00,0.0
2025-11-16 05:00:00,0.0
2025-11-16 06:00:00,0.0
2025-11-16 07:00:00,0.0
2025-11-16 08:00:00,0.0
2025-11-16 09:00:00,0.0
2025-11-16 10:00:00,0.0
2025-11-16 11:00:00,0.0
2025-11-16 12:00:00,0.0
2025-11-16 13:00:00,0.0
2025-11-16 14:00:00,0.0
2025-11-16 15:00:00,0.0
2025-11-16 16:00:00,0.0
2025-11-16 17:00:00,0.0
2025-11-16 18:00:00,0.0
2025-11-16 19:00:00,0.0
2025-11-16 20:00:00,0.0
2025-11-16 21:00:00,0.0
2025-11-16 22:00:00,0.0
2025-11-16 23:00:00,0.0
2025-11-17 00:00:00,0.0
2025-11-17 01:00:00,0.0
2025-11-17 02:00:00,0.0
2025-11-17 03:00:00,0.0
2025-11-17 04:00:00,0.0
2025-11-17 05:00:00,0.0
2025-11-17 06:00:00,0.0
2025-11-17 07:00:00,0.0
2025-11-17 08:00:00,0.0
2025-11-17 09:00:00,0.0
2025-11-17 10:00:00,0.0
2025-11-17 11:00:00,0.0
2025-11-17 12:00:00,0.0
2025-11-17 13:00:00,0.0
2025-11-17 14:00:00,0.0
2025-11-17 15:00:00,0.0
2025-11-17 16:00:00,0.0
2025-11-17 17:00:00,0.0
2025-11-17 18:00:00,0.0
2025-11-17 19:00:00,0.0
2025-11-17 20:00:00,0.0
2025-11-17 21:00:00,0.0
2025-11-17 22:00:00,0.0
2025-11-17 23:00:00,0.0
2025-11-18 00:00:00,0.0
2025-11-18 01:00:00,0.0
2025-11-18 02:00:00,0.0
2025-11-18 03:00:00,0.0
2025-11-18 04:00:00,0.0
2025-11-18 05:00:00,0.0
2025-11-18 06:00:00,0.0
2025-11-18 07:00:00,0.0
2025-11-18 08:00:00,0.0
2025-11-18 09:00:00,0.0
2025-11-18 10:00:00,0.0
2025-11-18 11:00:00,0.0
2025-11-18 12:00:00,0.0
2025-11-18 13:00:00,0.0
2025-11-18 14:00:00,0.0
2025-11-18 15:00:00,0.0
2025-11-18 16:00:00,0.0
2025-11-18 17:00:00,0.0
2025-11-18 18:00:00,0.0
2025-11-18 19:00:00,0.0
2025-11-18 20:00:00,0.0
2025-11-18 21:00:00,0.0
2025-11-18 22:00:00,0.0
2025-11-18 23:00:00,0.0
2025-11-19 00:00:00,0.0
2025-11-19 01:00:00,0.0
2025-11-19 02:00:00,0.0
2025-11-19 03:00:00,0.0
2025-11-19 04:00:00,0.0
2025-11-19 05:00:00,0.0
2025-11-19 06:00:00,0.0
2025-11-19 07:00:00,0.0
2025-11-19 08:00:00,0.0
2025-11-19 09:00:00,0.0
2025-11-19 10:00:00,0.0
2025-11-19 11:00:00,0.0
2025-11-19 12:00:00,0.0
2025-11-19 13:00:00,0.0
2025-11-19 14:00:00,0.0
2025-11-19 15:00:00,0.0
2025-11-19 16:00:00,0.0
2025-11-19 17:00:00,0.0
2025-11-19 18:00:00,0.0
2025-11-19 19:00:00,0.0
2025-11-19 20:00:00,0.0
2025-11-19 21:00:00,0.0
2025-11-19 22:00:00,0.0
2025-11-19 23:00:00,0.0
2025-11-20 00:00:00,0.0
2025-11-20 01:00:00,0.0
2025-11-20 02:00:00,0.0
2025-11-20 03:00:00,0.0
2025-11-20 04:00:00,0.0
2025-11-20 05:00:00,0.0
2025-11-20 06:00:00,0.0
2025-11-20 07:00:00,0.0
2025-11-20 08:00:00,0.0
2025-11-20 09:00:00,0.0
2025-11-20 10:00:00,0.0
2025-11-20 11:00:00,0.0
2025-11-20 12:00:00,0.0
2025-11-20 13:00:00,0.0
2025-11-20 14:00:00,0.0
2025-11-20 15:00:00,0.0
2025-11-20 16:00:00,0.0
2025-11-20 17:00:00,0.0
2025-11-20 18:00:00,0.0
2025-11-20 19:00:00,0.0
2025-11-20 20:00:00,0.0
2025-11-20 21:00:00,0.0
2025-11-20 22:00:00,0.0
2025-11-20 23:00:00,0.0
2025-11-21 00:00:00,0.0
2025-11-21 01:00:00,0.0
2025-11-21 02:00:00,0.0
2025-11-21 03:00:00,0.0
2025-11-21 04:00:00,0.0
2025-11-21 05:00:00,0.0
2025-11-21 06:00:00,0.0
2025-11-21 07:00:00,0.0
2025-11-21 08:00:00,0.0
2025-11-21 09:00:00,0.0
2025-11-21 10:00:00,0.0
2025-11-21 11:00:00,0.0
2025-11-21 12:00:00,0.0
2025-11-21 13:00:00,0.0
2025-11-21 14:00:00,0.0
2025-11-21 15:00:00,0.0
2025-11-21 16:00:00,0.0
2025-11-21 17:00:00,0.0
2025-11-21 18:00:00,0.0
2025-11-21 19:00:00,0.0
2025-11-21 20:00:00,0.0
2025-11-21 21:00:00,0.0
2025-11-21 22:00:00,0.0
2025-11-21 23:00:00,0.0
2025-11-22 00:00:00,0.0
2025-11-22 01:00:00,0.0
2025-11-22 02:00:00,0.0
2025-11-22 03:00:00,0.0
2025-11-22 04:00:00,0.0
2025-11-22 05:00:00,0.0
2025-11-22 06:00:00,0.0
2025-11-22 07:00:00,0.0
2025-11-22 08:00:00,0.0
2025-11-22 09:00:00,0.0
2025-11-22 10:00:00,0.0
2025-11-22 11:00:00,0.0
2025-11-22 12:00:00,0.0
2025-11-22 13:00:00,0.0
2025-11-22 14:00:00,0.0
2025-11-22 15:00:00,0.0
2025-11-22 16:00:00,0.0
2025-11-22 17:00:00,0.0
2025-11-22 18:00:00,0.0
2025-11-22 19:00:00,0.0
2025-11-22 20:00:00,0.0
2025-11-22 21:00:00,0.0
2025-11-22 22:00:00,0.0
2025-11-22 23:00:00,0.0
2025-11-23 00:00:00,0.0
2025-11-23 01:00:00,0.0
2025-11-23 02:00:00,0.0
2025-11-23 03:00:00,0.0
2025-11-23 04:00:00,0.0
2025-11-23 05:00:00,0.0
2025-11-23 06:00:00,0.0
2025-11-23 07:00:00,0.0
2025-11-23 08:00:00,0.0
2025-11-23 09:00:00,0.0
2025-11-23 10:00:00,0.0
2025-11-23 11:00:00,0.0
2025-11-23 12:00:00,0.0
2025-11-23 13:00:00,0.0
2025-11-23 14:00:00,0.0
2025-11-23 15:00:00,0.0
2025-11-23 16:00:00,0.0
2025-11-23 17:00:00,0.0
2025-11-23 18:00:00,0.0
2025-11-23 19:00:00,0.0
2025-11-23 20:00:00,0.0
2025-11-23 21:00:00,0.0
2025-11-23 22:00:00,0.0
2025-11-23 23:00:00,0.0
2025-11-24 00:00:00,0.0
2025-11-24 01:00:00,0.0
2025-11-24 02:00:00,0.0
2025-11-24 03:00:00,0.0
2025-11-24 04:00:00,0.0
2025-11-24 05:00:00,0.0
2025-11-24 06:00:00,0.0
2025-11-24 07:00:00,0.0
2025-11-24 08:00:00,0.0
2025-11-24 09:00:00,0.0
2025-11-24 10:00:00,0.0
2025-11-24 11:00:00,0.0
2025-11-24 12:00:00,0.0
2025-11-24 13:00:00,0.0
2025-11-24 14:00:00,0.0
2025-11-24 15:00:00,0.0
2025-11-24 16:00:00,0.0
2025-11-24 17:00:00,0.0
2025-11-24 18:00:00,0.0
2025-11-24 19:00:00,0.0
2025-11-24 20:00:00,0.0
2025-11-24 21:00:00,0.0
2025-11-24 22:00:00,0.0
2025-11-24 23:00:00,0.0
2025-11-25 00:00:00,0.0
2025-11-25 01:00:00,0.0
2025-11-25 02:00:00,0.0
2025-11-25 03:00:00,0.0
2025-11-25 04:00:00,0.0
2025-11-25 05:00:00,0.0
2025-11-25 06:00:00,0.0
2025-11-25 07:00:00,0.0
2025-11-25 08:00:00,0.0
2025-11-25 09:00:00,0.0
2025-11-25 10:00:00,0.0
2025-11-25 11:00:00,0.0
2025-11-25 12:00:00,0.0
2025-11-25 13:00:00,0.0
2025-11-25 14:00:00,0.0
2025-11-25 15:00:00,0.0
2025-11-25 16:00:00,0.0
2025-11-25 17:00:00,0.0
2025-11-25 18:00:00,0.0
2025-11-25 19:00:00,0.0
2025-11-25 20:00:00,0.0
2025-11-25 21:00:00,0.0
2025-11-25 22:00:00,0.0
2025-11-25 23:00:00,0.0
2025-11-26 00:00:00,0.0
2025-11-26 01:00:00,0.0
2025-11-26 02:00:00,0.0
2025-11-26 03:00:00,0.0
2025-11-26 04:00:00,0.0
2025-11-26 05:00:00,0.0
2025-11-26 06:00:00,0.0
2025-11-26 07:00:00,0.0
2025-11-26 08:00:00,0.0
2025-11-26 09:00:00,0.0
2025-11-26 10:00:00,0.0
2025-11-26 11:00:00,0.0
2025-11-26 12:00:00,0.0
2025-11-26 13:00:00,0.0
2025-11-26 14:00:00,0.0
2025-11-26 15:00:00,0.0
2025-11-26 16:00:00,0.0
2025-11-26 17:00:00,0.0
2025-11-26 18:00:00,0.0
2025-11-26 19:00:00,0.0
2025-11-26 20:00:00,0.0
2025-11-26 21:00:00,0.0
2025-11-26 22:00:00,0.0
2025-11-26 23:00:00,0.0
2025-11-27 00:00:00,0.0
2025-11-27 01:00:00,0.0
2025-11-27 02:00:00,0.0
2025-11-27 03:00:00,0.0
2025-11-27 04:00:00,0.0
2025-11-27 05:00:00,0.0
2025-11-27 06:00:00,0.0
2025-11-27 07:00:00,0.0
2025-11-27 08:00:00,0.0
2025-11-27 09:00:00,0.0
2025-11-27 10:00:00,0.0
2025-11-27 11:00:00,0.0
2025-11-27 12:00:00,0.0
2025-11-27 13:00:00,0.0
2025-11-27 14:00:00,0.0
2025-11-27 15:00:00,0.0
2025-11-27 16:00:00,0.0
2025-11-27 17:00:00,0.0
2025-11-27 18:00:00,0.0
2025-11-27 19:00:00,0.0
2025-11-27 20:00:00,0.0
2025-11-27 21:00:00,0.0
2025-11-27 22:00:00,0.0
2025-11-27 23:00:00,0.0
2025-11-28 00:00:00,0.0
2025-11-28 01:00:00,0.0
2025-11-28 02:00:00,0.0
2025-11-28 03:00:00,0.0
2025-11-28 04:00:00,0.0
2025-11-28 05:00:00,0.0
2025-11-28 06:00:00,0.0
2025-11-28 07:00:00,0.0
2025-11-28 08:00:00,0.0
2025-11-28 09:00:00,0.0
2025-11-28 10:00:00,0.0
2025-11-28 11:00:00,0.0
2025-11-28 12:00:00,0.0
2025-11-28 13:00:00,0.0
2025-11-28 14:00:00,0.0
2025-11-28 15:00:00,0.0
2025-11-28 16:00:00,0.0
2025-11-28 17:00:00,0.0
2025-11-28 18:00:00,0.0
2025-11-28 19:00:00,0.0
2025-11-28 20:00:00,0.0
2025-11-28 21:00:00,0.0
2025-11-28 22:00:00,0.0
2025-11-28 23:00:00,0.0
2025-11-29 00:00:00,0.0
2025-11-29 01:00:00,0.0
2025-11-29 02:00:00,0.0
2025-11-29 03:00:00,0.0
2025-11-29 04:00:00,0.0
2025-11-29 05:00:00,0.0
2025-11-29 06:00:00,0.0
2025-11-29 07:00:00,0.0
2025-11-29 08:00:00,0.0
2025-11-29 09:00:00,0.0
2025-11-29 10:00:00,0.0
2025-11-29 11:00:00,0.0
2025-11-29 12:00:00,0.0
2025-11-29 13:00:00,0.0
2025-11-29 14:00:00,0.0
2025-11-29 15:00:00,0.0
2025-11-29 16:00:00,0.0
2025-11-29 17:00:00,0.0
2025-11-29 18:00:00,0.0
2025-11-29 19:00:00,0.0
2025-11-29 20:00:00,0.0
2025-11-29 21:00:00,0.0
2025-11-29 22:00:00,0.0
2025-11-29 23:00:00,0.0
2025-11-30 00:00:00,0.0
2025-11-30 01:00:00,0.0
2025-11-30 02:00:00,0.0
2025-11-30 03:00:00,0.0
2025-11-30 04:00:00,0.0
2025-11-30 05:00:00,0.0
2025-11-30 06:00:00,0.0
2025-11-30 07:00:00,0.0
2025-11-30 08:00:00,0.0
2025-11-30 09:00:00,0.0
2025-11-30 10:00:00,0.0
2025-11-30 11:00:00,0.0
2025-11-30 12:00:00,0.0
2025-11-30 13:00:00,0.0
2025-11-30 14:00:00,0.0
2025-11-30 15:00:00,0.0
2025-11-30 16:00:00,0.0
2025-11-30 17:00:00,0.0
2025-11-30 18:00:00,0.0
2025-11-30 19:00:00,0.0
2025-11-30 20:00:00,0.0
2025-11-30 21:00:00,0.0
2025-11-30 22:00:00,0.0
2025-11-30 23:00:00,0.0
2025-12-01 00:00:00,0.0
2025-12-01 01:00:00,0.0
2025-12-01 02:00:00,0.0
2025-12-01 03:00:00,0.0
2025-12-01 04:00:00,0.0
2025-12-01 05:00:00,0.0
2025-12-01 06:00:00,0.0
2025-12-01 07:00:00,0.0
2025-12-01 08:00:00,0.0
2025-12-01 09:00:00,0.0
2025-12-01 10:00:00,0.0
2025-12-01 11:00:00,0.0
2025-12-01 12:00:00,0.0
2025-12-01 13:00:00,0.0
2025-12-01 14:00:00,0.0
2025-12-01 15:00:00,0.0
2025-12-01 16:00:00,0.0
2025-12-01 17:00:00,0.0
2025-12-01 18:00:00,0.0
2025-12-01 19:00:00,0.0
2025-12-01 20:00:00,0.0
2025-12-01 21:00:00,0.0
2025-12-01 22:00:00,0.0
2025-12-01 23:00:00,0.0
2025-12-02 00:00:00,0.0
2025-12-02 01:00:00,0.0
2025-12-02 02:00:00,0.0
2025-12-02 03:00:00,0.0
2025-12-02 04:00:00,0.0
2025-12-02 05:00:00,0.0
2025-12-02 06:00:00,0.0
2025-12-02 07:00:00,0.0
2025-12-02 08:00:00,0.0
2025-12-02 09:00:00,0.0
2025-12-02 10:00:00,0.0
2025-12-02 11:00:00,0.0
2025-12-02 12:00:00,0.0
2025-12-02 13:00:00,0.0
2025-12-02 14:00:00,0.0
2025-12-02 15:00:00,0.0
2025-12-02 16:00:00,0.0
2025-12-02 17:00:00,0.0
2025-12-02 18:00:00,0.0
2025-12-02 19:00:00,0.0
2025-12-02 20:00:00,0.0
2025-12-02 21:00:00,0.0
2025-12-02 22:00:00,0.0
2025-12-02 23:00:00,0.0
2025-12-03 00:00:00,0.0
2025-12-03 01:00:00,0.0
2025-12-03 02:00:00,0.0
2025-12-03 03:00:00,0.0
2025-12-03 04:00:00,0.0
2025-12-03 05:00:00,0.0
2025-12-03 06:00:00,0.0
2025-12-03 07:00:00,0.0
2025-12-03 08:00:00,0.0
2025-12-03 09:00:00,0.0
2025-12-03 10:00:00,0.0
2025-12-03 11:00:00,0.0
2025-12-03 12:00:00,0.0
2025-12-03 13:00:00,0.0
2025-12-03 14:00:00,0.0
2025-12-03 15:00:00,0.0
2025-12-03 16:00:00,0.0
2025-12-03 17:00:00,0.0
2025-12-03 18:00:00,0.0
2025-12-03 19:00:00,0.0
2025-12-03 20:00:00,0.0
2025-12-03 21:00:00,0.0
2025-12-03 22:00:00,0.0
2025-12-03 23:00:00,0.0
2025-12-04 00:00:00,0.0
2025-12-04 01:00:00,0.0
2025-12-04 02:00:00,0.0
2025-12-04 03:00:00,0.0
2025-12-04 04:00:00,0.0
2025-12-04 05:00:00,0.0
2025-12-04 06:00:00,0.0
2025-12-04 07:00:00,0.0
2025-12-04 08:00:00,0.0
2025-12-04 09:00:00,0.0
2025-12-04 10:00:00,0.0
2025-12-04 11:00:00,0.0
2025-12-04 12:00:00,0.0
2025-12-04 13:00:00,0.0
2025-12-04 14:00:00,0.0
2025-12-04 15:00:00,0.0
2025-12-04 16:00:00,0.0
2025-12-04 17:00:00,0.0
2025-12-04 18:00:00,0.0
2025-12-04 19:00:00,0.0
2025-12-04 20:00:00,0.0
2025-12-04 21:00:00,0.0
2025-12-04 22:00:00,0.0
2025-12-04 23:00:00,0.0
2025-12-05 00:00:00,0.0
2025-12-05 01:00:00,0.0
2025-12-05 02:00:00,0.0
2025-12-05 03:00:00,0.0
2025-12-05 04:00:00,0.0
2025-12-05 05:00:00,0.0
2025-12-05 06:00:00,0.0
2025-12-05 07:00:00,0.0
2025-12-05 08:00:00,0.0
2025-12-05 09:00:00,0.0
2025-12-05 10:00:00,0.0
2025-12-05 11:00:00,0.0
2025-12-05 12:00:00,0.0
2025-12-05 13:00:00,0.0
2025-12-05 14:00:00,0.0
2025-12-05 15:00:00,0.0
2025-12-05 16:00:00,0.0
2025-12-05 17:00:00,0.0
2025-12-05 18:00:00,0.0
2025-12-05 19:00:00,0.0
2025-12-05 20:00:00,0.0
2025-12-05 21:00:00,0.0
2025-12-05 22:00:00,0.0
2025-12-05 23:00:00,0.0
2025-12-06 00:00:00,0.0
2025-12-06 01:00:00,0.0
2025-12-06 02:00:00,0.0
2025-12-06 03:00:00,0.0
2025-12-06 04:00:00,0.0
2025-12-06 05:00:00,0.0
2025-12-06 06:00:00,0.0
2025-12-06 07:00:00,0.0
2025-12-06 08:00:00,0.0
2025-12-06 09:00:00,0.0
2025-12-06 10:00:00,0.0
2025-12-06 11:00:00,0.0
2025-12-06 12:00:00,0.0
2025-12-06 13:00:00,0.0
2025-12-06 14:00:00,0.0
2025-12-06 15:00:00,0.0
2025-12-06 16:00:00,0.0
2025-12-06 17:00:00,0.0
2025-12-06 18:00:00,0.0
2025-12-06 19:00:00,0.0
2025-12-06 20:00:00,0.0
2025-12-06 21:00:00,0.0
2025-12-06 22:00:00,0.0
2025-12-06 23:00:00,0.0
2025-12-07 00:00:00,0.0
2025-12-07 01:00:00,0.0
2025-12-07 02:00:00,0.0
2025-12-07 03:00:00,0.0
2025-12-07 04:00:00,0.0
2025-12-07 05:00:00,0.0
2025-12-07 06:00:00,0.0
2025-12-07 07:00:00,0.0
2025-12-07 08:00:00,0.0
2025-12-07 09:00:00,0.0
2025-12-07 10:00:00,0.0
2025-12-07 11:00:00,0.0
2025-12-07 12:00:00,0.0
2025-12-07 13:00:00,0.0
2025-12-07 14:00:00,0.0
2025-12-07 15:00:00,0.0
2025-12-07 16:00:00,0.0
2025-12-07 17:00:00,0.0
2025-12-07 18:00:00,0.0
2025-12-07 19:00:00,0.0
2025-12-07 20:00:00,0.0
2025-12-07 21:00:00,0.0
2025-12-07 22:00:00,0.0
2025-12-07 23:00:00,0.0
2025-12-08 00:00:00,0.0
2025-12-08 01:00:00,0.0
2025-12-08 02:00:00,0.0
2025-12-08 03:00:00,0.0
2025-12-08 04:00:00,0.0
2025-12-08 05:00:00,0.0
2025-12-08 06:00:00,0.0
2025-12-08 07:00:00,0.0
2025-12-08 08:00:00,0.0
2025-12-08 09:00:00,0.0
2025-12-08 10:00:00,0.0
2025-12-08 11:00:00,0.0
2025-12-08 12:00:00,0.0
2025-12-08 13:00:00,0.0
2025-12-08 14:00:00,0.0
2025-12-08 15:00:00,0.0
2025-12-08 16:00:00,0.0
2025-12-08 17:00:00,0.0
2025-12-08 18:00:00,0.0
2025-12-08 19:00:00,0.0
2025-12-08 20:00:00,0.0
2025-12-08 21:00:00,0.0
2025-12-08 22:00:00,0.0
2025-12-08 23:00:00,0.0
2025-12-09 00:00:00,0.0
2025-12-09 01:00:00,0.0
2025-12-09 02:00:00,0.0
2025-12-09 03:00:00,0.0
2025-12-09 04:00:00,0.0
2025-12-09 05:00:00,0.0
2025-12-09 06:00:00,0.0
2025-12-09 07:00:00,0.0
2025-12-09 08:00:00,0.0
2025-12-09 09:00:00,0.0
2025-12-09 10:00:00,0.0
2025-12-09 11:00:00,0.0
2025-12-09 12:00:00,0.0
2025-12-09 13:00:00,0.0
2025-12-09 14:00:00,0.0
2025-12-09 15:00:00,0.0
2025-12-09 16:00:00,0.0
2025-12-09 17:00:00,0.0
2025-12-09 18:00:00,0.0
2025-12-09 19:00:00,0.0
2025-12-09 20:00:00,0.0
2025-12-09 21:00:00,0.0
2025-12-09 22:00:00,0.0
2025-12-09 23:00:00,0.0
2025-12-10 00:00:00,0.0
2025-12-10 01:00:00,0.0
2025-12-10 02:00:00,0.0
2025-12-10 03:00:00,0.0
2025-12-10 04:00:00,0.0
2025-12-10 05:00:00,0.0
2025-12-10 06:00:00,0.0
2025-12-10 07:00:00,0.0
2025-12-10 08:00:00,0.0
2025-12-10 09:00:00,0.0
2025-12-10 10:00:00,0.0
2025-12-10 11:00:00,0.0
2025-12-10 12:00:00,0.0
2025-12-10 13:00:00,0.0
2025-12-10 14:00:00,0.0
2025-12-10 15:00:00,0.0
2025-12-10 16:00:00,0.0
2025-12-10 17:00:00,0.0
2025-12-10 18:00:00,0.0
2025-12-10 19:00:00,0.0
2025-12-10 20:00:00,0.0
2025-12-10 21:00:00,0.0
2025-12-10 22:00:00,0.0
2025-12-10 23:00:00,0.0
2025-12-11 00:00:00,0.0
2025-12-11 01:00:00,0.0
2025-12-11 02:00:00,0.0
2025-12-11 03:00:00,0.0
2025-12-11 04:00:00,0.0
2025-12-11 05:00:00,0.0
2025-12-11 06:00:00,0.0
2025-12-11 07:00:00,0.0
2025-12-11 08:00:00,0.0
2025-12-11 09:00:00,0.0
2025-12-11 10:00:00,0.0
2025-12-11 11:00:00,0.0
2025-12-11 12:00:00,0.0
2025-12-11 13:00:00,0.0
2025-12-11 14:00:00,0.0
2025-12-11 15:00:00,0.0
2025-12-11 16:00:00,0.0
2025-12-11 17:00:00,0.0
2025-12-11 18:00:00,0.0
2025-12-11 19:00:00,0.0
2025-12-11 20:00:00,0.0
2025-12-11 21:00:00,0.0
2025-12-11 22:00:00,0.0
2025-12-11 23:00:00,0.0
2025-12-12 00:00:00,0.0
2025-12-12 01:00:00,0.0
2025-12-12 02:00:00,0.0
2025-12-12 03:00:00,0.0
2025-12-12 04:00:00,0.0
2025-12-12 05:00:00,0.0
2025-12-12 06:00:00,0.0
2025-12-12 07:00:00,0.0
2025-12-12 08:00:00,0.0
2025-12-12 09:00:00,0.0
2025-12-12 10:00:00,0.0
2025-12-12 11:00:00,0.0
2025-12-12 12:00:00,0.0
2025-12-12 13:00:00,0.0
2025-12-12 14:00:00,0.0
2025-12-12 15:00:00,0.0
2025-12-12 16:00:00,0.0
2025-12-12 17:00:00,0.0
2025-12-12 18:00:00,0.0
2025-12-12 19:00:00,0.0
2025-12-12 20:00:00,0.0
2025-12-12 21:00:00,0.0
2025-12-12 22:00:00,0.0
2025-12-12 23:00:00,0.0
2025-12-13 00:00:00,0.0
2025-12-13 01:00:00,0.0
2025-12-13 02:00:00,0.0
2025-12-13 03:00:00,0.0
2025-12-13 04:00:00,0.0
2025-12-13 05:00:00,0.0
2025-12-13 06:00:00,0.0
2025-12-13 07:00:00,0.0
2025-12-13 08:00:00,0.0
2025-12-13 09:00:00,0.0
2025-12-13 10:00:00,0.0
2025-12-13 11:00:00,0.0
2025-12-13 12:00:00,0.0
2025-12-13 13:00:00,0.0
2025-12-13 14:00:00,0.0
2025-12-13 15:00:00,0.0
2025-12-13 16:00:00,0.0
2025-12-13 17:00:00,0.0
2025-12-13 18:00:00,0.0
2025-12-13 19:00:00,0.0
2025-12-13 20:00:00,0.0
2025-12-13 21:00:00,0.0
2025-12-13 22:00:00,0.0
2025-12-13 23:00:00,0.0
2025-12-14 00:00:00,0.0
2025-12-14 01:00:00,0.0
2025-12-14 02:00:00,0.0
2025-12-14 03:00:00,0.0
2025-12-14 04:00:00,0.0
2025-12-14 05:00:00,0.0
2025-12-14 06:00:00,0.0
2025-12-14 07:00:00,0.0
2025-12-14 08:00:00,0.0
2025-12-14 09:00:00,0.0
2025-12-14 10:00:00,0.0
2025-12-14 11:00:00,0.0
2025-12-14 12:00:00,0.0
2025-12-14 13:00:00,0.0
2025-12-14 14:00:00,0.0
2025-12-14 15:00:00,0.0
2025-12-14 16:00:00,0.0
2025-12-14 17:00:00,0.0
2025-12-14 18:00:00,0.0
2025-12-14 19:00:00,0.0
2025-12-14 20:00:00,0.0
2025-12-14 21:00:00,0.0
2025-12-14 22:00:00,0.0
2025-12-14 23:00:00,0.0
2025-12-15 00:00:00,0.0
2025-12-15 01:00:00,0.0
2025-12-15 02:00:00,0.0
2025-12-15 03:00:00,0.0
2025-12-15 04:00:00,0.0
2025-12-15 05:00:00,0.0
2025-12-15 06:00:00,0.0
2025-12-15 07:00:00,0.0
2025-12-15 08:00:00,0.0
2025-12-15 09:00:00,0.0
2025-12-15 10:00:00,0.0
2025-12-15 11:00:00,0.0
2025-12-15 12:00:00,0.0
2025-12-15 13:00:00,0.0
2025-12-15 14:00:00,0.0
2025-12-15 15:00:00,0.0
2025-12-15 16:00:00,0.0
2025-12-15 17:00:00,0.0
2025-12-15 18:00:00,0.0
2025-12-15 19:00:00,0.0
2025-12-15 20:00:00,0.0
2025-12-15 21:00:00,0.0
2025-12-15 22:00:00,0.0
2025-12-15 23:00:00,0.0
2025-12-16 00:00:00,0.0
2025-12-16 01:00:00,0.0
2025-12-16 02:00:00,0.0
2025-12-16 03:00:00,0.0
2025-12-16 04:00:00,0.0
2025-12-16 05:00:00,0.0
2025-12-16 06:00:00,0.0
2025-12-16 07:00:00,0.0
2025-12-16 08:00:00,0.0
2025-12-16 09:00:00,0.0
2025-12-16 10:00:00,0.0
2025-12-16 11:00:00,0.0
2025-12-16 12:00:00,0.0
2025-12-16 13:00:00,0.0
2025-12-16 14:00:00,0.0
2025-12-16 15:00:00,0.0
2025-12-16 16:00:00,0.0
2025-12-16 17:00:00,0.0
2025-12-16 18:00:00,0.0
2025-12-16 19:00:00,0.0
2025-12-16 20:00:00,0.0
2025-12-16 21:00:00,0.0
2025-12-16 22:00:00,0.0
2025-12-16 23:00:00,0.0
2025-12-17 00:00:00,0.0
2025-12-17 01:00:00,0.0
2025-12-17 02:00:00,0.0
2025-12-17 03:00:00,0.0
2025-12-17 04:00:00,0.0
2025-12-17 05:00:00,0.0
2025-12-17 06:00:00,0.0
2025-12-17 07:00:00,0.0
2025-12-17 08:00:00,0.0
2025-12-17 09:00:00,0.0
2025-12-17 10:00:00,0.0
2025-12-17 11:00:00,0.0
2025-12-17 12:00:00,0.0
2025-12-17 13:00:00,0.0
2025-12-17 14:00:00,0.0
2025-12-17 15:00:00,0.0
2025-12-17 16:00:00,0.0
2025-12-17 17:00:00,0.0
2025-12-17 18:00:00,0.0
2025-12-17 19:00:00,0.0
2025-12-17 20:00:00,0.0
2025-12-17 21:00:00,0.0
2025-12-17 22:00:00,0.0
2025-12-17 23:00:00,0.0
2025-12-18 00:00:00,0.0
2025-12-18 01:00:00,0.0
2025-12-18 02:00:00,0.0
2025-12-18 03:00:00,0.0
2025-12-18 04:00:00,0.0
2025-12-18 05:00:00,0.0
2025-12-18 06:00:00,0.0
2025-12-18 07:00:00,0.0
2025-12-18 08:00:00,0.0
2025-12-18 09:00:00,0.0
2025-12-18 10:00:00,0.0
2025-12-18 11:00:00,0.0
2025-12-18 12:00:00,0.0
2025-12-18 13:00:00,0.0
2025-12-18 14:00:00,0.0
2025-12-18 15:00:00,0.0
2025-12-18 16:00:00,0.0
2025-12-18 17:00:00,0.0
2025-12-18 18:00:00,0.0
2025-12-18 19:00:00,0.0
2025-12-18 20:00:00,0.0
2025-12-18 21:00:00,0.0
2025-12-18 22:00:00,0.0
2025-12-18 23:00:00,0.0
2025-12-19 00:00:00,0.0
2025-12-19 01:00:00,0.0
2025-12-19 02:00:00,0.0
2025-12-19 03:00:00,0.0
2025-12-19 04:00:00,0.0
2025-12-19 05:00:00,0.0
2025-12-19 06:00:00,0.0
2025-12-19 07:00:00,0.0
2025-12-19 08:00:00,0.0
2025-12-19 09:00:00,0.0
2025-12-19 10:00:00,0.0
2025-12-19 11:00:00,0.0
2025-12-19 12:00:00,0.0
2025-12-19 13:00:00,0.0
2025-12-19 14:00:00,0.0
2025-12-19 15:00:00,0.0
2025-12-19 16:00:00,0.0
2025-12-19 17:00:00,0.0
2025-12-19 18:00:00,0.0
2025-12-19 19:00:00,0.0
2025-12-19 20:00:00,0.0
2025-12-19 21:00:00,0.0
2025-12-19 22:00:00,0.0
2025-12-19 23:00:00,0.0
2025-12-20 00:00:00,0.0
2025-12-20 01:00:00,0.0
2025-12-20 02:00:00,0.0
2025-12-20 03:00:00,0.0
2025-12-20 04:00:00,0.0
2025-12-20 05:00:00,0.0
2025-12-20 06:00:00,0.0
2025-12-20 07:00:00,0.0
2025-12-20 08:00:00,0.0
2025-12-20 09:00:00,0.0
2025-12-20 10:00:00,0.0
2025-12-20 11:00:00,0.0
2025-12-20 12:00:00,0.0
2025-12-20 13:00:00,0.0
2025-12-20 14:00:00,0.0
2025-12-20 15:00:00,0.0
2025-12-20 16:00:00,0.0
2025-12-20 17:00:00,0.0
2025-12-20 18:00:00,0.0
2025-12-20 19:00:00,0.0
2025-12-20 20:00:00,0.0
2025-12-20 21:00:00,0.0
2025-12-20 22:00:00,0.0
2025-12-20 23:00:00,0.0
2025-12-21 00:00:00,0.0
2025-12-21 01:00:00,0.0
2025-12-21 02:00:00,0.0
2025-12-21 03:00:00,0.0
2025-12-21 04:00:00,0.0
2025-12-21 05:00:00,0.0
2025-12-21 06:00:00,0.0
2025-12-21 07:00:00,0.0
2025-12-21 08:00:00,0.0
2025-12-21 09:00:00,0.0
2025-12-21 10:00:00,0.0
2025-12-21 11:00:00,0.0
2025-12-21 12:00:00,0.0
2025-12-21 13:00:00,0.0
2025-12-21 14:00:00,0.0
2025-12-21 15:00:00,0.0
2025-12-21 16:00:00,0.0
2025-12-21 17:00:00,0.0
2025-12-21 18:00:00,0.0
2025-12-21 19:00:00,0.0
2025-12-21 20:00:00,0.0
2025-12-21 21:00:00,0.0
2025-12-21 22:00:00,0.0
2025-12-21 23:00:00,0.0
2025-12-22 00:00:00,0.0
2025-12-22 01:00:00,0.0
2025-12-22 02:00:00,0.0
2025-12-22 03:00:00,0.0
2025-12-22 04:00:00,0.0
2025-12-22 05:00:00,0.0
2025-12-22 06:00:00,0.0
2025-12-22 07:00:00,0.0
2025-12-22 08:00:00,0.0
2025-12-22 09:00:00,0.0
2025-12-22 10:00:00,0.0
2025-12-22 11:00:00,0.0
2025-12-22 12:00:00,0.0
2025-12-22 13:00:00,0.0
2025-12-22 14:00:00,0.0
2025-12-22 15:00:00,0.0
2025-12-22 16:00:00,0.0
2025-12-22 17:00:00,0.0
2025-12-22 18:00:00,0.0
2025-12-22 19:00:00,0.0
2025-12-22 20:00:00,0.0
2025-12-22 21:00:00,0.0
2025-12-22 22:00:00,0.0
2025-12-22 23:00:00,0.0
2025-12-23 00:00:00,0.0
2025-12-23 01:00:00,0.0
2025-12-23 02:00:00,0.0
2025-12-23 03:00:00,0.0
2025-12-23 04:00:00,0.0
2025-12-23 05:00:00,0.0
2025-12-23 06:00:00,0.0
2025-12-23 07:00:00,0.0
2025-12-23 08:00:00,0.0
2025-12-23 09:00:00,0.0
2025-12-23 10:00:00,0.0
2025-12-23 11:00:00,0.0
2025-12-23 12:00:00,0.0
2025-12-23 13:00:00,0.0
2025-12-23 14:00:00,0.0
2025-12-23 15:00:00,0.0
2025-12-23 16:00:00,0.0
2025-12-23 17:00:00,0.0
2025-12-23 18:00:00,0.0
2025-12-23 19:00:00,0.0
2025-12-23 20:00:00,0.0
2025-12-23 21:00:00,0.0
2025-12-23 22:00:00,0.0
2025-12-23 23:00:00,0.0
2025-12-24 00:00:00,0.0
2025-12-24 01:00:00,0.0
2025-12-24 02:00:00,0.0
2025-12-24 03:00:00,0.0
2025-12-24 04:00:00,0.0
2025-12-24 05:00:00,0.0
2025-12-24 06:00:00,0.0
2025-12-24 07:00:00,0.0
2025-12-24 08:00:00,0.0
2025-12-24 09:00:00,0.0
2025-12-24 10:00:00,0.0
2025-12-24 11:00:00,0.0
2025-12-24 12:00:00,0.0
2025-12-24 13:00:00,0.0
2025-12-24 14:00:00,0.0
2025-12-24 15:00:00,0.0
2025-12-24 16:00:00,0.0
2025-12-24 17:00:00,0.0
2025-12-24 18:00:00,0.0
2025-12-24 19:00:00,0.0
2025-12-24 20:00:00,0.0
2025-12-24 21:00:00,0.0
2025-12-24 22:00:00,0.0
2025-12-24 23:00:00,0.0
2025-12-25 00:00:00,0.0
2025-12-25 01:00:00,0.0
2025-12-25 02:00:00,0.0
2025-12-25 03:00:00,0.0
2025-12-25 04:00:00,0.0
2025-12-25 05:00:00,0.0
2025-12-25 06:00:00,0.0
2025-12-25 07:00:00,0.0
2025-12-25 08:00:00,0.0
2025-12-25 09:00:00,0.0
2025-12-25 10:00:00,0.0
2025-12-25 11:00:00,0.0
2025-12-25 12:00:00,0.0
2025-12-25 13:00:00,0.0
2025-12-25 14:00:00,0.0
2025-12-25 15:00:00,0.0
2025-12-25 16:00:00,0.0
2025-12-25 17:00:00,0.0
2025-12-25 18:00:00,0.0
2025-12-25 19:00:00,0.0
2025-12-25 20:00:00,0.0
2025-12-25 21:00:00,0.0
2025-12-25 22:00:00,0.0
2025-12-25 23:00:00,0.0
2025-12-26 00:00:00,0.0
2025-12-26 01:00:00,0.0
2025-12-26 02:00:00,0.0
2025-12-26 03:00:00,0.0
2025-12-26 04:00:00,0.0
2025-12-26 05:00:00,0.0
2025-12-26 06:00:00,0.0
2025-12-26 07:00:00,0.0
2025-12-26 08:00:00,0.0
2025-12-26 09:00:00,0.0
2025-12-26 10:00:00,0.0
2025-12-26 11:00:00,0.0
2025-12-26 12:00:00,0.0
2025-12-26 13:00:00,0.0
2025-12-26 14:00:00,0.0
2025-12-26 15:00:00,0.0
2025-12-26 16:00:00,0.0
2025-12-26 17:00:00,0.0
2025-12-26 18:00:00,0.0
2025-12-26 19:00:00,0.0
2025-12-26 20:00:00,0.0
2025-12-26 21:00:00,0.0
2025-12-26 22:00:00,0.0
2025-12-26 23:00:00,0.0
2025-12-27 00:00:00,0.0
2025-12-27 01:00:00,0.0
2025-12-27 02:00:00,0.0
2025-12-27 03:00:00,0.0
2025-12-27 04:00:00,0.0
2025-12-27 05:00:00,0.0
2025-12-27 06:00:00,0.0
2025-12-27 07:00:00,0.0
2025-12-27 08:00:00,0.0
2025-12-27 09:00:00,0.0
2025-12-27 10:00:00,0.0
2025-12-27 11:00:00,0.0
2025-12-27 12:00:00,0.0
2025-12-27 13:00:00,0.0
2025-12-27 14:00:00,0.0
2025-12-27 15:00:00,0.0
2025-12-27 16:00:00,0.0
2025-12-27 17:00:00,0.0
2025-12-27 18:00:00,0.0
2025-12-27 19:00:00,0.0
2025-12-27 20:00:00,0.0
2025-12-27 21:00:00,0.0
2025-12-27 22:00:00,0.0
2025-12-27 23:00:00,0.0
2025-12-28 00:00:00,0.0
2025-12-28 01:00:00,0.0
2025-12-28 02:00:00,0.0
2025-12-28 03:00:00,0.0
2025-12-28 04:00:00,0.0
2025-12-28 05:00:00,0.0
2025-12-28 06:00:00,0.0
2025-12-28 07:00:00,0.0
2025-12-28 08:00:00,0.0
2025-12-28 09:00:00,0.0
2025-12-28 10:00:00,0.0
2025-12-28 11:00:00,0.0
2025-12-28 12:00:00,0.0
2025-12-28 13:00:00,0.0
2025-12-28 14:00:00,0.0
2025-12-28 15:00:00,0.0
2025-12-28 16:00:00,0.0
2025-12-28 17:00:00,0.0
2025-12-28 18:00:00,0.0
2025-12-28 19:00:00,0.0
2025-12-28 20:00:00,0.0
2025-12-28 21:00:00,0.0
2025-12-28 22:00:00,0.0
2025-12-28 23:00:00,0.0
2025-12-29 00:00:00,0.0
2025-12-29 01:00:00,0.0
2025-12-29 02:00:00,0.0
2025-12-29 03:00:00,0.0
2025-12-29 04:00:00,0.0
2025-12-29 05:00:00,0.0
2025-12-29 06:00:00,0.0
2025-12-29 07:00:00,0.0
2025-12-29 08:00:00,0.0
2025-12-29 09:00:00,0.0
2025-12-29 10:00:00,0.0
2025-12-29 11:00:00,0.0
2025-12-29 12:00:00,0.0
2025-12-29 13:00:00,0.0
2025-12-29 14:00:00,0.0
2025-12-29 15:00:00,0.0
2025-12-29 16:00:00,0.0
2025-12-29 17:00:00,0.0
2025-12-29 18:00:00,0.0
2025-12-29 19:00:00,0.0
2025-12-29 20:00:00,0.0
2025-12-29 21:00:00,0.0
2025-12-29 22:00:00,0.0
2025-12-29 23:00:00,0.0
2025-12-30 00:00:00,0.0
2025-12-30 01:00:00,0.0
2025-12-30 02:00:00,0.0
2025-12-30 03:00:00,0.0
2025-12-30 04:00:00,0.0
2025-12-30 05:00:00,0.0
2025-12-30 06:00:00,0.0
2025-12-30 07:00:00,0.0
2025-12-30 08:00:00,0.0
2025-12-30 09:00:00,0.0
2025-12-30 10:00:00,0.0
2025-12-30 11:00:00,0.0
2025-12-30 12:00:00,0.0
2025-12-30 13:00:00,0.0
2025-12-30 14:00:00,0.0
2025-12-30 15:00:00,0.0
2025-12-30 16:00:00,0.0
2025-12-30 17:00:00,0.0
2025-12-30 18:00:00,0.0
2025-12-30 19:00:00,0.0
2025-12-30 20:00:00,0.0
2025-12-30 21:00:00,0.0
2025-12-30 22:00:00,0.0
2025-12-30 23:00:00,0.0
2025-12-31 00:00:00,0.0
2025-12-31 01:00:00,0.0
2025-12-31 02:00:00,0.0
2025-12-31 03:00:00,0.0
2025-12-31 04:00:00,0.0
2025-12-31 05:00:00,0.0
2025-12-31 06:00:00,0.0
2025-12-31 07:00:00,0.0
2025-12-31 08:00:00,0.0
2025-12-31 09:00:00,0.0
2025-12-31 10:00:00,0.0
2025-12-31 11:00:00,0.0
2025-12-31 12:00:00,0.0
2025-12-31 13:00:00,0.0
2025-12-31 14:00:00,0.0
2025-12-31 15:00:00,0.0
2025-12-31 16:00:00,0.0
2025-12-31 17:00:00,0.0
2025-12-31 18:00:00,0.0
2025-12-31 19:00:00,0.0
2025-12-31 20:00:00,0.0
2025-12-31 21:00:00,0.0
2025-12-31 22:00:00,0.0
2025-12-31 23:00:00,0.0
2026-01-01 00:00:00,0.0
2026-01-01 01:00:00,0.0
2026-01-01 02:00:00,0.0
2026-01-01 03:00:00,0.0
2026-01-01 04:00:00,0.0
2026-01-01 05:00:00,0.0
2026-01-01 06:00:00,0.0
2026-01-01 07:00:00,0.0
2026-01-01 08:00:00,0.0
2026-01-01 09:00:00,0.0
2026-01-01 10:00:00,0.0
2026-01-01 11:00:00,0.0
2026-01-01 12:00:00,0.0
2026-01-01 13:00:00,0.0
2026-01-01 14:00:00,0.0
2026-01-01 15:00:00,0.0
2026-01-01 16:00:00,0.0
2026-01-01 17:00:00,0.0
2026-01-01 18:00:00,0.0
2026-01-01 19:00:00,0.0
2026-01-01 20:00:00,0.0
2026-01-01 21:00:00,0.0
2026-01-01 22:00:00,0.0
2026-01-01 23:00:00,0.0
2026-01-02 00:00:00,0.0
2026-01-02 01:00:00,0.0
2026-01-02 02:00:00,0.0
2026-01-02 03:00:00,0.0
2026-01-02 04:00:00,0.0
2026-01-02 05:00:00,0.0
2026-01-02 06:00:00,0.0
2026-01-02 07:00:00,0.0
2026-01-02 08:00:00,0.0
2026-01-02 09:00:00,0.0
2026-01-02 10:00:00,0.0
2026-01-02 11:00:00,0.0
2026-01-02 12:00:00,0.0
2026-01-02 13:00:00,0.0
2026-01-02 14:00:00,0.0
2026-01-02 15:00:00,0.0
2026-01-02 16:00:00,0.0
2026-01-02 17:00:00,0.0
2026-01-02 18:00:00,0.0
2026-01-02 19:00:00,0.0
2026-01-02 20:00:00,0.0
2026-01-02 21:00:00,0.0
2026-01-02 22:00:00,0.0
2026-01-02 23:00:00,0.0
2026-01-03 00:00:00,0.0
2026-01-03 01:00:00,0.0
2026-01-03 02:00:00,0.0
2026-01-03 03:00:00,0.0
2026-01-03 04:00:00,0.0
2026-01-03 05:00:00,0.0
2026-01-03 06:00:00,0.0
2026-01-03 07:00:00,0.0
2026-01-03 08:00:00,0.0
2026-01-03 09:00:00,0.0
2026-01-03 10:00:00,0.0
2026-01-03 11:00:00,0.0
2026-01-03 12:00:00,0.0
2026-01-03 13:00:00,0.0
2026-01-03 14:00:00,0.0
2026-01-03 15:00:00,0.0
2026-01-03 16:00:00,0.0
2026-01-03 17:00:00,0.0
2026-01-03 18:00:00,0.0
2026-01-03 19:00:00,0.0
2026-01-03 20:00:00,0.0
2026-01-03 21:00:00,0.0
2026-01-03 22:00:00,0.0
2026-01-03 23:00:00,0.0
2026-01-04 00:00:00,0.0
2026-01-04 01:00:00,0.0
2026-01-04 02:00:00,0.0
2026-01-04 03:00:00,0.0
2026-01-04 04:00:00,0.0
2026-01-04 05:00:00,0.0
2026-01-04 06:00:00,0.0
2026-01-04 07:00:00,0.0
2026-01-04 08:00:00,0.0
2026-01-04 09:00:00,0.0
2026-01-04 10:00:00,0.0
2026-01-04 11:00:00,0.0
2026-01-04 12:00:00,0.0
2026-01-04 13:00:00,0.0
2026-01-04 14:00:00,0.0
2026-01-04 15:00:00,0.0
2026-01-04 16:00:00,0.0
2026-01-04 17:00:00,0.0
2026-01-04 18:00:00,0.0
2026-01-04 19:00:00,0.0
2026-01-04 20:00:00,0.0
2026-01-04 21:00:00,0.0
2026-01-04 22:00:00,0.0
2026-01-04 23:00:00,0.0
2026-01-05 00:00:00,0.0
2026-01-05 01:00:00,0.0
2026-01-05 02:00:00,0.0
2026-01-05 03:00:00,0.0
2026-01-05 04:00:00,0.0
2026-01-05 05:00:00,0.0
2026-01-05 06:00:00,0.0
2026-01-05 07:00:00,0.0
2026-01-05 08:00:00,0.0
2026-01-05 09:00:00,0.0
2026-01-05 10:00:00,0.0
2026-01-05 11:00:00,0.0
2026-01-05 12:00:00,0.0
2026-01-05 13:00:00,0.0
2026-01-05 14:00:00,0.0
2026-01-05 15:00:00,0.0
2026-01-05 16:00:00,0.0
2026-01-05 17:00:00,0.0
2026-01-05 18:00:00,0.0
2026-01-05 19:00:00,0.0
2026-01-05 20:00:00,0.0
2026-01-05 21:00:00,0.0
2026-01-05 22:00:00,0.0
2026-01-05 23:00:00,0.0
2026-01-06 00:00:00,0.0
2026-01-06 01:00:00,0.0
2026-01-06 02:00:00,0.0
2026-01-06 03:00:00,0.0
2026-01-06 04:00:00,0.0
2026-01-06 05:00:00,0.0
2026-01-06 06:00:00,0.0
2026-01-06 07:00:00,0.0
2026-01-06 08:00:00,0.0
2026-01-06 09:00:00,0.0
2026-01-06 10:00:00,0.0
2026-01-06 11:00:00,0.0
2026-01-06 12:00:00,0.0
2026-01-06 13:00:00,0.0
2026-01-06 14:00:00,0.0
2026-01-06 15:00:00,0.0
2026-01-06 16:00:00,0.0
2026-01-06 17:00:00,0.0
2026-01-06 18:00:00,0.0
2026-01-06 19:00:00,0.0
2026-01-06 20:00:00,0.0
2026-01-06 21:00:00,0.0
2026-01-06 22:00:00,0.0
2026-01-06 23:00:00,0.0
2026-01-07 00:00:00,0.0
2026-01-07 01:00:00,0.0
2026-01-07 02:00:00,0.0
2026-01-07 03:00:00,0.0
2026-01-07 04:00:00,0.0
2026-01-07 05:00:00,0.0
2026-01-07 06:00:00,0.0
2026-01-07 07:00:00,0.0
2026-01-07 08:00:00,0.0
2026-01-07 09:00:00,0.0
2026-01-07 10:00:00,0.0
2026-01-07 11:00:00,0.0
2026-01-07 12:00:00,0.0
2026-01-07 13:00:00,0.0
2026-01-07 14:00:00,0.0
2026-01-07 15:00:00,0.0
2026-01-07 16:00:00,0.0
2026-01-07 17:00:00,0.0
2026-01-07 18:00:00,0.0
2026-01-07 19:00:00,0.0
2026-01-07 20:00:00,0.0
2026-01-07 21:00:00,0.0
2026-01-07 22:00:00,0.0
2026-01-07 23:00:00,0.0
2026-01-08 00:00:00,0.0
2026-01-08 01:00:00,0.0
2026-01-08 02:00:00,0.0
2026-01-08 03:00:00,0.0
2026-01-08 04:00:00,0.0
2026-01-08 05:00:00,0.0
2026-01-08 06:00:00,0.0
2026-01-08 07:00:00,0.0
2026-01-08 08:00:00,0.0
2026-01-08 09:00:00,0.0
2026-01-08 10:00:00,0.0
2026-01-08 11:00:00,0.0
2026-01-08 12:00:00,0.0
2026-01-08 13:00:00,0.0
2026-01-08 14:00:00,0.0
2026-01-08 15:00:00,0.0
2026-01-08 16:00:00,0.0
2026-01-08 17:00:00,0.0
2026-01-08 18:00:00,0.0
2026-01-08 19:00:00,0.0
2026-01-08 20:00:00,0.0
2026-01-08 21:00:00,0.0
2026-01-08 22:00:00,0.0
2026-01-08 23:00:00,0.0
2026-01-09 00:00:00,0.0
2026-01-09 01:00:00,0.0
2026-01-09 02:00:00,0.0
2026-01-09 03:00:00,0.0
2026-01-09 04:00:00,0.0
2026-01-09 05:00:00,0.0
2026-01-09 06:00:00,0.0
2026-01-09 07:00:00,0.0
2026-01-09 08:00:00,0.0
2026-01-09 09:00:00,0.0
2026-01-09 10:00:00,0.0
2026-01-09 11:00:00,0.0
2026-01-09 12:00:00,0.0
2026-01-09 13:00:00,0.0
2026-01-09 14:00:00,0.0
2026-01-09 15:00:00,0.0
2026-01-09 16:00:00,0.0
2026-01-09 17:00:00,0.0
2026-01-09 18:00:00,0.0
2026-01-09 19:00:00,0.0
2026-01-09 20:00:00,0.0
2026-01-09 21:00:00,0.0
2026-01-09 22:00:00,0.0
2026-01-09 23:00:00,0.0
2026-01-10 00:00:00,0.0
2026-01-10 01:00:00,0.0
2026-01-10 02:00:00,0.0
2026-01-10 03:00:00,0.0
2026-01-10 04:00:00,0.0
2026-01-10 05:00:00,0.0
2026-01-10 06:00:00,0.0
2026-01-10 07:00:00,0.0
2026-01-10 08:00:00,0.0
2026-01-10 09:00:00,0.0
2026-01-10 10:00:00,0.0
2026-01-10 11:00:00,0.0
2026-01-10 12:00:00,0.0
2026-01-10 13:00:00,0.0
2026-01-10 14:00:00,0.0
2026-01-10 15:00:00,0.0
2026-01-10 16:00:00,0.0
2026-01-10 17:00:00,0.0
2026-01-10 18:00:00,0.0
2026-01-10 19:00:00,0.0
2026-01-10 20:00:00,0.0
2026-01-10 21:00:00,0.0
2026-01-10 22:00:00,0.0
2026-01-10 23:00:00,0.0
2026-01-11 00:00:00,0.0
2026-01-11 01:00:00,0.0
2026-01-11 02:00:00,0.0
2026-01-11 03:00:00,0.0
2026-01-11 04:00:00,0.0
2026-01-11 05:00:00,0.0
2026-01-11 06:00:00,0.0
2026-01-11 07:00:00,0.0
2026-01-11 08:00:00,0.0
2026-01-11 09:00:00,0.0
2026-01-11 10:00:00,0.0
2026-01-11 11:00:00,0.0
2026-01-11 12:00:00,0.0
2026-01-11 13:00:00,0.0
2026-01-11 14:00:00,0.0
2026-01-11 15:00:00,0.0
2026-01-11 16:00:00,0.0
2026-01-11 17:00:00,0.0
2026-01-11 18:00:00,0.0
2026-01-11 19:00:00,0.0
2026-01-11 20:00:00,0.0
2026-01-11 21:00:00,0.0
2026-01-11 22:00:00,0.0
2026-01-11 23:00:00,0.0
2026-01-12 00:00:00,0.0
2026-01-12 01:00:00,0.0
2026-01-12 02:00:00,0.0
2026-01-12 03:00:00,0.0
2026-01-12 04:00:00,0.0
2026-01-12 05:00:00,0.0
2026-01-12 06:00:00,0.0
2026-01-12 07:00:00,0.0
2026-01-12 08:00:00,0.0
2026-01-12 09:00:00,0.0
2026-01-12 10:00:00,0.0
2026-01-12 11:00:00,0.0
2026-01-12 12:00:00,0.0
2026-01-12 13:00:00,0.0
2026-01-12 14:00:00,0.0
2026-01-12 15:00:00,0.0
2026-01-12 16:00:00,0.0
2026-01-12 17:00:00,0.0
2026-01-12 18:00:00,0.0
2026-01-12 19:00:00,0.0
2026-01-12 20:00:00,0.0
2026-01-12 21:00:00,0.0
2026-01-12 22:00:00,0.0
2026-01-12 23:00:00,0.0
2026-01-13 00:00:00,0.0
2026-01-13 01:00:00,0.0
2026-01-13 02:00:00,0.0
2026-01-13 03:00:00,0.0
2026-01-13 04:00:00,0.0
2026-01-13 05:00:00,0.0
2026-01-13 06:00:00,0.0
2026-01-13 07:00:00,0.0
2026-01-13 08:00:00,0.0
2026-01-13 09:00:00,0.0
2026-01-13 10:00:00,0.0
2026-01-13 11:00:00,0.0
2026-01-13 12:00:00,0.0
2026-01-13 13:00:00,0.0
2026-01-13 14:00:00,0.0
2026-01-13 15:00:00,0.0
2026-01-13 16:00:00,0.0
2026-01-13 17:00:00,0.0
2026-01-13 18:00:00,0.0
2026-01-13 19:00:00,0.0
2026-01-13 20:00:00,0.0
2026-01-13 21:00:00,0.0
2026-01-13 22:00:00,0.0
2026-01-13 23:00:00,0.0
2026-01-14 00:00:00,0.0
2026-01-14 01:00:00,0.0
2026-01-14 02:00:00,0.0
2026-01-14 03:00:00,0.0
2026-01-14 04:00:00,0.0
2026-01-14 05:00:00,0.0
2026-01-14 06:00:00,0.0
2026-01-14 07:00:00,0.0
2026-01-14 08:00:00,0.0
2026-01-14 09:00:00,0.0
2026-01-14 10:00:00,0.0
2026-01-14 11:00:00,0.0
2026-01-14 12:00:00,0.0
2026-01-14 13:00:00,0.0
2026-01-14 14:00:00,0.0
2026-01-14 15:00:00,0.0
2026-01-14 16:00:00,0.0
2026-01-14 17:00:00,0.0
2026-01-14 18:00:00,0.0
2026-01-14 19:00:00,0.0
2026-01-14 20:00:00,0.0
2026-01-14 21:00:00,0.0
2026-01-14 22:00:00,0.0
2026-01-14 23:00:00,0.0
2026-01-15 00:00:00,0.0
2026-01-15 01:00:00,0.0
2026-01-15 02:00:00,0.0
2026-01-15 03:00:00,0.0
2026-01-15 04:00:00,0.0
2026-01-15 05:00:00,0.0
2026-01-15 06:00:00,0.0
2026-01-15 07:00:00,0.0
2026-01-15 08:00:00,0.0
2026-01-15 09:00:00,0.0
2026-01-15 10:00:00,0.0
2026-01-15 11:00:00,0.0
2026-01-15 12:00:00,0.0
2026-01-15 13:00:00,0.0
2026-01-15 14:00:00,0.0
2026-01-15 15:00:00,0.0
2026-01-15 16:00:00,0.0
2026-01-15 17:00:00,0.0
2026-01-15 18:00:00,0.0
2026-01-15 19:00:00,0.0
2026-01-15 20:00:00,0.0
2026-01-15 21:00:00,0.0
2026-01-15 22:00:00,0.0
2026-01-15 23:00:00,0.0
2026-01-16 00:00:00,0.0
2026-01-16 01:00:00,0.0
2026-01-16 02:00:00,0.0
2026-01-16 03:00:00,0.0
2026-01-16 04:00:00,0.0
2026-01-16 05:00:00,0.0
2026-01-16 06:00:00,0.0
2026-01-16 07:00:00,0.0
2026-01-16 08:00:00,0.0
2026-01-16 09:00:00,0.0
2026-01-16 10:00:00,0.0
2026-01-16 11:00:00,0.0
2026-01-16 12:00:00,0.0
2026-01-16 13:00:00,0.0
2026-01-16 14:00:00,0.0
2026-01-16 15:00:00,0.0
2026-01-16 16:00:00,0.0
2026-01-16 17:00:00,0.0
2026-01-16 18:00:00,0.0
2026-01-16 19:00:00,0.0
2026-01-16 20:00:00,0.0
2026-01-16 21:00:00,0.0
2026-01-16 22:00:00,0.0
2026-01-16 23:00:00,0.0
2026-01-17 00:00:00,0.0
2026-01-17 01:00:00,0.0
2026-01-17 02:00:00,0.0
2026-01-17 03:00:00,0.0
2026-01-17 04:00:00,0.0
2026-01-17 05:00:00,0.0
2026-01-17 06:00:00,0.0
2026-01-17 07:00:00,0.0
2026-01-17 08:00:00,0.0
2026-01-17 09:00:00,0.0
2026-01-17 10:00:00,0.0
2026-01-17 11:00:00,0.0
2026-01-17 12:00:00,0.0
2026-01-17 13:00:00,0.0
2026-01-17 14:00:00,0.0
2026-01-17 15:00:00,0.0
2026-01-17 16:00:00,0.0
2026-01-17 17:00:00,0.0
2026-01-17 18:00:00,0.0
2026-01-17 19:00:00,0.0
2026-01-17 20:00:00,0.0
2026-01-17 21:00:00,0.0
2026-01-17 22:00:00,0.0
2026-01-17 23:00:00,0.0
2026-01-18 00:00:00,0.0
2026-01-18 01:00:00,0.0
2026-01-18 02:00:00,0.0
2026-01-18 03:00:00,0.0
2026-01-18 04:00:00,0.0
2026-01-18 05:00:00,0.0
2026-01-18 06:00:00,0.0
2026-01-18 07:00:00,0.0
2026-01-18 08:00:00,0.0
2026-01-18 09:00:00,0.0
2026-01-18 10:00:00,0.0
2026-01-18 11:00:00,0.0
2026-01-18 12:00:00,0.0
2026-01-18 13:00:00,0.0
2026-01-18 14:00:00,0.0
2026-01-18 15:00:00,0.0
2026-01-18 16:00:00,0.0
2026-01-18 17:00:00,0.0
2026-01-18 18:00:00,0.0
2026-01-18 19:00:00,0.0
2026-01-18 20:00:00,0.0
2026-01-18 21:00:00,0.0
2026-01-18 22:00:00,0.0
2026-01-18 23:00:00,0.0
2026-01-19 00:00:00,0.0
2026-01-19 01:00:00,0.0
2026-01-19 02:00:00,0.0
2026-01-19 03:00:00,0.0
2026-01-19 04:00:00,0.0
2026-01-19 05:00:00,0.0
2026-01-19 06:00:00,0.0
2026-01-19 07:00:00,0.0
2026-01-19 08:00:00,0.0
2026-01-19 09:00:00,0.0
2026-01-19 10:00:00,0.0
2026-01-19 11:00:00,0.0
2026-01-19 12:00:00,0.0
2026-01-19 13:00:00,0.0
2026-01-19 14:00:00,0.0
2026-01-19 15:00:00,0.0
2026-01-19 16:00:00,0.0
2026-01-19 17:00:00,0.0
2026-01-19 18:00:00,0.0
2026-01-19 19:00:00,0.0
2026-01-19 20:00:00,0.0
2026-01-19 21:00:00,0.0
2026-01-19 22:00:00,0.0
2026-01-19 23:00:00,0.0
2026-01-20 00:00:00,0.0
2026-01-20 01:00:00,0.0
2026-01-20 02:00:00,0.0
2026-01-20 03:00:00,0.0
2026-01-20 04:00:00,0.0
2026-01-20 05:00:00,0.0
2026-01-20 06:00:00,0.0
2026-01-20 07:00:00,0.0
2026-01-20 08:00:00,0.0
2026-01-20 09:00:00,0.0
2026-01-20 10:00:00,0.0
2026-01-20 11:00:00,0.0
2026-01-20 12:00:00,0.0
2026-01-20 13:00:00,0.0
2026-01-20 14:00:00,0.0
2026-01-20 15:00:00,0.0
2026-01-20 16:00:00,0.0
2026-01-20 17:00:00,0.0
2026-01-20 18:00:00,0.0
2026-01-20 19:00:00,0.0
2026-01-20 20:00:00,0.0
2026-01-20 21:00:00,0.0
2026-01-20 22:00:00,0.0
2026-01-20 23:00:00,0.0
2026-01-21 00:00:00,0.0
2026-01-21 01:00:00,0.0
2026-01-21 02:00:00,0.0
2026-01-21 03:00:00,0.0
2026-01-21 04:00:00,0.0
2026-01-21 05:00:00,0.0
2026-01-21 06:00:00,0.0
2026-01-21 07:00:00,0.0
2026-01-21 08:00:00,0.0
2026-01-21 09:00:00,0.0
2026-01-21 10:00:00,0.0
2026-01-21 11:00:00,0.0
2026-01-21 12:00:00,0.0
2026-01-21 13:00:00,0.0
2026-01-21 14:00:00,0.0
2026-01-21 15:00:00,0.0
2026-01-21 16:00:00,0.0
2026-01-21 17:00:00,0.0
2026-01-21 18:00:00,0.0
2026-01-21 19:00:00,0.0
2026-01-21 20:00:00,0.0
2026-01-21 21:00:00,0.0
2026-01-21 22:00:00,0.0
2026-01-21 23:00:00,0.0
2026-01-22 00:00:00,0.0
2026-01-22 01:00:00,0.0
2026-01-22 02:00:00,0.0
2026-01-22 03:00:00,0.0
2026-01-22 04:00:00,0.0
2026-01-22 05:00:00,0.0
2026-01-22 06:00:00,0.0
2026-01-22 07:00:00,0.0
2026-01-22 08:00:00,0.0
2026-01-22 09:00:00,0.0
2026-01-22 10:00:00,0.0
2026-01-22 11:00:00,0.0
2026-01-22 12:00:00,0.0
2026-01-22 13:00:00,0.0
2026-01-22 14:00:00,0.0
2026-01-22 15:00:00,0.0
2026-01-22 16:00:00,0.0
2026-01-22 17:00:00,0.0
2026-01-22 18:00:00,0.0
2026-01-22 19:00:00,0.0
2026-01-22 20:00:00,0.0
2026-01-22 21:00:00,0.0
2026-01-22 22:00:00,0.0
2026-01-22 23:00:00,0.0
2026-01-23 00:00:00,0.0
2026-01-23 01:00:00,0.0
2026-01-23 02:00:00,0.0
2026-01-23 03:00:00,0.0
2026-01-23 04:00:00,0.0
2026-01-23 05:00:00,0.0
2026-01-23 06:00:00,0.0
2026-01-23 07:00:00,0.0
2026-01-23 08:00:00,0.0
2026-01-23 09:00:00,0.0
2026-01-23 10:00:00,0.0
2026-01-23 11:00:00,0.0
2026-01-23 12:00:00,0.0
2026-01-23 13:00:00,0.0
2026-01-23 14:00:00,0.0
2026-01-23 15:00:00,0.0
2026-01-23 16:00:00,0.0
2026-01-23 17:00:00,0.0
2026-01-23 18:00:00,0.0
2026-01-23 19:00:00,0.0
2026-01-23 20:00:00,0.0
2026-01-23 21:00:00,0.0
2026-01-23 22:00:00,0.0
2026-01-23 23:00:00,0.0
2026-01-24 00:00:00,0.0
2026-01-24 01:00:00,0.0
2026-01-24 02:00:00,0.0
2026-01-24 03:00:00,0.0
2026-01-24 04:00:00,0.0
2026-01-24 05:00:00,0.0
2026-01-24 06:00:00,0.0
2026-01-24 07:00:00,0.0
2026-01-24 08:00:00,0.0
2026-01-24 09:00:00,0.0
2026-01-24 10:00:00,0.0
2026-01-24 11:00:00,0.0
2026-01-24 12:00:00,0.0
2026-01-24 13:00:00,0.0
2026-01-24 14:00:00,0.0
2026-01-24 15:00:00,0.0
2026-01-24 16:00:00,0.0
2026-01-24 17:00:00,0.0
2026-01-24 18:00:00,0.0
2026-01-24 19:00:00,0.0
2026-01-24 20:00:00,0.0
2026-01-24 21:00:00,0.0
2026-01-24 22:00:00,0.0
2026-01-24 23:00:00,0.0
2026-01-25 00:00:00,0.0
2026-01-25 01:00:00,0.0
2026-01-25 02:00:00,0.0
2026-01-25 03:00:00,0.0
2026-01-25 04:00:00,0.0
2026-01-25 05:00:00,0.0
2026-01-25 06:00:00,0.0
2026-01-25 07:00:00,0.0
2026-01-25 08:00:00,0.0
2026-01-25 09:00:00,0.0
2026-01-25 10:00:00,0.0
2026-01-25 11:00:00,0.0
2026-01-25 12:00:00,0.0
2026-01-25 13:00:00,0.0
2026-01-25 14:00:00,0.0
2026-01-25 15:00:00,0.0
2026-01-25 16:00:00,0.0
2026-01-25 17:00:00,0.0
2026-01-25 18:00:00,0.0
2026-01-25 19:00:00,0.0
2026-01-25 20:00:00,0.0
2026-01-25 21:00:00,0.0
2026-01-25 22:00:00,0.0
2026-01-25 23:00:00,0.0
2026-01-26 00:00:00,0.0
2026-01-26 01:00:00,0.0
2026-01-26 02:00:00,0.0
2026-01-26 03:00:00,0.0
2026-01-26 04:00:00,0.0
2026-01-26 05:00:00,0.0
2026-01-26 06:00:00,0.0
2026-01-26 07:00:00,0.0
2026-01-26 08:00:00,0.0
2026-01-26 09:00:00,0.0
2026-01-26 10:00:00,0.0
2026-01-26 11:00:00,0.0
2026-01-26 12:00:00,0.0
2026-01-26 13:00:00,0.0
2026-01-26 14:00:00,0.0
2026-01-26 15:00:00,0.0
2026-01-26 16:00:00,0.0
2026-01-26 17:00:00,0.0
2026-01-26 18:00:00,0.0
2026-01-26 19:00:00,0.0
2026-01-26 20:00:00,0.0
2026-01-26 21:00:00,0.0
2026-01-26 22:00:00,0.0
2026-01-26 23:00:00,0.0
2026-01-27 00:00:00,0.0
2026-01-27 01:00:00,0.0
2026-01-27 02:00:00,0.0
2026-01-27 03:00:00,0.0
2026-01-27 04:00:00,0.0
2026-01-27 05:00:00,0.0
2026-01-27 06:00:00,0.0
2026-01-27 07:00:00,0.0
2026-01-27 08:00:00,0.0
2026-01-27 09:00:00,0.0
2026-01-27 10:00:00,0.0
2026-01-27 11:00:00,0.0
2026-01-27 12:00:00,0.0
2026-01-27 13:00:00,0.0
2026-01-27 14:00:00,0.0
2026-01-27 15:00:00,0.0
2026-01-27 16:00:00,0.0
2026-01-27 17:00:00,0.0
2026-01-27 18:00:00,0.0
2026-01-27 19:00:00,0.0
2026-01-27 20:00:00,0.0
2026-01-27 21:00:00,0.0
2026-01-27 22:00:00,0.0
2026-01-27 23:00:00,0.0
2026-01-28 00:00:00,0.0
2026-01-28 01:00:00,0.0
2026-01-28 02:00:00,0.0
2026-01-28 03:00:00,0.0
2026-01-28 04:00:00,0.0
2026-01-28 05:00:00,0.0
2026-01-28 06:00:00,0.0
2026-01-28 07:00:00,0.0
2026-01-28 08:00:00,0.0
2026-01-28 09:00:00,0.0
2026-01-28 10:00:00,0.0
2026-01-28 11:00:00,0.0
2026-01-28 12:00:00,0.0
2026-01-28 13:00:00,0.0
2026-01-28 14:00:00,0.0
2026-01-28 15:00:00,0.0
2026-01-28 16:00:00,0.0
2026-01-28 17:00:00,0.0
2026-01-28 18:00:00,0.0
2026-01-28 19:00:00,0.0
2026-01-28 20:00:00,0.0
2026-01-28 21:00:00,0.0
2026-01-28 22:00:00,0.0
2026-01-28 23:00:00,0.0
2026-01-29 00:00:00,0.0
2026-01-29 01:00:00,0.0
2026-01-29 02:00:00,0.0
2026-01-29 03:00:00,0.0
2026-01-29 04:00:00,0.0
2026-01-29 05:00:00,0.0
2026-01-29 06:00:00,0.0
2026-01-29 07:00:00,0.0
2026-01-29 08:00:00,0.0
2026-01-29 09:00:00,0.0
2026-01-29 10:00:00,0.0
2026-01-29 11:00:00,0.0
2026-01-29 12:00:00,0.0
2026-01-29 13:00:00,0.0
2026-01-29 14:00:00,0.0
2026-01-29 15:00:00,0.0
2026-01-29 16:00:00,0.0
2026-01-29 17:00:00,0.0
2026-01-29 18:00:00,0.0
2026-01-29 19:00:00,0.0
2026-01-29 20:00:00,0.0
2026-01-29 21:00:00,0.0
2026-01-29 22:00:00,0.0
2026-01-29 23:00:00,0.0
2026-01-30 00:00:00,0.0
2026-01-30 01:00:00,0.0
2026-01-30 02:00:00,0.0
2026-01-30 03:00:00,0.0
2026-01-30 04:00:00,0.0
2026-01-30 05:00:00,0.0
2026-01-30 06:00:00,0.0
2026-01-30 07:00:00,0.0
2026-01-30 08:00:00,0.0
2026-01-30 09:00:00,0.0
2026-01-30 10:00:00,0.0
2026-01-30 11:00:00,0.0
2026-01-30 12:00:00,0.0
2026-01-30 13:00:00,0.0
2026-01-30 14:00:00,0.0
2026-01-30 15:00:00,0.0
2026-01-30 16:00:00,0.0
2026-01-30 17:00:00,0.0
2026-01-30 18:00:00,0.0
2026-01-30 19:00:00,0.0
2026-01-30 20:00:00,0.0
2026-01-30 21:00:00,0.0
2026-01-30 22:00:00,0.0
2026-01-30 23:00:00,0.0
2026-01-31 00:00:00,0.0
2026-01-31 01:00:00,0.0
2026-01-31 02:00:00,0.0
2026-01-31 03:00:00,0.0
2026-01-31 04:00:00,0.0
2026-01-31 05:00:00,0.0
2026-01-31 06:00:00,0.0
2026-01-31 07:00:00,0.0
2026-01-31 08:00:00,0.0
2026-01-31 09:00:00,0.0
2026-01-31 10:00:00,0.0
2026-01-31 11:00:00,0.0
2026-01-31 12:00:00,0.0
2026-01-31 13:00:00,0.0
2026-01-31 14:00:00,0.0
2026-01-31 15:00:00,0.0
2026-01-31 16:00:00,0.0
2026-01-31 17:00:00,0.0
2026-01-31 18:00:00,0.0
2026-01-31 19:00:00,0.0
2026-01-31 20:00:00,0.0
2026-01-31 21:00:00,0.0
2026-01-31 22:00:00,0.0
2026-01-31 23:00:00,0.0
2026-02-01 00:00:00,0.0
2026-02-01 01:00:00,0.0
2026-02-01 02:00:00,0.0
2026-02-01 03:00:00,0.0
2026-02-01 04:00:00,0.0
2026-02-01 05:00:00,0.0
2026-02-01 06:00:00,0.0
2026-02-01 07:00:00,0.0
2026-02-01 08:00:00,0.0
2026-02-01 09:00:00,0.0
2026-02-01 10:00:00,0.0
2026-02-01 11:00:00,0.0
2026-02-01 12:00:00,0.0
2026-02-01 13:00:00,0.0
2026-02-01 14:00:00,0.0
2026-02-01 15:00:00,0.0
2026-02-01 16:00:00,0.0
2026-02-01 17:00:00,0.0
2026-02-01 18:00:00,0.0
2026-02-01 19:00:00,0.0
2026-02-01 20:00:00,0.0
2026-02-01 21:00:00,0.0
2026-02-01 22:00:00,0.0
2026-02-01 23:00:00,0.0
2026-02-02 00:00:00,0.0
2026-02-02 01:00:00,0.0
2026-02-02 02:00:00,0.0
2026-02-02 03:00:00,0.0
2026-02-02 04:00:00,0.0
2026-02-02 05:00:00,0.0
2026-02-02 06:00:00,0.0
2026-02-02 07:00:00,0.0
2026-02-02 08:00:00,0.0
2026-02-02 09:00:00,0.0
2026-02-02 10:00:00,0.0
2026-02-02 11:00:00,0.0
2026-02-02 12:00:00,0.0
2026-02-02 13:00:00,0.0
2026-02-02 14:00:00,0.0
2026-02-02 15:00:00,0.0
2026-02-02 16:00:00,0.0
2026-02-02 17:00:00,0.0
2026-02-02 18:00:00,0.0
2026-02-02 19:00:00,0.0
2026-02-02 20:00:00,0.0
2026-02-02 21:00:00,0.0
2026-02-02 22:00:00,0.0
2026-02-02 23:00:00,0.0
2026-02-03 00:00:00,0.0
2026-02-03 01:00:00,0.0
2026-02-03 02:00:00,0.0
2026-02-03 03:00:00,0.0
2026-02-03 04:00:00,0.0
2026-02-03 05:00:00,0.0
2026-02-03 06:00:00,0.0
2026-02-03 07:00:00,0.0
2026-02-03 08:00:00,0.0
2026-02-03 09:00:00,0.0
2026-02-03 10:00:00,0.0
2026-02-03 11:00:00,0.0
2026-02-03 12:00:00,0.0
2026-02-03 13:00:00,0.0
2026-02-03 14:00:00,0.0
2026-02-03 15:00:00,0.0
2026-02-03 16:00:00,0.0
2026-02-03 17:00:00,0.0
2026-02-03 18:00:00,0.0
2026-02-03 19:00:00,0.0
2026-02-03 20:00:00,0.0
2026-02-03 21:00:00,0.0
2026-02-03 22:00:00,0.0
2026-02-03 23:00:00,0.0
2026-02-04 00:00:00,0.0
2026-02-04 01:00:00,0.0
2026-02-04 02:00:00,0.0
2026-02-04 03:00:00,0.0
2026-02-04 04:00:00,0.0
2026-02-04 05:00:00,0.0
2026-02-04 06:00:00,0.0
2026-02-04 07:00:00,0.0
2026-02-04 08:00:00,0.0
2026-02-04 09:00:00,0.0
2026-02-04 10:00:00,0.0
2026-02-04 11:00:00,0.0
2026-02-04 12:00:00,0.0
2026-02-04 13:00:00,0.0
2026-02-04 14:00:00,0.0
2026-02-04 15:00:00,0.0
2026-02-04 16:00:00,0.0
2026-02-04 17:00:00,0.0
2026-02-04 18:00:00,0.0
2026-02-04 19:00:00,0.0
2026-02-04 20:00:00,0.0
2026-02-04 21:00:00,0.0
2026-02-04 22:00:00,0.0
2026-02-04 23:00:00,0.0
2026-02-05 00:00:00,0.0
2026-02-05 01:00:00,0.0
2026-02-05 02:00:00,0.0
2026-02-05 03:00:00,0.0
2026-02-05 04:00:00,0.0
2026-02-05 05:00:00,0.0
2026-02-05 06:00:00,0.0
2026-02-05 07:00:00,0.0
2026-02-05 08:00:00,0.0
2026-02-05 09:00:00,0.0
2026-02-05 10:00:00,0.0
2026-02-05 11:00:00,0.0
2026-02-05 12:00:00,0.0
2026-02-05 13:00:00,0.0
2026-02-05 14:00:00,0.0
2026-02-05 15:00:00,0.0
2026-02-05 16:00:00,0.0
2026-02-05 17:00:00,0.0
2026-02-05 18:00:00,0.0
2026-02-05 19:00:00,0.0
2026-02-05 20:00:00,0.0
2026-02-05 21:00:00,0.0
2026-02-05 22:00:00,0.0
2026-02-05 23:00:00,0.0
2026-02-06 00:00:00,0.0
2026-02-06 01:00:00,0.0
2026-02-06 02:00:00,0.0
2026-02-06 03:00:00,0.0
2026-02-06 04:00:00,0.0
2026-02-06 05:00:00,0.0
2026-02-06 06:00:00,0.0
2026-02-06 07:00:00,0.0
2026-02-06 08:00:00,0.0
2026-02-06 09:00:00,0.0
2026-02-06 10:00:00,0.0
2026-02-06 11:00:00,0.0
2026-02-06 12:00:00,0.0
2026-02-06 13:00:00,0.0
2026-02-06 14:00:00,0.0
2026-02-06 15:00:00,0.0
2026-02-06 16:00:00,0.0
2026-02-06 17:00:00,0.0
2026-02-06 18:00:00,0.0
2026-02-06 19:00:00,0.0
2026-02-06 20:00:00,0.0
2026-02-06 21:00:00,0.0
2026-02-06 22:00:00,0.0
2026-02-06 23:00:00,0.0
2026-03-04 22:00:00,0.0
2026-03-04 23:00:00,0.0
2026-03-05 00:00:00,0.0
2026-03-05 01:00:00,0.0
2026-03-05 02:00:00,0.0
2026-03-05 03:00:00,0.0
2026-03-05 04:00:00,0.0
2026-03-05 05:00:00,0.0
2026-03-05 06:00:00,0.0
2026-03-05 07:00:00,0.0
2026-03-05 08:00:00,0.0
2026-03-05 09:00:00,0.0
2026-03-05 10:00:00,0.0
2026-03-05 11:00:00,0.0
2026-03-05 12:00:00,0.0
2026-03-05 13:00:00,0.0
2026-03-05 14:00:00,0.0
2026-03-05 15:00:00,0.0
2026-03-05 16:00:00,0.0
2026-03-05 17:00:00,0.0
2026-03-05 18:00:00,0.0
2026-03-05 19:00:00,0.0
2026-03-05 20:00:00,0.0
2026-03-05 21:00:00,0.0
2026-03-05 22:00:00,0.0
2026-03-05 23:00:00,0.0
2026-03-06 00:00:00,0.0
2026-03-06 01:00:00,0.0
2026-03-06 02:00:00,0.0
2026-03-06 03:00:00,0.0
2026-03-06 04:00:00,0.0
2026-03-06 05:00:00,0.0
2026-03-06 06:00:00,0.0
2026-03-06 07:00:00,0.0
2026-03-06 08:00:00,0.0
2026-03-06 09:00:00,0.0
2026-03-06 10:00:00,0.0
2026-03-06 11:00:00,0.0
2026-03-06 12:00:00,0.0
2026-03-06 13:00:00,0.0
2026-03-06 14:00:00,0.0
2026-03-06 15:00:00,0.0
2026-03-06 16:00:00,0.0
2026-03-06 17:00:00,0.0
2026-03-06 18:00:00,0.0
2026-03-06 19:00:00,0.0
2026-03-06 20:00:00,0.0
2026-03-06 21:00:00,0.0
2026-03-06 22:00:00,0.0
2026-03-06 23:00:00,0.0
2026-03-07 00:00:00,0.0
2026-03-07 01:00:00,0.0
2026-03-07 02:00:00,0.0
2026-03-07 03:00:00,0.0
2026-03-07 04:00:00,0.0
2026-03-07 05:00:00,0.0
2026-03-07 06:00:00,0.0
2026-03-07 07:00:00,0.0
2026-03-07 08:00:00,0.0
2026-03-07 09:00:00,0.0
2026-03-07 10:00:00,0.0
2026-03-07 11:00:00,0.0
2026-03-07 12:00:00,0.0
2026-03-07 13:00:00,0.0
2026-03-07 14:00:00,0.0
2026-03-07 15:00:00,0.0
2026-03-07 16:00:00,0.0
2026-03-07 17:00:00,0.0
2026-03-07 18:00:00,0.0
2026-03-07 19:00:00,0.0
2026-03-07 20:00:00,0.0
2026-03-07 21:00:00,0.0
2026-03-07 22:00:00,0.0
2026-03-07 23:00:00,0.0
2026-03-08 00:00:00,0.0
2026-03-08 01:00:00,0.0
2026-03-08 02:00:00,0.0
2026-03-08 03:00:00,0.0
2026-03-08 04:00:00,0.0
2026-03-08 05:00:00,0.0
2026-03-08 06:00:00,0.0
2026-03-08 07:00:00,0.0
2026-03-08 08:00:00,0.0
2026-03-08 09:00:00,0.0
2026-03-08 10:00:00,0.0
2026-03-08 11:00:00,0.0
2026-03-08 12:00:00,0.0
2026-03-08 13:00:00,0.0
2026-03-08 14:00:00,0.0
2026-03-08 15:00:00,0.0
2026-03-08 16:00:00,0.0
2026-03-08 17:00:00,0.0
2026-03-08 18:00:00,0.0
2026-03-08 19:00:00,0.0
2026-03-08 20:00:00,0.0
2026-03-08 21:00:00,0.0
2026-03-08 22:00:00,0.0
2026-03-08 23:00:00,0.0
2026-03-09 00:00:00,0.0
2026-03-09 01:00:00,0.0
2026-03-09 02:00:00,0.0
2026-03-09 03:00:00,0.0
2026-03-09 04:00:00,0.0
2026-03-09 05:00:00,0.0
2026-03-09 06:00:00,0.0
2026-03-09 07:00:00,0.0
2026-03-09 08:00:00,0.0
2026-03-09 09:00:00,0.0
2026-03-09 10:00:00,0.0
2026-03-09 11:00:00,0.0
2026-03-09 12:00:00,0.0
2026-03-09 13:00:00,0.0
2026-03-09 14:00:00,0.0
2026-03-09 15:00:00,0.0
2026-03-09 16:00:00,0.0
2026-03-09 17:00:00,0.0
2026-03-09 18:00:00,0.0
2026-03-09 19:00:00,0.0
2026-03-09 20:00:00,0.0
2026-03-09 21:00:00,0.0
2026-03-09 22:00:00,0.0
2026-03-09 23:00:00,0.0
2026-03-10 00:00:00,0.0
2026-03-10 01:00:00,0.0
2026-03-10 02:00:00,0.0
2026-03-10 03:00:00,0.0
2026-03-10 04:00:00,0.0
2026-03-10 05:00:00,0.0
2026-03-10 06:00:00,0.0
2026-03-10 07:00:00,0.0
2026-03-10 08:00:00,0.0
2026-03-10 09:00:00,0.0
2026-03-10 10:00:00,0.0
2026-03-10 11:00:00,0.0
2026-03-10 12:00:00,0.0
2026-03-10 13:00:00,0.0
2026-03-10 14:00:00,0.0
2026-03-10 15:00:00,0.0
2026-03-10 16:00:00,0.0
2026-03-10 17:00:00,0.0
2026-03-10 18:00:00,0.0
2026-03-10 19:00:00,0.0
2026-03-10 20:00:00,0.0
2026-03-10 21:00:00,0.0
2026-03-10 22:00:00,0.0
2026-03-10 23:00:00,0.0
