09/10/2024 22:00,METAR SBSC 092200Z 17007KT 8000 -RA BKN010 OVC020 23/22 Q1018=
09/10/2024 23:00,METAR COR SBSC 092300Z 17006KT 3000 -RA BR BKN010 OVC020 23/22 Q1018=
10/10/2024 00:00,METAR SBSC 100000Z 13008KT 9999 FEW008 BKN014 OVC050 22/22 Q1019=
10/10/2024 01:00,METAR SBSC 100100Z 13007KT 9999 FEW010 BKN014 OVC050 22/21 Q1018=
10/10/2024 02:00,METAR SBSC 100200Z 13007KT 9999 BKN035 BKN080 23/21 Q1018=
10/10/2024 03:00,METAR SBSC 100300Z 15006KT 9999 BKN035 BKN080 22/20 Q1018=
10/10/2024 04:00,METAR SBSC 100400Z 13006KT 9999 BKN015 BKN050 22/20 Q1017=
10/10/2024 05:00,METAR SBSC 100500Z 09007KT 9999 BKN015 BKN050 21/20 Q1016=
10/10/2024 06:00,METAR SBSC 100600Z 11005KT 8000 -RA BKN012 BKN030 20/20 Q1016=
10/10/2024 07:00,METAR SBSC 100700Z 08006KT 9999 SCT010 BKN015 BKN030 21/19 Q1016=
10/10/2024 08:00,METAR SBSC 100800Z 08005KT 9999 FEW008 BKN014 BKN050 21/19 Q1016=
10/10/2024 09:00,METAR SBSC 100900Z 03006KT 9999 FEW015 BKN060 OVC090 22/20 Q1016=
10/10/2024 10:00,METAR SBSC 101000Z 02006KT 9999 FEW010 BKN021 OVC090 22/20 Q1017=
10/10/2024 11:00,METAR SBSC 101100Z 02006KT 9999 FEW009 OVC025 22/20 Q1018=
10/10/2024 12:00,METAR SBSC 101200Z 01006KT 9999 FEW011 BKN022 22/20 Q1018=
10/10/2024 13:00,METAR SBSC 101300Z 02011KT 9999 FEW010 BKN030 OVC040 22/20 Q1016=
10/10/2024 14:00,METAR SBSC 101400Z 01010KT 9999 FEW010 SCT020 OVC030 22/20 Q1016=
10/10/2024 15:00,METAR SBSC 101500Z 03011KT 9999 FEW010 BKN030 OVC040 23/21 Q1015=
10/10/2024 16:00,METAR SBSC 101600Z 02007KT 9999 FEW012 BKN030 OVC040 23/20 Q1015=
10/10/2024 17:00,METAR SBSC 101700Z 01008KT 9999 FEW012 BKN030 OVC040 23/20 Q1014=
10/10/2024 18:00,METAR SBSC 101800Z 02006KT 9999 FEW012 BKN030 OVC040 24/20 Q1014=
10/10/2024 19:00,METAR SBSC 101900Z 35006KT 9999 FEW012 BKN030 OVC040 24/21 Q1013=
10/10/2024 20:00,METAR SBSC 102000Z 07004KT 9999 FEW015 BKN030 OVC040 24/21 Q1014=
10/10/2024 21:00,METAR SBSC 102100Z 34001KT 9999 FEW015 BKN030 OVC040 23/21 Q1014=
10/10/2024 22:00,METAR SBSC 102200Z 35002KT 9999 FEW020 BKN030 OVC050 23/21 Q1015=
10/10/2024 23:00,METAR SBSC 102300Z 34008KT 9999 FEW020 BKN030 OVC050 23/20 Q1015=
11/10/2024 00:00,METAR SBSC 110000Z 35003KT 9999 FEW020 BKN030 OVC100 23/20 Q1016=
11/10/2024 01:00,METAR SBSC 110100Z 35004KT 9999 FEW020 BKN030 OVC100 22/20 Q1016=
11/10/2024 02:00,METAR SBSC 110200Z 32002KT 9999 FEW020 BKN030 OVC100 22/21 Q1016=
11/10/2024 03:00,METAR SBSC 110300Z 35006KT 9999 FEW020 BKN030 OVC100 22/20 Q1015=
11/10/2024 04:00,METAR SBSC 110400Z 36007KT 8000 -RA BKN010 BKN030 OVC100 21/20 Q1015=
11/10/2024 05:00,METAR SBSC 110500Z 36007KT 9999 BKN010 BKN030 OVC100 21/20 Q1014=
11/10/2024 06:00,METAR SBSC 110600Z 36007KT 9999 BKN010 BKN030 OVC100 21/20 Q1014=
11/10/2024 07:00,METAR SBSC 110700Z 36007KT 9999 BKN010 BKN030 OVC100 21/20 Q1014=
11/10/2024 08:00,METAR SBSC 110800Z 35007KT 9999 BKN010 BKN030 OVC100 21/20 Q1014=
11/10/2024 09:00,METAR COR SBSC 110900Z 36006KT 9999 FEW020 BKN030 OVC100 21/20 Q1014=
11/10/2024 10:00,METAR SBSC 111000Z 36005KT 9999 FEW020 BKN060 OVC100 21/20 Q1014=
11/10/2024 11:00,METAR SBSC 111100Z 01006KT 9999 FEW020 BKN060 22/21 Q1014=
11/10/2024 12:00,METAR SBSC 111200Z 35008KT 9999 FEW020 BKN083 23/21 Q1014=
11/10/2024 13:00,METAR SBSC 111300Z 34009KT 9999 SCT030 BKN070 25/21 Q1013=
11/10/2024 14:00,METAR SBSC 111400Z 35015KT 9999 SCT030 BKN070 29/21 Q1011=
11/10/2024 15:00,METAR SBSC 111500Z 32015G30KT 9999 SCT030 BKN070 31/20 Q1011=
11/10/2024 16:00,METAR SBSC 111600Z 33015G30KT 9999 SCT030 BKN070 29/20 Q1010=
11/10/2024 17:00,METAR SBSC 111700Z 33016G30KT 9999 SCT030 BKN070 29/20 Q1009=
11/10/2024 18:00,METAR SBSC 111800Z 33015G30KT 9999 SCT030 BKN070 29/20 Q1009=
11/10/2024 19:00,METAR SBSC 111900Z 33014G30KT 9999 SCT030 SCT070 30/20 Q1008=
11/10/2024 20:00,METAR SBSC 112000Z 32012KT 9999 FEW030 SCT070 29/20 Q1007=
11/10/2024 21:00,METAR SBSC 112100Z 32011G25KT 9999 FEW030 SCT070 28/20 Q1008=
11/10/2024 22:00,METAR SBSC 112200Z 21011G25KT 9999 FEW030 SCT070 27/20 Q1008=
11/10/2024 23:00,METAR SBSC 112300Z 31008KT 9999 FEW030 SCT070 27/20 Q1009=
12/10/2024 00:00,METAR SBSC 120000Z 32007KT 9999 FEW030 SCT070 27/20 Q1010=
12/10/2024 01:00,METAR SBSC 120100Z 31011KT 9999 FEW030 27/20 Q1009=
12/10/2024 02:00,METAR SBSC 120200Z 30004KT 9999 FEW030 27/20 Q1010=
12/10/2024 03:00,METAR SBSC 120300Z 32012KT 300V360 9999 -RA FEW030 BKN100 25/22 Q1010=
12/10/2024 04:00,METAR SBSC 120400Z 34012KT 9999 FEW030 BKN080 24/22 Q1008=
12/10/2024 05:00,METAR COR SBSC 120500Z 31010KT 9999 FEW030 BKN100 25/21 Q1008=
12/10/2024 06:00,METAR SBSC 120600Z 35013KT 9999 FEW030 BKN100 24/21 Q1008=
12/10/2024 07:00,METAR SBSC 120700Z 36009KT 9999 FEW030 BKN100 24/21 Q1007=
12/10/2024 08:00,METAR COR SBSC 120800Z 01009KT 9999 FEW030 SCT100 25/21 Q1007=
12/10/2024 09:00,METAR COR SBSC 120900Z 31007KT 9999 FEW030 SCT100 24/21 Q1008=
12/10/2024 10:00,METAR SBSC 121000Z 33004KT 9999 FEW030 BKN100 26/21 Q1010=
12/10/2024 11:00,METAR SBSC 121100Z 33011KT 9999 FEW030 BKN100 27/20 Q1011=
12/10/2024 12:00,METAR SBSC 121200Z 34014KT 9999 FEW015 BKN100 30/21 Q1011=
12/10/2024 13:00,METAR SBSC 121300Z 31008KT CAVOK 32/21 Q1012=
12/10/2024 14:00,METAR SBSC 121400Z 17012KT 9999 SCT025 BKN050 32/21 Q1013=
12/10/2024 15:00,METAR SBSC 121500Z 17015G30KT 9999 SCT025 BKN050 28/21 Q1014=
12/10/2024 16:00,METAR SBSC 121600Z 16016KT 9999 SCT025 BKN050 26/21 Q1014=
12/10/2024 17:00,METAR SBSC 121700Z 16012KT 9999 SCT025 BKN050 26/21 Q1014=
12/10/2024 18:00,METAR SBSC 121800Z 17012KT 9999 SCT025 BKN040 25/21 Q1014=
12/10/2024 19:00,METAR SBSC 121900Z 17010KT 9999 SCT025 BKN040 25/21 Q1015=
12/10/2024 20:00,METAR SBSC 122000Z 17010KT 9999 SCT015 SCT030 BKN040 24/21 Q1016=
12/10/2024 21:00,METAR SBSC 122100Z 17008KT 9999 SCT015 SCT030 BKN040 24/21 Q1017=
12/10/2024 22:00,METAR COR SBSC 122200Z 17007KT 9999 TS SCT015 SCT030 FEW031CB BKN040 24/20 Q1018=
12/10/2024 23:00,METAR SBSC 122300Z 17008KT 9999 SCT015 SCT030 BKN040 24/20 Q1019 RETS=
13/10/2024 00:00,METAR SBSC 130000Z 17007KT 9999 SCT015 SCT030 BKN040 24/20 Q1020=
13/10/2024 01:00,METAR SBSC 130100Z 16009KT 9999 SCT015 BKN050 23/20 Q1021=
13/10/2024 02:00,METAR SBSC 130200Z 19006KT 9999 FEW014 BKN060 23/20 Q1020=
13/10/2024 03:00,METAR SBSC 130300Z 17006KT 9999 FEW014 BKN060 22/20 Q1020=
13/10/2024 04:00,METAR SBSC 130400Z 19006KT 9999 SCT014 BKN070 22/21 Q1020=
13/10/2024 05:00,METAR SBSC 130500Z 21007KT 8000 FEW010 BKN050 21/21 Q1019=
13/10/2024 06:00,METAR SBSC 130600Z 21005KT 8000 SCT010 BKN050 21/20 Q1020=
13/10/2024 07:00,METAR SBSC 130700Z 19005KT 9999 SCT020 SCT050 22/20 Q1020=
13/10/2024 08:00,METAR SBSC 130800Z 18009KT 9999 SCT020 SCT050 22/20 Q1021=
13/10/2024 09:00,METAR SBSC 130900Z 15005KT 9999 FEW010 BKN030 23/20 Q1022=
13/10/2024 10:00,METAR SBSC 131000Z 16007KT 9999 FEW011 SCT016 OVC030 23/21 Q1023=
13/10/2024 11:00,METAR SBSC 131100Z 14007KT 9999 FEW009 SCT020 BKN030 23/20 Q1024=
13/10/2024 12:00,METAR SBSC 131200Z 13008KT 9999 FEW015 OVC040 25/20 Q1024=
13/10/2024 13:00,METAR SBSC 131300Z 15007KT 9999 FEW015 BKN040 25/19 Q1024=
13/10/2024 14:00,METAR SBSC 131400Z 16007KT 9999 SCT030 27/19 Q1024=
13/10/2024 15:00,METAR SBSC 131500Z 15010KT 9999 SCT030 27/19 Q1023=
13/10/2024 16:00,METAR SBSC 131600Z 16009KT 9999 FEW030 27/19 Q1023=
13/10/2024 17:00,METAR SBSC 131700Z 15011KT 9999 FEW030 26/19 Q1022=
13/10/2024 18:00,METAR SBSC 131800Z 14010KT 9999 FEW030 26/19 Q1022=
13/10/2024 19:00,METAR SBSC 131900Z 14012KT 9999 FEW030 25/19 Q1022=
13/10/2024 20:00,METAR SBSC 132000Z 15011KT 9999 SCT030 24/19 Q1023=
13/10/2024 21:00,METAR SBSC 132100Z 12012KT 9999 FEW015 BKN050 23/20 Q1023=
13/10/2024 22:00,METAR SBSC 132200Z 12010KT 9999 FEW015 BKN050 23/19 Q1024=
13/10/2024 23:00,METAR SBSC 132300Z 13009KT 9999 FEW015 BKN050 23/19 Q1025=
14/10/2024 00:00,METAR SBSC 140000Z 13009KT 9999 FEW015 BKN050 23/19 Q1025=
14/10/2024 01:00,METAR SBSC 140100Z 10006KT 8000 SCT005 BKN015 OVC050 23/19 Q1026=
14/10/2024 02:00,METAR SBSC 140200Z 08007KT 8000 SCT005 BKN015 OVC050 23/18 Q1026=
14/10/2024 03:00,METAR SBSC 140300Z 09008KT 8000 SCT005 BKN015 OVC050 23/18 Q1026=
14/10/2024 04:00,METAR SBSC 140400Z 10008KT 8000 SCT005 BKN015 OVC050 22/18 Q1025=
14/10/2024 05:00,METAR SBSC 140500Z 08007KT 8000 SCT005 BKN015 OVC050 22/18 Q1025=
14/10/2024 06:00,METAR SBSC 140600Z 09009KT 8000 SCT005 BKN015 OVC050 21/17 Q1024=
14/10/2024 07:00,METAR SBSC 140700Z 07009KT 8000 SCT005 BKN015 OVC050 21/17 Q1024=
14/10/2024 08:00,METAR SBSC 140800Z 09008KT 8000 SCT005 BKN015 OVC050 22/19 Q1025=
14/10/2024 09:00,METAR SBSC 140900Z 07003KT 8000 FEW005 BKN025 OVC050 22/18 Q1024=
14/10/2024 10:00,METAR SBSC 141000Z 02006KT 8000 BKN025 OVC050 23/18 Q1025=
14/10/2024 11:00,METAR SBSC 141100Z 03006KT 8000 BKN025 OVC050 24/18 Q1025=
14/10/2024 12:00,METAR SBSC 141200Z 01008KT 8000 SCT025 BKN030 OVC050 25/18 Q1025=
14/10/2024 13:00,METAR SBSC 141300Z 29003KT 8000 SCT025 BKN030 OVC050 24/18 Q1025=
14/10/2024 14:00,METAR SBSC 141400Z 10005KT 8000 SCT025 BKN030 OVC050 24/18 Q1025=
14/10/2024 15:00,METAR SBSC 141500Z 12007KT 9999 FEW010 OVC030 25/17 Q1024=
14/10/2024 16:00,METAR SBSC 141600Z 10008KT 8000 FEW010 OVC035 25/17 Q1023=
14/10/2024 17:00,METAR SBSC 141700Z 13008KT 8000 SCT020 OVC040 25/16 Q1022=
14/10/2024 18:00,METAR SBSC 141800Z 13012KT 8000 BKN045 25/16 Q1021=
14/10/2024 19:00,METAR SBSC 141900Z 13010KT 9999 BKN045 24/16 Q1021=
14/10/2024 20:00,METAR SBSC 142000Z 09010KT 9999 BKN045 23/16 Q1021=
14/10/2024 21:00,METAR SBSC 142100Z 08011KT 8000 BKN040 OVC060 23/16 Q1022=
14/10/2024 22:00,METAR SBSC 142200Z 07011KT 9999 BKN045 OVC060 23/16 Q1022=
14/10/2024 23:00,METAR SBSC 142300Z 07008KT 9999 BKN045 OVC055 22/17 Q1023=
15/10/2024 00:00,METAR SBSC 150000Z 08006KT 9999 BKN045 22/17 Q1024=
15/10/2024 01:00,METAR SBSC 150100Z 09004KT 9999 BKN045 22/16 Q1024=
15/10/2024 02:00,METAR SBSC 150200Z 12002KT 9999 BKN045 22/17 Q1024=
15/10/2024 03:00,METAR SBSC 150300Z 12005KT 9999 BKN045 22/16 Q1023=
15/10/2024 04:00,METAR SBSC 150400Z 07006KT 9999 BKN040 20/18 Q1022=
15/10/2024 05:00,METAR SBSC 150500Z 07006KT 9999 BKN040 20/18 Q1021=
15/10/2024 06:00,METAR SBSC 150600Z 08005KT 9999 BKN040 20/18 Q1020=
15/10/2024 07:00,METAR SBSC 150700Z 08005KT 9999 BKN040 19/18 Q1020=
15/10/2024 08:00,METAR SBSC 150800Z 06006KT 9999 BKN040 20/18 Q1020=
15/10/2024 09:00,METAR SBSC 150900Z 02004KT 9999 BKN038 22/16 Q1020=
15/10/2024 10:00,METAR SBSC 151000Z 36005KT 9999 BKN038 22/16 Q1021=
15/10/2024 11:00,METAR SBSC 151100Z 01007KT 9999 BKN038 23/16 Q1021=
15/10/2024 12:00,METAR SBSC 151200Z 36005KT 9999 FEW030 SCT060 25/15 Q1021=
15/10/2024 13:00,METAR SBSC 151300Z 35007KT 9999 SCT030 27/15 Q1020=
15/10/2024 14:00,METAR SBSC 151400Z 01007KT 9999 FEW030 SCT045 28/15 Q1019=
15/10/2024 15:00,METAR SBSC 151500Z 35010KT CAVOK 29/15 Q1017=
15/10/2024 16:00,METAR SBSC 151600Z 11011KT CAVOK 30/15 Q1016=
15/10/2024 17:00,METAR SBSC 151700Z 13013G24KT CAVOK 28/16 Q1015=
15/10/2024 18:00,METAR SBSC 151800Z 09010KT CAVOK 27/16 Q1015=
15/10/2024 19:00,METAR SBSC 151900Z 14011G21KT CAVOK 27/15 Q1015=
15/10/2024 20:00,METAR SBSC 152000Z 14005KT CAVOK 26/16 Q1014=
15/10/2024 21:00,METAR SBSC 152100Z 13004KT CAVOK 24/16 Q1014=
15/10/2024 22:00,METAR SBSC 152200Z 20003KT CAVOK 22/17 Q1015=
15/10/2024 23:00,METAR SBSC 152300Z 18005KT CAVOK 21/18 Q1016=
16/10/2024 00:00,METAR SBSC 160000Z 18004KT CAVOK 22/18 Q1017=
16/10/2024 01:00,METAR SBSC 160100Z 20003KT CAVOK 21/18 Q1017=
16/10/2024 02:00,METAR SBSC 160200Z 06003KT CAVOK 21/18 Q1016=
16/10/2024 03:00,METAR SBSC 160300Z 08004KT CAVOK 21/18 Q1016=
16/10/2024 04:00,METAR SBSC 160400Z 08006KT CAVOK 20/17 Q1015=
16/10/2024 05:00,METAR SBSC 160500Z 05005KT CAVOK 20/17 Q1014=
16/10/2024 06:00,METAR SBSC 160600Z 03006KT CAVOK 19/17 Q1014=
16/10/2024 07:00,METAR SBSC 160700Z 04006KT CAVOK 20/17 Q1013=
16/10/2024 08:00,METAR SBSC 160800Z 04007KT CAVOK 20/17 Q1013=
16/10/2024 09:00,METAR SBSC 160900Z 36008KT CAVOK 20/17 Q1012=
16/10/2024 10:00,METAR SBSC 161000Z 35008KT CAVOK 22/17 Q1013=
16/10/2024 11:00,METAR SBSC 161100Z 33014G24KT CAVOK 26/16 Q1013=
16/10/2024 12:00,METAR SBSC 161200Z 33014G24KT CAVOK 28/17 Q1013=
16/10/2024 13:00,METAR SBSC 161300Z 33012G25KT CAVOK 30/17 Q1013=
16/10/2024 14:00,METAR SBSC 161400Z 18011KT CAVOK 26/18 Q1013=
16/10/2024 15:00,METAR SBSC 161500Z 17011KT CAVOK 26/18 Q1013=
16/10/2024 16:00,METAR SBSC 161600Z 16014KT CAVOK 26/18 Q1013=
16/10/2024 17:00,METAR SBSC 161700Z 16014KT CAVOK 25/18 Q1012=
16/10/2024 18:00,METAR SBSC 161800Z 17011KT 8000 NSC 23/18 Q1012=
16/10/2024 19:00,METAR SBSC 161900Z 16011KT 8000 NSC 23/19 Q1011=
16/10/2024 20:00,METAR SBSC 162000Z 16003KT 8000 NSC 23/19 Q1012=
16/10/2024 21:00,METAR SBSC 162100Z 18002KT 8000 FEW030 SCT070 23/18 Q1012=
16/10/2024 22:00,METAR SBSC 162200Z 20002KT 8000 FEW030 SCT070 21/18 Q1012=
16/10/2024 23:00,METAR SBSC 162300Z 21003KT 8000 FEW030 SCT070 21/19 Q1013=
17/10/2024 00:00,METAR SBSC 170000Z 21001KT 8000 FEW030 SCT070 20/18 Q1013=
17/10/2024 01:00,METAR SBSC 170100Z 00000KT CAVOK 20/18 Q1013=
17/10/2024 02:00,METAR SBSC 170200Z 15002KT CAVOK 19/18 Q1013=
17/10/2024 03:00,METAR SBSC 170300Z 16003KT CAVOK 20/19 Q1013=
17/10/2024 04:00,METAR SBSC 170400Z 17004KT CAVOK 21/20 Q1013=
17/10/2024 05:00,METAR SBSC 170500Z 16003KT CAVOK 21/20 Q1013=
17/10/2024 06:00,METAR SBSC 170600Z 19002KT CAVOK 20/19 Q1012=
17/10/2024 07:00,METAR SBSC 170700Z 21003KT CAVOK 20/19 Q1012=
17/10/2024 08:00,METAR SBSC 170800Z 18002KT CAVOK 20/19 Q1013=
17/10/2024 09:00,METAR SBSC 170900Z 33002KT 9999 FEW012 OVC025 21/20 Q1014=
17/10/2024 10:00,METAR COR SBSC 171000Z 34003KT 9999 FEW012 OVC025 23/20 Q1014=
17/10/2024 11:00,METAR SBSC 171100Z 30003KT 9999 SCT020 BKN100 24/20 Q1015=
17/10/2024 12:00,METAR SBSC 171200Z 17004KT 9999 SCT020 BKN100 25/21 Q1015=
17/10/2024 13:00,METAR COR SBSC 171300Z 18004KT 9999 FEW020 26/21 Q1015=
17/10/2024 14:00,METAR SBSC 171400Z 16012KT 9999 FEW030 SCT070 25/19 Q1015=
17/10/2024 15:00,METAR SBSC 171500Z 16012KT 9999 FEW030 SCT070 25/19 Q1015=
17/10/2024 16:00,METAR SBSC 171600Z 18015KT 9999 FEW030 SCT070 26/19 Q1014=
17/10/2024 17:00,METAR SBSC 171700Z 16013KT 9999 FEW030 SCT070 26/19 Q1014=
17/10/2024 18:00,METAR SBSC 171800Z 16013KT 8000 FEW030 SCT070 25/19 Q1013=
17/10/2024 19:00,METAR SBSC 171900Z 16011KT 8000 FEW030 SCT070 25/19 Q1013=
17/10/2024 20:00,METAR SBSC 172000Z 15011KT 8000 FEW030 SCT070 24/19 Q1013=
17/10/2024 21:00,METAR SBSC 172100Z 14007KT 8000 FEW030 SCT070 23/19 Q1014=
17/10/2024 22:00,METAR SBSC 172200Z 14007KT 8000 BKN030 BKN050 23/20 Q1015=
17/10/2024 23:00,METAR SBSC 172300Z 16005KT 8000 BKN030 BKN050 22/20 Q1016=
18/10/2024 00:00,METAR SBSC 180000Z 00000KT 8000 FEW030 SCT050 22/20 Q1016=
18/10/2024 01:00,METAR SBSC 180100Z 15001KT 8000 FEW030 SCT050 22/20 Q1017=
18/10/2024 02:00,METAR SBSC 180200Z 18002KT 8000 SCT013 BKN040 22/20 Q1016=
18/10/2024 03:00,METAR SBSC 180300Z 22002KT 8000 FEW013 SCT040 22/20 Q1015=
18/10/2024 04:00,METAR SBSC 180400Z 34003KT 8000 FEW013 SCT040 21/20 Q1015=
18/10/2024 05:00,METAR SBSC 180500Z 33002KT 8000 FEW013 SCT040 21/20 Q1014=
18/10/2024 06:00,METAR SBSC 180600Z 33002KT 4000 BR FEW008 SCT030 20/20 Q1014=
18/10/2024 07:00,METAR SBSC 180700Z 02003KT 4000 BR FEW008 SCT030 20/20 Q1013=
18/10/2024 08:00,METAR SBSC 180800Z 02004KT 6000 FEW010 SCT035 21/20 Q1014=
18/10/2024 09:00,METAR SBSC 180900Z 03003KT 8000 FEW007 21/21 Q1014=
18/10/2024 10:00,METAR SBSC 181000Z 01003KT 9999 BKN030 22/20 Q1014=
18/10/2024 11:00,METAR SBSC 181100Z 34006KT 9999 SCT035 25/19 Q1014=
18/10/2024 12:00,METAR SBSC 181200Z 36005KT CAVOK 27/19 Q1014=
18/10/2024 13:00,METAR SBSC 181300Z 16011KT 8000 SCT040 BKN100 26/21 Q1014=
18/10/2024 14:00,METAR SBSC 181400Z 16011KT 8000 FEW012 SCT040 BKN100 26/21 Q1014=
18/10/2024 15:00,METAR SBSC 181500Z 17011KT 8000 SCT008 BKN012 BKN060 25/21 Q1014=
18/10/2024 16:00,METAR SBSC 181600Z 16013KT 9999 SCT008 BKN010 BKN060 25/21 Q1013=
18/10/2024 17:00,METAR SBSC 181700Z 15012KT 9999 SCT008 BKN010 BKN060 24/20 Q1012=
18/10/2024 18:00,METAR SBSC 181800Z 15012KT 9999 SCT008 BKN010 BKN060 23/21 Q1013=
18/10/2024 19:00,METAR SBSC 181900Z 15011KT 9999 SCT008 BKN010 BKN060 23/21 Q1012=
18/10/2024 20:00,METAR SBSC 182000Z 15009KT 8000 SCT008 BKN010 BKN030 23/21 Q1013=
18/10/2024 21:00,METAR SBSC 182100Z 16008KT 5000 -RA BR SCT008 BKN010 BKN030 23/21 Q1013=
18/10/2024 22:00,METAR SBSC 182200Z 15005KT 9999 BKN010 OVC030 23/20 Q1014=
18/10/2024 23:00,METAR SBSC 182300Z 15005KT 9999 BKN010 OVC030 23/20 Q1015=
19/10/2024 00:00,METAR SBSC 190000Z 16003KT 9999 BKN010 OVC030 23/19 Q1015=
19/10/2024 01:00,METAR SBSC 190100Z 17005KT 5000 BR SCT005 BKN010 OVC030 22/20 Q1016=
19/10/2024 02:00,METAR SBSC 190200Z 15006KT 5000 BR SCT005 BKN010 OVC030 22/20 Q1016=
19/10/2024 03:00,METAR SBSC 190300Z 16007KT 5000 BR SCT005 BKN010 OVC030 21/20 Q1015=
19/10/2024 04:00,METAR SBSC 190400Z 18008KT 3000 -RA BR SCT005 BKN010 OVC030 21/20 Q1015=
19/10/2024 05:00,METAR SBSC 190500Z 15006KT 3000 -RA BR SCT005 BKN010 OVC030 20/19 Q1014=
19/10/2024 06:00,METAR SBSC 190600Z 17007KT 3000 -RA BR SCT005 BKN010 OVC030 20/19 Q1014=
19/10/2024 07:00,METAR SBSC 190700Z 18006KT 5000 BR SCT005 BKN010 OVC030 20/18 Q1013=
19/10/2024 08:00,METAR SBSC 190800Z 01004KT 5000 BR SCT005 BKN010 OVC030 21/20 Q1013=
19/10/2024 09:00,METAR SBSC 190900Z 22001KT 5000 BR SCT005 BKN015 OVC030 21/21 Q1013=
19/10/2024 10:00,METAR SBSC 191000Z 00000KT 5000 -RA BR SCT005 BKN015 OVC030 22/21 Q1014=
19/10/2024 11:00,METAR SBSC 191100Z 35001KT 5000 BR SCT005 BKN015 OVC030 22/21 Q1014=
19/10/2024 12:00,METAR SBSC 191200Z 03003KT 5000 BR SCT005 BKN012 OVC030 22/21 Q1014=
19/10/2024 13:00,METAR SBSC 191300Z 12005KT 9999 SCT005 BKN012 OVC030 23/21 Q1014=
19/10/2024 14:00,METAR SBSC 191400Z 10003KT 8000 SCT005 BKN012 OVC030 23/20 Q1014=
19/10/2024 15:00,METAR SBSC 191500Z 08004KT 8000 SCT005 BKN012 OVC030 24/20 Q1014=
19/10/2024 16:00,METAR SBSC 191600Z 09006KT 8000 SCT005 BKN012 OVC030 22/20 Q1013=
19/10/2024 17:00,METAR SBSC 191700Z 12002KT 4000 BR SCT005 BKN012 OVC030 23/20 Q1012=
19/10/2024 18:00,METAR SBSC 191800Z 15005KT 2500 -RA BR SCT005 BKN012 OVC022 22/21 Q1012=
19/10/2024 19:00,METAR SBSC 191900Z 12009KT 2500 RA BR SCT005 BKN012 OVC022 21/20 Q1011=
19/10/2024 20:00,METAR SBSC 192000Z 12011KT 4000 -RA BR SCT006 BKN012 OVC032 21/20 Q1012 RERA=
19/10/2024 21:00,METAR SBSC 192100Z 13012KT 2500 -RA BR SCT006 BKN012 OVC032 21/20 Q1013=
19/10/2024 22:00,METAR SBSC 192200Z 13012KT 2500 -RA BR SCT006 BKN012 OVC032 20/19 Q1013=
19/10/2024 23:00,METAR SBSC 192300Z 13007KT 2500 RA BR SCT006 BKN012 OVC032 20/20 Q1015=
20/10/2024 00:00,METAR SBSC 200000Z 14008KT 2500 RA BR SCT006 BKN012 OVC032 20/19 Q1015=
20/10/2024 01:00,METAR SBSC 200100Z 11011KT 8000 -RA OVC013 19/19 Q1016 RERA=
20/10/2024 02:00,METAR SBSC 200200Z 14007KT 8000 SCT004 BKN008 OVC011 19/19 Q1015=
20/10/2024 03:00,METAR SBSC 200300Z 17003KT 8000 -RA OVC009 19/19 Q1015=
20/10/2024 04:00,METAR SBSC 200400Z 14003KT 8000 -RA OVC008 19/19 Q1013=
20/10/2024 05:00,METAR SBSC 200500Z 17002KT 8000 -RA OVC008 19/19 Q1013=
20/10/2024 06:00,METAR SBSC 200600Z 17003KT 6000 -RA SCT004 OVC008 19/19 Q1012=
20/10/2024 07:00,METAR SBSC 200700Z 15004KT 6000 -RA BKN004 OVC008 19/19 Q1013=
20/10/2024 08:00,METAR SBSC 200800Z 15005KT 6000 -RA BKN005 OVC011 20/19 Q1013=
20/10/2024 09:00,METAR SBSC 200900Z 18005KT 4000 -RA BR OVC008 20/20 Q1014=
20/10/2024 10:00,METAR SBSC 201000Z 18004KT 6000 -RA BKN007 OVC010 20/20 Q1014=
20/10/2024 11:00,METAR SBSC 201100Z 19004KT 8000 -RA BKN007 OVC010 20/20 Q1015=
20/10/2024 12:00,METAR SBSC 201200Z 21005KT 6000 -RA BKN004 OVC008 20/20 Q1016=
20/10/2024 13:00,METAR SBSC 201300Z 20004KT 5000 -RA BR BKN004 OVC010 21/21 Q1016=
20/10/2024 14:00,METAR SBSC 201400Z 19004KT 6000 -RA BKN012 OVC030 21/21 Q1016=
20/10/2024 15:00,METAR SBSC 201500Z 22004KT 6000 -RA SCT005 BKN010 OVC025 21/21 Q1016=
20/10/2024 16:00,METAR SBSC 201600Z 22005KT 6000 -RA SCT005 BKN010 OVC025 21/21 Q1015=
20/10/2024 17:00,METAR SBSC 201700Z 18003KT 7000 -RA SCT005 BKN012 OVC020 21/21 Q1014=
20/10/2024 18:00,METAR SBSC 201800Z 18003KT 7000 -RA SCT006 BKN012 OVC020 21/21 Q1014=
20/10/2024 19:00,METAR COR SBSC 201900Z 34002KT 7000 -RA FEW006 SCT015 OVC040 22/22 Q1013=
20/10/2024 20:00,METAR SBSC 202000Z 09003KT 5000 -RA SCT007 BKN030 OVC040 22/22 Q1014=
20/10/2024 21:00,METAR SBSC 202100Z 12006KT 4000 -RA BR SCT004 BKN012 OVC030 22/21 Q1014=
20/10/2024 22:00,METAR SBSC 202200Z 07002KT 9999 FEW008 SCT012 OVC040 21/21 Q1015=
20/10/2024 23:00,METAR SBSC 202300Z 10010KT 9999 FEW004 SCT010 OVC080 21/21 Q1016=
21/10/2024 00:00,METAR SBSC 210000Z 01004KT 9999 FEW010 BKN100 21/21 Q1016=
21/10/2024 01:00,METAR SBSC 210100Z 23002KT 9000 SCT015 BKN020 OVC030 21/21 Q1017=
21/10/2024 02:00,METAR SBSC 210200Z 21003KT 9000 FEW015 BKN030 21/21 Q1017=
21/10/2024 03:00,METAR SBSC 210300Z 17004KT 6000 -RA FEW007 BKN010 BKN030 21/21 Q1016=
21/10/2024 04:00,METAR SBSC 210400Z 17003KT 6000 -RA FEW007 BKN010 BKN030 21/21 Q1016=
21/10/2024 05:00,METAR SBSC 210500Z 18003KT 8000 BKN010 BKN030 21/21 Q1016=
21/10/2024 06:00,METAR SBSC 210600Z 17002KT 7000 BKN010 BKN020 21/21 Q1016=
21/10/2024 07:00,METAR SBSC 210700Z 16002KT 8000 FEW005 BKN012 21/21 Q1016=
21/10/2024 08:00,METAR SBSC 210800Z 16002KT 8000 FEW005 BKN012 20/20 Q1016=
21/10/2024 09:00,METAR SBSC 210900Z 20002KT 5000 BR BKN005 OVC008 21/21 Q1017=
21/10/2024 10:00,METAR SBSC 211000Z 20004KT 6000 BKN005 OVC010 22/22 Q1017=
21/10/2024 11:00,METAR SBSC 211100Z 17004KT 8000 BKN005 OVC015 22/22 Q1018=
21/10/2024 12:00,METAR SBSC 211200Z 20004KT 8000 BKN005 OVC015 23/22 Q1018=
21/10/2024 13:00,METAR SBSC 211300Z 17004KT 9999 SCT007 OVC030 23/22 Q1018=
21/10/2024 14:00,METAR SBSC 211400Z 14003KT 8000 FEW010 BKN013 OVC040 26/23 Q1018=
21/10/2024 15:00,METAR SBSC 211500Z 13006KT 8000 FEW010 SCT015 OVC050 24/22 Q1018=
21/10/2024 16:00,METAR SBSC 211600Z 12005KT 8000 3000N -DZ BKN005 OVC020 23/22 Q1018=
21/10/2024 17:00,METAR SBSC 211700Z 20003KT 6000 FEW008 SCT020 OVC040 24/23 Q1017=
21/10/2024 18:00,METAR SBSC 211800Z 22003KT 6000 FEW008 SCT020 OVC045 25/23 Q1016=
21/10/2024 19:00,METAR SBSC 211900Z 18004KT 7000 FEW008 SCT020 BKN060 24/22 Q1016=
21/10/2024 20:00,METAR SBSC 212000Z 20003KT 8000 SCT020 BKN060 24/22 Q1016=
21/10/2024 21:00,METAR SBSC 212100Z 16002KT 8000 BKN014 BKN050 24/22 Q1017=
21/10/2024 22:00,METAR SBSC 212200Z 22002KT 9999 BKN014 BKN050 23/22 Q1017=
21/10/2024 23:00,METAR SBSC 212300Z 22002KT 8000 BKN014 BKN050 23/22 Q1018=
22/10/2024 00:00,METAR SBSC 220000Z 34002KT 8000 BKN014 BKN050 22/22 Q1018=
22/10/2024 01:00,METAR SBSC 220100Z 02002KT 9999 SCT020 SCT100 23/22 Q1018=
22/10/2024 02:00,METAR SBSC 220200Z 01003KT 9999 FEW020 SCT100 22/20 Q1018=
22/10/2024 03:00,METAR SBSC 220300Z 36003KT 9999 FEW020 SCT100 22/20 Q1017=
22/10/2024 04:00,METAR SBSC 220400Z 02004KT 9999 FEW020 SCT100 23/21 Q1017=
22/10/2024 05:00,METAR SBSC 220500Z 35002KT 9999 FEW020 SCT100 22/19 Q1016=
22/10/2024 06:00,METAR SBSC 220600Z 01004KT 9999 FEW020 SCT100 22/19 Q1016=
22/10/2024 07:00,METAR SBSC 220700Z 34003KT 9999 FEW017 SCT100 20/18 Q1016=
22/10/2024 08:00,METAR SBSC 220800Z 36005KT 9999 FEW017 SCT100 20/18 Q1017=
22/10/2024 09:00,METAR SBSC 220900Z 34007KT CAVOK 22/20 Q1016=
22/10/2024 10:00,METAR SBSC 221000Z 31014KT 260V350 CAVOK 25/21 Q1017=
22/10/2024 11:00,METAR SBSC 221100Z 34011G22KT 280V360 CAVOK 28/20 Q1017=
22/10/2024 12:00,METAR SBSC 221200Z 33016KT 290V360 CAVOK 29/20 Q1017=
22/10/2024 13:00,METAR SBSC 221300Z 33011KT CAVOK 31/21 Q1016=
22/10/2024 14:00,METAR SBSC 221400Z 33011KT CAVOK 32/21 Q1016=
22/10/2024 15:00,METAR SBSC 221500Z 34011KT CAVOK 34/21 Q1015=
22/10/2024 16:00,METAR SBSC 221600Z 35011KT CAVOK 35/21 Q1014=
22/10/2024 17:00,METAR SBSC 221700Z 21009KT CAVOK 30/22 Q1014=
22/10/2024 18:00,METAR SBSC 221800Z 21011KT CAVOK 28/22 Q1013=
22/10/2024 19:00,METAR SBSC 221900Z 20012KT 9999 SCT030 28/21 Q1013=
22/10/2024 20:00,METAR SBSC 222000Z 19010KT 9999 SCT030 SCT050 26/21 Q1013=
22/10/2024 21:00,METAR SBSC 222100Z 19009KT 9999 SCT030 SCT050 25/21 Q1014=
22/10/2024 22:00,METAR SBSC 222200Z 18007KT 9999 SCT030 SCT050 24/21 Q1014=
22/10/2024 23:00,METAR SBSC 222300Z 16004KT 9999 SCT030 SCT050 24/21 Q1014=
23/10/2024 00:00,METAR SBSC 230000Z 00000KT 9999 SCT030 SCT050 24/22 Q1014=
23/10/2024 01:00,METAR SBSC 230100Z 33002KT 9999 SCT030 SCT050 23/22 Q1014=
23/10/2024 02:00,METAR SBSC 230200Z 36002KT 9999 SCT030 SCT050 23/21 Q1014=
23/10/2024 03:00,METAR SBSC 230300Z 36001KT 9999 SCT030 SCT050 23/21 Q1013=
23/10/2024 04:00,METAR SBSC 230400Z 36002KT 9999 BKN030 23/22 Q1012=
23/10/2024 05:00,METAR SBSC 230500Z 36003KT 9999 BKN030 23/21 Q1012=
23/10/2024 06:00,METAR SBSC 230600Z 36004KT 9999 BKN030 23/21 Q1011=
23/10/2024 07:00,METAR SBSC 230700Z 36004KT 9999 BKN030 23/21 Q1011=
23/10/2024 08:00,METAR SBSC 230800Z 36005KT 9999 BKN030 24/21 Q1012=
23/10/2024 09:00,METAR SBSC 230900Z 28002KT 9999 FEW030 BKN100 26/20 Q1012=
23/10/2024 10:00,METAR SBSC 231000Z 31005KT 9999 FEW030 BKN100 27/21 Q1012=
23/10/2024 11:00,METAR SBSC 231100Z 30006KT 9999 FEW030 SCT100 29/20 Q1013=
23/10/2024 12:00,METAR SBSC 231200Z 19004KT 9999 FEW030 28/22 Q1013=
23/10/2024 13:00,METAR SBSC 231300Z 16010KT 9999 FEW030 SCT070 28/23 Q1013=
23/10/2024 14:00,METAR SBSC 231400Z 17011KT 9999 FEW030 SCT070 28/23 Q1012=
23/10/2024 15:00,METAR SBSC 231500Z 16012KT 9999 FEW030 SCT070 29/22 Q1012=
23/10/2024 16:00,METAR SBSC 231600Z 15012KT 9999 FEW030 SCT070 28/22 Q1011=
23/10/2024 17:00,METAR SBSC 231700Z 16013KT 9999 FEW030 SCT070 27/22 Q1011=
23/10/2024 18:00,METAR SBSC 231800Z 15014KT 9999 FEW030 SCT070 26/22 Q1010=
23/10/2024 19:00,METAR SBSC 231900Z 16010KT 9999 FEW015 26/22 Q1010=
23/10/2024 20:00,METAR SBSC 232000Z 15008KT 8000 FEW015 25/22 Q1010=
23/10/2024 21:00,METAR SBSC 232100Z 14007KT 8000 SCT007 24/22 Q1010=
23/10/2024 22:00,METAR SBSC 232200Z 14006KT 9999 FEW008 SCT100 23/22 Q1011=
23/10/2024 23:00,METAR SBSC 232300Z 14006KT 9999 SCT005 23/22 Q1011=
24/10/2024 00:00,METAR SBSC 240000Z 14006KT 9999 SCT005 23/22 Q1012=
24/10/2024 01:00,METAR SBSC 240100Z 13004KT 9999 FEW005 SCT015 BKN050 23/22 Q1012=
24/10/2024 02:00,METAR SBSC 240200Z 14005KT 9999 FEW005 SCT015 BKN050 23/22 Q1012=
24/10/2024 03:00,METAR SBSC 240300Z 15006KT 9999 FEW005 SCT015 BKN050 23/22 Q1012=
24/10/2024 04:00,METAR SBSC 240400Z 13005KT 9999 FEW005 SCT015 BKN050 22/21 Q1011=
24/10/2024 05:00,METAR SBSC 240500Z 15005KT 9999 FEW005 SCT015 BKN050 22/21 Q1011=
24/10/2024 06:00,METAR SBSC 240600Z 10005KT 9999 FEW005 SCT015 BKN050 21/20 Q1010=
24/10/2024 07:00,METAR SBSC 240700Z 16005KT 5000 -TSRA BR SCT005 SCT010 FEW031CB OVC050 21/21 Q1010=
24/10/2024 08:00,METAR SBSC 240800Z 09002KT 3000 -RA BR BKN005 BKN015 OVC050 22/21 Q1010 RETS=
24/10/2024 09:00,METAR SBSC 240900Z 08005KT 3000 -RA BR BKN005 BKN015 OVC050 22/21 Q1010=
24/10/2024 10:00,METAR SBSC 241000Z 35004KT 3000 -RA BR BKN005 BKN010 OVC050 23/22 Q1010=
24/10/2024 11:00,METAR SBSC 241100Z 35009KT 5000 BR SCT005 BKN015 OVC050 24/24 Q1010=
24/10/2024 12:00,METAR SBSC 241200Z 35009KT 5000 BR SCT005 BKN015 OVC050 25/24 Q1009=
24/10/2024 13:00,METAR SBSC 241300Z 33009KT 8000 FEW005 SCT015 OVC050 26/24 Q1008=
24/10/2024 14:00,METAR SBSC 241400Z 33009KT 9999 FEW010 SCT040 BKN100 29/23 Q1008=
24/10/2024 15:00,METAR SBSC 241500Z 33010KT 9999 FEW010 SCT040 BKN100 30/23 Q1007=
24/10/2024 16:00,METAR SBSC 241600Z 32009KT 9999 FEW010 SCT050 33/22 Q1005=
24/10/2024 17:00,METAR SBSC 241700Z 33009KT 9999 FEW010 SCT040 BKN100 34/22 Q1005=
24/10/2024 18:00,METAR COR SBSC 241800Z 33008KT 9999 FEW010 FEW030TCU SCT040 BKN100 33/22 Q1004=
24/10/2024 19:00,METAR SBSC 241900Z 25014G27KT 1500 R23/1200 R05/1600 TSRA FEW006 BKN010 FEW030CB 23/22 Q1005=
24/10/2024 20:00,METAR SBSC 242000Z 36009KT 8000 -TSRA FEW010 FEW030CB SCT035 OVC070 23/23 Q1006 RERA=
24/10/2024 21:00,METAR SBSC 242100Z 35013KT 8000 -TSRA FEW010 FEW030CB SCT040 BKN080 23/22 Q1006=
24/10/2024 22:00,METAR SBSC 242200Z 35009KT 8000 -RA FEW010 SCT050 BKN080 23/23 Q1005 RETS=
24/10/2024 23:00,METAR SBSC 242300Z 34008KT 9999 SCT040 BKN080 22/22 Q1006=
25/10/2024 00:00,METAR SBSC 250000Z 33012KT 9999 FEW040 BKN100 25/21 Q1007=
25/10/2024 01:00,METAR SBSC 250100Z 32013KT 9999 SCT030 26/21 Q1007=
25/10/2024 02:00,METAR SBSC 250200Z 31010KT 9999 FEW040 26/21 Q1006=
25/10/2024 03:00,METAR SBSC 250300Z 32012KT 9999 FEW040 25/21 Q1005=
25/10/2024 04:00,METAR SBSC 250400Z 32014G24KT 9999 FEW030 25/21 Q1004=
25/10/2024 05:00,METAR SBSC 250500Z 35010KT 9999 FEW045 26/21 Q1004=
25/10/2024 06:00,METAR SBSC 250600Z 32012KT 9999 FEW045 26/21 Q1003=
25/10/2024 07:00,METAR SBSC 250700Z 35012KT 9999 SCT045 25/21 Q1003=
25/10/2024 08:00,METAR SBSC 250800Z 32010KT 9999 SCT045 26/21 Q1004=
25/10/2024 09:00,METAR SBSC 250900Z 30007KT CAVOK 26/21 Q1006=
25/10/2024 10:00,METAR SBSC 251000Z 36002KT 9999 SCT035 27/22 Q1008=
25/10/2024 11:00,METAR SBSC 251100Z 33006KT 9999 FEW040 27/22 Q1009=
25/10/2024 12:00,METAR SBSC 251200Z 32014KT 9999 FEW040 28/22 Q1007=
25/10/2024 13:00,METAR SBSC 251300Z 33014G25KT 9999 FEW040 BKN100 30/22 Q1006=
25/10/2024 14:00,METAR SBSC 251400Z 33017G28KT 9999 FEW040 BKN100 30/21 Q1005=
25/10/2024 15:00,METAR SBSC 251500Z 32016G31KT 9999 FEW040 BKN100 32/20 Q1004=
25/10/2024 16:00,METAR SBSC 251600Z 32011KT 9999 FEW040 BKN100 32/21 Q1005=
25/10/2024 17:00,METAR SBSC 251700Z 32009KT 9999 FEW040 BKN100 32/20 Q1005=
25/10/2024 18:00,METAR SBSC 251800Z 34008KT 9999 FEW040 BKN100 32/21 Q1005=
25/10/2024 19:00,METAR SBSC 251900Z 33009KT 9999 FEW040 BKN100 33/21 Q1005=
25/10/2024 20:00,METAR SBSC 252000Z 33005KT 9999 FEW040 BKN100 32/21 Q1005=
25/10/2024 21:00,METAR SBSC 252100Z 22003KT 9999 FEW040 BKN100 28/22 Q1006=
25/10/2024 22:00,METAR SBSC 252200Z 23003KT 9999 FEW030 BKN100 27/21 Q1007=
25/10/2024 23:00,METAR SBSC 252300Z 25006KT 9999 FEW030 SCT100 25/21 Q1009=
26/10/2024 00:00,METAR SBSC 260000Z 20004KT CAVOK 25/21 Q1009=
26/10/2024 01:00,METAR SBSC 260100Z 14002KT CAVOK 25/21 Q1009=
26/10/2024 02:00,METAR SBSC 260200Z 08002KT CAVOK 25/21 Q1009=
26/10/2024 03:00,METAR SBSC 260300Z 03003KT 8000 SCT030 24/21 Q1009=
26/10/2024 04:00,METAR SBSC 260400Z 02004KT 8000 SCT030 24/21 Q1008=
26/10/2024 05:00,METAR SBSC 260500Z 01005KT 7000 FEW015 BKN030 24/21 Q1008=
26/10/2024 06:00,METAR SBSC 260600Z 36005KT 6000 BKN015 24/21 Q1008=
26/10/2024 07:00,METAR SBSC 260700Z 36004KT 5000 BR BKN012 24/21 Q1008=
26/10/2024 08:00,METAR SBSC 260800Z 35005KT 5000 BR BKN012 24/21 Q1008=
26/10/2024 09:00,METAR SBSC 260900Z 36004KT CAVOK 23/22 Q1009=
26/10/2024 10:00,METAR SBSC 261000Z 35006KT CAVOK 28/22 Q1009=
26/10/2024 11:00,METAR SBSC 261100Z 34010KT CAVOK 30/21 Q1010=
26/10/2024 12:00,METAR SBSC 261200Z 35009KT CAVOK 33/21 Q1010=
26/10/2024 13:00,METAR SBSC 261300Z 34007KT CAVOK 25/22 Q1009=
26/10/2024 14:00,METAR SBSC 261400Z 01004KT CAVOK 36/21 Q1009=
26/10/2024 15:00,METAR SBSC 261500Z 15007KT CAVOK 30/23 Q1009=
26/10/2024 16:00,METAR SBSC 261600Z 15010KT 9999 FEW030 SCT080 31/23 Q1009=
26/10/2024 17:00,METAR SBSC 261700Z 15011KT 9999 FEW030 BKN100 29/22 Q1009=
26/10/2024 18:00,METAR SBSC 261800Z 19013KT 9999 FEW040 28/22 Q1009=
26/10/2024 19:00,METAR SBSC 261900Z 18014G24KT 9999 FEW040 SCT070 27/23 Q1010=
26/10/2024 20:00,METAR SBSC 262000Z 19011G21KT 9999 FEW020 BKN040 25/22 Q1012=
26/10/2024 21:00,METAR SBSC 262100Z 18012G22KT 9999 FEW020 BKN040 25/21 Q1013=
26/10/2024 22:00,METAR SBSC 262200Z 18013G23KT 9999 FEW020 BKN040 25/22 Q1014=
26/10/2024 23:00,METAR SBSC 262300Z 19009KT 9999 FEW022 BKN051 25/22 Q1015=
27/10/2024 00:00,METAR SBSC 270000Z 18010KT 9999 FEW022 BKN051 25/22 Q1016=
27/10/2024 01:00,METAR SBSC 270100Z 21009KT 9999 FEW020 BKN050 24/22 Q1016=
27/10/2024 02:00,METAR SBSC 270200Z 16010KT 9999 SCT030 BKN050 24/22 Q1017=
27/10/2024 03:00,METAR SBSC 270300Z 15010KT 9999 SCT020 OVC030 24/21 Q1016=
27/10/2024 04:00,METAR SBSC 270400Z 15010KT 9999 SCT020 OVC030 23/21 Q1016=
27/10/2024 05:00,METAR SBSC 270500Z 16008KT 9999 SCT020 OVC030 23/21 Q1016=
27/10/2024 06:00,METAR SBSC 270600Z 16012KT 9999 -RA SCT015 OVC030 23/21 Q1015=
27/10/2024 07:00,METAR SBSC 270700Z 19009KT 8000 -RA SCT012 OVC030 23/21 Q1015=
27/10/2024 08:00,METAR SBSC 270800Z 21006KT 8000 SCT020 OVC030 22/20 Q1015=
27/10/2024 09:00,METAR SBSC 270900Z 13003KT 8000 FEW010 BKN020 OVC035 21/20 Q1018=
27/10/2024 10:00,METAR SBSC 271000Z 32001KT 9999 FEW008 BKN020 OVC050 21/20 Q1019=
27/10/2024 11:00,METAR SBSC 271100Z 00000KT 9999 FEW008 BKN015 OVC050 22/20 Q1020=
27/10/2024 12:00,METAR SBSC 271200Z 14003KT 9999 FEW008 BKN020 OVC040 23/20 Q1021=
27/10/2024 13:00,METAR SBSC 271300Z 15004KT 9999 BKN016 OVC044 23/20 Q1021=
27/10/2024 14:00,METAR SBSC 271400Z 15006KT 9999 BKN016 OVC044 24/19 Q1021=
27/10/2024 15:00,METAR SBSC 271500Z 16008KT 9999 BKN024 OVC040 24/19 Q1021=
27/10/2024 16:00,METAR SBSC 271600Z 16009KT 9999 BKN024 OVC040 23/19 Q1020=
27/10/2024 17:00,METAR SBSC 271700Z 13007KT 9999 BKN021 OVC040 24/19 Q1020=
27/10/2024 18:00,METAR SBSC 271800Z 12009KT 9999 BKN021 OVC040 23/18 Q1019=
27/10/2024 19:00,METAR SBSC 271900Z 12009KT 8000 SCT010 BKN021 OVC040 23/18 Q1019=
27/10/2024 20:00,METAR SBSC 272000Z 13006KT 8000 SCT010 BKN021 OVC040 23/18 Q1019=
27/10/2024 21:00,METAR SBSC 272100Z 13004KT 8000 SCT010 BKN021 OVC040 23/18 Q1020=
27/10/2024 22:00,METAR SBSC 272200Z 09003KT 8000 SCT010 BKN021 OVC040 23/18 Q1021=
27/10/2024 23:00,METAR SBSC 272300Z 13003KT 8000 SCT010 BKN021 OVC040 22/18 Q1021=
28/10/2024 00:00,METAR SBSC 280000Z 14004KT 8000 SCT010 BKN021 OVC040 22/18 Q1021=
28/10/2024 01:00,METAR SBSC 280100Z 10003KT 9999 FEW020 BKN030 OVC040 22/18 Q1021=
28/10/2024 02:00,METAR SBSC 280200Z 32002KT 9999 FEW015 BKN030 OVC040 21/19 Q1022=
28/10/2024 03:00,METAR SBSC 280300Z 34003KT 9999 FEW010 BKN030 OVC040 21/20 Q1021=
28/10/2024 04:00,METAR SBSC 280400Z 36002KT 9999 FEW010 BKN030 OVC040 21/20 Q1020=
28/10/2024 05:00,METAR SBSC 280500Z 31001KT 9999 FEW010 BKN030 OVC040 21/20 Q1019=
28/10/2024 06:00,METAR SBSC 280600Z 03002KT 9999 FEW010 BKN035 OVC050 21/20 Q1018=
28/10/2024 07:00,METAR SBSC 280700Z 00000KT 9999 FEW010 BKN030 OVC040 21/20 Q1018=
28/10/2024 08:00,METAR SBSC 280800Z 27001KT 9999 FEW010 BKN030 OVC040 21/20 Q1018=
28/10/2024 09:00,METAR SBSC 280900Z 11003KT 9000 FEW010 BKN030 OVC040 21/19 Q1019=
28/10/2024 10:00,METAR SBSC 281000Z 12004KT 9999 FEW010 BKN030 OVC040 22/20 Q1020=
28/10/2024 11:00,METAR SBSC 281100Z 13006KT 9999 FEW010 BKN030 OVC040 22/20 Q1020=
28/10/2024 12:00,METAR SBSC 281200Z 13006KT 9999 FEW010 BKN030 OVC040 22/20 Q1021=
28/10/2024 13:00,METAR SBSC 281300Z 10005KT 8000 FEW010 BKN030 OVC050 23/20 Q1021=
28/10/2024 14:00,METAR SBSC 281400Z 12005KT 8000 FEW010 BKN030 OVC050 23/20 Q1021=
28/10/2024 15:00,METAR SBSC 281500Z 05005KT 8000 FEW010 BKN030 OVC050 23/19 Q1020=
28/10/2024 16:00,METAR SBSC 281600Z 05003KT 8000 FEW010 BKN030 OVC050 23/19 Q1019=
28/10/2024 17:00,METAR SBSC 281700Z 09005KT 8000 FEW015 BKN025 OVC050 24/20 Q1018=
28/10/2024 18:00,METAR SBSC 281800Z 05002KT 8000 FEW015 BKN025 OVC050 24/20 Q1018=
28/10/2024 19:00,METAR SBSC 281900Z 11005KT 9999 SCT015 BKN022 OVC030 22/20 Q1017=
28/10/2024 20:00,METAR SBSC 282000Z 12005KT 9999 FEW010 BKN022 OVC031 22/20 Q1018=
28/10/2024 21:00,METAR SBSC 282100Z 09005KT 9999 SCT016 BKN024 OVC035 22/19 Q1018=
28/10/2024 22:00,METAR SBSC 282200Z 12002KT 9999 FEW015 SCT030 OVC040 22/20 Q1018=
28/10/2024 23:00,METAR SBSC 282300Z 36004KT 9999 BKN025 OVC040 22/20 Q1018=
29/10/2024 00:00,METAR SBSC 290000Z 00000KT 9999 FEW020 OVC040 22/20 Q1019=
29/10/2024 01:00,METAR SBSC 290100Z 36006KT 5000 BR SCT005 BKN020 OVC040 22/20 Q1019=
29/10/2024 02:00,METAR SBSC 290200Z 28001KT 5000 BR SCT005 BKN020 OVC040 22/20 Q1018=
29/10/2024 03:00,METAR SBSC 290300Z 01003KT 5000 BR SCT005 BKN020 OVC040 22/21 Q1017=
29/10/2024 04:00,METAR SBSC 290400Z 03005KT 5000 BR SCT005 BKN020 OVC040 22/21 Q1017=
29/10/2024 05:00,METAR SBSC 290500Z 05004KT 5000 BR SCT005 BKN020 OVC040 21/20 Q1016=
29/10/2024 06:00,METAR SBSC 290600Z 01006KT 5000 BR SCT005 BKN020 OVC040 20/19 Q1015=
29/10/2024 07:00,METAR SBSC 290700Z 03006KT 5000 BR SCT005 BKN020 OVC040 20/19 Q1015=
29/10/2024 08:00,METAR SBSC 290800Z 04007KT 5000 BR SCT005 BKN020 OVC040 21/20 Q1016=
29/10/2024 09:00,METAR SBSC 290900Z 35005KT 8000 FEW020 SCT050 21/20 Q1016=
29/10/2024 10:00,METAR SBSC 291000Z 35005KT 9999 FEW020 SCT050 22/20 Q1017=
29/10/2024 11:00,METAR SBSC 291100Z 01005KT 9999 FEW020 SCT050 24/20 Q1017=
29/10/2024 12:00,METAR SBSC 291200Z 34003KT 9999 FEW020 SCT050 27/20 Q1017=
29/10/2024 13:00,METAR SBSC 291300Z 12004KT 9999 SCT026 BKN050 27/19 Q1017=
29/10/2024 14:00,METAR SBSC 291400Z 15008KT 9999 SCT030 BKN045 26/20 Q1017=
29/10/2024 15:00,METAR SBSC 291500Z 15008KT 9999 SCT020 BKN045 26/20 Q1017=
29/10/2024 16:00,METAR SBSC 291600Z 15007KT 9999 FEW025 BKN045 26/19 Q1016=
29/10/2024 17:00,METAR SBSC 291700Z 18006KT 9999 FEW025 BKN040 27/19 Q1015=
29/10/2024 18:00,METAR SBSC 291800Z 17007KT 9999 FEW020 BKN040 OVC080 27/19 Q1015=
29/10/2024 19:00,METAR SBSC 291900Z 08007KT 9999 4000NE VCSH SCT020 BKN030 OVC040 25/20 Q1015=
29/10/2024 20:00,METAR SBSC 292000Z 04004KT 9999 SCT020 BKN030 OVC045 23/21 Q1015=
29/10/2024 21:00,METAR SBSC 292100Z 29002KT 9999 BKN021 OVC045 23/21 Q1016=
29/10/2024 22:00,METAR SBSC 292200Z 30001KT 9999 OVC021 23/21 Q1016=
29/10/2024 23:00,METAR SBSC 292300Z 29002KT 9999 FEW035 BKN050 23/21 Q1016=
30/10/2024 01:00,METAR SBSC 300100Z 22003KT 9999 FEW020 BKN050 23/21 Q1017=
30/10/2024 02:00,METAR SBSC 300200Z 23002KT 9999 FEW020 BKN050 23/21 Q1017=
30/10/2024 03:00,METAR SBSC 300300Z 01003KT 9999 FEW020 BKN040 22/20 Q1016=
30/10/2024 04:00,METAR SBSC 300400Z 36004KT 9999 FEW020 BKN040 22/20 Q1016=
30/10/2024 05:00,METAR SBSC 300500Z 35004KT 9999 FEW020 BKN050 22/20 Q1015=
30/10/2024 06:00,METAR SBSC 300600Z 02005KT 9999 FEW020 BKN050 22/20 Q1015=
30/10/2024 07:00,METAR SBSC 300700Z 02005KT 9999 FEW015 BKN070 21/18 Q1014=
30/10/2024 08:00,METAR SBSC 300800Z 03004KT 9999 FEW015 BKN070 21/19 Q1015=
30/10/2024 09:00,METAR SBSC 300900Z 34002KT 9999 FEW015 BKN040 22/20 Q1016=
30/10/2024 10:00,METAR SBSC 301000Z 36003KT 9999 FEW015 BKN040 23/21 Q1016=
30/10/2024 11:00,METAR SBSC 301100Z 34005KT 9999 FEW015 BKN030 24/20 Q1017=
30/10/2024 12:00,METAR SBSC 301200Z 34005KT 9999 FEW015 BKN030 25/20 Q1016=
30/10/2024 14:00,METAR COR SBSC 301400Z 35003KT 9999 FEW010 SCT015 BKN030 27/20 Q1016=
30/10/2024 15:00,METAR SBSC 301500Z 15007KT 9999 FEW010 SCT020 BKN030 27/20 Q1015=
30/10/2024 16:00,METAR SBSC 301600Z 13011KT 9999 SCT025 BKN030 28/20 Q1015=
30/10/2024 17:00,METAR SBSC 301700Z 12011G22KT 9999 SCT025 SCT030 27/19 Q1015=
30/10/2024 18:00,METAR SBSC 301800Z 12012KT 9999 SCT025 SCT030 27/18 Q1014=
30/10/2024 19:00,METAR SBSC 301900Z 13010KT 9999 FEW020 BKN040 26/18 Q1014=
30/10/2024 20:00,METAR SBSC 302000Z 09010KT 9999 FEW020 BKN040 25/18 Q1014=
30/10/2024 21:00,METAR SBSC 302100Z 09010KT 9999 SCT040 BKN050 BKN080 24/17 Q1015=
30/10/2024 22:00,METAR SBSC 302200Z 08009KT 9999 BKN040 BKN070 24/18 Q1016=
30/10/2024 23:00,METAR SBSC 302300Z 07007KT 9999 FEW010 BKN050 BKN080 24/18 Q1017=
31/10/2024 00:00,METAR SBSC 310000Z 10005KT 9999 FEW013 SCT050 23/18 Q1017=
31/10/2024 01:00,METAR SBSC 310100Z 09003KT 8000 FEW010 SCT030 BKN050 23/18 Q1017=
31/10/2024 02:00,METAR SBSC 310200Z 10005KT 8000 FEW010 SCT030 BKN050 21/18 Q1017=
31/10/2024 03:00,METAR SBSC 310300Z 08004KT 8000 FEW010 SCT030 BKN050 21/18 Q1016=
31/10/2024 04:00,METAR SBSC 310400Z 09006KT 8000 FEW010 SCT030 BKN050 20/17 Q1016=
31/10/2024 05:00,METAR SBSC 310500Z 10004KT 8000 FEW010 SCT030 BKN050 20/17 Q1015=
31/10/2024 06:00,METAR SBSC 310600Z 08005KT 8000 FEW010 SCT030 BKN050 20/18 Q1015=
31/10/2024 07:00,METAR SBSC 310700Z 07005KT 8000 FEW010 SCT030 BKN050 20/18 Q1016=
31/10/2024 08:00,METAR SBSC 310800Z 01005KT 8000 FEW010 SCT030 BKN050 20/18 Q1016=
31/10/2024 09:00,METAR SBSC 310900Z 00000KT CAVOK 20/19 Q1016=
31/10/2024 10:00,METAR SBSC 311000Z 01002KT CAVOK 23/19 Q1017=
31/10/2024 11:00,METAR COR SBSC 311100Z 33003KT 9999 SCT024 25/19 Q1017=
31/10/2024 12:00,METAR SBSC 311200Z 32004KT 9999 SCT025 SCT030 25/19 Q1017=
31/10/2024 13:00,METAR SBSC 311300Z 16008KT 9999 FEW015 SCT020 27/20 Q1017=
31/10/2024 14:00,METAR SBSC 311400Z 15012KT 9999 SCT025 27/20 Q1017=
31/10/2024 15:00,METAR SBSC 311500Z 14012KT 9999 FEW020 27/20 Q1016=
31/10/2024 16:00,METAR SBSC 311600Z 12013G23KT 9999 FEW025 27/19 Q1016=
31/10/2024 17:00,METAR SBSC 311700Z 12014KT 9999 FEW025 27/20 Q1015=
31/10/2024 18:00,METAR SBSC 311800Z 13015KT 9999 FEW030 26/20 Q1015=
31/10/2024 19:00,METAR SBSC 311900Z 14014KT 9999 FEW030 SCT053 26/19 Q1015=
31/10/2024 20:00,METAR SBSC 312000Z 13012KT 9999 FEW030 SCT050 25/19 Q1015=
31/10/2024 21:00,METAR SBSC 312100Z 12008KT 9999 FEW030 BKN050 24/19 Q1015=
31/10/2024 22:00,METAR SBSC 312200Z 12006KT 9999 FEW020 SCT040 BKN060 24/19 Q1016=
31/10/2024 23:00,METAR SBSC 312300Z 13007KT 9999 FEW020 SCT040 24/20 Q1017=
01/11/2024 00:00,METAR SBSC 010000Z 13004KT 9999 SCT040 BKN070 24/20 Q1017=
01/11/2024 01:00,METAR SBSC 010100Z 13005KT 9999 FEW030 BKN045 24/20 Q1017=
01/11/2024 02:00,METAR SBSC 010200Z 18002KT 9999 SCT045 22/20 Q1017=
01/11/2024 03:00,METAR SBSC 010300Z 17002KT 9999 FEW020 21/20 Q1017=
01/11/2024 04:00,METAR SBSC 010400Z 16003KT 9999 SCT030 21/20 Q1016=
01/11/2024 05:00,METAR SBSC 010500Z 18002KT 9999 FEW020 21/20 Q1016=
01/11/2024 06:00,METAR SBSC 010600Z 17002KT 9999 FEW010 SCT020 21/20 Q1016=
01/11/2024 07:00,METAR SBSC 010700Z 20002KT 9999 FEW010 SCT020 21/20 Q1016=
01/11/2024 08:00,METAR SBSC 010800Z VRB02KT 8000 FEW010 SCT020 21/20 Q1016=
01/11/2024 09:00,METAR SBSC 010900Z 31003KT 9999 SCT010 BKN012 21/21 Q1017=
01/11/2024 10:00,METAR SBSC 011000Z 36003KT 8000 SCT007 23/22 Q1017=
01/11/2024 11:00,METAR SBSC 011100Z 04002KT 9999 FEW015 26/21 Q1017=
01/11/2024 12:00,METAR SBSC 011200Z 36005KT 9999 SCT025 27/20 Q1017=
01/11/2024 13:00,METAR SBSC 011300Z 01005KT 9999 SCT025 29/19 Q1017=
01/11/2024 14:00,METAR SBSC 011400Z 16003KT 9999 SCT025 30/20 Q1016=
01/11/2024 15:00,METAR SBSC 011500Z 12010KT 9999 SCT030 30/20 Q1015=
01/11/2024 16:00,METAR SBSC 011600Z 13011KT 9999 SCT030 30/21 Q1014=
01/11/2024 17:00,METAR SBSC 011700Z 12012KT 9999 SCT030 29/20 Q1014=
01/11/2024 18:00,METAR SBSC 011800Z 12014KT 9999 FEW030 28/20 Q1013=
01/11/2024 19:00,METAR SBSC 011900Z 11010KT 9999 FEW030 28/20 Q1013=
01/11/2024 20:00,METAR SBSC 012000Z 12008KT 9999 FEW030 27/20 Q1013=
01/11/2024 21:00,METAR SBSC 012100Z 12005KT 9999 FEW030 SCT050 25/20 Q1014=
01/11/2024 22:00,METAR SBSC 012200Z 13005KT 9999 FEW030 SCT050 25/21 Q1015=
01/11/2024 23:00,METAR SBSC 012300Z 20005KT 9999 FEW030 SCT050 24/21 Q1015=
02/11/2024 00:00,METAR SBSC 020000Z 17001KT 9999 FEW030 SCT050 23/21 Q1016=
02/11/2024 01:00,METAR SBSC 020100Z 11002KT CAVOK 23/21 Q1016=
02/11/2024 02:00,METAR SBSC 020200Z 08003KT CAVOK 22/21 Q1016=
02/11/2024 03:00,METAR SBSC 020300Z 11002KT CAVOK 22/21 Q1016=
02/11/2024 04:00,METAR SBSC 020400Z 04004KT CAVOK 21/20 Q1015=
02/11/2024 05:00,METAR SBSC 020500Z 02003KT CAVOK 21/20 Q1015=
02/11/2024 06:00,METAR SBSC 020600Z 02005KT CAVOK 21/20 Q1015=
02/11/2024 07:00,METAR SBSC 020700Z 03004KT CAVOK 22/20 Q1015=
02/11/2024 08:00,METAR SBSC 020800Z 02005KT CAVOK 22/20 Q1015=
02/11/2024 09:00,METAR SBSC 020900Z 01004KT CAVOK 22/21 Q1015=
02/11/2024 10:00,METAR SBSC 021000Z 36008KT CAVOK 25/22 Q1016=
02/11/2024 11:00,METAR SBSC 021100Z 36008KT CAVOK 27/21 Q1016=
02/11/2024 12:00,METAR SBSC 021200Z 35007KT CAVOK 29/21 Q1016=
02/11/2024 13:00,METAR SBSC 021300Z 34007KT CAVOK 30/20 Q1016=
02/11/2024 14:00,METAR SBSC 021400Z 03007KT CAVOK 31/20 Q1015=
02/11/2024 15:00,METAR SBSC 021500Z 13011KT CAVOK 30/22 Q1015=
02/11/2024 16:00,METAR SBSC 021600Z 12014KT CAVOK 31/22 Q1014=
02/11/2024 17:00,METAR SBSC 021700Z 09011KT CAVOK 30/22 Q1013=
02/11/2024 18:00,METAR SBSC 021800Z 12015KT CAVOK 29/21 Q1012=
02/11/2024 19:00,METAR SBSC 021900Z 09010KT 9999 SCT030 SCT070 29/21 Q1012=
02/11/2024 20:00,METAR SBSC 022000Z 13008KT 9999 SCT030 SCT070 27/22 Q1012=
02/11/2024 21:00,METAR SBSC 022100Z 18005KT 9999 SCT030 SCT070 26/21 Q1013=
02/11/2024 22:00,METAR SBSC 022200Z 19006KT 9999 SCT030 SCT070 25/22 Q1013=
02/11/2024 23:00,METAR SBSC 022300Z 18004KT CAVOK 24/22 Q1014=
03/11/2024 00:00,METAR SBSC 030000Z 20006KT CAVOK 24/22 Q1015=
03/11/2024 01:00,METAR SBSC 030100Z 16004KT CAVOK 23/21 Q1015=
03/11/2024 02:00,METAR SBSC 030200Z 15002KT 9999 FEW020 BKN050 23/22 Q1015=
03/11/2024 03:00,METAR SBSC 030300Z 12003KT 9999 FEW020 BKN045 24/22 Q1014=
03/11/2024 04:00,METAR SBSC 030400Z 13002KT 9999 FEW020 BKN045 23/22 Q1014=
03/11/2024 05:00,METAR SBSC 030500Z 16002KT 9999 FEW040 23/22 Q1013=
03/11/2024 06:00,METAR SBSC 030600Z 00000KT CAVOK 22/21 Q1013=
03/11/2024 07:00,METAR SBSC 030700Z 00000KT 9999 FEW040 22/21 Q1013=
03/11/2024 08:00,METAR SBSC 030800Z 01003KT 9999 SCT040 22/22 Q1014=
03/11/2024 09:00,METAR SBSC 030900Z 02006KT 9999 FEW040 23/22 Q1014=
03/11/2024 10:00,METAR SBSC 031000Z 36008KT CAVOK 25/23 Q1015=
03/11/2024 11:00,METAR SBSC 031100Z 01009KT 9999 FEW040 27/22 Q1015=
03/11/2024 12:00,METAR SBSC 031200Z 36008KT 9999 FEW045 28/21 Q1015=
03/11/2024 13:00,METAR SBSC 031300Z 36007KT 9999 FEW045 30/21 Q1015=
03/11/2024 14:00,METAR SBSC 031400Z 33007KT 9999 SCT025 SCT040 31/21 Q1014=
03/11/2024 15:00,METAR SBSC 031500Z 34004KT 9999 SCT025 SCT040 31/20 Q1013=
03/11/2024 16:00,METAR SBSC 031600Z 36007KT 9999 SCT030 SCT050 32/20 Q1012=
03/11/2024 17:00,METAR SBSC 031700Z 08008KT 9999 SCT030 SCT050 31/22 Q1011=
03/11/2024 18:00,METAR SBSC 031800Z 13010KT 9999 FEW030 BKN050 29/21 Q1011=
03/11/2024 19:00,METAR SBSC 031900Z 12007KT 9999 FEW030 BKN050 27/21 Q1011=
03/11/2024 20:00,METAR SBSC 032000Z 20005KT 9999 SCT030 BKN050 27/21 Q1011=
03/11/2024 21:00,METAR SBSC 032100Z 21006KT 9999 FEW015 SCT030 BKN050 25/21 Q1012=
03/11/2024 22:00,METAR SBSC 032200Z 19006KT 9999 FEW015 SCT030 BKN050 24/22 Q1012=
03/11/2024 23:00,METAR SBSC 032300Z 19006KT 9999 FEW015 SCT030 BKN050 23/21 Q1013=
04/11/2024 00:00,METAR SBSC 040000Z 18005KT 9999 FEW015 SCT030 BKN050 23/21 Q1014=
04/11/2024 01:00,METAR SBSC 040100Z 17003KT 9999 FEW009 BKN060 23/21 Q1014=
04/11/2024 02:00,METAR SBSC 040200Z 25002KT 9999 FEW029 SCT060 23/22 Q1014=
04/11/2024 03:00,METAR SBSC 040300Z 05002KT 9999 SCT024 BKN060 23/22 Q1013=
04/11/2024 04:00,METAR SBSC 040400Z 10002KT 9999 FEW020 SCT050 BKN060 23/22 Q1013=
04/11/2024 05:00,METAR SBSC 040500Z 35002KT CAVOK 23/22 Q1012=
04/11/2024 06:00,METAR SBSC 040600Z 02002KT 8000 NSC 23/22 Q1013=
04/11/2024 07:00,METAR SBSC 040700Z 35002KT 8000 NSC 23/22 Q1013=
04/11/2024 08:00,METAR COR SBSC 040800Z 35005KT CAVOK 24/22 Q1013=
04/11/2024 09:00,METAR SBSC 040900Z 34003KT CAVOK 24/22 Q1014=
04/11/2024 10:00,METAR SBSC 041000Z 33004KT CAVOK 25/23 Q1014=
04/11/2024 11:00,METAR SBSC 041100Z 35005KT 9999 FEW040 SCT090 26/22 Q1015=
04/11/2024 12:00,METAR SBSC 041200Z 01006KT 9999 FEW045 27/22 Q1015=
04/11/2024 13:00,METAR SBSC 041300Z 01004KT 9999 SCT025 BKN100 27/21 Q1015=
04/11/2024 14:00,METAR SBSC 041400Z 35005KT 9999 FEW025 BKN100 28/21 Q1015=
04/11/2024 15:00,METAR SBSC 041500Z 07004KT 9999 FEW035 BKN100 30/21 Q1014=
04/11/2024 16:00,METAR SBSC 041600Z 11004KT 9999 FEW040 SCT100 29/22 Q1014=
04/11/2024 17:00,METAR COR SBSC 041700Z 12007KT 9999 FEW030 BKN100 28/22 Q1013=
04/11/2024 18:00,METAR SBSC 041800Z 08003KT 8000 -DZ FEW015 SCT040 OVC100 27/22 Q1013=
04/11/2024 19:00,METAR SBSC 041900Z 19005KT 6000 -DZ FEW015 SCT040 OVC100 25/23 Q1013=
04/11/2024 20:00,METAR SBSC 042000Z 00000KT 6000 -RA FEW015 SCT040 OVC100 24/23 Q1013=
04/11/2024 21:00,METAR SBSC 042100Z 23002KT 6000 -RA FEW015 BKN040 OVC100 24/23 Q1013=
04/11/2024 22:00,METAR SBSC 042200Z 35004KT 8000 -RA FEW015 SCT040 OVC100 24/24 Q1013=
04/11/2024 23:00,METAR SBSC 042300Z 02003KT 8000 FEW020 SCT040 OVC080 24/24 Q1014=
05/11/2024 00:00,METAR SBSC 050000Z 36005KT 8000 -RA FEW015 SCT030 BKN050 24/24 Q1015=
05/11/2024 01:00,METAR SBSC 050100Z 03005KT 8000 -RA FEW015 SCT030 BKN050 24/24 Q1015=
05/11/2024 02:00,METAR SBSC 050200Z 01005KT 9999 FEW020 BKN060 24/23 Q1015=
05/11/2024 03:00,METAR SBSC 050300Z 01004KT 9999 FEW020 BKN060 24/23 Q1014=
05/11/2024 04:00,METAR SBSC 050400Z 02004KT 9999 FEW015 BKN050 24/23 Q1014=
05/11/2024 05:00,METAR SBSC 050500Z 04004KT 9999 FEW015 BKN050 24/23 Q1014=
05/11/2024 06:00,METAR SBSC 050600Z 02005KT 9999 FEW015 BKN050 24/23 Q1013=
05/11/2024 07:00,METAR SBSC 050700Z 02005KT 9999 FEW015 BKN050 24/23 Q1013=
05/11/2024 08:00,METAR SBSC 050800Z 01005KT 8000 FEW015 BKN040 24/23 Q1013=
05/11/2024 09:00,METAR SBSC 050900Z 02005KT 9999 FEW015 BKN060 24/24 Q1014=
05/11/2024 10:00,METAR SBSC 051000Z 34004KT 9999 FEW015 BKN060 24/24 Q1015=
05/11/2024 11:00,METAR SBSC 051100Z 35006KT 9999 FEW020 BKN050 25/23 Q1015=
05/11/2024 12:00,METAR SBSC 051200Z 36008KT 9999 FEW030 BKN060 26/23 Q1016=
05/11/2024 13:00,METAR SBSC 051300Z 36009KT 9999 SCT030 BKN050 27/23 Q1015=
05/11/2024 15:00,METAR SBSC 051500Z 35013KT 9999 SCT030 BKN050 30/21 Q1014=
05/11/2024 16:00,METAR SBSC 051600Z 34012KT 9999 SCT030 BKN050 32/21 Q1013=
05/11/2024 17:00,METAR SBSC 051700Z 35012KT 9999 SCT030 BKN050 32/20 Q1012=
05/11/2024 18:00,METAR SBSC 051800Z 01013KT 9999 SCT030 BKN050 31/20 Q1012=
05/11/2024 19:00,METAR SBSC 051900Z 35011KT 9999 FEW030 SCT050 32/20 Q1011=
05/11/2024 20:00,METAR SBSC 052000Z 36010KT 9999 FEW030 SCT050 30/20 Q1012=
05/11/2024 21:00,METAR SBSC 052100Z 34008KT 9999 FEW030 SCT050 29/20 Q1012=
05/11/2024 22:00,METAR SBSC 052200Z 32007KT 9999 FEW030 SCT050 28/20 Q1013=
05/11/2024 23:00,METAR SBSC 052300Z 31008KT 9999 FEW030 SCT050 27/19 Q1013=
06/11/2024 00:00,METAR SBSC 060000Z 30009G22KT 9999 FEW030 SCT050 27/18 Q1014=
06/11/2024 01:00,METAR SBSC 060100Z 31011G21KT 9999 FEW030 BKN080 26/18 Q1014=
06/11/2024 02:00,METAR SBSC 060200Z 30011KT 9999 FEW040 BKN100 26/19 Q1014=
06/11/2024 03:00,METAR SBSC 060300Z 30010KT 9999 FEW040 BKN100 26/19 Q1014=
06/11/2024 04:00,METAR SBSC 060400Z 34009G19KT 9999 FEW030 25/19 Q1013=
06/11/2024 05:00,METAR SBSC 060500Z 03008KT 9999 FEW030 24/19 Q1013=
06/11/2024 06:00,METAR SBSC 060600Z 03007KT 9999 FEW025 23/19 Q1013=
06/11/2024 07:00,METAR SBSC 060700Z 04006KT 9999 FEW020 23/19 Q1013=
06/11/2024 08:00,METAR SBSC 060800Z 02006KT 9999 FEW020 22/20 Q1013=
06/11/2024 09:00,METAR SBSC 060900Z 32010KT 9999 FEW020 25/19 Q1013=
06/11/2024 10:00,METAR SBSC 061000Z 32011G22KT CAVOK 28/20 Q1013=
06/11/2024 11:00,METAR SBSC 061100Z 33013G25KT CAVOK 29/19 Q1013=
06/11/2024 12:00,METAR SBSC 061200Z 33015G25KT CAVOK 31/20 Q1013=
06/11/2024 13:00,METAR SBSC 061300Z 33012KT 9999 FEW025 SCT050 32/20 Q1013=
06/11/2024 14:00,METAR SBSC 061400Z 35013G25KT 9999 FEW025 SCT050 33/20 Q1012=
06/11/2024 15:00,METAR SBSC 061500Z 34014KT 9999 SCT025 SCT050 33/19 Q1012=
06/11/2024 16:00,METAR SBSC 061600Z 33012G25KT 9999 SCT025 SCT050 34/20 Q1011=
06/11/2024 17:00,METAR SBSC 061700Z 36015KT 9999 SCT025 SCT050 33/20 Q1010=
06/11/2024 18:00,METAR SBSC 061800Z 34011KT 9999 SCT025 SCT050 33/19 Q1010=
06/11/2024 19:00,METAR SBSC 061900Z 34009KT 9999 SCT030 BKN050 33/19 Q1009=
06/11/2024 20:00,METAR SBSC 062000Z 34009KT 9999 SCT030 BKN050 33/20 Q1009=
06/11/2024 21:00,METAR SBSC 062100Z 33006KT 9999 SCT030 BKN050 31/19 Q1009=
06/11/2024 22:00,METAR SBSC 062200Z 21004KT 9999 SCT030 BKN050 26/21 Q1009=
06/11/2024 23:00,METAR SBSC 062300Z 16004KT CAVOK 24/21 Q1011=
07/11/2024 00:00,METAR SBSC 070000Z 00000KT CAVOK 24/21 Q1011=
07/11/2024 01:00,METAR SBSC 070100Z 00000KT CAVOK 24/21 Q1011=
07/11/2024 02:00,METAR SBSC 070200Z 00000KT CAVOK 23/21 Q1011=
07/11/2024 03:00,METAR SBSC 070300Z 34003KT CAVOK 24/22 Q1011=
07/11/2024 04:00,METAR SBSC 070400Z 34003KT CAVOK 24/22 Q1011=
07/11/2024 05:00,METAR SBSC 070500Z 00000KT CAVOK 23/22 Q1011=
07/11/2024 06:00,METAR SBSC 070600Z 30002KT CAVOK 23/22 Q1010=
07/11/2024 07:00,METAR SBSC 070700Z 28003KT CAVOK 23/22 Q1010=
07/11/2024 08:00,METAR SBSC 070800Z 00000KT CAVOK 23/22 Q1010=
07/11/2024 09:00,METAR SBSC 070900Z 34009KT 9999 FEW020 26/20 Q1010=
07/11/2024 10:00,METAR SBSC 071000Z 32012KT 9999 FEW030 28/20 Q1010=
07/11/2024 11:00,METAR SBSC 071100Z 32012KT 9999 FEW020 29/20 Q1011=
07/11/2024 12:00,METAR COR SBSC 071200Z 33016G27KT 9999 FEW020 30/20 Q1010=
07/11/2024 13:00,METAR SBSC 071300Z 34013G23KT 9999 FEW009 32/20 Q1010=
07/11/2024 14:00,METAR SBSC 071400Z 34015KT 9999 FEW040 33/20 Q1009=
07/11/2024 15:00,METAR SBSC 071500Z 34013KT 9999 FEW040 34/20 Q1008=
07/11/2024 16:00,METAR SBSC 071600Z 35012G22KT 9999 FEW045 35/20 Q1007=
07/11/2024 17:00,METAR SBSC 071700Z 35011KT 9999 FEW040 SCT060 34/20 Q1006=
07/11/2024 18:00,METAR SBSC 071800Z 35008KT 9999 VCSH SCT030 FEW035TCU BKN100 34/20 Q1005=
07/11/2024 19:00,METAR SBSC 071900Z 21010G20KT 6000 -RA SCT040 BKN060 26/23 Q1005=
07/11/2024 20:00,METAR SBSC 072000Z 18003KT 9999 VCSH FEW030 SCT060 BKN100 26/24 Q1006=
07/11/2024 21:00,METAR SBSC 072100Z 14003KT 9999 FEW015 25/23 Q1006=
07/11/2024 23:00,NO DATA AVAILABLE
08/11/2024 00:00,METAR SBSC 080000Z 31005KT 9999 SCT049 BKN090 25/22 Q1007=
08/11/2024 01:00,METAR SBSC 080100Z 32007KT 8000 FEW005 SCT015 BKN050 25/22 Q1007=
08/11/2024 02:00,METAR SBSC 080200Z 31005KT 8000 FEW005 SCT015 BKN050 26/22 Q1007=
08/11/2024 03:00,METAR SBSC 080300Z 33007KT 5000 BR FEW005 SCT010 BKN050 25/22 Q1006=
08/11/2024 04:00,METAR SBSC 080400Z 35007KT 5000 BR FEW005 SCT010 BKN050 25/22 Q1006=
08/11/2024 05:00,METAR SBSC 080500Z 36006KT 5000 BR FEW005 SCT010 BKN050 25/22 Q1005=
08/11/2024 06:00,METAR SBSC 080600Z 01008KT 5000 BR FEW005 SCT010 BKN050 24/21 Q1005=
08/11/2024 07:00,METAR SBSC 080700Z 02008KT 5000 BR FEW005 SCT010 BKN050 24/21 Q1005=
08/11/2024 08:00,METAR SBSC 080800Z 36007KT 5000 BR FEW005 SCT010 BKN050 24/21 Q1005=
08/11/2024 09:00,METAR SBSC 080900Z 01008KT 5000 BR FEW005 SCT010 BKN050 25/22 Q1006=
08/11/2024 10:00,METAR SBSC 081000Z 35004KT 8000 SCT030 BKN050 26/23 Q1006=
08/11/2024 11:00,METAR SBSC 081100Z 34007KT 8000 SCT030 BKN050 27/22 Q1006=
08/11/2024 12:00,METAR SBSC 081200Z 35005KT 8000 SCT030 OVC050 27/22 Q1007=
08/11/2024 13:00,METAR SBSC 081300Z 36005KT 9999 FEW035 BKN080 28/22 Q1006=
08/11/2024 14:00,METAR SBSC 081400Z 35007KT 9999 FEW035 BKN070 29/22 Q1006=
08/11/2024 15:00,METAR SBSC 081500Z 35008KT 9999 SCT035 BKN070 29/21 Q1006=
08/11/2024 16:00,METAR SBSC 081600Z 08003KT 9999 SCT035 BKN070 30/22 Q1005=
08/11/2024 17:00,METAR SBSC 081700Z 20010KT 8000 -RA SCT020 BKN035 24/21 Q1006=
08/11/2024 18:00,METAR SBSC 081800Z 16010KT 9999 -RA SCT006 BKN015 OVC020 22/21 Q1006=
08/11/2024 19:00,METAR SBSC 081900Z 17009KT 2500 -RA BR BKN006 BKN012 OVC020 22/20 Q1007=
08/11/2024 20:00,METAR SBSC 082000Z 19007KT 3000 -RA BR BKN004 OVC010 21/20 Q1007 RERA=
08/11/2024 21:00,METAR SBSC 082100Z 18008KT 2500 -RA BR BKN005 BKN015 OVC030 22/21 Q1008=
08/11/2024 22:00,METAR SBSC 082200Z 18006KT 5000 -RA BR BKN005 BKN015 OVC030 22/21 Q1009=
08/11/2024 23:00,METAR SBSC 082300Z 21002KT 6000 -RA BKN006 BKN020 OVC040 22/21 Q1010=
09/11/2024 00:00,METAR SBSC 090000Z 17002KT 7000 -RA FEW006 BKN010 OVC040 22/21 Q1010=
09/11/2024 01:00,METAR SBSC 090100Z 17003KT 8000 -RA SCT010 BKN014 BKN050 22/21 Q1010=
09/11/2024 02:00,METAR SBSC 090200Z 20003KT 8000 -RA FEW008 BKN010 BKN050 22/21 Q1010=
09/11/2024 03:00,METAR SBSC 090300Z 20004KT 7000 -RA FEW008 BKN010 BKN050 22/21 Q1009=
09/11/2024 04:00,METAR SBSC 090400Z 18004KT 3000 RA BR SCT006 BKN010 BKN020 22/21 Q1009=
09/11/2024 05:00,METAR SBSC 090500Z 21005KT 3000 RA BR SCT007 BKN010 BKN020 21/21 Q1009=
09/11/2024 06:00,METAR SBSC 090600Z 20007KT 6000 -RA FEW008 BKN012 BKN030 21/21 Q1009=
09/11/2024 07:00,METAR SBSC 090700Z 21007KT 6000 -RA FEW008 BKN012 BKN030 21/21 Q1009=
09/11/2024 08:00,METAR SBSC 090800Z 21008KT 6000 -RA FEW004 BKN013 BKN035 21/21 Q1010=
09/11/2024 09:00,METAR SBSC 090900Z 18005KT 8000 SCT014 OVC030 22/20 Q1011=
09/11/2024 10:00,METAR SBSC 091000Z 18008KT 8000 FEW009 BKN015 22/20 Q1012=
09/11/2024 11:00,METAR SBSC 091100Z 18008KT 8000 FEW010 BKN024 OVC035 22/20 Q1012=
09/11/2024 12:00,METAR SBSC 091200Z 17011KT 8000 SCT010 OVC035 23/20 Q1012=
09/11/2024 13:00,METAR SBSC 091300Z 16010KT 9999 SCT010 OVC035 23/20 Q1013=
09/11/2024 14:00,METAR SBSC 091400Z 18014KT 9999 FEW010 BKN040 24/19 Q1013=
09/11/2024 15:00,METAR SBSC 091500Z 19005KT 9999 FEW010 BKN050 24/19 Q1013=
09/11/2024 16:00,METAR SBSC 091600Z 17009KT 9999 FEW015 BKN050 24/19 Q1013=
09/11/2024 17:00,METAR SBSC 091700Z 16007KT 9999 FEW015 BKN050 25/19 Q1013=
09/11/2024 18:00,METAR SBSC 091800Z 19011KT 9999 FEW015 BKN050 24/19 Q1012=
09/11/2024 19:00,METAR SBSC 091900Z 16009KT 9999 FEW015 BKN050 22/19 Q1012=
09/11/2024 20:00,METAR SBSC 092000Z 17006KT 9999 FEW015 BKN050 22/19 Q1012=
09/11/2024 21:00,METAR SBSC 092100Z 18007KT 9999 SCT015 BKN040 22/19 Q1013=
09/11/2024 22:00,METAR SBSC 092200Z 20010KT 9999 SCT015 BKN040 22/19 Q1014=
09/11/2024 23:00,METAR COR SBSC 092300Z 19005KT 9999 SCT015 BKN040 22/19 Q1014=
10/11/2024 00:00,METAR SBSC 100000Z 20007KT 9999 SCT015 BKN050 22/19 Q1015=
10/11/2024 01:00,METAR SBSC 100100Z 19005KT 9999 SCT015 BKN050 22/19 Q1016=
10/11/2024 02:00,METAR SBSC 100200Z 18005KT 9999 SCT020 BKN050 22/18 Q1016=
10/11/2024 03:00,METAR SBSC 100300Z 18006KT 9999 FEW020 BKN050 22/18 Q1015=
10/11/2024 04:00,METAR SBSC 100400Z 20005KT 9999 FEW030 BKN050 22/18 Q1015=
10/11/2024 05:00,METAR SBSC 100500Z 19005KT 9999 FEW030 BKN040 22/18 Q1014=
10/11/2024 06:00,METAR SBSC 100600Z 20005KT 9999 FEW030 BKN040 21/18 Q1014=
10/11/2024 07:00,METAR SBSC 100700Z 21004KT 8000 FEW015 BKN030 21/18 Q1014=
10/11/2024 08:00,METAR SBSC 100800Z 20004KT 6000 FEW010 BKN020 21/18 Q1014=
10/11/2024 09:00,METAR SBSC 100900Z 21006KT 9999 FEW020 BKN050 22/18 Q1015=
10/11/2024 10:00,METAR SBSC 101000Z 20006KT 9999 FEW020 23/18 Q1015=
10/11/2024 11:00,METAR COR SBSC 101100Z 19006KT 9999 FEW090 25/17 Q1015=
10/11/2024 12:00,METAR SBSC 101200Z 17008KT 9999 FEW020 24/18 Q1016=
10/11/2024 13:00,METAR SBSC 101300Z 15009KT 9999 FEW020 25/16 Q1016=
10/11/2024 14:00,METAR SBSC 101400Z 16010KT 9999 FEW020 25/17 Q1016=
10/11/2024 15:00,METAR SBSC 101500Z 16008KT 9999 FEW020 26/16 Q1015=
10/11/2024 16:00,METAR SBSC 101600Z 17009KT 9999 FEW020 25/16 Q1015=
10/11/2024 17:00,METAR SBSC 101700Z 16009KT 9999 FEW030 SCT060 26/17 Q1014=
10/11/2024 18:00,METAR SBSC 101800Z 16008KT 9999 FEW020 BKN060 25/17 Q1014=
10/11/2024 19:00,METAR SBSC 101900Z 16009KT CAVOK 25/15 Q1014=
10/11/2024 20:00,METAR SBSC 102000Z 15007KT 9999 FEW020 BKN050 23/17 Q1014=
10/11/2024 21:00,METAR SBSC 102100Z 15008KT 9999 FEW025 BKN050 22/17 Q1014=
10/11/2024 22:00,METAR SBSC 102200Z 14008KT 9999 BKN030 22/17 Q1015=
10/11/2024 23:00,METAR SBSC 102300Z 14004KT CAVOK 22/17 Q1015=
11/11/2024 00:00,METAR SBSC 110000Z 14003KT CAVOK 22/17 Q1015=
11/11/2024 01:00,METAR SBSC 110100Z 12003KT CAVOK 22/17 Q1015=
11/11/2024 02:00,METAR SBSC 110200Z 08002KT CAVOK 22/17 Q1015=
11/11/2024 03:00,METAR SBSC 110300Z 33002KT CAVOK 21/18 Q1014=
11/11/2024 04:00,METAR SBSC 110400Z 34002KT CAVOK 21/18 Q1013=
11/11/2024 05:00,METAR SBSC 110500Z 34003KT CAVOK 21/18 Q1013=
11/11/2024 06:00,METAR SBSC 110600Z 33004KT CAVOK 20/17 Q1013=
11/11/2024 07:00,METAR SBSC 110700Z 36003KT 9999 SCT040 20/17 Q1012=
11/11/2024 08:00,METAR SBSC 110800Z 01002KT 9999 SCT040 20/17 Q1012=
11/11/2024 09:00,METAR SBSC 110900Z 35004KT 9999 FEW040 21/18 Q1013=
11/11/2024 10:00,METAR SBSC 111000Z 34006KT CAVOK 23/17 Q1013=
11/11/2024 11:00,METAR SBSC 111100Z 01005KT CAVOK 25/17 Q1013=
11/11/2024 12:00,METAR SBSC 111200Z 35012KT 9999 FEW030 27/18 Q1012=
11/11/2024 13:00,METAR SBSC 111300Z 34009KT CAVOK 29/18 Q1011=
11/11/2024 14:00,METAR SBSC 111400Z 34011KT CAVOK 31/18 Q1010=
11/11/2024 15:00,METAR SBSC 111500Z 36010KT CAVOK 32/18 Q1010=
11/11/2024 16:00,METAR SBSC 111600Z 34007KT CAVOK 32/17 Q1008=
11/11/2024 17:00,METAR SBSC 111700Z 20006KT CAVOK 31/19 Q1008=
11/11/2024 18:00,METAR SBSC 111800Z 19010KT CAVOK 29/18 Q1008=
11/11/2024 19:00,METAR SBSC 111900Z 20008KT CAVOK 28/18 Q1008=
11/11/2024 20:00,METAR SBSC 112000Z 21006KT CAVOK 27/17 Q1008=
11/11/2024 21:00,METAR SBSC 112100Z 22007KT CAVOK 24/18 Q1009=
11/11/2024 22:00,METAR SBSC 112200Z 21007KT CAVOK 23/18 Q1009=
11/11/2024 23:00,METAR SBSC 112300Z 18007KT CAVOK 22/17 Q1010=
12/11/2024 00:00,METAR SBSC 120000Z 17006KT CAVOK 22/17 Q1010=
12/11/2024 01:00,METAR SBSC 120100Z 17005KT CAVOK 22/17 Q1010=
12/11/2024 02:00,METAR SBSC 120200Z 15003KT CAVOK 22/17 Q1010=
12/11/2024 03:00,METAR SBSC 120300Z 33003KT CAVOK 21/17 Q1009=
12/11/2024 04:00,METAR SBSC 120400Z 15003KT CAVOK 21/17 Q1010=
12/11/2024 05:00,METAR SBSC 120500Z 12002KT CAVOK 20/17 Q1010=
12/11/2024 06:00,METAR SBSC 120600Z 10003KT CAVOK 20/18 Q1009=
12/11/2024 07:00,METAR SBSC 120700Z 11004KT CAVOK 20/18 Q1009=
12/11/2024 08:00,METAR SBSC 120800Z 09003KT CAVOK 20/18 Q1009=
12/11/2024 09:00,METAR SBSC 120900Z 33006KT CAVOK 24/19 Q1007=
12/11/2024 10:00,METAR SBSC 121000Z 33011KT CAVOK 27/19 Q1008=
12/11/2024 11:00,METAR SBSC 121100Z 32009KT CAVOK 29/19 Q1008=
12/11/2024 12:00,METAR SBSC 121200Z 33013KT CAVOK 31/20 Q1007=
12/11/2024 13:00,METAR SBSC 121300Z 33012KT CAVOK 32/20 Q1007=
12/11/2024 14:00,METAR SBSC 121400Z 33011KT CAVOK 34/20 Q1006=
12/11/2024 15:00,METAR SBSC 121500Z 34005KT 9999 FEW030 35/19 Q1005=
12/11/2024 16:00,METAR SBSC 121600Z 18004KT 9999 FEW030 SCT040 BKN060 35/18 Q1005=
12/11/2024 17:00,NO DATA AVAILABLE
12/11/2024 20:00,METAR SBSC 122000Z 18017G27KT CAVOK 24/20 Q1006=
12/11/2024 21:00,METAR SBSC 122100Z 18011G22KT CAVOK 23/20 Q1008=
12/11/2024 22:00,METAR SBSC 122200Z 19008KT 9999 BKN020 24/20 Q1010=
12/11/2024 23:00,METAR SBSC 122300Z 19009KT 9999 BKN018 OVC025 24/20 Q1010=
13/11/2024 00:00,METAR SBSC 130000Z 20007KT 9999 BKN020 OVC040 23/20 Q1011=
13/11/2024 01:00,METAR SBSC 130100Z 19006KT 8000 SCT005 BKN012 OVC040 23/21 Q1011=
13/11/2024 02:00,METAR SBSC 130200Z 19004KT 8000 SCT005 BKN012 OVC040 23/20 Q1011=
13/11/2024 03:00,METAR SBSC 130300Z 17002KT 8000 SCT005 BKN012 OVC040 23/20 Q1010=
13/11/2024 04:00,METAR SBSC 130400Z 20003KT 8000 SCT005 BKN012 OVC040 23/20 Q1010=
13/11/2024 06:00,METAR SBSC 130600Z 18006KT 8000 SCT005 BKN012 OVC040 22/20 Q1009=
13/11/2024 07:00,METAR SBSC 130700Z 17005KT 8000 SCT005 BKN012 OVC040 21/20 Q1009=
13/11/2024 08:00,METAR SBSC 130800Z 16008KT 8000 SCT005 BKN012 OVC040 22/21 Q1010=
13/11/2024 09:00,METAR SBSC 130900Z 19006KT 3000 -RA BR BKN005 BKN012 OVC040 22/20 Q1010=
13/11/2024 10:00,METAR SBSC 131000Z 19005KT 5000 BR BKN005 BKN012 OVC040 21/20 Q1010=
13/11/2024 11:00,METAR SBSC 131100Z 18007KT 3000 -RA BR BKN005 BKN012 OVC040 21/20 Q1011=
13/11/2024 12:00,METAR COR SBSC 131200Z 20009KT 1000 R23/1000N R05/1000N RA BR BKN004 BKN010 OVC040 21/19 Q1012=
13/11/2024 13:00,METAR SBSC 131300Z 19006KT 4000 -RA BR FEW004 BKN006 OVC040 21/20 Q1013 RERA=
13/11/2024 14:00,METAR SBSC 131400Z 19010G22KT 6000 -RA BKN006 BKN013 OVC030 20/19 Q1013=
13/11/2024 15:00,METAR COR SBSC 131500Z 19012G25KT 2500 -RA BR BKN006 OVC012 19/18 Q1013=
13/11/2024 16:00,METAR SBSC 131600Z 18010G20KT 8000 BKN006 OVC013 20/18 Q1013=
13/11/2024 17:00,METAR SBSC 131700Z 18008G18KT 9999 BKN007 OVC014 20/18 Q1013=
13/11/2024 18:00,METAR SBSC 131800Z 18008KT 6000 OVC009 19/18 Q1013=
13/11/2024 19:00,METAR SBSC 131900Z 17007KT 8000 SCT007 OVC010 19/18 Q1013=
13/11/2024 20:00,METAR SBSC 132000Z 15006KT 3500 BR BKN007 OVC014 19/18 Q1013=
13/11/2024 21:00,METAR SBSC 132100Z 18005KT 6000 BKN008 OVC019 19/18 Q1014=
13/11/2024 22:00,METAR SBSC 132200Z 17005KT 9999 SCT010 BKN014 OVC030 19/17 Q1015=
13/11/2024 23:00,METAR SBSC 132300Z 18002KT 9999 SCT012 BKN016 OVC025 20/18 Q1015=
14/11/2024 00:00,METAR SBSC 140000Z 12007KT 4000 -DZ BR SCT008 BKN014 OVC020 19/17 Q1016=
14/11/2024 01:00,METAR SBSC 140100Z 18003KT 5000 -DZ BR BKN008 BKN010 OVC015 19/18 Q1017=
14/11/2024 02:00,METAR SBSC 140200Z 24003KT 8000 FEW010 BKN012 OVC022 19/18 Q1016=
14/11/2024 03:00,METAR SBSC 140300Z 24004KT 7000 FEW007 BKN010 OVC025 19/18 Q1016=
14/11/2024 04:00,METAR SBSC 140400Z 24003KT 5000 BR FEW007 BKN010 OVC025 19/18 Q1015=
14/11/2024 05:00,METAR SBSC 140500Z 23004KT 5000 BR FEW007 BKN010 OVC025 19/18 Q1015=
14/11/2024 06:00,METAR SBSC 140600Z 24004KT 5000 BR FEW010 BKN012 OVC030 19/18 Q1015=
14/11/2024 07:00,METAR SBSC 140700Z 25003KT 5000 BR FEW010 BKN012 OVC030 19/18 Q1014=
14/11/2024 08:00,METAR SBSC 140800Z 24003KT 5000 BR FEW010 BKN012 OVC030 19/18 Q1014=
14/11/2024 09:00,METAR SBSC 140900Z 00000KT 9000 FEW015 SCT025 OVC050 20/18 Q1016=
14/11/2024 10:00,METAR SBSC 141000Z 05001KT 9999 FEW015 SCT025 OVC035 20/18 Q1016=
14/11/2024 11:00,METAR SBSC 141100Z 14002KT 9999 FEW007 BKN010 OVC030 21/18 Q1017=
14/11/2024 12:00,METAR SBSC 141200Z 17004KT 9999 FEW010 BKN020 OVC030 21/18 Q1017=
14/11/2024 13:00,METAR SBSC 141300Z 17004KT 9999 FEW008 BKN013 OVC030 22/18 Q1017=
14/11/2024 14:00,METAR SBSC 141400Z 18002KT 9999 SCT015 BKN035 22/18 Q1017=
14/11/2024 15:00,METAR SBSC 141500Z 00000KT 9999 FEW015 SCT020 BKN050 24/18 Q1016=
14/11/2024 16:00,METAR SBSC 141600Z 17007KT 9999 SCT020 BKN050 24/18 Q1015=
14/11/2024 17:00,METAR SBSC 141700Z 14006KT 9999 SCT020 BKN050 24/18 Q1015=
14/11/2024 18:00,METAR SBSC 141800Z 13007KT 9999 SCT020 BKN050 23/18 Q1014=
14/11/2024 19:00,METAR SBSC 141900Z 12006KT 9999 SCT020 BKN050 22/18 Q1014=
14/11/2024 20:00,METAR SBSC 142000Z 11008KT 9999 FEW020 BKN040 22/18 Q1015=
14/11/2024 21:00,METAR COR SBSC 142100Z 15002KT 9999 FEW020 BKN040 22/18 Q1015=
14/11/2024 22:00,METAR SBSC 142200Z 13004KT 9999 FEW020 BKN040 22/18 Q1015=
14/11/2024 23:00,METAR SBSC 142300Z 12005KT 9999 FEW020 BKN040 22/18 Q1016=
15/11/2024 00:00,METAR SBSC 150000Z 11005KT 9999 FEW020 BKN030 21/18 Q1017=
15/11/2024 01:00,METAR SBSC 150100Z 19003KT 9999 BKN025 BKN035 21/18 Q1017=
15/11/2024 02:00,METAR SBSC 150200Z 16004KT 9999 SCT020 OVC030 21/19 Q1017=
15/11/2024 03:00,METAR SBSC 150300Z 12004KT 9999 SCT020 OVC030 21/19 Q1016=
15/11/2024 04:00,METAR SBSC 150400Z 07003KT 9999 FEW010 OVC020 20/19 Q1015=
15/11/2024 05:00,METAR SBSC 150500Z 07002KT 9999 SCT008 OVC020 20/19 Q1015=
15/11/2024 06:00,METAR SBSC 150600Z 09003KT 9999 SCT008 BKN020 21/20 Q1015=
15/11/2024 07:00,METAR SBSC 150700Z 08002KT 9999 FEW008 BKN020 21/20 Q1015=
15/11/2024 08:00,METAR SBSC 150800Z 09002KT 9999 FEW010 BKN020 21/20 Q1016=
15/11/2024 09:00,METAR SBSC 150900Z 33003KT 4000 BR BKN013 OVC020 21/19 Q1016=
15/11/2024 10:00,METAR SBSC 151000Z 02004KT 8000 BKN005 BKN020 21/20 Q1017=
15/11/2024 11:00,METAR SBSC 151100Z 32003KT 8000 BKN009 OVC016 22/20 Q1017=
15/11/2024 12:00,METAR SBSC 151200Z 33003KT 9999 FEW008 SCT010 OVC014 23/20 Q1017=
15/11/2024 13:00,METAR SBSC 151300Z 00000KT 9999 SCT015 BKN040 24/20 Q1017=
15/11/2024 14:00,METAR SBSC 151400Z 04002KT 9999 SCT015 26/20 Q1016=
15/11/2024 15:00,METAR SBSC 151500Z 13006KT 9999 BKN015 BKN100 27/21 Q1015=
15/11/2024 16:00,METAR SBSC 151600Z 15004KT 9999 BKN020 BKN100 25/21 Q1015=
15/11/2024 17:00,METAR SBSC 151700Z 17008KT 9999 FEW010 BKN060 BKN100 25/21 Q1014=
15/11/2024 18:00,METAR SBSC 151800Z 18007KT 9999 BKN007 BKN060 24/21 Q1013=
15/11/2024 19:00,METAR SBSC 151900Z 17006KT 9999 BKN006 BKN050 23/21 Q1013=
15/11/2024 20:00,METAR SBSC 152000Z 17007KT 9999 BKN006 BKN020 BKN040 23/21 Q1013=
15/11/2024 21:00,METAR SBSC 152100Z 17005KT 9999 BKN006 BKN020 23/20 Q1014=
15/11/2024 22:00,METAR SBSC 152200Z 19003KT 9999 BKN006 BKN020 22/21 Q1014=
15/11/2024 23:00,METAR SBSC 152300Z 21004KT 9999 BKN005 BKN020 22/21 Q1014=
16/11/2024 00:00,METAR SBSC 160000Z 21004KT 9999 -DZ BKN006 BKN015 22/21 Q1015=
16/11/2024 01:00,METAR SBSC 160100Z 18002KT 9999 -RA FEW008 OVC015 22/21 Q1015=
16/11/2024 02:00,METAR SBSC 160200Z 34002KT 2200 RA BR SCT004 OVC012 22/21 Q1015=
16/11/2024 03:00,METAR SBSC 160300Z 03002KT 2500 RA BR FEW002 BKN012 FEW025TCU 22/21 Q1014=
16/11/2024 04:00,METAR SBSC 160400Z 33002KT 3500 -RA BR FEW006 BKN015 BKN050 22/21 Q1014 RETSRA=
16/11/2024 05:00,METAR SBSC 160500Z 02006KT 4000 BR FEW010 BKN015 BKN070 22/21 Q1013=
16/11/2024 06:00,METAR SBSC 160600Z 34007KT 4000 -RA BR FEW004 BKN010 OVC070 22/21 Q1013=
16/11/2024 07:00,METAR SBSC 160700Z 35005KT 6000 -RA FEW004 BKN012 OVC080 22/21 Q1013=
16/11/2024 08:00,METAR SBSC 160800Z 33008KT 6000 -RA FEW006 BKN014 OVC090 22/21 Q1013=
16/11/2024 09:00,METAR SBSC 160900Z 35010KT 4000 -RA BR FEW006 BKN010 OVC050 22/21 Q1013=
16/11/2024 10:00,METAR SBSC 161000Z 32009KT 4000 -RA BR FEW005 BKN009 OVC050 22/21 Q1014=
16/11/2024 11:00,METAR SBSC 161100Z 35005KT 4000 -RA BR FEW004 BKN009 OVC050 22/21 Q1015=
16/11/2024 12:00,METAR SBSC 161200Z 36006KT 4000 -RA BR FEW003 BKN008 OVC040 23/21 Q1016=
16/11/2024 13:00,METAR SBSC 161300Z 33002KT 3000 -RA BR SCT004 BKN006 OVC050 23/22 Q1016=
16/11/2024 14:00,METAR SBSC 161400Z 33003KT 3000 -RA BR SCT004 BKN006 OVC050 23/22 Q1016=
16/11/2024 15:00,METAR SBSC 161500Z 36004KT 3000 -RA BR SCT004 BKN006 OVC050 24/22 Q1016=
16/11/2024 16:00,METAR SBSC 161600Z 01005KT 4000 -RA BR SCT006 BKN010 OVC050 23/22 Q1015=
16/11/2024 17:00,METAR SBSC 161700Z 01008KT 4000 -RA BR SCT006 BKN010 OVC050 23/22 Q1015=
16/11/2024 18:00,METAR SBSC 161800Z 02003KT 4000 -RA BR SCT006 SCT010 OVC050 23/22 Q1015=
16/11/2024 19:00,METAR SBSC 161900Z 05005KT 5000 BR SCT006 SCT010 OVC050 24/22 Q1015=
16/11/2024 20:00,METAR SBSC 162000Z 13005KT 5000 BR SCT006 SCT010 OVC050 24/22 Q1015=
16/11/2024 21:00,METAR SBSC 162100Z 02003KT 5000 BR SCT006 SCT010 OVC050 23/21 Q1015=
16/11/2024 22:00,METAR SBSC 162200Z 27003KT 8000 SCT010 SCT015 OVC050 22/21 Q1015=
16/11/2024 23:00,METAR SBSC 162300Z 02004KT 8000 SCT010 SCT015 OVC050 23/21 Q1015=
17/11/2024 00:00,METAR SBSC 170000Z 02004KT 8000 SCT010 SCT015 OVC050 23/21 Q1015=
17/11/2024 01:00,METAR SBSC 170100Z 05005KT 9999 FEW010 22/21 Q1016=
17/11/2024 02:00,METAR SBSC 170200Z 35004KT 9999 FEW010 SCT070 22/20 Q1016=
17/11/2024 03:00,METAR SBSC 170300Z 02004KT 9999 FEW015 BKN080 21/19 Q1015=
17/11/2024 04:00,METAR SBSC 170400Z 05005KT 9999 FEW015 BKN080 21/19 Q1015=
17/11/2024 05:00,METAR SBSC 170500Z 04005KT 8000 FEW012 BKN085 20/19 Q1014=
17/11/2024 06:00,METAR SBSC 170600Z 04006KT 8000 FEW012 SCT085 20/18 Q1014=
17/11/2024 07:00,METAR SBSC 170700Z 36004KT 8000 FEW012 SCT085 20/18 Q1014=
17/11/2024 08:00,METAR SBSC 170800Z 02005KT 8000 FEW010 SCT085 20/19 Q1014=
17/11/2024 09:00,METAR SBSC 170900Z 03004KT 8000 FEW010 SCT085 21/19 Q1014=
17/11/2024 10:00,METAR SBSC 171000Z 36006KT 9999 FEW040 SCT080 23/20 Q1015=
17/11/2024 11:00,METAR SBSC 171100Z 02005KT 9999 FEW030 BKN065 24/20 Q1015=
17/11/2024 12:00,METAR SBSC 171200Z 02005KT 9999 FEW030 BKN065 25/20 Q1015=
17/11/2024 13:00,METAR SBSC 171300Z 36004KT 9999 FEW010 BKN070 26/20 Q1015=
17/11/2024 14:00,METAR SBSC 171400Z 01005KT 9999 FEW020 BKN070 29/18 Q1014=
17/11/2024 15:00,METAR SBSC 171500Z 10011KT 9999 FEW020 SCT100 29/20 Q1014=
17/11/2024 16:00,METAR SBSC 171600Z 12010KT 9999 FEW020 SCT100 29/21 Q1013=
17/11/2024 17:00,METAR SBSC 171700Z 14011KT 9999 FEW020 SCT100 29/21 Q1012=
17/11/2024 18:00,METAR SBSC 171800Z 14011KT 9999 FEW020 FEW030TCU SCT050 29/20 Q1011=
17/11/2024 19:00,METAR COR SBSC 171900Z 15008KT 9999 FEW020 FEW030TCU SCT050 29/20 Q1011=
17/11/2024 20:00,METAR COR SBSC 172000Z 21004KT 9999 FEW025 FEW030TCU BKN050 26/21 Q1012=
17/11/2024 21:00,METAR SBSC 172100Z 23007KT 9999 FEW030 BKN050 25/21 Q1012=
17/11/2024 22:00,METAR SBSC 172200Z 19003KT 9999 FEW030 BKN050 24/21 Q1012=
17/11/2024 23:00,METAR SBSC 172300Z 18003KT 9999 SCT030 23/21 Q1013=
18/11/2024 00:00,METAR COR SBSC 180000Z 20003KT 9999 SCT030 23/21 Q1014=
18/11/2024 01:00,METAR SBSC 180100Z 20003KT 9999 SCT030 23/21 Q1014=
18/11/2024 02:00,METAR SBSC 180200Z 23005KT 9999 SCT030 SCT050 23/21 Q1014=
18/11/2024 03:00,METAR SBSC 180300Z 20005KT 9999 SCT030 SCT050 22/21 Q1013=
18/11/2024 04:00,METAR SBSC 180400Z 15006KT 9999 SCT030 SCT050 22/21 Q1013=
18/11/2024 05:00,METAR SBSC 180500Z 09007KT 9999 SCT030 SCT050 22/20 Q1012=
18/11/2024 06:00,METAR SBSC 180600Z 06005KT 9999 SCT030 SCT050 22/20 Q1012=
18/11/2024 07:00,METAR SBSC 180700Z 08007KT 9999 SCT030 SCT050 22/20 Q1011=
18/11/2024 08:00,METAR SBSC 180800Z 36007KT 9999 SCT030 SCT050 23/21 Q1012=
18/11/2024 09:00,METAR SBSC 180900Z 34007KT CAVOK 23/20 Q1012=
18/11/2024 10:00,METAR SBSC 181000Z 33009KT CAVOK 26/20 Q1012=
18/11/2024 11:00,METAR SBSC 181100Z 33012KT CAVOK 28/19 Q1012=
18/11/2024 12:00,METAR SBSC 181200Z 32010KT CAVOK 29/19 Q1012=
18/11/2024 13:00,NO DATA AVAILABLE
18/11/2024 14:00,METAR SBSC 181400Z 34009KT CAVOK 33/20 Q1011=
18/11/2024 15:00,METAR SBSC 181500Z 21004KT 9999 FEW020 28/21 Q1011=
18/11/2024 16:00,METAR SBSC 181600Z 20013KT 9999 FEW020 29/20 Q1010=
18/11/2024 17:00,METAR SBSC 181700Z 19009KT 9999 FEW020 27/20 Q1010=
18/11/2024 18:00,METAR SBSC 181800Z 16012KT 9999 FEW020 27/20 Q1010=
18/11/2024 19:00,METAR SBSC 181900Z 16008KT 9999 FEW020 26/20 Q1010=
18/11/2024 20:00,METAR SBSC 182000Z 15010KT 9999 FEW020 25/21 Q1010=
18/11/2024 21:00,METAR SBSC 182100Z 16010KT 9999 FEW030 24/21 Q1010=
18/11/2024 22:00,METAR SBSC 182200Z 18005KT CAVOK 23/21 Q1010=
18/11/2024 23:00,METAR SBSC 182300Z 16004KT CAVOK 23/21 Q1011=
19/11/2024 00:00,METAR SBSC 190000Z 18003KT CAVOK 23/21 Q1011=
19/11/2024 01:00,METAR SBSC 190100Z 02001KT 9999 FEW020 22/20 Q1011=
19/11/2024 02:00,METAR SBSC 190200Z 01002KT CAVOK 22/20 Q1011=
19/11/2024 03:00,METAR SBSC 190300Z 36003KT CAVOK 22/20 Q1011=
19/11/2024 04:00,METAR SBSC 190400Z 02003KT CAVOK 22/20 Q1010=
19/11/2024 05:00,METAR SBSC 190500Z 02004KT CAVOK 22/21 Q1010=
19/11/2024 06:00,METAR SBSC 190600Z 01003KT CAVOK 21/20 Q1009=
19/11/2024 07:00,METAR SBSC 190700Z 35004KT CAVOK 21/20 Q1009=
19/11/2024 08:00,METAR SBSC 190800Z 34004KT CAVOK 22/20 Q1010=
19/11/2024 09:00,METAR SBSC 190900Z 17004KT CAVOK 22/21 Q1011=
19/11/2024 10:00,METAR SBSC 191000Z 19007KT 8000 FEW006 SCT020 23/21 Q1012=
19/11/2024 11:00,METAR SBSC 191100Z 19009KT 9999 SCT007 24/21 Q1013=
19/11/2024 12:00,METAR SBSC 191200Z 19009KT 9999 SCT010 BKN020 25/21 Q1013=
19/11/2024 13:00,METAR SBSC 191300Z 18011KT 9999 SCT012 26/21 Q1013=
19/11/2024 14:00,METAR SBSC 191400Z 18011KT 9999 FEW015 26/20 Q1013=
19/11/2024 15:00,METAR SBSC 191500Z 18010KT 9999 FEW015 27/20 Q1013=
19/11/2024 16:00,METAR SBSC 191600Z 17011KT 9999 FEW015 27/21 Q1013=
19/11/2024 17:00,METAR SBSC 191700Z 17012KT 9999 FEW015 27/20 Q1012=
19/11/2024 18:00,METAR SBSC 191800Z 17012KT 9999 FEW040 26/21 Q1012=
19/11/2024 19:00,METAR SBSC 191900Z 16012KT 9999 SCT040 26/20 Q1012=
19/11/2024 20:00,METAR SBSC 192000Z 16012KT 9999 SCT040 25/20 Q1012=
19/11/2024 21:00,METAR SBSC 192100Z 17009KT 9999 SCT045 24/20 Q1012=
19/11/2024 22:00,METAR SBSC 192200Z 17011KT 9999 BKN045 23/20 Q1012=
19/11/2024 23:00,METAR SBSC 192300Z 18008KT 9999 BKN035 23/20 Q1013=
20/11/2024 00:00,METAR SBSC 200000Z 19007KT 9999 BKN035 23/20 Q1014=
20/11/2024 01:00,METAR SBSC 200100Z 17008KT 9999 BKN035 23/20 Q1014=
20/11/2024 02:00,METAR SBSC 200200Z 17003KT 9999 BKN035 24/20 Q1014=
20/11/2024 03:00,METAR SBSC 200300Z 17004KT 9999 BKN035 24/20 Q1013=
20/11/2024 04:00,METAR SBSC 200400Z 16003KT 9999 BKN040 24/20 Q1013=
20/11/2024 05:00,METAR SBSC 200500Z 33003KT 9999 BKN040 23/21 Q1012=
20/11/2024 06:00,METAR SBSC 200600Z 32004KT 9999 BKN040 23/21 Q1012=
20/11/2024 07:00,METAR SBSC 200700Z 31003KT CAVOK 23/21 Q1012=
20/11/2024 08:00,METAR SBSC 200800Z 36004KT CAVOK 22/20 Q1011=
20/11/2024 09:00,METAR SBSC 200900Z 01005KT CAVOK 22/20 Q1012=
20/11/2024 10:00,METAR SBSC 201000Z 08003KT 9999 FEW020 26/21 Q1013=
20/11/2024 11:00,METAR SBSC 201100Z 00000KT 9999 FEW020 26/21 Q1012=
20/11/2024 12:00,METAR SBSC 201200Z 36003KT 9999 FEW020 28/20 Q1013=
20/11/2024 13:00,METAR SBSC 201300Z 15005KT 9999 FEW010 29/21 Q1013=
20/11/2024 14:00,METAR SBSC 201400Z 16011KT 9999 FEW010 28/22 Q1012=
20/11/2024 15:00,METAR SBSC 201500Z 17010KT 9999 FEW010 26/21 Q1012=
20/11/2024 16:00,METAR SBSC 201600Z 17011KT 9999 FEW010 27/21 Q1012=
20/11/2024 17:00,METAR SBSC 201700Z 16012KT 9999 SCT012 27/21 Q1011=
20/11/2024 18:00,METAR SBSC 201800Z 16011KT 9999 SCT007 BKN010 27/21 Q1011=
20/11/2024 19:00,METAR SBSC 201900Z 14009KT 8000 FEW007 SCT010 BKN020 26/21 Q1011=
20/11/2024 20:00,METAR SBSC 202000Z 17008KT 8000 SCT007 SCT010 BKN020 24/21 Q1011=
20/11/2024 21:00,METAR SBSC 202100Z 15007KT 8000 BKN007 SCT015 OVC030 24/22 Q1011=
20/11/2024 22:00,METAR SBSC 202200Z 15007KT 8000 BKN007 SCT015 OVC030 24/22 Q1011=
20/11/2024 23:00,METAR SBSC 202300Z 18004KT 8000 SCT007 BKN015 OVC030 24/21 Q1013=
21/11/2024 00:00,METAR SBSC 210000Z 18003KT 8000 SCT007 BKN015 OVC030 24/21 Q1013=
21/11/2024 01:00,METAR SBSC 210100Z 17005KT 9999 FEW005 SCT015 BKN030 24/21 Q1013=
21/11/2024 02:00,METAR SBSC 210200Z 21005KT 9999 FEW005 SCT015 BKN032 24/21 Q1013=
21/11/2024 03:00,METAR SBSC 210300Z 23004KT 9999 FEW006 SCT015 BKN032 24/20 Q1013=
21/11/2024 04:00,METAR SBSC 210400Z 19006KT 9999 FEW006 SCT015 BKN032 23/20 Q1013=
21/11/2024 05:00,METAR SBSC 210500Z 19005KT 9999 FEW006 SCT012 BKN031 23/20 Q1012=
21/11/2024 06:00,METAR SBSC 210600Z 20004KT 9999 FEW006 BKN031 23/19 Q1012=
21/11/2024 07:00,METAR SBSC 210700Z 23004KT 9999 FEW005 BKN031 22/19 Q1012=
21/11/2024 08:00,METAR SBSC 210800Z 20005KT 9999 FEW005 BKN030 22/19 Q1012=
21/11/2024 09:00,METAR SBSC 210900Z 22006KT 9999 FEW005 BKN030 23/19 Q1012=
21/11/2024 10:00,METAR SBSC 211000Z 19006KT 9999 FEW005 SCT045 24/21 Q1014=
21/11/2024 11:00,METAR SBSC 211100Z 18007KT 9999 FEW005 SCT015 25/21 Q1014=
21/11/2024 12:00,METAR SBSC 211200Z 18011KT 9999 FEW005 SCT020 25/21 Q1015=
21/11/2024 13:00,METAR SBSC 211300Z 17011KT 9999 FEW012 27/22 Q1015=
21/11/2024 14:00,METAR SBSC 211400Z 16013KT 9999 FEW020 SCT050 27/21 Q1015=
21/11/2024 15:00,METAR SBSC 211500Z 17013KT 9999 FEW025 BKN050 27/21 Q1015=
21/11/2024 16:00,METAR SBSC 211600Z 16014KT 9999 FEW020 BKN035 27/22 Q1014=
21/11/2024 17:00,METAR SBSC 211700Z 15012KT 9999 FEW008 BKN010 BKN030 26/22 Q1014=
21/11/2024 18:00,METAR SBSC 211800Z 15008KT 9999 FEW008 BKN010 BKN030 26/22 Q1013=
21/11/2024 19:00,METAR SBSC 211900Z 16009KT 9999 BKN010 BKN040 25/22 Q1013=
21/11/2024 20:00,METAR SBSC 212000Z 15009KT 9999 BKN008 BKN038 24/21 Q1013=
21/11/2024 21:00,METAR SBSC 212100Z 12010KT 3500 -DZ BR BKN008 OVC011 23/21 Q1013=
21/11/2024 22:00,METAR SBSC 212200Z 10009KT 9999 SCT010 BKN060 23/21 Q1014=
21/11/2024 23:00,METAR SBSC 212300Z 09008KT 9999 SCT009 BKN045 23/21 Q1015=
22/11/2024 00:00,METAR SBSC 220000Z 07010KT 9999 BKN011 BKN016 OVC043 23/20 Q1015=
22/11/2024 01:00,METAR SBSC 220100Z 10007KT 9999 BKN010 BKN015 23/20 Q1016=
22/11/2024 02:00,METAR SBSC 220200Z 09008KT 9999 BKN010 OVC015 23/20 Q1016=
22/11/2024 03:00,METAR SBSC 220300Z 09007KT 9999 BKN010 OVC015 23/20 Q1015=
22/11/2024 04:00,METAR SBSC 220400Z 14008KT 8000 -RA BKN010 OVC020 22/20 Q1015=
22/11/2024 05:00,METAR SBSC 220500Z 13007KT 8000 -RA BKN010 OVC020 22/20 Q1015=
22/11/2024 06:00,METAR SBSC 220600Z 14007KT 8000 -RA BKN010 OVC020 22/20 Q1015=
22/11/2024 07:00,METAR SBSC 220700Z 14006KT 8000 -RA BKN010 OVC020 22/20 Q1014=
22/11/2024 08:00,METAR SBSC 220800Z 13006KT 8000 -RA BKN010 OVC020 22/20 Q1014=
22/11/2024 09:00,METAR SBSC 220900Z 11005KT 9999 FEW010 BKN020 OVC030 22/20 Q1015=
22/11/2024 10:00,METAR SBSC 221000Z 09006KT 9999 FEW010 BKN030 OVC050 23/20 Q1016=
22/11/2024 11:00,METAR SBSC 221100Z 09007KT 9999 SCT010 BKN030 OVC050 23/19 Q1016=
22/11/2024 12:00,METAR SBSC 221200Z 10007KT 9999 SCT015 BKN020 BKN040 25/20 Q1017=
22/11/2024 13:00,METAR SBSC 221300Z 12007KT 9999 FEW006 BKN020 OVC050 25/19 Q1017=
22/11/2024 14:00,METAR SBSC 221400Z 13008KT 9999 FEW006 BKN020 OVC050 26/20 Q1016=
22/11/2024 15:00,METAR SBSC 221500Z 13012KT 9999 FEW006 BKN020 OVC050 26/20 Q1016=
22/11/2024 16:00,METAR SBSC 221600Z 13011KT 9999 FEW006 BKN020 OVC050 26/20 Q1016=
22/11/2024 17:00,METAR SBSC 221700Z 11010KT 9999 FEW006 BKN020 OVC050 25/19 Q1015=
22/11/2024 18:00,METAR SBSC 221800Z 13010KT 9999 SCT006 BKN015 OVC050 24/19 Q1014=
22/11/2024 19:00,METAR SBSC 221900Z 11008KT 9999 FEW011 BKN016 BKN060 24/19 Q1014=
22/11/2024 20:00,METAR SBSC 222000Z 10009KT 9999 SCT016 BKN055 24/19 Q1014=
22/11/2024 21:00,METAR SBSC 222100Z 08009KT 9999 SCT014 BKN060 23/19 Q1014=
22/11/2024 22:00,METAR SBSC 222200Z 08006KT 9999 FEW014 BKN027 OVC040 23/19 Q1014=
22/11/2024 23:00,METAR SBSC 222300Z 09005KT 9999 BKN019 BKN032 OVC045 23/19 Q1015=
23/11/2024 00:00,METAR SBSC 230000Z 03004KT 9999 BKN015 OVC040 22/19 Q1015=
23/11/2024 01:00,METAR SBSC 230100Z 10002KT 8000 SCT005 BKN015 OVC040 22/19 Q1016=
23/11/2024 02:00,METAR SBSC 230200Z 04006KT 8000 SCT005 BKN015 OVC040 22/19 Q1015=
23/11/2024 03:00,METAR SBSC 230300Z 13003KT 5000 BR SCT005 BKN015 OVC040 22/19 Q1015=
23/11/2024 04:00,METAR SBSC 230400Z 11007KT 5000 BR SCT005 BKN015 OVC040 22/19 Q1015=
23/11/2024 05:00,METAR SBSC 230500Z 13005KT 5000 BR SCT005 BKN015 OVC040 21/19 Q1014=
23/11/2024 06:00,METAR SBSC 230600Z 12007KT 5000 BR SCT005 BKN015 OVC040 21/19 Q1014=
23/11/2024 07:00,METAR SBSC 230700Z 13006KT 5000 BR SCT005 BKN015 OVC040 20/18 Q1013=
23/11/2024 08:00,METAR SBSC 230800Z 15007KT 5000 BR SCT005 BKN015 OVC040 20/18 Q1013=
23/11/2024 09:00,METAR SBSC 230900Z 10004KT 5000 BR SCT005 BKN015 OVC040 21/19 Q1015=
23/11/2024 10:00,METAR SBSC 231000Z 09005KT 5000 BR SCT005 BKN015 OVC040 21/19 Q1015=
23/11/2024 11:00,METAR SBSC 231100Z 10003KT 5000 BR SCT005 BKN015 OVC040 22/19 Q1016=
23/11/2024 12:00,METAR SBSC 231200Z 02008KT 8000 SCT010 BKN018 OVC040 23/18 Q1016=
23/11/2024 13:00,METAR SBSC 231300Z 03008KT 9999 FEW010 BKN018 OVC040 24/18 Q1016=
23/11/2024 14:00,METAR SBSC 231400Z 14006KT 9999 FEW010 BKN020 OVC035 23/19 Q1016=
23/11/2024 15:00,METAR SBSC 231500Z 14008KT 9999 FEW010 BKN020 OVC035 24/19 Q1016=
23/11/2024 16:00,METAR SBSC 231600Z 14008KT 9999 FEW010 BKN020 OVC035 24/19 Q1015=
23/11/2024 17:00,METAR SBSC 231700Z 10009KT 3000 -RA BR BKN010 OVC035 20/18 Q1016=
23/11/2024 18:00,METAR SBSC 231800Z 09012KT 8000 FEW007 SCT010 OVC025 21/18 Q1016=
23/11/2024 19:00,METAR SBSC 231900Z 09010KT 9999 FEW010 BKN015 OVC025 21/17 Q1016=
23/11/2024 20:00,METAR SBSC 232000Z 07007KT 9999 FEW020 BKN030 BKN050 22/17 Q1016=
23/11/2024 21:00,METAR SBSC 232100Z 10008KT 9999 FEW020 BKN040 BKN060 22/17 Q1017=
23/11/2024 22:00,METAR SBSC 232200Z 10008KT 9999 FEW020 BKN050 22/17 Q1017=
23/11/2024 23:00,METAR SBSC 232300Z 09008KT 9999 FEW020 BKN060 22/17 Q1017=
24/11/2024 00:00,METAR SBSC 240000Z 09002KT 9999 FEW020 BKN050 21/17 Q1018=
24/11/2024 01:00,METAR SBSC 240100Z 21002KT CAVOK 20/18 Q1018=
24/11/2024 02:00,METAR SBSC 240200Z 18002KT CAVOK 20/18 Q1018=
24/11/2024 03:00,METAR SBSC 240300Z 18002KT CAVOK 21/18 Q1017=
24/11/2024 04:00,METAR SBSC 240400Z 14002KT CAVOK 20/18 Q1017=
24/11/2024 05:00,METAR SBSC 240500Z 09002KT 9999 FEW008 SCT020 20/18 Q1016=
24/11/2024 06:00,METAR SBSC 240600Z 10002KT 9999 SCT006 SCT015 20/18 Q1016=
24/11/2024 07:00,METAR SBSC 240700Z 07002KT 9999 SCT006 SCT015 19/18 Q1016=
24/11/2024 08:00,METAR SBSC 240800Z 08002KT 9999 SCT008 SCT014 19/18 Q1017=
24/11/2024 09:00,METAR SBSC 240900Z 11007KT 9999 FEW010 BKN030 20/18 Q1017=
24/11/2024 10:00,METAR SBSC 241000Z 11006KT 9999 SCT015 BKN030 20/18 Q1018=
24/11/2024 11:00,METAR SBSC 241100Z 12004KT 9999 SCT017 BKN035 22/18 Q1018=
24/11/2024 12:00,METAR SBSC 241200Z 11004KT 9999 SCT021 SCT048 24/17 Q1018=
24/11/2024 13:00,METAR SBSC 241300Z 11004KT 9999 SCT020 SCT030 24/17 Q1018=
24/11/2024 14:00,METAR SBSC 241400Z 17009KT 9999 SCT020 SCT030 23/17 Q1018=
24/11/2024 15:00,METAR SBSC 241500Z 14007KT 9999 SCT025 BKN030 23/17 Q1018=
24/11/2024 16:00,METAR SBSC 241600Z 14009KT 9999 SCT025 BKN030 24/17 Q1018=
24/11/2024 17:00,METAR COR SBSC 241700Z 14012KT 9999 FEW030 BKN040 25/17 Q1018=
24/11/2024 18:00,METAR SBSC 241800Z 13011KT CAVOK 25/17 Q1018=
24/11/2024 19:00,METAR COR SBSC 241900Z 13010KT CAVOK 25/18 Q1017=
24/11/2024 20:00,METAR SBSC 242000Z 14009KT 9999 FEW030 24/17 Q1017=
24/11/2024 21:00,METAR SBSC 242100Z 13010KT 9999 FEW030 23/17 Q1018=
24/11/2024 22:00,METAR SBSC 242200Z 18005KT 9999 FEW030 SCT050 22/17 Q1019=
24/11/2024 23:00,METAR SBSC 242300Z 08007KT 9999 FEW030 SCT050 22/17 Q1019=
25/11/2024 00:00,METAR SBSC 250000Z 10003KT 9999 FEW030 BKN050 22/17 Q1019=
25/11/2024 01:00,METAR SBSC 250100Z 08003KT 9999 FEW030 BKN050 22/17 Q1019=
25/11/2024 02:00,METAR SBSC 250200Z 04003KT 9999 FEW040 BKN050 22/16 Q1020=
25/11/2024 03:00,METAR SBSC 250300Z 02005KT CAVOK 21/16 Q1019=
25/11/2024 04:00,METAR SBSC 250400Z 03004KT CAVOK 21/16 Q1019=
25/11/2024 05:00,METAR SBSC 250500Z 04003KT 9999 FEW020 20/17 Q1019=
25/11/2024 06:00,METAR SBSC 250600Z 03004KT 9999 FEW020 20/17 Q1019=
25/11/2024 07:00,METAR SBSC 250700Z 03003KT 9999 FEW010 SCT030 20/17 Q1019=
25/11/2024 08:00,METAR SBSC 250800Z 02004KT 9999 FEW010 SCT030 20/17 Q1019=
25/11/2024 09:00,METAR SBSC 250900Z 36004KT CAVOK 20/18 Q1018=
25/11/2024 10:00,METAR SBSC 251000Z 01007KT CAVOK 22/18 Q1019=
25/11/2024 11:00,METAR SBSC 251100Z 34007KT 9999 FEW030 24/17 Q1019=
25/11/2024 12:00,METAR SBSC 251200Z 34009KT 9999 SCT025 25/16 Q1019=
25/11/2024 13:00,METAR SBSC 251300Z 30004KT 9999 SCT025 26/17 Q1018=
25/11/2024 14:00,METAR SBSC 251400Z 31004KT 9999 SCT030 28/16 Q1018=
25/11/2024 15:00,METAR SBSC 251500Z 07008KT 9999 SCT040 29/15 Q1017=
25/11/2024 16:00,METAR SBSC 251600Z 08010KT 9999 SCT040 28/17 Q1016=
25/11/2024 17:00,METAR SBSC 251700Z 12008KT 9999 FEW040 28/17 Q1016=
25/11/2024 18:00,METAR SBSC 251800Z 11013KT 9999 FEW040 27/16 Q1016=
25/11/2024 19:00,METAR SBSC 251900Z 13013KT CAVOK 27/17 Q1015=
25/11/2024 20:00,METAR SBSC 252000Z 12009KT CAVOK 26/17 Q1016=
25/11/2024 21:00,METAR SBSC 252100Z 12007KT CAVOK 25/17 Q1016=
25/11/2024 22:00,METAR SBSC 252200Z 16003KT CAVOK 23/16 Q1016=
25/11/2024 23:00,METAR SBSC 252300Z 20002KT CAVOK 21/16 Q1016=
26/11/2024 00:00,METAR SBSC 260000Z 19002KT CAVOK 21/17 Q1017=
26/11/2024 01:00,METAR SBSC 260100Z 32003KT CAVOK 21/17 Q1017=
26/11/2024 02:00,METAR SBSC 260200Z 35005KT CAVOK 20/17 Q1016=
26/11/2024 03:00,METAR SBSC 260300Z 33005KT CAVOK 20/18 Q1016=
26/11/2024 04:00,METAR SBSC 260400Z 34005KT CAVOK 20/18 Q1015=
26/11/2024 05:00,METAR SBSC 260500Z 35004KT CAVOK 20/17 Q1015=
26/11/2024 06:00,METAR SBSC 260600Z 36003KT CAVOK 19/17 Q1015=
26/11/2024 07:00,METAR SBSC 260700Z 01005KT CAVOK 19/17 Q1014=
26/11/2024 08:00,METAR SBSC 260800Z 34006KT CAVOK 19/17 Q1014=
26/11/2024 09:00,METAR SBSC 260900Z 33007KT CAVOK 22/15 Q1015=
26/11/2024 10:00,METAR COR SBSC 261000Z 34010KT CAVOK 24/16 Q1015=
26/11/2024 11:00,METAR SBSC 261100Z 32016G27KT CAVOK 25/16 Q1015=
26/11/2024 12:00,METAR SBSC 261200Z 34015G26KT CAVOK 27/16 Q1015=
26/11/2024 13:00,METAR SBSC 261300Z 34016KT CAVOK 29/17 Q1014=
26/11/2024 14:00,METAR SBSC 261400Z 33012KT CAVOK 31/17 Q1014=
26/11/2024 15:00,METAR SBSC 261500Z 34010KT CAVOK 33/18 Q1013=
26/11/2024 16:00,METAR SBSC 261600Z 34007KT CAVOK 33/17 Q1012=
26/11/2024 17:00,METAR SBSC 261700Z 35005KT CAVOK 34/16 Q1011=
26/11/2024 18:00,METAR SBSC 261800Z 34004KT CAVOK 35/16 Q1010=
26/11/2024 19:00,METAR SBSC 261900Z 21007KT CAVOK 33/18 Q1010=
26/11/2024 20:00,METAR SBSC 262000Z 19005KT CAVOK 30/20 Q1010=
26/11/2024 21:00,METAR SBSC 262100Z 21007KT CAVOK 26/19 Q1010=
26/11/2024 22:00,METAR SBSC 262200Z 18005KT CAVOK 25/20 Q1011=
26/11/2024 23:00,METAR SBSC 262300Z 20004KT CAVOK 24/19 Q1011=
27/11/2024 00:00,METAR SBSC 270000Z 18004KT CAVOK 23/19 Q1012=
27/11/2024 01:00,METAR SBSC 270100Z 00000KT CAVOK 22/19 Q1012=
27/11/2024 02:00,METAR SBSC 270200Z 04002KT CAVOK 22/20 Q1012=
27/11/2024 03:00,METAR SBSC 270300Z 35003KT CAVOK 22/20 Q1011=
27/11/2024 04:00,METAR SBSC 270400Z 36004KT CAVOK 21/19 Q1011=
27/11/2024 05:00,METAR SBSC 270500Z 30005KT CAVOK 20/18 Q1010=
27/11/2024 06:00,METAR SBSC 270600Z 27004KT CAVOK 19/18 Q1010=
27/11/2024 07:00,METAR SBSC 270700Z 29003KT CAVOK 19/18 Q1010=
27/11/2024 08:00,METAR SBSC 270800Z 34005KT CAVOK 19/18 Q1010=
27/11/2024 09:00,METAR SBSC 270900Z 33011KT CAVOK 26/18 Q1010=
27/11/2024 10:00,METAR SBSC 271000Z 32010KT CAVOK 28/18 Q1010=
27/11/2024 11:00,METAR SBSC 271100Z 33011KT CAVOK 30/18 Q1011=
27/11/2024 12:00,METAR SBSC 271200Z 32011KT CAVOK 31/17 Q1011=
27/11/2024 13:00,METAR SBSC 271300Z 33013KT CAVOK 33/18 Q1011=
27/11/2024 14:00,METAR SBSC 271400Z 34012KT CAVOK 33/18 Q1011=
27/11/2024 15:00,METAR SBSC 271500Z 34010KT CAVOK 37/18 Q1009=
27/11/2024 16:00,METAR SBSC 271600Z 35006KT CAVOK 37/17 Q1008=
27/11/2024 17:00,METAR SBSC 271700Z 16011KT 9999 FEW025 35/20 Q1008=
27/11/2024 18:00,METAR SBSC 271800Z 16005KT CAVOK 33/19 Q1007=
27/11/2024 19:00,METAR SBSC 271900Z 20006KT 9999 FEW040 32/20 Q1007=
27/11/2024 20:00,METAR SBSC 272000Z 20006KT CAVOK 29/20 Q1007=
27/11/2024 21:00,METAR SBSC 272100Z 20007KT CAVOK 26/19 Q1007=
27/11/2024 22:00,METAR SBSC 272200Z 18004KT CAVOK 25/20 Q1008=
27/11/2024 23:00,METAR SBSC 272300Z 21003KT CAVOK 25/20 Q1008=
28/11/2024 00:00,METAR SBSC 280000Z 00000KT CAVOK 25/19 Q1009=
28/11/2024 01:00,METAR SBSC 280100Z 00000KT CAVOK 24/20 Q1009=
28/11/2024 02:00,METAR SBSC 280200Z 35002KT CAVOK 24/20 Q1009=
28/11/2024 03:00,METAR SBSC 280300Z 36003KT CAVOK 24/20 Q1009=
28/11/2024 04:00,METAR SBSC 280400Z 35003KT CAVOK 24/20 Q1008=
28/11/2024 05:00,METAR SBSC 280500Z 01004KT CAVOK 24/20 Q1008=
28/11/2024 06:00,METAR SBSC 280600Z 36004KT CAVOK 24/20 Q1007=
28/11/2024 07:00,METAR SBSC 280700Z 36004KT CAVOK 24/20 Q1007=
28/11/2024 08:00,METAR SBSC 280800Z 35007KT CAVOK 24/20 Q1007=
28/11/2024 09:00,METAR SBSC 280900Z 32008KT CAVOK 26/19 Q1007=
28/11/2024 10:00,METAR SBSC 281000Z 33009KT CAVOK 28/19 Q1007=
28/11/2024 11:00,METAR SBSC 281100Z 33013KT CAVOK 31/19 Q1007=
28/11/2024 12:00,METAR SBSC 281200Z 33010G20KT CAVOK 33/19 Q1007=
28/11/2024 13:00,METAR SBSC 281300Z 32012G22KT 9999 FEW020 35/18 Q1007=
28/11/2024 14:00,METAR SBSC 281400Z 32010KT 9999 FEW020 36/18 Q1007=
28/11/2024 15:00,METAR SBSC 281500Z 33010KT 9999 FEW035 38/19 Q1006=
28/11/2024 16:00,METAR SBSC 281600Z 35007KT 9999 FEW035 39/19 Q1005=
28/11/2024 17:00,METAR SBSC 281700Z 16006KT 9999 SCT040 SCT080 35/22 Q1005=
28/11/2024 18:00,METAR SBSC 281800Z 18006KT 9999 SCT035 SCT100 35/21 Q1005=
28/11/2024 19:00,METAR COR SBSC 281900Z 19008KT 9999 SCT035 SCT100 31/22 Q1005=
28/11/2024 20:00,METAR COR SBSC 282000Z 17006KT 8000 VCSH SCT025 SCT035 BKN070 30/21 Q1005=
28/11/2024 21:00,METAR SBSC 282100Z 34004KT 8000 VCSH SCT025 SCT035 BKN070 31/19 Q1007=
28/11/2024 22:00,METAR SBSC 282200Z 19006KT 9999 SCT025 SCT035 BKN070 28/22 Q1008=
28/11/2024 23:00,METAR SBSC 282300Z 17009KT 9999 SCT025 SCT035 BKN070 27/21 Q1009=
29/11/2024 00:00,METAR SBSC 290000Z 18006KT 9999 SCT035 BKN070 27/21 Q1010=
29/11/2024 01:00,METAR SBSC 290100Z 16010KT 9999 FEW030 BKN100 25/21 Q1011=
29/11/2024 02:00,METAR SBSC 290200Z 18007KT 9999 FEW030 BKN100 25/21 Q1011=
29/11/2024 03:00,METAR SBSC 290300Z 19005KT 9999 FEW020 24/21 Q1011=
29/11/2024 04:00,METAR SBSC 290400Z 21006KT CAVOK 24/21 Q1010=
29/11/2024 05:00,METAR SBSC 290500Z 21004KT CAVOK 24/21 Q1009=
29/11/2024 06:00,METAR SBSC 290600Z 35003KT CAVOK 23/21 Q1009=
29/11/2024 07:00,METAR SBSC 290700Z 34003KT 8000 NSC 23/21 Q1009=
29/11/2024 08:00,METAR SBSC 290800Z 02004KT 8000 NSC 24/21 Q1009=
29/11/2024 09:00,METAR SBSC 290900Z 01006KT 8000 NSC 24/22 Q1009=
29/11/2024 10:00,METAR SBSC 291000Z 01006KT 8000 NSC 26/22 Q1009=
29/11/2024 11:00,METAR SBSC 291100Z 36003KT 8000 NSC 27/22 Q1010=
29/11/2024 12:00,METAR SBSC 291200Z 18009KT 8000 NSC 25/22 Q1011=
29/11/2024 13:00,METAR SBSC 291300Z 16008KT 9999 FEW015 26/22 Q1011=
29/11/2024 14:00,METAR SBSC 291400Z 16007KT 9999 FEW020 26/22 Q1011=
29/11/2024 15:00,METAR SBSC 291500Z 16007KT 9999 FEW020 26/22 Q1011=
29/11/2024 16:00,METAR SBSC 291600Z 17008KT 8000 -RA FEW007 BKN060 24/22 Q1012=
29/11/2024 17:00,METAR SBSC 291700Z 12007KT 4000 -RA SCT010 OVC040 24/22 Q1011=
29/11/2024 19:00,METAR SBSC 291900Z 33003KT 8000 FEW008 SCT040 BKN100 26/23 Q1009=
29/11/2024 20:00,METAR SBSC 292000Z 33007KT 9999 SCT040 BKN100 26/22 Q1008=
29/11/2024 21:00,METAR SBSC 292100Z 00000KT 9999 FEW010 BKN100 26/23 Q1009=
29/11/2024 22:00,METAR SBSC 292200Z 34002KT 9999 FEW015 BKN100 25/22 Q1010=
29/11/2024 23:00,METAR SBSC 292300Z 27001KT CAVOK 24/22 Q1010=
30/11/2024 00:00,METAR SBSC 300000Z 00000KT CAVOK 24/22 Q1011=
30/11/2024 01:00,METAR SBSC 300100Z 32002KT CAVOK 24/23 Q1011=
30/11/2024 02:00,METAR SBSC 300200Z 02002KT 8000 FEW015 SCT070 24/23 Q1011=
30/11/2024 03:00,METAR SBSC 300300Z 36005KT 8000 FEW015 SCT070 24/23 Q1010=
30/11/2024 04:00,METAR SBSC 300400Z 03006KT 8000 FEW015 SCT070 24/23 Q1010=
30/11/2024 05:00,METAR SBSC 300500Z 06005KT 8000 FEW015 SCT070 23/22 Q1009=
30/11/2024 06:00,METAR SBSC 300600Z 08007KT 8000 FEW015 SCT070 23/22 Q1009=
30/11/2024 07:00,METAR SBSC 300700Z 09005KT 8000 FEW015 SCT070 23/22 Q1009=
30/11/2024 08:00,METAR COR SBSC 300800Z 22003KT 5000 BR FEW015 SCT070 24/22 Q1010=
30/11/2024 09:00,METAR SBSC 300900Z 18005KT 5000 BR FEW015 SCT070 24/22 Q1010=
30/11/2024 10:00,METAR SBSC 301000Z 17003KT 5000 BR SCT008 SCT015 25/23 Q1011=
30/11/2024 11:00,METAR SBSC 301100Z 16004KT 8000 SCT008 SCT015 26/22 Q1012=
30/11/2024 12:00,METAR SBSC 301200Z 16005KT 8000 SCT008 SCT015 BKN070 26/23 Q1012=
30/11/2024 13:00,METAR SBSC 301300Z 14009KT 8000 FEW010 BKN100 26/23 Q1012=
30/11/2024 14:00,METAR SBSC 301400Z 15012KT 9999 FEW020 27/22 Q1012=
30/11/2024 15:00,METAR SBSC 301500Z 16010KT 9999 FEW025 BKN090 27/23 Q1011=
30/11/2024 16:00,METAR COR SBSC 301600Z 15010KT 9999 FEW008 SCT020 BKN090 26/22 Q1011=
30/11/2024 18:00,METAR SBSC 301800Z 15010KT 9999 FEW009 SCT020 BKN090 26/22 Q1010=
30/11/2024 21:00,METAR SBSC 302100Z 16007KT 7000 OVC006 24/22 Q1011=
30/11/2024 22:00,METAR SBSC 302200Z 18004KT 6000 BKN007 ///// Q1012=
30/11/2024 23:00,METAR SBSC 302300Z 18004KT 8000 BKN010 ///// Q1013=
01/12/2024 00:00,METAR SBSC 010000Z 17007KT 8000 OVC010 ///// Q1013=
01/12/2024 01:00,METAR SBSC 010100Z 16002KT 9999 BKN010 BKN040 ///// Q1014=
01/12/2024 02:00,METAR SBSC 010200Z 00000KT 9999 SCT012 BKN040 ///// Q1013=
01/12/2024 03:00,METAR SBSC 010300Z 18002KT 9999 FEW012 SCT040 BKN080 ///// Q1013=
01/12/2024 04:00,METAR SBSC 010400Z 25002KT 9999 FEW012 SCT040 BKN080 ///// Q1012=
01/12/2024 05:00,METAR SBSC 010500Z 19002KT 9999 FEW012 SCT040 BKN080 ///// Q1012=
01/12/2024 06:00,METAR SBSC 010600Z 17003KT 9999 FEW015 SCT040 BKN080 ///// Q1011=
01/12/2024 07:00,METAR SBSC 010700Z 19002KT 9999 FEW012 BKN040 ///// Q1011=
01/12/2024 08:00,METAR SBSC 010800Z 23003KT 9999 FEW012 BKN040 ///// Q1012=
01/12/2024 09:00,METAR SBSC 010900Z 18003KT 9999 FEW010 BKN040 ///// Q1012=
01/12/2024 10:00,METAR SBSC 011000Z 15005KT 9999 FEW007 BKN015 OVC035 ///// Q1013=
01/12/2024 11:00,METAR COR SBSC 011100Z 15005KT 9999 SCT008 OVC020 ///// Q1014=
01/12/2024 12:00,METAR SBSC 011200Z 18005KT 9999 FEW008 SCT020 BKN050 ///// Q1014=
01/12/2024 13:00,METAR SBSC 011300Z 15006KT 9999 FEW010 SCT016 BKN080 ///// Q1013=
01/12/2024 14:00,METAR SBSC 011400Z /////KT 9999 FEW010 SCT030 ///// Q1013=
01/12/2024 15:00,METAR SBSC 011500Z 12008KT 9999 SCT030 ///// Q1012=
01/12/2024 16:00,METAR SBSC 011600Z 15010KT 9999 FEW020 ///// Q1011=
01/12/2024 17:00,METAR SBSC 011700Z 15009KT 9999 FEW020 ///// Q1010=
01/12/2024 18:00,METAR SBSC 011800Z 13012KT 9999 FEW030 ///// Q1010=
01/12/2024 19:00,METAR SBSC 011900Z 11011KT 9999 FEW045 ///// Q1009=
01/12/2024 20:00,METAR SBSC 012000Z 10011KT 9999 FEW020 BKN060 ///// Q1009=
01/12/2024 21:00,METAR SBSC 012100Z 09009KT 9999 FEW045 BKN100 ///// Q1009=
01/12/2024 22:00,METAR SBSC 012200Z 09009KT CAVOK ///// Q1010=
01/12/2024 23:00,METAR SBSC 012300Z 09004KT CAVOK ///// Q1010=
02/12/2024 00:00,METAR SBSC 020000Z 05004KT CAVOK ///// Q1010=
02/12/2024 01:00,METAR SBSC 020100Z 33004KT CAVOK ///// Q1009=
02/12/2024 02:00,METAR SBSC 020200Z 02003KT CAVOK ///// Q1008=
02/12/2024 03:00,METAR SBSC 020300Z 02002KT CAVOK ///// Q1008=
02/12/2024 04:00,METAR SBSC 020400Z 01003KT CAVOK ///// Q1008=
02/12/2024 05:00,METAR SBSC 020500Z 02004KT CAVOK ///// Q1008=
02/12/2024 06:00,METAR SBSC 020600Z 10002KT CAVOK ///// Q1007=
02/12/2024 07:00,METAR SBSC 020700Z 03005KT CAVOK ///// Q1007=
02/12/2024 08:00,METAR SBSC 020800Z 02004KT CAVOK ///// Q1007=
02/12/2024 09:00,METAR SBSC 020900Z 03011KT CAVOK ///// Q1007=
02/12/2024 10:00,METAR SBSC 021000Z 32013KT CAVOK ///// Q1007=
02/12/2024 11:00,METAR SBSC 021100Z 33015G26KT CAVOK ///// Q1007=
02/12/2024 12:00,METAR SBSC 021200Z 34016KT CAVOK ///// Q1007=
02/12/2024 13:00,METAR SBSC 021300Z 34013G25KT CAVOK ///// Q1006=
02/12/2024 14:00,METAR SBSC 021400Z 33012KT CAVOK ///// Q1006=
02/12/2024 15:00,METAR SBSC 021500Z 34011KT CAVOK ///// Q1005=
02/12/2024 16:00,METAR SBSC 021600Z 31007KT CAVOK ///// Q1005=
02/12/2024 17:00,METAR SBSC 021700Z 19005KT 9999 FEW030 BKN070 ///// Q1004=
02/12/2024 18:00,METAR SBSC 021800Z 22008KT 9999 FEW030 BKN070 ///// Q1004=
02/12/2024 19:00,METAR SBSC 021900Z 19008KT 9999 SCT030 FEW031TCU BKN070 ///// Q1003=
02/12/2024 20:00,METAR SBSC 022000Z 21007KT 9999 SCT030 FEW031TCU BKN070 ///// Q1004=
02/12/2024 21:00,METAR SBSC 022100Z 13002KT 8000 VCSH BKN030 FEW031TCU OVC050 ///// Q1005=
02/12/2024 22:00,METAR SBSC 022200Z 21009KT 8000 TS BKN030 FEW031CB OVC050 ///// Q1007=
02/12/2024 23:00,METAR SBSC 022300Z 22008KT 8000 BKN030 OVC050 ///// Q1007 RETS=
03/12/2024 00:00,METAR SBSC 030000Z 07004KT 8000 BKN030 OVC050 ///// Q1008=
03/12/2024 01:00,METAR SBSC 030100Z 04005KT 8000 FEW040 BKN080 ///// Q1009=
03/12/2024 02:00,METAR SBSC 030200Z 01002KT 9999 FEW020 ///// Q1009=
03/12/2024 03:00,METAR SBSC 030300Z 27005KT CAVOK ///// Q1008=
03/12/2024 04:00,METAR SBSC 030400Z 24005KT CAVOK ///// Q1008=
03/12/2024 05:00,METAR SBSC 030500Z 18003KT CAVOK ///// Q1007=
03/12/2024 06:00,METAR SBSC 030600Z 19004KT CAVOK ///// Q1007=
03/12/2024 07:00,METAR SBSC 030700Z 19005KT 8000 FEW020 ///// Q1007=
03/12/2024 08:00,METAR SBSC 030800Z 21003KT 8000 FEW020 ///// Q1007=
03/12/2024 09:00,METAR SBSC 030900Z 02004KT 8000 FEW008 ///// Q1007=
03/12/2024 10:00,METAR SBSC 031000Z 30003KT 9999 FEW008 ///// Q1008=
03/12/2024 11:00,METAR SBSC 031100Z 28003KT 9999 FEW008 ///// Q1008=
03/12/2024 12:00,METAR SBSC 031200Z 18006KT 9999 FEW008 BKN100 ///// Q1009=
03/12/2024 13:00,METAR SBSC 031300Z 17007KT 9999 FEW010 OVC100 ///// Q1009=
03/12/2024 14:00,METAR SBSC 031400Z 16007KT 8000 -RA FEW010 OVC090 ///// Q1009=
03/12/2024 15:00,METAR SBSC 031500Z 16006KT 9999 FEW010 OVC090 ///// Q1009=
03/12/2024 16:00,METAR SBSC 031600Z 16006KT 9999 FEW010 SCT025 OVC090 ///// Q1008=
03/12/2024 17:00,METAR SBSC 031700Z 15006KT 8000 FEW010 SCT020 OVC080 ///// Q1008=
03/12/2024 18:00,METAR SBSC 031800Z 16005KT 9999 FEW010 SCT020 OVC080 ///// Q1007=
03/12/2024 19:00,METAR SBSC 031900Z 17005KT 8000 -RA SCT020 OVC080 ///// Q1007=
03/12/2024 20:00,METAR SBSC 032000Z 17005KT 9999 SCT030 OVC080 ///// Q1007=
03/12/2024 21:00,METAR SBSC 032100Z 17004KT 9999 BKN020 OVC080 ///// Q1008=
03/12/2024 22:00,METAR COR SBSC 032200Z 17004KT 8000 -RA BKN015 OVC080 ///// Q1008=
03/12/2024 23:00,METAR SBSC 032300Z 16003KT 8000 -RA BKN015 OVC080 ///// Q1009=
04/12/2024 00:00,METAR SBSC 040000Z 14004KT 6000 -RA BKN013 OVC070 ///// Q1010=
04/12/2024 01:00,METAR SBSC 040100Z 00000KT 5000 BR SCT005 BKN015 OVC070 ///// Q1010=
04/12/2024 02:00,METAR SBSC 040200Z 00000KT 5000 BR SCT005 BKN015 OVC070 ///// Q1010=
04/12/2024 03:00,METAR SBSC 040300Z 21004KT 5000 BR SCT005 BKN015 OVC070 ///// Q1010=
04/12/2024 04:00,METAR SBSC 040400Z 22005KT 5000 BR SCT005 BKN015 OVC070 ///// Q1010=
04/12/2024 05:00,METAR SBSC 040500Z 21004KT 3000 -RA BR SCT005 BKN015 OVC070 ///// Q1010=
04/12/2024 06:00,METAR SBSC 040600Z 21004KT 3000 -RA BR SCT005 BKN015 OVC070 ///// Q1009=
04/12/2024 07:00,METAR SBSC 040700Z 18005KT 5000 BR SCT005 BKN015 OVC070 ///// Q1009=
04/12/2024 08:00,METAR SBSC 040800Z 18007KT 3000 -RA BR SCT005 BKN010 OVC070 ///// Q1010=
04/12/2024 09:00,METAR SBSC 040900Z 19007KT 3000 -RA BR SCT005 BKN010 OVC070 ///// Q1010=
04/12/2024 10:00,METAR SBSC 041000Z 13017KT 2000 -RA BR SCT005 BKN008 OVC030 ///// Q1012=
04/12/2024 11:00,METAR SBSC 041100Z 17008KT 2000 -RA BR SCT005 BKN008 OVC030 ///// Q1013=
04/12/2024 12:00,METAR COR SBSC 041200Z 18010KT 1000 R23///// R05///// RA BR SCT005 BKN008 OVC030 ///// Q1014=
04/12/2024 13:00,METAR SBSC 041300Z 17014KT 1000 R23///// R05///// -RA BR SCT004 BKN006 OVC030 ///// Q1015 RERA=
04/12/2024 14:00,METAR COR SBSC 041400Z 17012KT 1500 R05///// R23///// -RA BR BKN004 OVC030 ///// Q1015=
04/12/2024 15:00,METAR SBSC 041500Z 15009KT 1500 R23///// R05///// -RA BR BKN004 OVC030 ///// Q1015=
04/12/2024 16:00,METAR SBSC 041600Z 15011KT 1500 R23///// R05///// -DZ BR BKN004 OVC020 ///// Q1014=
04/12/2024 17:00,METAR SBSC 041700Z 14011KT 1500 R23///// R05///// -DZ BR BKN004 OVC020 ///// Q1014=
04/12/2024 18:00,METAR SBSC 041800Z 14011KT 1500 R23///// R05///// BR BKN008 OVC030 ///// Q1013=
04/12/2024 19:00,METAR SBSC 041900Z 12012KT 4500 BR BKN008 OVC030 ///// Q1013=
04/12/2024 20:00,METAR SBSC 042000Z 12007KT 3000 -DZ BR BKN005 OVC020 ///// Q1014=
04/12/2024 21:00,METAR COR SBSC 042100Z 13010KT 3000 -DZ BR BKN005 OVC020 ///// Q1014=
04/12/2024 22:00,METAR SBSC 042200Z 10009KT 6000 -DZ BKN008 OVC020 22/20 Q1014=
04/12/2024 23:00,METAR SBSC 042300Z 09003KT 7000 FEW004 BKN012 OVC030 21/21 Q1015=
05/12/2024 00:00,METAR SBSC 050000Z 10003KT 6000 -DZ FEW004 BKN012 OVC030 21/20 Q1015=
05/12/2024 01:00,METAR SBSC 050100Z 09002KT 6000 -DZ FEW006 BKN015 OVC040 21/20 Q1016=
05/12/2024 02:00,METAR SBSC 050200Z 11003KT 6000 -DZ FEW006 BKN015 OVC040 21/20 Q1015=
05/12/2024 03:00,METAR SBSC 050300Z 10003KT 8000 SCT005 BKN015 OVC040 21/20 Q1015=
05/12/2024 04:00,METAR SBSC 050400Z 11003KT 5000 -DZ BR SCT005 BKN015 OVC040 21/20 Q1014=
05/12/2024 05:00,METAR SBSC 050500Z 18002KT 5000 -DZ BR SCT005 BKN015 OVC040 21/20 Q1014=
05/12/2024 06:00,METAR SBSC 050600Z 16002KT 5000 -DZ BR FEW005 BKN015 OVC030 21/20 Q1014=
05/12/2024 07:00,METAR SBSC 050700Z 15003KT 5000 -DZ BR FEW005 BKN015 OVC030 21/20 Q1013=
05/12/2024 08:00,METAR SBSC 050800Z 16003KT 5000 -DZ BR FEW005 BKN012 OVC040 21/20 Q1013=
05/12/2024 09:00,METAR SBSC 050900Z 08002KT 8000 -RA SCT007 BKN012 OVC040 22/20 Q1014=
05/12/2024 10:00,METAR SBSC 051000Z 34002KT 4000 -DZ BR SCT007 BKN012 OVC040 22/21 Q1014=
05/12/2024 11:00,METAR SBSC 051100Z 35004KT 5000 -RA BR SCT007 BKN012 OVC030 23/21 Q1014=
05/12/2024 12:00,METAR SBSC 051200Z 31001KT 7000 -RA SCT010 BKN012 OVC030 23/22 Q1014=
05/12/2024 13:00,METAR SBSC 051300Z 05002KT 9999 SCT012 OVC018 24/22 Q1014=
05/12/2024 14:00,METAR SBSC 051400Z 01003KT 9999 SCT010 OVC017 24/22 Q1014=
05/12/2024 15:00,METAR SBSC 051500Z 03004KT 9999 FEW010 OVC018 25/22 Q1014=
05/12/2024 16:00,METAR SBSC 051600Z 04005KT 9999 FEW010 OVC018 26/22 Q1013=
05/12/2024 17:00,METAR SBSC 051700Z 06003KT 8000 -RA FEW010 OVC020 25/24 Q1012=
05/12/2024 18:00,METAR SBSC 051800Z 30002KT 6000 -RA FEW005 OVC012 25/24 Q1012=
05/12/2024 19:00,METAR SBSC 051900Z 04003KT 7000 -RA FEW005 OVC012 26/23 Q1011=
05/12/2024 20:00,METAR SBSC 052000Z 09003KT 8000 FEW005 OVC012 25/24 Q1011 RERA=
05/12/2024 21:00,METAR SBSC 052100Z 08002KT 7000 BKN005 OVC012 24/23 Q1011=
05/12/2024 22:00,METAR SBSC 052200Z 14003KT 8000 BKN005 OVC012 24/23 Q1012=
05/12/2024 23:00,METAR SBSC 052300Z 09003KT 9999 SCT006 OVC012 24/23 Q1013=
06/12/2024 00:00,METAR SBSC 060000Z 21002KT 9999 SCT005 OVC012 24/23 Q1013=
06/12/2024 01:00,METAR SBSC 060100Z 25003KT 9999 SCT008 BKN020 23/22 Q1013=
06/12/2024 02:00,METAR SBSC 060200Z 21004KT 9999 FEW010 BKN020 23/22 Q1013=
06/12/2024 03:00,METAR SBSC 060300Z 22003KT 9999 FEW010 BKN020 22/21 Q1012=
06/12/2024 04:00,METAR SBSC 060400Z 24003KT 9999 FEW010 BKN020 22/21 Q1012=
06/12/2024 05:00,METAR SBSC 060500Z 25002KT 8000 FEW008 BKN020 22/21 Q1011=
06/12/2024 06:00,METAR SBSC 060600Z 21004KT 7000 FEW008 BKN020 22/20 Q1011=
06/12/2024 07:00,METAR SBSC 060700Z 26003KT 7000 FEW008 BKN020 21/20 Q1010=
06/12/2024 08:00,METAR COR SBSC 060800Z 04002KT 1200 BR BKN004 OVC015 23/22 Q1011=
06/12/2024 09:00,METAR COR SBSC 060900Z 36003KT 2000 BR BKN005 SCT080 23/23 Q1012=
06/12/2024 10:00,METAR SBSC 061000Z 01006KT 5000 BR FEW005 26/24 Q1012=
06/12/2024 11:00,METAR SBSC 061100Z 34010KT 9999 FEW012 29/24 Q1012=
06/12/2024 12:00,METAR SBSC 061200Z 34013KT 9999 FEW020 32/24 Q1012=
06/12/2024 13:00,METAR SBSC 061300Z 34012KT 9999 FEW020 34/23 Q1011=
06/12/2024 14:00,METAR SBSC 061400Z 34012KT 9999 FEW020 35/23 Q1010=
06/12/2024 15:00,METAR SBSC 061500Z 33013KT CAVOK 36/23 Q1009=
06/12/2024 16:00,METAR SBSC 061600Z 34012KT CAVOK 38/22 Q1009=
06/12/2024 17:00,METAR SBSC 061700Z 34011KT CAVOK 38/20 Q1008=
06/12/2024 18:00,METAR SBSC 061800Z 36010KT CAVOK 38/19 Q1007=
06/12/2024 19:00,METAR SBSC 061900Z 36010KT CAVOK 38/19 Q1007=
06/12/2024 20:00,METAR SBSC 062000Z 35010KT CAVOK 37/17 Q1006=
06/12/2024 21:00,METAR SBSC 062100Z 19004KT CAVOK 30/24 Q1007=
06/12/2024 22:00,METAR SBSC 062200Z 21001KT CAVOK 28/23 Q1008=
06/12/2024 23:00,METAR SBSC 062300Z 03001KT CAVOK 27/23 Q1008=
07/12/2024 00:00,METAR SBSC 070000Z 32005KT CAVOK 29/17 Q1008=
07/12/2024 01:00,METAR SBSC 070100Z 33007KT CAVOK 29/15 Q1009=
07/12/2024 02:00,METAR SBSC 070200Z 33008KT CAVOK 29/15 Q1009=
07/12/2024 03:00,METAR SBSC 070300Z 32006KT CAVOK 29/14 Q1008=
07/12/2024 04:00,METAR SBSC 070400Z 33008KT CAVOK 28/14 Q1008=
07/12/2024 05:00,METAR SBSC 070500Z 30007KT CAVOK 27/14 Q1008=
07/12/2024 06:00,METAR SBSC 070600Z 24009KT CAVOK 26/14 Q1007=
07/12/2024 07:00,METAR SBSC 070700Z 20008KT CAVOK 25/13 Q1007=
07/12/2024 08:00,METAR SBSC 070800Z 18004KT CAVOK 24/12 Q1007=
07/12/2024 09:00,METAR SBSC 070900Z 35008KT CAVOK 27/13 Q1008=
07/12/2024 10:00,METAR SBSC 071000Z 34010KT CAVOK 29/14 Q1009=
07/12/2024 11:00,METAR SBSC 071100Z 32010KT CAVOK 31/15 Q1009=
07/12/2024 12:00,METAR SBSC 071200Z 33013KT CAVOK 32/16 Q1009=
07/12/2024 13:00,METAR SBSC 071300Z 32010KT CAVOK 34/17 Q1009=
07/12/2024 14:00,METAR SBSC 071400Z 32010KT CAVOK 35/17 Q1008=
07/12/2024 15:00,METAR SBSC 071500Z 34009KT CAVOK 37/18 Q1008=
07/12/2024 16:00,METAR SBSC 071600Z 35009KT CAVOK 37/18 Q1007=
07/12/2024 17:00,METAR SBSC 071700Z 32005KT CAVOK 37/18 Q1007=
07/12/2024 18:00,METAR SBSC 071800Z 33004KT CAVOK 38/17 Q1006=
07/12/2024 19:00,METAR SBSC 071900Z 17010KT CAVOK 29/22 Q1007=
07/12/2024 20:00,METAR SBSC 072000Z 17008KT CAVOK 28/22 Q1008=
07/12/2024 21:00,METAR SBSC 072100Z 17006KT CAVOK 27/22 Q1008=
07/12/2024 22:00,METAR SBSC 072200Z 16005KT CAVOK 26/22 Q1009=
07/12/2024 23:00,METAR SBSC 072300Z 18011KT CAVOK 26/23 Q1011=
08/12/2024 00:00,METAR SBSC 080000Z 18009KT 9999 FEW015 26/23 Q1012=
08/12/2024 02:00,METAR SBSC 080200Z 19009KT 9999 FEW005 BKN015 BKN040 26/23 Q1013=
08/12/2024 03:00,METAR SBSC 080300Z 18005KT 8000 FEW005 SCT015 BKN040 26/23 Q1012=
08/12/2024 04:00,METAR SBSC 080400Z 20007KT 8000 FEW005 SCT015 BKN040 26/23 Q1012=
08/12/2024 05:00,METAR SBSC 080500Z 19005KT 8000 FEW005 SCT015 BKN040 25/22 Q1011=
08/12/2024 06:00,METAR SBSC 080600Z 18006KT 8000 FEW005 SCT015 BKN040 25/22 Q1011=
08/12/2024 07:00,METAR SBSC 080700Z 20007KT 8000 FEW005 SCT015 BKN040 24/22 Q1010=
08/12/2024 08:00,METAR SBSC 080800Z 19007KT 8000 FEW005 SCT015 BKN040 24/23 Q1011=
08/12/2024 09:00,METAR COR SBSC 080900Z 00000KT 9999 FEW015 SCT070 24/23 Q1012=
08/12/2024 10:00,METAR SBSC 081000Z 33005KT 9999 FEW015 SCT070 26/23 Q1012=
08/12/2024 11:00,METAR SBSC 081100Z 35005KT 9999 FEW015 SCT070 28/24 Q1012=
08/12/2024 12:00,METAR SBSC 081200Z 06003KT CAVOK 31/22 Q1012=
08/12/2024 13:00,METAR SBSC 081300Z 34002KT CAVOK 32/22 Q1011=
08/12/2024 14:00,METAR SBSC 081400Z 14011KT CAVOK 30/23 Q1011=
08/12/2024 15:00,METAR SBSC 081500Z 16010KT CAVOK 29/23 Q1012=
08/12/2024 16:00,METAR SBSC 081600Z 16011KT 9999 FEW020 BKN100 29/22 Q1011=
08/12/2024 17:00,METAR SBSC 081700Z 16011KT 9999 FEW010 BKN070 27/23 Q1011=
08/12/2024 18:00,METAR SBSC 081800Z 16010KT 9999 SCT009 BKN040 27/23 Q1012=
08/12/2024 19:00,METAR SBSC 081900Z 15010KT 9999 SCT009 BKN030 27/23 Q1012=
08/12/2024 20:00,METAR SBSC 082000Z 17007KT 9999 SCT008 OVC040 26/23 Q1012=
08/12/2024 21:00,METAR SBSC 082100Z 15006KT 9999 SCT009 OVC013 26/23 Q1012=
08/12/2024 22:00,METAR SBSC 082200Z 15005KT 9999 SCT008 OVC012 26/24 Q1013=
08/12/2024 23:00,METAR SBSC 082300Z 18004KT 9999 SCT009 OVC012 26/23 Q1014=
09/12/2024 00:00,METAR SBSC 090000Z 16003KT 9999 FEW010 BKN020 25/23 Q1014=
09/12/2024 01:00,METAR SBSC 090100Z 15003KT 9999 FEW010 BKN020 25/23 Q1014=
09/12/2024 02:00,METAR SBSC 090200Z 15004KT 9999 BKN030 25/23 Q1013=
09/12/2024 03:00,METAR SBSC 090300Z 14003KT 9999 BKN030 25/23 Q1013=
09/12/2024 04:00,METAR SBSC 090400Z 20004KT 9999 BKN030 24/23 Q1013=
09/12/2024 05:00,METAR SBSC 090500Z 20004KT 9999 BKN030 24/23 Q1012=
09/12/2024 06:00,METAR SBSC 090600Z 36004KT 9999 BKN030 24/23 Q1011=
09/12/2024 07:00,METAR SBSC 090700Z 36004KT 9999 BKN030 23/23 Q1011=
09/12/2024 08:00,METAR SBSC 090800Z 36006KT 9999 FEW040 BKN100 24/23 Q1010=
09/12/2024 09:00,METAR SBSC 090900Z 36008KT 9999 FEW020 SCT100 24/23 Q1011=
09/12/2024 10:00,METAR SBSC 091000Z 35007KT 9999 FEW020 SCT100 26/23 Q1011=
09/12/2024 11:00,METAR SBSC 091100Z 36007KT 9999 FEW020 SCT100 28/23 Q1011=
09/12/2024 12:00,METAR SBSC 091200Z 32006KT 9999 FEW020 SCT100 30/22 Q1011=
09/12/2024 13:00,METAR SBSC 091300Z 34013KT 9999 FEW020 BKN100 32/22 Q1010=
09/12/2024 14:00,METAR SBSC 091400Z 18014KT CAVOK 29/24 Q1011=
09/12/2024 15:00,METAR SBSC 091500Z 16011KT 9999 SCT009 BKN100 28/23 Q1011=
09/12/2024 16:00,METAR SBSC 091600Z 16015KT 130V190 9999 FEW008 SCT025 BKN100 27/23 Q1011=
09/12/2024 17:00,METAR SBSC 091700Z 17012KT 9999 SCT007 BKN025 OVC100 26/23 Q1011=
09/12/2024 18:00,METAR SBSC 091800Z 16008KT 9999 SCT007 FEW025TCU OVC050 25/23 Q1011=
09/12/2024 19:00,METAR SBSC 091900Z 18013KT 9999 SCT008 FEW025TCU OVC040 25/23 Q1012=
09/12/2024 20:00,METAR SBSC 092000Z 18007KT 4500 -RA BKN012 FEW025TCU OVC040 24/23 Q1012=
09/12/2024 21:00,METAR COR SBSC 092100Z 19008KT 5000 BR BKN012 OVC040 24/23 Q1012=
09/12/2024 22:00,METAR SBSC 092200Z 19006KT 9999 FEW006 BKN015 OVC040 24/22 Q1012=
09/12/2024 23:00,METAR SBSC 092300Z 22003KT 9999 FEW005 SCT020 BKN040 24/22 Q1013=
10/12/2024 00:00,METAR SBSC 100000Z 00000KT 9999 FEW015 BKN040 24/22 Q1012=
10/12/2024 01:00,METAR SBSC 100100Z 22002KT 9999 SCT010 BKN012 24/23 Q1012=
10/12/2024 02:00,METAR SBSC 100200Z 10002KT 9999 SCT010 BKN012 OVC025 24/23 Q1012=
10/12/2024 03:00,METAR SBSC 100300Z 00000KT 9999 FEW015 BKN020 OVC030 24/23 Q1012=
10/12/2024 04:00,METAR SBSC 100400Z 20002KT 9999 SCT010 BKN012 OVC025 24/23 Q1012=
10/12/2024 05:00,METAR SBSC 100500Z 24004KT 9999 FEW010 BKN012 OVC025 24/23 Q1012=
10/12/2024 06:00,METAR SBSC 100600Z 24004KT 9999 FEW010 BKN012 OVC025 24/23 Q1011=
10/12/2024 07:00,METAR SBSC 100700Z 24004KT 9999 FEW010 BKN012 OVC025 24/23 Q1011=
10/12/2024 08:00,METAR SBSC 100800Z 24004KT 9999 FEW010 BKN012 OVC025 24/23 Q1012=
10/12/2024 09:00,METAR SBSC 100900Z 36003KT 5000 BR FEW020 BKN030 OVC060 24/23 Q1010=
10/12/2024 10:00,METAR SBSC 101000Z 01004KT 5000 BR FEW030 BKN040 OVC060 24/23 Q1010=
10/12/2024 11:00,METAR SBSC 101100Z 34010KT 9999 FEW040 BKN080 OVC100 26/23 Q1010=
10/12/2024 12:00,METAR SBSC 101200Z 34011KT CAVOK 28/23 Q1009=
10/12/2024 13:00,METAR SBSC 101300Z 35010KT 9999 FEW016 OVC100 28/22 Q1008=
10/12/2024 14:00,METAR SBSC 101400Z 33015KT 9999 SCT025 OVC090 28/23 Q1008=
10/12/2024 15:00,METAR SBSC 101500Z 34011KT 9999 SCT018 OVC070 29/23 Q1007=
10/12/2024 16:00,METAR SBSC 101600Z 34012KT 9999 FEW018 BKN050 30/23 Q1006=
10/12/2024 17:00,METAR SBSC 101700Z 35010KT 9999 SCT018 BKN050 31/23 Q1005=
10/12/2024 18:00,METAR SBSC 101800Z 35012KT 9999 FEW020 BKN060 29/22 Q1004=
10/12/2024 19:00,METAR SBSC 101900Z 33006KT 9999 BKN025 30/23 Q1004=
10/12/2024 20:00,METAR SBSC 102000Z 19012G24KT 9999 BKN008 OVC030 25/22 Q1006=
10/12/2024 21:00,METAR SBSC 102100Z 19011KT 9999 BKN008 OVC012 24/22 Q1007=
10/12/2024 22:00,METAR SBSC 102200Z 19014G25KT 9999 TS BKN008 FEW030CB OVC050 24/21 Q1008=
10/12/2024 23:00,METAR SBSC 102300Z 20012G23KT 8000 TSRA BKN007 FEW030CB BKN040 22/21 Q1009=
11/12/2024 01:00,METAR SBSC 110100Z 20007KT 9999 FEW006 SCT030 BKN050 22/21 Q1011 RETSRA=
11/12/2024 02:00,METAR SBSC 110200Z 19004KT 9999 BKN015 BKN030 22/21 Q1012=
11/12/2024 03:00,METAR SBSC 110300Z 22007KT 9999 SCT015 BKN030 22/20 Q1011=
11/12/2024 04:00,METAR SBSC 110400Z 18003KT 9999 SCT020 BKN040 22/20 Q1011=
11/12/2024 05:00,METAR SBSC 110500Z 25003KT 9999 FEW020 BKN040 22/20 Q1010=
11/12/2024 06:00,METAR SBSC 110600Z 21004KT 9999 FEW020 BKN040 21/19 Q1010=
11/12/2024 07:00,METAR SBSC 110700Z 17004KT 9999 FEW020 BKN050 21/19 Q1009=
11/12/2024 08:00,METAR SBSC 110800Z 23004KT 9999 FEW020 BKN070 21/19 Q1009=
11/12/2024 09:00,METAR SBSC 110900Z 20004KT 9999 SCT015 BKN040 22/20 Q1011=
11/12/2024 10:00,METAR SBSC 111000Z 13009KT 9999 FEW010 SCT050 23/20 Q1012=
11/12/2024 11:00,METAR SBSC 111100Z 14008KT 9999 FEW015 BKN030 24/20 Q1013=
11/12/2024 12:00,METAR SBSC 111200Z 17006KT 9999 SCT020 BKN050 25/19 Q1013=
11/12/2024 13:00,METAR SBSC 111300Z 17006KT 9999 SCT020 BKN050 25/20 Q1014=
11/12/2024 14:00,METAR SBSC 111400Z 16007KT 9999 SCT020 SCT025 BKN050 26/20 Q1014=
11/12/2024 15:00,METAR SBSC 111500Z 18007KT 9999 SCT020 SCT025 BKN050 26/20 Q1014=
11/12/2024 16:00,METAR SBSC 111600Z 15009KT 9999 SCT025 SCT050 27/19 Q1013=
11/12/2024 17:00,METAR SBSC 111700Z 15009KT 9999 SCT025 SCT050 27/19 Q1013=
11/12/2024 18:00,METAR SBSC 111800Z 14011KT 9999 SCT025 SCT050 27/19 Q1013=
11/12/2024 19:00,METAR SBSC 111900Z 16009KT 9999 SCT025 SCT050 26/20 Q1013=
11/12/2024 20:00,METAR SBSC 112000Z 16009KT 9999 SCT025 SCT050 25/20 Q1013=
11/12/2024 21:00,METAR SBSC 112100Z 15007KT 9999 SCT025 SCT050 24/20 Q1014=
11/12/2024 22:00,METAR SBSC 112200Z 15005KT 9999 SCT025 FEW030TCU BKN050 23/20 Q1015=
11/12/2024 23:00,METAR SBSC 112300Z 14006KT 9999 SCT025 FEW030TCU BKN050 23/19 Q1015=
12/12/2024 00:00,METAR SBSC 120000Z 14005KT 9999 SCT025 BKN050 23/20 Q1016=
12/12/2024 01:00,METAR SBSC 120100Z 07002KT 9999 BKN012 23/20 Q1016=
12/12/2024 02:00,METAR SBSC 120200Z 08003KT 9999 BKN020 23/20 Q1016=
12/12/2024 03:00,METAR SBSC 120300Z 13004KT 9999 FEW020 23/19 Q1015=
12/12/2024 04:00,METAR SBSC 120400Z 11003KT CAVOK 22/18 Q1015=
12/12/2024 05:00,METAR SBSC 120500Z 08004KT CAVOK 21/18 Q1015=
12/12/2024 06:00,METAR SBSC 120600Z 03002KT CAVOK 21/18 Q1014=
12/12/2024 07:00,METAR SBSC 120700Z 20002KT CAVOK 20/18 Q1014=
12/12/2024 08:00,METAR SBSC 120800Z 24002KT CAVOK 21/19 Q1014=
12/12/2024 09:00,METAR SBSC 120900Z 36003KT 8000 FEW010 21/20 Q1015=
12/12/2024 10:00,METAR SBSC 121000Z 34003KT 9999 FEW014 23/20 Q1015=
12/12/2024 11:00,METAR SBSC 121100Z 35004KT 9999 SCT016 24/19 Q1015=
12/12/2024 12:00,METAR SBSC 121200Z 03005KT 9999 BKN020 27/19 Q1015=
12/12/2024 13:00,METAR SBSC 121300Z 35003KT 9999 BKN020 28/18 Q1015=
12/12/2024 14:00,METAR COR SBSC 121400Z 13005KT 9999 BKN030 26/19 Q1015=
12/12/2024 15:00,METAR SBSC 121500Z 13005KT 9999 BKN030 27/18 Q1015=
12/12/2024 16:00,METAR SBSC 121600Z 13009KT 9999 BKN030 27/19 Q1014=
12/12/2024 17:00,METAR SBSC 121700Z 13010KT 9999 BKN040 27/18 Q1014=
12/12/2024 18:00,METAR SBSC 121800Z 10009KT 9999 SCT040 BKN070 26/19 Q1014=
12/12/2024 19:00,METAR SBSC 121900Z 08013KT 9999 SCT040 BKN070 26/19 Q1013=
12/12/2024 20:00,METAR SBSC 122000Z 09008KT 9999 SCT040 BKN100 26/18 Q1013=
12/12/2024 21:00,METAR SBSC 122100Z 09009KT 9999 BKN040 BKN100 25/18 Q1013=
12/12/2024 22:00,METAR SBSC 122200Z 09007KT 9999 BKN040 24/18 Q1013=
12/12/2024 23:00,METAR SBSC 122300Z 08006KT 9999 BKN040 24/18 Q1014=
13/12/2024 00:00,METAR SBSC 130000Z 05005KT 9999 BKN040 24/18 Q1014=
13/12/2024 01:00,METAR SBSC 130100Z 02008KT 8000 SCT015 BKN040 24/16 Q1014=
13/12/2024 02:00,METAR SBSC 130200Z 01008KT 8000 SCT015 BKN040 24/17 Q1015=
13/12/2024 03:00,METAR SBSC 130300Z 03008KT 8000 SCT015 BKN040 24/17 Q1015=
13/12/2024 04:00,METAR SBSC 130400Z 02007KT 8000 SCT015 BKN040 23/17 Q1014=
13/12/2024 05:00,METAR SBSC 130500Z 01007KT 8000 SCT015 BKN040 23/17 Q1014=
13/12/2024 06:00,METAR SBSC 130600Z 36006KT 8000 SCT015 BKN040 22/19 Q1013=
13/12/2024 07:00,METAR SBSC 130700Z 02007KT 8000 SCT015 BKN040 22/19 Q1013=
13/12/2024 08:00,METAR SBSC 130800Z 36008KT 8000 SCT015 BKN040 22/19 Q1013=
13/12/2024 09:00,METAR SBSC 130900Z 36005KT 9999 FEW015 SCT040 22/20 Q1014=
13/12/2024 10:00,METAR SBSC 131000Z 01007KT CAVOK 24/19 Q1013=
13/12/2024 11:00,METAR SBSC 131100Z 35007KT CAVOK 26/19 Q1013=
13/12/2024 12:00,METAR SBSC 131200Z 35006KT 9999 FEW020 SCT070 27/19 Q1014=
13/12/2024 13:00,METAR SBSC 131300Z 01007KT 9999 FEW025 SCT080 28/19 Q1014=
13/12/2024 14:00,METAR SBSC 131400Z 36009KT 9999 SCT030 30/20 Q1013=
13/12/2024 15:00,METAR SBSC 131500Z 01009KT 9999 SCT030 30/20 Q1012=
13/12/2024 16:00,METAR SBSC 131600Z 36008KT 9999 FEW035 32/19 Q1011=
13/12/2024 17:00,METAR SBSC 131700Z 35006KT 9999 SCT035 31/19 Q1010=
13/12/2024 18:00,METAR SBSC 131800Z 12009KT 9999 SCT040 29/20 Q1010=
13/12/2024 19:00,METAR SBSC 131900Z 09012KT 9999 FEW040 28/20 Q1009=
13/12/2024 20:00,METAR SBSC 132000Z 09012KT 9999 FEW040 27/20 Q1009=
13/12/2024 21:00,METAR SBSC 132100Z 08009KT 9999 BKN030 26/20 Q1009=
13/12/2024 22:00,METAR SBSC 132200Z 10004KT 9999 BKN030 25/20 Q1010=
13/12/2024 23:00,METAR SBSC 132300Z 18004KT 9999 BKN030 24/20 Q1011=
14/12/2024 00:00,METAR SBSC 140000Z 06004KT 9999 SCT030 BKN040 25/20 Q1011=
14/12/2024 01:00,METAR SBSC 140100Z 36005KT 9999 SCT030 BKN040 25/20 Q1012=
14/12/2024 02:00,METAR SBSC 140200Z 36005KT 9999 SCT030 BKN040 24/20 Q1011=
14/12/2024 03:00,METAR COR SBSC 140300Z 02006KT 9999 SCT030 BKN040 24/20 Q1010=
14/12/2024 04:00,METAR SBSC 140400Z 01005KT 9999 SCT030 24/20 Q1010=
14/12/2024 05:00,METAR SBSC 140500Z 01005KT 9999 SCT030 23/20 Q1009=
14/12/2024 06:00,METAR SBSC 140600Z 35005KT 9999 SCT030 23/20 Q1008=
14/12/2024 07:00,METAR SBSC 140700Z 34004KT 9999 SCT030 22/20 Q1008=
14/12/2024 08:00,METAR SBSC 140800Z 35006KT 9999 SCT030 22/21 Q1009=
14/12/2024 09:00,METAR SBSC 140900Z 35006KT 9999 FEW040 BKN100 23/21 Q1008=
14/12/2024 10:00,METAR SBSC 141000Z 36009KT 9999 FEW040 BKN100 25/21 Q1009=
14/12/2024 11:00,METAR SBSC 141100Z 33008KT 9999 FEW040 BKN100 27/21 Q1008=
14/12/2024 12:00,METAR SBSC 141200Z 33012G22KT 9999 FEW040 BKN100 28/20 Q1008=
14/12/2024 13:00,METAR SBSC 141300Z 31016G26KT 290V350 9999 FEW030 BKN100 30/20 Q1008=
14/12/2024 14:00,METAR SBSC 141400Z 35015G26KT 290V360 9999 FEW030 BKN100 31/20 Q1007=
14/12/2024 15:00,METAR SBSC 141500Z 33017KT 310V010 9999 FEW030 BKN100 32/21 Q1006=
14/12/2024 16:00,METAR SBSC 141600Z 34013KT 9999 FEW030 BKN100 32/21 Q1005=
14/12/2024 17:00,METAR SBSC 141700Z 34007KT 9999 FEW030 BKN100 31/21 Q1005=
14/12/2024 18:00,METAR SBSC 141800Z 32007KT 9999 FEW030 BKN100 31/22 Q1005=
14/12/2024 19:00,METAR COR SBSC 141900Z 23005KT 9999 FEW030TCU BKN100 30/22 Q1005=
14/12/2024 20:00,METAR SBSC 142000Z 17006KT 7000 -RA FEW030TCU BKN040 OVC100 24/22 Q1006=
14/12/2024 21:00,METAR SBSC 142100Z 14006KT 9999 -TSRA SCT012 FEW030CB OVC040 24/22 Q1006=
14/12/2024 22:00,METAR SBSC 142200Z 07003KT 9999 SCT015 OVC100 23/21 Q1007 RETS=
14/12/2024 23:00,METAR SBSC 142300Z 32006KT 9999 FEW015 OVC100 24/22 Q1007=
15/12/2024 00:00,METAR SBSC 150000Z 34005KT 9999 FEW020 BKN100 24/21 Q1007=
15/12/2024 01:00,METAR SBSC 150100Z 32009KT 8000 -RA FEW020 BKN080 24/21 Q1008=
15/12/2024 02:00,METAR SBSC 150200Z 35008KT 8000 -RA FEW020 BKN080 24/20 Q1007=
15/12/2024 03:00,METAR SBSC 150300Z 33008KT 8000 -RA FEW020 BKN080 23/21 Q1006=
15/12/2024 04:00,METAR SBSC 150400Z 31009KT 7000 -RA FEW020 BKN080 23/21 Q1006=
15/12/2024 05:00,METAR SBSC 150500Z 31008KT 7000 -RA FEW020 BKN080 23/21 Q1006=
15/12/2024 06:00,METAR SBSC 150600Z 33008KT 7000 -RA FEW020 BKN030 23/21 Q1006=
15/12/2024 07:00,METAR SBSC 150700Z 34007KT 7000 -RA FEW020 BKN030 23/21 Q1005=
15/12/2024 08:00,METAR SBSC 150800Z 34008KT 6000 -RA FEW020 BKN030 23/21 Q1005=
15/12/2024 09:00,METAR SBSC 150900Z 33010KT 8000 -RA SCT030 BKN080 23/20 Q1006=
15/12/2024 10:00,METAR SBSC 151000Z 32009KT 8000 -RA SCT020 BKN080 23/20 Q1006=
15/12/2024 11:00,METAR SBSC 151100Z 33008KT 9999 FEW030 BKN080 25/21 Q1007=
15/12/2024 12:00,METAR SBSC 151200Z 33011G21KT 9999 FEW040 BKN100 27/20 Q1007=
15/12/2024 13:00,METAR SBSC 151300Z 32013KT 9999 FEW015 BKN100 28/21 Q1007=
15/12/2024 14:00,METAR SBSC 151400Z 33015KT 9999 FEW020 BKN100 30/21 Q1006=
15/12/2024 15:00,METAR SBSC 151500Z 33014KT 9999 FEW020 BKN100 33/21 Q1006=
15/12/2024 16:00,METAR SBSC 151600Z 34013KT 9999 FEW025 BKN100 33/22 Q1005=
15/12/2024 17:00,METAR SBSC 151700Z 32012KT 9999 FEW025 BKN100 33/21 Q1004=
15/12/2024 18:00,METAR SBSC 151800Z 29005KT 9999 FEW030 BKN100 31/19 Q1004=
15/12/2024 19:00,METAR SBSC 151900Z 31004KT 9999 FEW030 BKN100 31/19 Q1004=
15/12/2024 20:00,METAR SBSC 152000Z 32005KT 9999 FEW030 BKN100 29/20 Q1005=
15/12/2024 21:00,METAR SBSC 152100Z 03004KT 9999 FEW040 BKN100 28/22 Q1005=
15/12/2024 22:00,METAR SBSC 152200Z 35006KT 9999 FEW040 BKN100 26/23 Q1005=
15/12/2024 23:00,METAR SBSC 152300Z 36006KT 9999 FEW040 BKN100 27/22 Q1006=
16/12/2024 00:00,METAR SBSC 160000Z 36006KT 9999 FEW040 BKN100 26/21 Q1007=
16/12/2024 01:00,METAR SBSC 160100Z 33005KT 9999 SCT020 26/21 Q1007=
16/12/2024 02:00,METAR SBSC 160200Z 01008KT 9999 SCT020 27/20 Q1007=
16/12/2024 03:00,METAR SBSC 160300Z 02010KT 9999 SCT020 27/19 Q1007=
16/12/2024 04:00,METAR SBSC 160400Z 30015KT 9999 SCT020 26/19 Q1007=
16/12/2024 05:00,METAR SBSC 160500Z 27012KT 9999 SCT020 26/20 Q1006=
16/12/2024 06:00,METAR SBSC 160600Z 24010KT 9999 SCT020 25/20 Q1006=
16/12/2024 07:00,METAR SBSC 160700Z 30008KT 9999 SCT020 25/21 Q1006=
16/12/2024 08:00,METAR SBSC 160800Z 35008KT CAVOK 26/21 Q1006=
16/12/2024 09:00,METAR SBSC 160900Z 31006KT CAVOK 27/20 Q1007=
16/12/2024 10:00,METAR SBSC 161000Z 31007KT CAVOK 29/21 Q1007=
16/12/2024 11:00,METAR SBSC 161100Z 32009KT 9999 FEW030 BKN060 29/21 Q1008=
16/12/2024 12:00,METAR SBSC 161200Z 32007KT 9999 FEW025 30/22 Q1008=
16/12/2024 13:00,METAR SBSC 161300Z 32009KT 9999 SCT025 BKN050 31/21 Q1009=
16/12/2024 14:00,METAR SBSC 161400Z 32007KT 9999 SCT025 BKN050 32/22 Q1009=
16/12/2024 15:00,METAR SBSC 161500Z 33008KT 9999 SCT025 BKN050 33/22 Q1008=
16/12/2024 16:00,METAR SBSC 161600Z 16006KT 9999 SCT025 BKN050 32/22 Q1008=
16/12/2024 17:00,METAR SBSC 161700Z 16008KT 9999 SCT025 FEW030TCU BKN050 30/20 Q1008=
16/12/2024 18:00,METAR SBSC 161800Z 18007KT 8000 TS SCT015 SCT025 FEW030CB BKN050 29/20 Q1008=
16/12/2024 19:00,METAR SBSC 161900Z 13013KT 8000 FEW010 SCT025 BKN050 23/20 Q1008 RETSRA=
16/12/2024 20:00,METAR SBSC 162000Z 17007KT 9999 SCT025 BKN050 27/20 Q1008=
16/12/2024 21:00,METAR SBSC 162100Z 17005KT 9999 SCT025 BKN050 25/20 Q1010=
16/12/2024 22:00,METAR SBSC 162200Z 10005KT 9999 SCT025 BKN050 26/20 Q1011=
16/12/2024 23:00,METAR SBSC 162300Z 00000KT 9999 SCT025 BKN050 25/20 Q1012=
17/12/2024 00:00,METAR SBSC 170000Z 00000KT 9999 SCT015 SCT030 BKN050 24/21 Q1012=
17/12/2024 01:00,METAR SBSC 170100Z 00000KT 9999 FEW015 SCT030 BKN050 24/21 Q1013=
17/12/2024 02:00,METAR SBSC 170200Z 32002KT 9999 FEW030 BKN050 24/22 Q1013=
17/12/2024 03:00,METAR SBSC 170300Z 35003KT 9999 FEW030 BKN050 23/21 Q1012=
17/12/2024 04:00,METAR SBSC 170400Z 20001KT 9999 FEW030 BKN040 23/21 Q1012=
17/12/2024 05:00,METAR COR SBSC 170500Z 00000KT 9999 FEW030 BKN040 23/21 Q1011=
17/12/2024 06:00,METAR SBSC 170600Z VRB02KT 9999 FEW030 BKN040 23/21 Q1011=
17/12/2024 07:00,METAR SBSC 170700Z VRB02KT 9999 FEW020 BKN030 23/21 Q1011=
17/12/2024 08:00,METAR SBSC 170800Z VRB02KT 9999 FEW020 BKN030 23/21 Q1011=
17/12/2024 09:00,METAR SBSC 170900Z 35003KT CAVOK 22/21 Q1012=
17/12/2024 10:00,METAR SBSC 171000Z 35003KT CAVOK 24/22 Q1013=
17/12/2024 11:00,METAR SBSC 171100Z 15003KT CAVOK 26/21 Q1014=
17/12/2024 12:00,METAR SBSC 171200Z 18007KT 9999 FEW010 26/22 Q1015=
17/12/2024 13:00,METAR SBSC 171300Z 17013KT 9999 FEW010 27/20 Q1015=
17/12/2024 14:00,METAR SBSC 171400Z 16013KT 9999 FEW010 27/21 Q1015=
17/12/2024 15:00,METAR SBSC 171500Z 16013KT 9999 FEW040 27/21 Q1015=
17/12/2024 16:00,METAR SBSC 171600Z 16013KT 9999 FEW040 27/21 Q1015=
17/12/2024 17:00,METAR SBSC 171700Z 16014KT 9999 FEW040 26/21 Q1014=
17/12/2024 18:00,METAR SBSC 171800Z 16014KT 9999 SCT040 26/21 Q1014=
17/12/2024 19:00,METAR SBSC 171900Z 16011KT 9999 FEW015 SCT040 26/21 Q1014=
17/12/2024 20:00,METAR SBSC 172000Z 16010KT 9999 FEW015 BKN040 25/21 Q1014=
17/12/2024 21:00,METAR SBSC 172100Z 16010KT 9999 FEW015 BKN040 25/21 Q1014=
17/12/2024 22:00,METAR SBSC 172200Z 16010KT 9999 FEW015 BKN040 24/21 Q1015=
17/12/2024 23:00,METAR SBSC 172300Z 18004KT 9999 SCT010 BKN040 24/21 Q1016=
18/12/2024 00:00,METAR SBSC 180000Z 18003KT 9999 SCT010 BKN040 24/21 Q1017=
18/12/2024 01:00,METAR SBSC 180100Z 19003KT 5000 BR FEW005 BKN015 OVC050 24/20 Q1017=
18/12/2024 02:00,METAR SBSC 180200Z 21005KT 5000 BR FEW005 BKN015 OVC050 24/20 Q1017=
18/12/2024 03:00,METAR SBSC 180300Z 17002KT 5000 BR FEW005 BKN015 OVC050 23/20 Q1016=
18/12/2024 04:00,METAR SBSC 180400Z 20004KT 5000 BR FEW005 BKN015 OVC050 23/20 Q1016=
18/12/2024 05:00,METAR SBSC 180500Z 19006KT 5000 BR FEW005 BKN015 OVC050 23/20 Q1015=
18/12/2024 06:00,METAR SBSC 180600Z 21005KT 5000 BR FEW005 BKN015 OVC050 22/20 Q1015=
18/12/2024 07:00,METAR SBSC 180700Z 20007KT 5000 BR FEW005 BKN015 OVC050 22/20 Q1015=
18/12/2024 08:00,METAR SBSC 180800Z 20007KT 8000 FEW005 BKN015 OVC050 22/20 Q1015=
18/12/2024 09:00,METAR SBSC 180900Z 33007KT 8000 FEW005 BKN015 OVC050 22/20 Q1015=
18/12/2024 10:00,METAR SBSC 181000Z 00000KT 8000 SCT020 SCT050 24/21 Q1016=
18/12/2024 11:00,METAR SBSC 181100Z 16004KT 8000 FEW012 SCT020 BKN050 25/20 Q1016=
18/12/2024 12:00,METAR SBSC 181200Z 16009KT 8000 FEW012 SCT020 BKN050 26/20 Q1017=
18/12/2024 13:00,METAR SBSC 181300Z 17008KT 9999 FEW010 SCT015 26/20 Q1017=
18/12/2024 14:00,METAR SBSC 181400Z 15008KT 9999 FEW015 BKN040 25/19 Q1017=
18/12/2024 15:00,METAR SBSC 181500Z 15010KT 9999 SCT013 SCT050 26/20 Q1016=
18/12/2024 16:00,METAR SBSC 181600Z 15010KT 9999 SCT012 SCT050 27/20 Q1016=
18/12/2024 17:00,METAR SBSC 181700Z 13011KT 9999 SCT015 27/21 Q1015=
18/12/2024 18:00,METAR SBSC 181800Z 15011KT 9999 SCT015 BKN030 BKN040 26/21 Q1015=
18/12/2024 19:00,METAR SBSC 181900Z 12012KT 9999 FEW007 SCT012 BKN020 25/20 Q1015=
18/12/2024 20:00,METAR COR SBSC 182000Z 12011KT 9999 FEW007 SCT015 BKN030 25/19 Q1015=
18/12/2024 21:00,METAR SBSC 182100Z 12011KT 9999 SCT018 BKN030 25/20 Q1016=
18/12/2024 22:00,METAR SBSC 182200Z 11008KT 9999 SCT018 BKN030 24/19 Q1016=
18/12/2024 23:00,METAR SBSC 182300Z 09006KT 9999 SCT020 BKN030 24/19 Q1016=
19/12/2024 00:00,METAR SBSC 190000Z 11004KT 9999 SCT020 BKN030 24/19 Q1017=
19/12/2024 01:00,METAR SBSC 190100Z 13007KT 9999 SCT020 BKN030 24/19 Q1017=
19/12/2024 02:00,METAR SBSC 190200Z 09005KT 9999 SCT020 BKN030 24/19 Q1017=
19/12/2024 03:00,METAR SBSC 190300Z 12005KT 9999 SCT020 BKN030 24/19 Q1016=
19/12/2024 04:00,METAR SBSC 190400Z 14005KT 9999 SCT020 BKN040 23/19 Q1015=
19/12/2024 05:00,METAR SBSC 190500Z 14005KT 9999 SCT020 BKN040 22/20 Q1015=
19/12/2024 06:00,METAR COR SBSC 190600Z 13004KT 9999 SCT020 BKN040 22/20 Q1014=
19/12/2024 08:00,METAR COR SBSC 190800Z 07005KT 9999 SCT020 BKN040 22/20 Q1015=
19/12/2024 09:00,METAR SBSC 190900Z /////KT 9999 SCT/// ///// Q////=
19/12/2024 10:00,METAR SBSC 191000Z /////KT 9999 FEW/// ///// Q////=
19/12/2024 11:00,METAR SBSC 191100Z 02006KT 9999 FEW030 ///// Q1015=
19/12/2024 12:00,METAR SBSC 191200Z 01006KT 9999 FEW030 ///// Q1015=
19/12/2024 13:00,METAR SBSC 191300Z 34005KT 9999 FEW030 ///// Q1015=
19/12/2024 14:00,METAR SBSC 191400Z 35006KT 9999 SCT030 ///// Q1014=
19/12/2024 15:00,METAR SBSC 191500Z 12006KT 9999 SCT030 ///// Q1014=
19/12/2024 16:00,METAR SBSC 191600Z 15009KT 9999 FEW040 30/21 Q1013=
19/12/2024 17:00,NO DATA AVAILABLE
19/12/2024 18:00,METAR SBSC 191800Z 08010KT 9999 FEW030 29/20 Q1012=
19/12/2024 19:00,METAR SBSC 191900Z 12011KT 9999 FEW030 28/20 Q1012=
19/12/2024 20:00,METAR SBSC 192000Z 11009KT 9999 FEW030 28/20 Q1012=
19/12/2024 21:00,METAR SBSC 192100Z 11007KT 9999 FEW035TCU SCT040 26/20 Q1012=
19/12/2024 22:00,METAR SBSC 192200Z 12007KT 9999 FEW035 SCT040 25/20 Q1013=
19/12/2024 23:00,METAR SBSC 192300Z 19003KT 9999 FEW030 BKN040 25/21 Q1013=
20/12/2024 00:00,METAR SBSC 200000Z 16003KT 9999 FEW025 BKN030 25/21 Q1013=
20/12/2024 01:00,METAR SBSC 200100Z 22004KT 9999 FEW015 BKN020 25/21 Q1013=
20/12/2024 02:00,METAR SBSC 200200Z 23002KT 9999 FEW015 BKN020 24/21 Q1013=
20/12/2024 03:00,METAR SBSC 200300Z 00000KT 9999 FEW015 SCT020 23/21 Q1013=
20/12/2024 04:00,METAR SBSC 200400Z 01005KT 9999 FEW015 23/21 Q1011=
20/12/2024 05:00,METAR SBSC 200500Z 36005KT 9999 FEW020 23/21 Q1011=
20/12/2024 06:00,METAR SBSC 200600Z 01004KT 9999 FEW020 23/21 Q1011=
20/12/2024 07:00,METAR SBSC 200700Z 02008KT 9999 FEW010 SCT020 23/21 Q1010=
20/12/2024 08:00,METAR SBSC 200800Z 01009KT 9999 FEW010 SCT020 23/21 Q1010=
20/12/2024 09:00,METAR SBSC 200900Z 33009KT 9999 FEW010 25/22 Q1009=
20/12/2024 10:00,METAR SBSC 201000Z 34010KT 9999 FEW010 27/22 Q1009=
20/12/2024 11:00,METAR SBSC 201100Z 32012G22KT 9999 FEW010 29/22 Q1009=
20/12/2024 12:00,METAR SBSC 201200Z 33016KT 9999 FEW020 BKN100 30/21 Q1009=
20/12/2024 13:00,METAR SBSC 201300Z 32011KT 9999 SCT025 BKN070 31/22 Q1009=
20/12/2024 14:00,METAR SBSC 201400Z 32011KT 9999 FEW030 BKN070 33/22 Q1008=
20/12/2024 15:00,METAR SBSC 201500Z 33012KT 9999 FEW030 BKN070 35/23 Q1007=
20/12/2024 16:00,METAR SBSC 201600Z 33011KT 9999 FEW030 BKN070 36/22 Q1006=
20/12/2024 17:00,METAR SBSC 201700Z 35011G21KT 9999 FEW030 BKN070 37/22 Q1006=
20/12/2024 18:00,METAR SBSC 201800Z 33010KT 9999 FEW030 BKN070 35/22 Q1005=
20/12/2024 19:00,METAR SBSC 201900Z 33020G33KT 9999 -RA BKN020 BKN046 29/17 Q1006=
20/12/2024 20:00,METAR SBSC 202000Z 33007KT 9999 SCT020 SCT046 27/20 Q1007=
20/12/2024 21:00,METAR SBSC 202100Z 21009KT 9999 SCT020 BKN060 26/22 Q1009=
20/12/2024 22:00,METAR SBSC 202200Z 19004KT 9999 FEW020 BKN060 24/22 Q1009=
20/12/2024 23:00,METAR SBSC 202300Z 22006KT 9999 FEW020 BKN070 24/22 Q1011=
21/12/2024 00:00,METAR SBSC 210000Z 19003KT 9999 FEW020 BKN080 25/22 Q1012=
21/12/2024 01:00,METAR SBSC 210100Z 17003KT 9999 -RA FEW010 SCT025 BKN070 23/22 Q1013=
21/12/2024 02:00,METAR SBSC 210200Z 36001KT 9999 -RA FEW015 SCT030 BKN070 24/22 Q1012=
21/12/2024 03:00,METAR SBSC 210300Z 33006KT 9999 SCT015 BKN100 23/22 Q1012=
21/12/2024 04:00,METAR SBSC 210400Z 34007KT 9999 SCT015 BKN100 23/22 Q1011=
21/12/2024 05:00,METAR SBSC 210500Z 34005KT 9999 FEW012 SCT020 OVC080 23/22 Q1009=
21/12/2024 06:00,METAR SBSC 210600Z 36005KT 8000 -RA FEW012 SCT020 OVC050 23/22 Q1009=
21/12/2024 07:00,METAR SBSC 210700Z 01004KT 8000 -RA FEW010 SCT020 OVC050 22/21 Q1008=
21/12/2024 08:00,METAR SBSC 210800Z 36005KT 9999 FEW015 SCT020 OVC040 22/21 Q1009=
21/12/2024 09:00,METAR SBSC 210900Z 24009KT 9999 FEW015 BKN050 BKN100 24/21 Q1009=
21/12/2024 10:00,METAR SBSC 211000Z 32008KT 9999 FEW015 BKN050 BKN100 26/21 Q1010=
21/12/2024 11:00,METAR SBSC 211100Z 33010KT 9999 FEW020 BKN050 BKN080 27/21 Q1010=
21/12/2024 12:00,METAR SBSC 211200Z 32009KT 9999 FEW020 BKN050 BKN080 27/20 Q1011=
21/12/2024 13:00,METAR SBSC 211300Z 34015KT 9999 FEW020 BKN050 BKN080 28/21 Q1011=
21/12/2024 14:00,METAR SBSC 211400Z 32010KT 9999 FEW020 BKN050 BKN080 28/21 Q1011=
21/12/2024 15:00,METAR SBSC 211500Z 33010KT 9999 FEW020 BKN050 BKN080 30/22 Q1011=
21/12/2024 16:00,METAR SBSC 211600Z 29003KT 9999 FEW020 BKN050 BKN080 30/22 Q1011=
21/12/2024 17:00,METAR SBSC 211700Z 17006KT 9999 FEW040 BKN080 30/22 Q1010=
21/12/2024 18:00,METAR SBSC 211800Z 18006KT 9999 FEW040 BKN080 29/21 Q1009=
21/12/2024 19:00,METAR SBSC 211900Z 20006KT 9999 SCT030 FEW032TCU BKN070 27/20 Q1010=
21/12/2024 20:00,METAR SBSC 212000Z 20006KT 9999 SCT030 FEW032TCU BKN070 27/21 Q1010=
21/12/2024 21:00,METAR SBSC 212100Z 17004KT 9999 SCT030 FEW032TCU BKN070 26/21 Q1011=
21/12/2024 22:00,METAR SBSC 212200Z 17002KT 9999 SCT030 FEW032TCU BKN070 25/22 Q1011=
21/12/2024 23:00,METAR SBSC 212300Z 15002KT 9999 SCT025 BKN050 25/22 Q1012=
22/12/2024 00:00,METAR SBSC 220000Z 00000KT 9999 SCT025 BKN050 25/22 Q1013=
22/12/2024 01:00,METAR SBSC 220100Z 21002KT 9999 FEW025 SCT050 25/22 Q1013=
22/12/2024 02:00,METAR SBSC 220200Z 25002KT 9999 FEW025 SCT080 25/22 Q1013=
22/12/2024 03:00,METAR SBSC 220300Z 33003KT 9999 FEW025 SCT080 24/22 Q1013=
22/12/2024 04:00,METAR SBSC 220400Z 32003KT 9999 FEW025 SCT090 24/22 Q1012=
22/12/2024 05:00,METAR SBSC 220500Z 02002KT 9999 FEW025 SCT090 23/21 Q1012=
22/12/2024 06:00,METAR SBSC 220600Z 03004KT 9999 FEW020 SCT090 23/21 Q1012=
22/12/2024 07:00,METAR SBSC 220700Z 34003KT 9999 FEW020 SCT100 24/21 Q1012=
22/12/2024 08:00,METAR SBSC 220800Z 34003KT 9999 FEW020 SCT100 24/22 Q1012=
22/12/2024 09:00,METAR SBSC 220900Z 00000KT 9999 FEW008 24/22 Q1012=
22/12/2024 10:00,METAR SBSC 221000Z 31002KT 9999 FEW010 26/22 Q1012=
22/12/2024 11:00,METAR SBSC 221100Z 00000KT 9999 FEW010 26/22 Q1013=
22/12/2024 12:00,METAR SBSC 221200Z 35004KT 9999 FEW020 27/23 Q1012=
22/12/2024 13:00,METAR SBSC 221300Z 00000KT 9999 FEW020 BKN100 28/23 Q1011=
22/12/2024 14:00,METAR SBSC 221400Z 31002KT 9999 FEW020 BKN100 29/23 Q1011=
22/12/2024 15:00,METAR SBSC 221500Z 30004KT 9999 FEW020 BKN100 30/22 Q1010=
22/12/2024 16:00,METAR SBSC 221600Z 32007KT 9999 FEW020 BKN100 30/22 Q1010=
22/12/2024 17:00,METAR COR SBSC 221700Z 34005KT 9999 FEW020 BKN100 28/22 Q1010=
22/12/2024 18:00,METAR SBSC 221800Z 16008KT 9999 FEW020 BKN100 28/22 Q1010=
22/12/2024 19:00,METAR SBSC 221900Z 16009KT 9999 FEW007 BKN010 OVC025 26/23 Q1011=
22/12/2024 20:00,METAR SBSC 222000Z 16007KT 5000 -RA BR BKN008 OVC025 25/23 Q1011 RERA=
22/12/2024 21:00,METAR SBSC 222100Z 17005KT 6000 BKN008 OVC025 25/23 Q1011=
22/12/2024 22:00,METAR SBSC 222200Z 15002KT 6000 FEW005 BKN010 OVC025 25/23 Q1012=
22/12/2024 23:00,METAR SBSC 222300Z 18002KT 8000 SCT010 BKN020 OVC040 25/23 Q1013=
23/12/2024 00:00,METAR SBSC 230000Z 15003KT 8000 SCT010 BKN020 OVC050 24/23 Q1013=
23/12/2024 01:00,METAR SBSC 230100Z 17002KT 5000 BR SCT005 BKN015 OVC050 24/23 Q1013=
23/12/2024 02:00,METAR SBSC 230200Z 00000KT 5000 BR SCT005 BKN015 OVC050 25/23 Q1013=
23/12/2024 03:00,METAR SBSC 230300Z 25004KT 5000 BR SCT005 BKN015 OVC050 24/23 Q1013=
23/12/2024 04:00,METAR SBSC 230400Z 27005KT 5000 BR SCT005 BKN015 OVC050 24/23 Q1013=
23/12/2024 05:00,METAR SBSC 230500Z 26004KT 5000 BR SCT005 BKN015 OVC050 24/23 Q1012=
23/12/2024 06:00,METAR SBSC 230600Z 26004KT 5000 BR SCT005 BKN015 OVC050 24/23 Q1012=
23/12/2024 07:00,METAR SBSC 230700Z 24006KT 5000 BR SCT005 BKN015 OVC050 23/21 Q1011=
23/12/2024 08:00,METAR SBSC 230800Z 27004KT 5000 BR SCT005 BKN015 OVC050 23/21 Q1012=
23/12/2024 09:00,METAR SBSC 230900Z 15003KT 5000 BR SCT005 BKN010 OVC050 24/23 Q1012=
23/12/2024 10:00,METAR SBSC 231000Z 15004KT 5000 BR SCT005 BKN010 OVC050 25/23 Q1013=
23/12/2024 11:00,METAR SBSC 231100Z 15005KT 8000 SCT005 BKN010 OVC050 25/23 Q1013=
23/12/2024 12:00,METAR SBSC 231200Z 17005KT 8000 SCT007 SCT010 OVC050 26/23 Q1013=
23/12/2024 13:00,METAR SBSC 231300Z 16005KT 9999 SCT007 SCT010 BKN060 27/23 Q1013=
23/12/2024 14:00,METAR SBSC 231400Z 18006KT 9999 SCT007 BKN013 BKN060 27/23 Q1013=
23/12/2024 15:00,METAR SBSC 231500Z 16009KT 9999 SCT007 BKN013 BKN060 28/23 Q1013=
23/12/2024 16:00,METAR SBSC 231600Z 14010KT 9999 SCT010 BKN030 28/23 Q1012=
23/12/2024 17:00,METAR SBSC 231700Z 12019KT 8000 BKN011 BKN030 26/22 Q1012=
23/12/2024 18:00,METAR SBSC 231800Z 09012G23KT 8000 BKN011 BKN030 26/21 Q1012=
23/12/2024 19:00,METAR SBSC 231900Z 09015KT 9999 SCT010 BKN035 25/20 Q1012=
23/12/2024 20:00,METAR SBSC 232000Z 08011KT 9999 VCSH SCT012 BKN030 24/21 Q1012=
23/12/2024 21:00,METAR SBSC 232100Z 07005KT 9999 VCSH SCT012 BKN030 25/20 Q1013=
23/12/2024 22:00,METAR SBSC 232200Z 12006KT 4000 -DZ BR FEW010 BKN020 OVC030 24/21 Q1013=
23/12/2024 23:00,METAR SBSC 232300Z 20001KT 3000 -DZ BR FEW010 BKN015 OVC025 23/21 Q1014=
24/12/2024 00:00,METAR SBSC 240000Z VRB01KT 5000 -RA BR FEW010 BKN020 OVC030 23/21 Q1015=
24/12/2024 01:00,METAR SBSC 240100Z 19003KT 8000 FEW010 BKN020 OVC030 23/21 Q1015=
24/12/2024 02:00,METAR SBSC 240200Z 18003KT 6000 -RA FEW010 BKN020 OVC030 22/21 Q1015=
24/12/2024 03:00,METAR SBSC 240300Z 18003KT 6000 -RA FEW010 BKN020 OVC030 22/21 Q1015=
24/12/2024 04:00,METAR SBSC 240400Z 15004KT 6000 FEW010 BKN020 OVC030 23/21 Q1014=
24/12/2024 05:00,METAR SBSC 240500Z 16003KT 6000 FEW010 BKN020 OVC030 22/21 Q1014=
24/12/2024 06:00,METAR SBSC 240600Z 16005KT 6000 FEW010 BKN020 OVC030 22/21 Q1014=
24/12/2024 07:00,METAR SBSC 240700Z 17004KT 8000 FEW010 BKN020 OVC030 22/21 Q1014=
24/12/2024 08:00,METAR SBSC 240800Z 19003KT 6000 BKN014 OVC030 22/21 Q1014=
24/12/2024 09:00,METAR SBSC 240900Z 18003KT 8000 BKN014 OVC030 23/22 Q1015=
24/12/2024 10:00,METAR SBSC 241000Z 20005KT 6000 BKN012 OVC030 23/21 Q1015=
24/12/2024 11:00,METAR SBSC 241100Z 17006KT 6000 BKN012 OVC030 24/22 Q1016=
24/12/2024 12:00,METAR SBSC 241200Z 17006KT 6000 BKN012 OVC030 24/22 Q1016=
24/12/2024 13:00,METAR SBSC 241300Z 15007KT 9999 FEW010 SCT020 26/21 Q1016=
24/12/2024 14:00,METAR SBSC 241400Z 15009KT 8000 FEW010 BKN015 OVC050 26/22 Q1016=
24/12/2024 15:00,METAR SBSC 241500Z 12012KT 7000 FEW010 BKN015 OVC040 26/21 Q1015=
24/12/2024 16:00,METAR SBSC 241600Z 12011KT 7000 SCT015 BKN030 OVC050 27/21 Q1015=
24/12/2024 17:00,METAR SBSC 241700Z 13012KT 8000 FEW015 SCT025 BKN040 28/21 Q1014=
24/12/2024 18:00,METAR SBSC 241800Z 11013KT 8000 FEW010 BKN020 28/21 Q1013=
24/12/2024 19:00,METAR SBSC 241900Z 06012KT 9999 FEW010 SCT020 BKN040 26/20 Q1013=
24/12/2024 20:00,METAR SBSC 242000Z 11006KT 9999 FEW010 SCT020 BKN040 25/20 Q1012=
24/12/2024 21:00,METAR SBSC 242100Z 06009KT 9999 FEW007 BKN030 BKN040 25/20 Q1012=
24/12/2024 22:00,METAR SBSC 242200Z 08007KT 9999 FEW007 BKN030 BKN040 25/20 Q1013=
24/12/2024 23:00,METAR SBSC 242300Z 07006KT 9999 FEW008 BKN030 BKN040 24/21 Q1014=
25/12/2024 00:00,METAR SBSC 250000Z 34004KT 9999 FEW015 BKN030 BKN040 24/21 Q1014=
25/12/2024 01:00,METAR SBSC 250100Z 34002KT 9999 FEW015 BKN020 OVC040 24/21 Q1015=
25/12/2024 02:00,METAR SBSC 250200Z 29002KT 9999 FEW015 BKN020 OVC040 24/21 Q1014=
25/12/2024 03:00,METAR SBSC 250300Z 26002KT 9999 FEW015 BKN025 OVC060 24/21 Q1014=
25/12/2024 04:00,METAR SBSC 250400Z 16003KT 9999 FEW015 BKN025 23/21 Q1013=
25/12/2024 05:00,METAR SBSC 250500Z 15002KT 9999 FEW015 BKN025 23/21 Q1013=
25/12/2024 06:00,METAR SBSC 250600Z 21002KT 9999 FEW015 BKN020 23/21 Q1012=
25/12/2024 07:00,METAR SBSC 250700Z 21001KT 9999 FEW015 BKN020 23/21 Q1012=
25/12/2024 08:00,METAR SBSC 250800Z 30001KT 9999 FEW015 BKN020 23/21 Q1012=
25/12/2024 09:00,METAR SBSC 250900Z 35004KT 9999 FEW015 23/22 Q1012=
25/12/2024 10:00,METAR SBSC 251000Z 36006KT 9999 SCT015 25/22 Q1012=
25/12/2024 11:00,METAR SBSC 251100Z 34007KT 9999 SCT012 27/22 Q1012=
25/12/2024 12:00,METAR SBSC 251200Z 36008KT 9999 FEW015 29/22 Q1012=
25/12/2024 13:00,METAR SBSC 251300Z 34011KT 9999 FEW015 31/21 Q1011=
25/12/2024 14:00,METAR SBSC 251400Z 32011KT 9999 SCT030 31/21 Q1010=
25/12/2024 15:00,METAR SBSC 251500Z 28010KT 9999 SCT030 32/21 Q1009=
25/12/2024 16:00,METAR SBSC 251600Z 36012KT 9999 FEW015 33/22 Q1008=
25/12/2024 17:00,METAR SBSC 251700Z 34008KT 9999 FEW030 33/22 Q1007=
25/12/2024 18:00,METAR SBSC 251800Z 36012KT 9999 FEW030 34/22 Q1006=
25/12/2024 19:00,METAR SBSC 251900Z 07008KT 9999 SCT040 35/21 Q1006=
25/12/2024 20:00,METAR SBSC 252000Z 09008KT 9999 SCT040 32/22 Q1006=
25/12/2024 21:00,METAR SBSC 252100Z 24008KT 9999 FEW040 28/23 Q1006=
25/12/2024 22:00,METAR SBSC 252200Z 21004KT 9999 FEW040 27/23 Q1007=
25/12/2024 23:00,METAR SBSC 252300Z 24005KT 9999 FEW040 27/23 Q1008=
26/12/2024 00:00,METAR SBSC 260000Z 06005KT 9999 FEW040 27/23 Q1009=
26/12/2024 01:00,METAR SBSC 260100Z 32012KT 9999 FEW030 SCT100 28/22 Q1009=
26/12/2024 02:00,METAR SBSC 260200Z 30006KT 9999 FEW030 SCT100 28/22 Q1008=
26/12/2024 03:00,METAR SBSC 260300Z 31004KT 9999 FEW030 SCT100 28/21 Q1008=
26/12/2024 04:00,METAR SBSC 260400Z 31010KT 9999 FEW030 SCT100 28/22 Q1007=
26/12/2024 05:00,METAR SBSC 260500Z 34009KT 9999 FEW030 BKN100 28/21 Q1007=
26/12/2024 06:00,METAR SBSC 260600Z 34011KT 9999 FEW030 BKN100 27/21 Q1006=
26/12/2024 07:00,METAR COR SBSC 260700Z 36007KT 9999 FEW025 BKN100 27/21 Q1006=
26/12/2024 08:00,METAR SBSC 260800Z 34006KT 9999 FEW025 BKN100 27/20 Q1006=
26/12/2024 09:00,METAR SBSC 260900Z 33005KT 9999 FEW025 BKN100 26/20 Q1007=
26/12/2024 10:00,METAR SBSC 261000Z 32004KT 9999 FEW020 BKN100 28/21 Q1008=
26/12/2024 11:00,METAR SBSC 261100Z 33010KT 9999 FEW020 BKN100 29/21 Q1008=
26/12/2024 12:00,METAR SBSC 261200Z 29005KT 9999 FEW020 BKN100 29/21 Q1009=
26/12/2024 13:00,METAR SBSC 261300Z 32005KT 9999 FEW025 BKN100 30/22 Q1009=
26/12/2024 14:00,METAR SBSC 261400Z 20006KT 9999 SCT025 28/23 Q1009=
26/12/2024 15:00,METAR SBSC 261500Z 19006KT 9999 -RA FEW012 SCT025 BKN100 27/23 Q1009=
26/12/2024 16:00,METAR SBSC 261600Z 17007KT 9999 FEW012 SCT025 BKN100 25/23 Q1009=
26/12/2024 17:00,METAR SBSC 261700Z 13006KT 9999 -RA SCT007 SCT025 BKN060 25/23 Q1009=
26/12/2024 18:00,METAR SBSC 261800Z 13005KT 9999 -RA FEW007 BKN100 25/22 Q1008=
26/12/2024 19:00,METAR SBSC 261900Z 17002KT 8000 SCT008 SCT025 OVC050 25/22 Q1008=
26/12/2024 20:00,METAR SBSC 262000Z 33002KT 8000 SCT008 SCT025 OVC050 25/23 Q1008=
26/12/2024 21:00,METAR SBSC 262100Z 00000KT 8000 SCT008 SCT025 OVC050 25/23 Q1009=
26/12/2024 22:00,METAR SBSC 262200Z 36003KT 3000 -RA BR SCT008 SCT025 OVC050 25/23 Q1009=
26/12/2024 23:00,METAR SBSC 262300Z 34003KT 3000 -RA BR SCT008 SCT025 OVC050 25/23 Q1009=
27/12/2024 00:00,METAR SBSC 270000Z 01004KT 3000 -RA BR SCT008 SCT025 OVC050 25/23 Q1010=
27/12/2024 01:00,METAR SBSC 270100Z 36004KT 9999 -RA FEW008 SCT025 BKN050 25/23 Q1010=
27/12/2024 02:00,METAR SBSC 270200Z 35006KT 8000 -RA FEW008 SCT025 BKN050 24/23 Q1010=
27/12/2024 03:00,METAR SBSC 270300Z 35005KT 8000 -RA FEW008 SCT025 BKN050 24/22 Q1010=
27/12/2024 04:00,METAR SBSC 270400Z 36004KT 8000 -RA FEW008 SCT025 BKN050 23/22 Q1010=
27/12/2024 05:00,METAR SBSC 270500Z 34006KT 7000 -RA FEW007 SCT022 BKN050 22/21 Q1010=
27/12/2024 06:00,METAR SBSC 270600Z 02006KT 7000 -RA FEW007 SCT022 BKN055 22/21 Q1010=
27/12/2024 07:00,METAR SBSC 270700Z 36004KT 5000 -RA BR FEW007 SCT022 BKN055 22/21 Q1010=
27/12/2024 08:00,METAR SBSC 270800Z 36005KT 5000 -RA BR FEW007 SCT022 BKN055 24/21 Q1010=
27/12/2024 09:00,METAR SBSC 270900Z 13005KT 7000 FEW010 BKN060 25/22 Q1009=
27/12/2024 10:00,METAR SBSC 271000Z 31005KT 9999 -RA FEW020 BKN050 25/23 Q1010=
27/12/2024 11:00,METAR SBSC 271100Z 32006KT 9999 -RA SCT010 BKN050 25/22 Q1011=
27/12/2024 12:00,METAR COR SBSC 271200Z 36002KT 9999 -RA SCT010 BKN055 25/23 Q1011=
27/12/2024 13:00,METAR COR SBSC 271300Z 34006KT 8000 -RA FEW010 BKN025 OVC100 26/24 Q1010=
27/12/2024 14:00,METAR SBSC 271400Z 33009KT 8000 -RA FEW010 BKN023 OVC080 27/24 Q1010=
27/12/2024 15:00,METAR SBSC 271500Z 31006KT 8000 -RA FEW010 BKN025 OVC050 28/24 Q1010=
27/12/2024 16:00,METAR SBSC 271600Z 34004KT 9999 -RA FEW010 BKN030 OVC080 28/24 Q1010=
27/12/2024 17:00,METAR SBSC 271700Z 21007KT 9999 -RA FEW006 SCT030 BKN040 27/24 Q1010=
27/12/2024 18:00,METAR SBSC 271800Z 18008KT 8000 -RA FEW006 BKN025 OVC040 25/23 Q1010=
27/12/2024 19:00,METAR SBSC 271900Z 16007KT 7000 -RA FEW006 BKN025 OVC040 25/23 Q1010=
27/12/2024 20:00,METAR SBSC 272000Z 15007KT 8000 -RA SCT007 BKN014 OVC040 24/23 Q1010=
27/12/2024 21:00,METAR SBSC 272100Z 16005KT 8000 -RA SCT007 BKN014 OVC040 24/22 Q1011=
27/12/2024 22:00,METAR SBSC 272200Z 16002KT 8000 -RA SCT007 BKN014 BKN040 24/22 Q1012=
27/12/2024 23:00,METAR SBSC 272300Z 13003KT 8000 -RA SCT007 BKN014 BKN040 24/22 Q1012=
28/12/2024 00:00,METAR SBSC 280000Z 02002KT 8000 -RA SCT007 BKN014 BKN040 24/22 Q1013=
28/12/2024 01:00,METAR SBSC 280100Z 32002KT 8000 -RA SCT010 BKN020 OVC080 24/22 Q1014=
28/12/2024 02:00,METAR SBSC 280200Z 35004KT 8000 -RA SCT010 BKN040 OVC080 24/22 Q1013=
28/12/2024 03:00,METAR SBSC 280300Z 35004KT 8000 -RA FEW010 BKN040 OVC080 23/22 Q1013=
28/12/2024 04:00,METAR SBSC 280400Z 36006KT 9000 FEW010 BKN050 OVC080 23/22 Q1011=
28/12/2024 05:00,METAR SBSC 280500Z 35007KT 8000 -RA FEW010 BKN020 OVC050 23/22 Q1011=
28/12/2024 06:00,METAR SBSC 280600Z 32005KT 7000 -RA FEW010 BKN020 OVC050 23/22 Q1010=
28/12/2024 07:00,METAR SBSC 280700Z 31005KT 7000 -RA FEW010 BKN020 OVC050 23/22 Q1010=
28/12/2024 08:00,METAR SBSC 280800Z 32004KT 7000 -RA FEW010 BKN020 OVC050 23/22 Q1010=
28/12/2024 09:00,METAR SBSC 280900Z 23004KT 9999 FEW006 SCT030 BKN080 23/21 Q1011=
28/12/2024 10:00,METAR SBSC 281000Z 23005KT 9999 FEW006 SCT030 BKN080 24/21 Q1011=
28/12/2024 11:00,METAR SBSC 281100Z 18003KT 9999 SCT006 BKN080 25/22 Q1012=
28/12/2024 12:00,METAR SBSC 281200Z 16006KT 9999 BKN010 26/23 Q1013=
28/12/2024 13:00,METAR SBSC 281300Z 15007KT 9999 SCT010 27/23 Q1013=
28/12/2024 14:00,METAR SBSC 281400Z 17006KT 9999 SCT010 28/23 Q1012=
28/12/2024 15:00,METAR SBSC 281500Z 16009KT 9999 FEW010 SCT030 28/23 Q1012=
28/12/2024 16:00,METAR SBSC 281600Z 16010KT 9999 FEW010 SCT030 27/22 Q1012=
28/12/2024 17:00,METAR SBSC 281700Z 16012KT 9999 FEW010 SCT030 28/22 Q1011=
28/12/2024 18:00,METAR SBSC 281800Z 15010KT 9999 FEW010 SCT030 28/22 Q1011=
28/12/2024 19:00,METAR SBSC 281900Z 15012KT 9999 FEW020 SCT100 27/23 Q1011=
28/12/2024 20:00,METAR SBSC 282000Z 16010KT 9999 FEW020 BKN100 27/22 Q1010=
28/12/2024 21:00,METAR SBSC 282100Z 16010KT 9999 FEW015 BKN100 26/22 Q1011=
28/12/2024 22:00,METAR SBSC 282200Z 14005KT 9999 FEW015 BKN070 25/22 Q1012=
28/12/2024 23:00,METAR SBSC 282300Z 17002KT 9999 FEW015 BKN070 25/22 Q1012=
29/12/2024 00:00,METAR SBSC 290000Z 17002KT 9999 FEW015 BKN050 25/22 Q1013=
29/12/2024 01:00,METAR SBSC 290100Z 16003KT 9999 FEW015 SCT030 BKN050 25/22 Q1013=
29/12/2024 02:00,METAR SBSC 290200Z 16003KT 9999 FEW015 SCT030 BKN050 24/22 Q1013=
29/12/2024 03:00,METAR SBSC 290300Z 24004KT 9999 FEW015 SCT030 BKN050 24/22 Q1012=
29/12/2024 04:00,METAR SBSC 290400Z 23005KT 9999 FEW015 SCT030 BKN050 24/22 Q1011=
29/12/2024 05:00,METAR SBSC 290500Z 25004KT 9999 FEW015 SCT030 BKN050 24/22 Q1011=
29/12/2024 06:00,METAR SBSC 290600Z 25005KT 9999 FEW015 SCT030 BKN050 23/22 Q1011=
29/12/2024 07:00,METAR SBSC 290700Z 23005KT 9999 FEW015 SCT030 BKN050 23/22 Q1011=
29/12/2024 08:00,METAR SBSC 290800Z 24004KT 9999 FEW015 SCT030 BKN050 23/22 Q1011=
29/12/2024 09:00,METAR SBSC 290900Z 35001KT 4000 BR FEW015 SCT030 23/22 Q1011=
29/12/2024 10:00,METAR COR SBSC 291000Z 15001KT 4000 BR SCT005 BKN025 25/23 Q1012=
29/12/2024 11:00,METAR SBSC 291100Z 15004KT 7000 BKN008 BKN028 26/23 Q1012=
29/12/2024 12:00,METAR SBSC 291200Z 14005KT 9000 FEW009 BKN011 BKN022 26/23 Q1012=
29/12/2024 13:00,METAR SBSC 291300Z 14004KT 9999 SCT013 BKN020 OVC030 26/23 Q1012=
29/12/2024 14:00,METAR SBSC 291400Z 18005KT 9999 SCT013 BKN070 28/23 Q1012=
29/12/2024 15:00,METAR SBSC 291500Z 15006KT 9999 FEW018 BKN070 28/23 Q1012=
29/12/2024 16:00,METAR SBSC 291600Z 15006KT 9999 FEW020 BKN070 28/23 Q1011=
29/12/2024 17:00,METAR SBSC 291700Z 14008KT 9999 FEW020 BKN070 29/22 Q1011=
29/12/2024 18:00,METAR SBSC 291800Z 14012KT 9999 FEW020 BKN090 28/23 Q1010=
29/12/2024 19:00,METAR COR SBSC 291900Z 13012KT 9999 SCT012 SCT020 FEW031TCU BKN090 27/22 Q1011=
29/12/2024 20:00,METAR SBSC 292000Z 12011KT 9999 SCT012 SCT020 FEW031TCU BKN090 26/21 Q1011=
29/12/2024 21:00,METAR SBSC 292100Z 12010KT 9999 SCT025 FEW031TCU BKN070 26/21 Q1010=
29/12/2024 22:00,METAR SBSC 292200Z 14005KT 9999 SCT025 FEW031TCU BKN070 25/22 Q1011=
29/12/2024 23:00,METAR SBSC 292300Z 12007KT 9999 SCT025 BKN050 25/22 Q1011=
30/12/2024 00:00,METAR SBSC 300000Z 12008KT 9999 SCT025 BKN050 25/22 Q1012=
30/12/2024 01:00,METAR SBSC 300100Z 16002KT 9999 SCT025 BKN050 25/22 Q1011=
30/12/2024 02:00,METAR SBSC 300200Z 21003KT 9999 SCT015 BKN050 24/22 Q1012=
30/12/2024 03:00,METAR SBSC 300300Z 20002KT 9999 SCT015 BKN100 24/22 Q1012=
30/12/2024 04:00,METAR SBSC 300400Z 17003KT 9999 SCT015 BKN100 24/22 Q1011=
30/12/2024 05:00,METAR SBSC 300500Z 15005KT 9999 SCT015 BKN100 24/22 Q1011=
30/12/2024 06:00,METAR SBSC 300600Z 16004KT 9999 SCT015 BKN100 24/22 Q1011=
30/12/2024 07:00,METAR COR SBSC 300700Z 17004KT 9999 FEW008 SCT015 BKN100 23/21 Q1010=
30/12/2024 08:00,METAR COR SBSC 300800Z 20005KT 9999 FEW007 SCT012 BKN080 23/21 Q1010=
30/12/2024 09:00,METAR SBSC 300900Z 24002KT 9999 FEW007 SCT020 BKN100 24/22 Q1010=
30/12/2024 10:00,METAR SBSC 301000Z 18002KT 9999 FEW009 SCT030 BKN100 24/22 Q1009=
30/12/2024 11:00,METAR SBSC 301100Z 19009KT 9999 SCT010 BKN100 26/22 Q1011=
30/12/2024 12:00,METAR SBSC 301200Z 20005KT 9999 SCT010 26/23 Q1012=
30/12/2024 13:00,METAR SBSC 301300Z 16008KT 9999 SCT010 SCT015 BKN050 27/22 Q1012=
30/12/2024 14:00,METAR SBSC 301400Z 16008KT 9999 SCT010 SCT015 BKN050 27/23 Q1012=
30/12/2024 15:00,METAR SBSC 301500Z 15009KT 9999 FEW010 SCT015 BKN050 28/23 Q1012=
30/12/2024 16:00,METAR SBSC 301600Z 14009KT 9999 SCT018 BKN050 29/21 Q1011=
30/12/2024 17:00,METAR SBSC 301700Z 14011KT 9999 SCT018 BKN050 28/22 Q1011=
30/12/2024 18:00,METAR SBSC 301800Z 14011KT 9999 SCT018 FEW031TCU BKN050 29/22 Q1011=
30/12/2024 19:00,METAR SBSC 301900Z 14009KT 9999 SCT010 SCT013 BKN030 27/22 Q1011=
30/12/2024 20:00,METAR SBSC 302000Z 13009KT 9999 FEW010 SCT013 FEW030TCU 26/22 Q1011=
30/12/2024 21:00,METAR SBSC 302100Z 12009KT 9999 FEW007 SCT013 FEW030TCU 26/22 Q1012=
30/12/2024 22:00,METAR SBSC 302200Z 11003KT 9999 FEW007 SCT013 FEW030TCU 25/22 Q1012=
30/12/2024 23:00,METAR SBSC 302300Z 11004KT 9999 FEW007 FEW030TCU 25/22 Q1013=
31/12/2024 00:00,METAR SBSC 310000Z 35002KT 9999 FEW010 FEW030TCU 24/21 Q1013=
31/12/2024 01:00,METAR SBSC 310100Z 13002KT 9999 FEW015 SCT050 24/22 Q1014=
31/12/2024 02:00,METAR SBSC 310200Z 15002KT 8000 FEW015 SCT050 24/22 Q1014=
31/12/2024 03:00,METAR SBSC 310300Z 12005KT 8000 FEW015 SCT050 24/22 Q1013=
31/12/2024 04:00,METAR SBSC 310400Z 10005KT 8000 FEW015 SCT050 23/21 Q1013=
31/12/2024 05:00,METAR SBSC 310500Z 09006KT 8000 FEW015 SCT050 23/21 Q1012=
31/12/2024 06:00,METAR SBSC 310600Z 08004KT 8000 FEW015 SCT050 22/21 Q1012=
31/12/2024 07:00,METAR SBSC 310700Z 10005KT 8000 FEW015 SCT050 22/21 Q1012=
31/12/2024 08:00,METAR SBSC 310800Z 03006KT 8000 FEW015 SCT050 22/21 Q1012=
31/12/2024 09:00,METAR SBSC 310900Z 01004KT 4000 BR BKN004 OVC015 23/21 Q1012=
31/12/2024 10:00,METAR SBSC 311000Z 01005KT CAVOK 24/22 Q1013=
31/12/2024 11:00,METAR SBSC 311100Z 35005KT CAVOK 26/21 Q1013=
31/12/2024 12:00,METAR SBSC 311200Z 36004KT CAVOK 28/20 Q1014=
31/12/2024 13:00,METAR SBSC 311300Z 05003KT 9999 BKN030 29/19 Q1014=
31/12/2024 14:00,METAR SBSC 311400Z 15008KT 9999 SCT030 29/22 Q1013=
31/12/2024 15:00,METAR SBSC 311500Z 13012KT 9999 SCT035 29/22 Q1013=
31/12/2024 16:00,METAR SBSC 311600Z 13013KT 9999 SCT040 29/21 Q1013=
31/12/2024 17:00,METAR SBSC 311700Z 13014KT 9999 FEW035 SCT050 29/21 Q1012=
31/12/2024 18:00,METAR SBSC 311800Z 12012KT 9999 FEW030 28/21 Q1012=
31/12/2024 19:00,METAR SBSC 311900Z 13013KT 9999 SCT030 27/21 Q1012=
31/12/2024 20:00,METAR SBSC 312000Z 14011KT 9999 BKN042 26/21 Q1012=
31/12/2024 22:00,METAR SBSC 312200Z 13005KT 9999 BKN042 25/20 Q1012=
31/12/2024 23:00,METAR SBSC 312300Z 12009KT 9999 BKN042 25/20 Q1012=
01/01/2025 00:00,METAR SBSC 010000Z 24003KT 9999 BKN042 24/20 Q1013=
01/01/2025 01:00,METAR SBSC 010100Z 00000KT 9999 BKN040 23/20 Q1014=
01/01/2025 02:00,METAR SBSC 010200Z 12002KT 9999 BKN040 23/20 Q1013=
01/01/2025 03:00,METAR SBSC 010300Z 08002KT 9999 BKN040 22/20 Q1013=
01/01/2025 04:00,METAR SBSC 010400Z 15002KT 9999 BKN030 23/19 Q1013=
01/01/2025 05:00,METAR SBSC 010500Z 13003KT 9999 BKN030 23/19 Q1013=
01/01/2025 06:00,METAR SBSC 010600Z 10003KT 9999 BKN030 23/19 Q1012=
01/01/2025 07:00,METAR SBSC 010700Z 11002KT 8000 BKN027 23/20 Q1012=
01/01/2025 08:00,METAR SBSC 010800Z 11002KT 8000 FEW020 SCT027 24/20 Q1013=
01/01/2025 09:00,METAR SBSC 010900Z 12003KT 8000 FEW015 SCT027 25/20 Q1013=
01/01/2025 10:00,METAR SBSC 011000Z 08003KT 9999 FEW015 SCT027 25/20 Q1013=
01/01/2025 11:00,METAR SBSC 011100Z 07002KT 9999 FEW015 SCT020 27/21 Q1013=
01/01/2025 12:00,METAR SBSC 011200Z 19002KT 9999 SCT020 28/21 Q1013=
01/01/2025 13:00,METAR SBSC 011300Z 36004KT 9999 SCT020 30/21 Q1013=
01/01/2025 14:00,METAR SBSC 011400Z 16010KT 9999 SCT020 29/22 Q1013=
01/01/2025 15:00,METAR SBSC 011500Z 16009KT 9999 SCT020 29/22 Q1013=
01/01/2025 16:00,METAR SBSC 011600Z 16011KT 9999 FEW020 29/21 Q1013=
01/01/2025 17:00,METAR SBSC 011700Z 14011KT 9999 FEW020 FEW030TCU 27/22 Q1012=
01/01/2025 18:00,METAR SBSC 011800Z 15011KT 9999 FEW020 FEW030TCU 28/22 Q1011=
01/01/2025 19:00,METAR SBSC 011900Z 13011KT 9999 SCT020 FEW030TCU 28/22 Q1012=
01/01/2025 20:00,METAR SBSC 012000Z 09005KT 9999 SCT020 FEW030TCU BKN060 28/21 Q1012=
01/01/2025 21:00,METAR SBSC 012100Z 13005KT 9999 SCT020 FEW030TCU BKN060 27/22 Q1011=
01/01/2025 22:00,METAR SBSC 012200Z 12004KT 9999 SCT020 FEW030TCU BKN040 27/22 Q1011=
01/01/2025 23:00,METAR SBSC 012300Z 15004KT 9999 SCT020 FEW030TCU BKN040 26/22 Q1012=
02/01/2025 00:00,METAR SBSC 020000Z 03004KT 9999 SCT020 BKN040 26/21 Q1013=
02/01/2025 01:00,METAR SBSC 020100Z 35005KT 5000 BR FEW005 SCT015 BKN050 25/21 Q1013=
02/01/2025 02:00,METAR SBSC 020200Z 33006KT 5000 BR FEW005 SCT015 BKN050 25/21 Q1013=
02/01/2025 03:00,METAR SBSC 020300Z 36007KT 5000 BR FEW005 SCT015 BKN050 25/21 Q1012=
02/01/2025 04:00,METAR SBSC 020400Z 01005KT 5000 BR FEW005 SCT015 BKN050 24/21 Q1012=
02/01/2025 05:00,METAR SBSC 020500Z 36006KT 5000 BR FEW005 SCT015 BKN050 24/21 Q1011=
02/01/2025 06:00,METAR SBSC 020600Z 35007KT 5000 BR FEW005 SCT015 BKN050 23/20 Q1011=
02/01/2025 07:00,METAR SBSC 020700Z 36006KT 5000 BR FEW005 SCT015 BKN050 23/20 Q1010=
02/01/2025 08:00,METAR SBSC 020800Z 35005KT 8000 FEW015 SCT050 22/19 Q1010=
02/01/2025 09:00,METAR SBSC 020900Z 36007KT CAVOK 22/19 Q1010=
02/01/2025 10:00,METAR SBSC 021000Z 35007KT CAVOK 23/20 Q1010=
02/01/2025 11:00,METAR SBSC 021100Z 34009KT CAVOK 28/19 Q1011=
02/01/2025 12:00,METAR SBSC 021200Z 32009KT CAVOK 29/19 Q1011=
02/01/2025 13:00,METAR SBSC 021300Z 33009KT CAVOK 31/19 Q1011=
02/01/2025 14:00,METAR SBSC 021400Z 32006KT CAVOK 32/19 Q1010=
02/01/2025 15:00,METAR SBSC 021500Z 28005KT CAVOK 33/19 Q1010=
02/01/2025 16:00,METAR SBSC 021600Z 18007KT CAVOK 31/21 Q1009=
02/01/2025 17:00,METAR SBSC 021700Z 18007KT CAVOK 31/20 Q1008=
02/01/2025 18:00,METAR SBSC 021800Z 18008KT 9999 FEW020 FEW030TCU 31/19 Q1007=
02/01/2025 19:00,METAR SBSC 021900Z 19006KT 9999 SCT020 FEW030TCU 30/21 Q1007=
02/01/2025 20:00,METAR SBSC 022000Z 13006KT 9999 SCT020 FEW030TCU 31/20 Q1007=
02/01/2025 21:00,METAR SBSC 022100Z 22008KT 9999 VCTS SCT020 FEW030CB BKN080 26/22 Q1008=
02/01/2025 22:00,METAR SBSC 022200Z 20004KT 9999 SCT025 BKN060 25/23 Q1009=
02/01/2025 23:00,METAR SBSC 022300Z 19005KT 9999 SCT025 BKN060 25/22 Q1010=
03/01/2025 00:00,METAR SBSC 030000Z 34005KT 9999 -RA SCT025 BKN060 24/22 Q1010=
03/01/2025 01:00,METAR SBSC 030100Z 34008KT 8000 -RA SCT030 BKN080 24/21 Q1010=
03/01/2025 02:00,METAR SBSC 030200Z 36010KT 9000 -RA SCT030 BKN080 23/21 Q1009=
03/01/2025 03:00,METAR SBSC 030300Z 35009KT 9999 FEW030 BKN080 23/21 Q1009=
03/01/2025 04:00,METAR SBSC 030400Z 20006KT 9999 FEW030 BKN080 23/21 Q1010=
03/01/2025 05:00,METAR SBSC 030500Z 33008KT 8000 -RA FEW010 BKN030 23/21 Q1009=
03/01/2025 06:00,METAR SBSC 030600Z 33007KT 8000 -RA FEW010 BKN030 23/21 Q1008=
03/01/2025 07:00,METAR SBSC 030700Z 32008KT 8000 -RA FEW010 BKN030 23/21 Q1008=
03/01/2025 08:00,METAR SBSC 030800Z 33008KT 9999 FEW020 BKN050 23/21 Q1007=
03/01/2025 09:00,METAR SBSC 030900Z 34011KT 9999 FEW030 BKN080 24/20 Q1007=
03/01/2025 10:00,METAR SBSC 031000Z 35010KT 9999 FEW030 BKN080 25/20 Q1007=
03/01/2025 11:00,METAR SBSC 031100Z 33013KT 9999 FEW030 BKN080 26/21 Q1008=
03/01/2025 12:00,METAR SBSC 031200Z 33013G24KT 9999 FEW040 SCT100 29/21 Q1008=
03/01/2025 13:00,METAR SBSC 031300Z 33013G25KT CAVOK 30/21 Q1008=
03/01/2025 14:00,METAR SBSC 031400Z 33011KT CAVOK 32/22 Q1007=
03/01/2025 15:00,METAR SBSC 031500Z 33009KT CAVOK 34/22 Q1007=
03/01/2025 16:00,METAR SBSC 031600Z 16008KT 9999 SCT030 34/21 Q1006=
03/01/2025 17:00,METAR SBSC 031700Z 16006KT 9999 SCT030 FEW031TCU 34/20 Q1006=
03/01/2025 18:00,METAR SBSC 031800Z 17008KT 9999 SCT030 FEW031TCU 34/20 Q1005=
03/01/2025 19:00,METAR SBSC 031900Z 20005KT 9999 SCT030 FEW031TCU 31/20 Q1005=
03/01/2025 20:00,METAR SBSC 032000Z 18003KT 9999 SCT030 FEW031TCU 29/22 Q1006=
03/01/2025 21:00,METAR SBSC 032100Z 00000KT 9999 SCT030 FEW031TCU BKN070 28/21 Q1005=
03/01/2025 22:00,METAR SBSC 032200Z 00000KT 9999 SCT030 FEW031TCU BKN070 27/22 Q1006=
03/01/2025 23:00,METAR SBSC 032300Z 14006KT 9999 SCT025 BKN050 26/23 Q1007=
04/01/2025 00:00,METAR SBSC 040000Z 04002KT 9999 SCT025 BKN050 27/22 Q1007=
04/01/2025 01:00,METAR SBSC 040100Z 35007KT 9999 SCT025 BKN050 26/21 Q1007=
04/01/2025 02:00,METAR SBSC 040200Z 01007KT 9999 SCT025 BKN050 26/20 Q1008=
04/01/2025 03:00,METAR SBSC 040300Z 33007KT 9999 SCT025 BKN050 26/20 Q1007=
04/01/2025 04:00,METAR SBSC 040400Z 33007KT 9999 SCT025 BKN050 25/20 Q1006=
04/01/2025 05:00,METAR SBSC 040500Z 34006KT 9999 SCT025 BKN050 25/20 Q1006=
04/01/2025 06:00,METAR SBSC 040600Z 34006KT 9999 SCT025 BKN050 24/21 Q1006=
04/01/2025 07:00,METAR SBSC 040700Z 32007KT 9999 SCT025 BKN050 24/21 Q1006=
04/01/2025 08:00,METAR SBSC 040800Z 32007KT 9999 SCT025 BKN050 24/20 Q1006=
04/01/2025 09:00,METAR SBSC 040900Z 33009KT 9999 FEW025 25/20 Q1006=
04/01/2025 10:00,METAR SBSC 041000Z 33014KT 9999 FEW025 SCT100 27/20 Q1007=
04/01/2025 11:00,METAR SBSC 041100Z 34011KT 9999 FEW025 SCT100 28/20 Q1008=
04/01/2025 12:00,METAR SBSC 041200Z 34010KT 9999 FEW025 SCT100 29/20 Q1008=
04/01/2025 13:00,METAR SBSC 041300Z 34011KT 9999 FEW030 31/21 Q1008=
04/01/2025 14:00,METAR SBSC 041400Z 36007KT 9999 FEW030 34/20 Q1007=
04/01/2025 15:00,METAR SBSC 041500Z 18007KT 9999 FEW030 34/18 Q1007=
04/01/2025 16:00,METAR SBSC 041600Z 18007KT 9999 FEW030 31/19 Q1007=
04/01/2025 17:00,METAR SBSC 041700Z 18006KT 9999 FEW030 33/19 Q1006=
04/01/2025 18:00,METAR SBSC 041800Z 14007KT 9999 FEW030 33/19 Q1006=
04/01/2025 19:00,METAR SBSC 041900Z 13005KT 9999 FEW027 33/20 Q1006=
04/01/2025 20:00,METAR SBSC 042000Z 16005KT 9999 FEW027 32/20 Q1006=
04/01/2025 21:00,METAR SBSC 042100Z 18007KT 9999 FEW025 30/21 Q1006=
04/01/2025 22:00,METAR SBSC 042200Z 17003KT 9999 FEW030 SCT050 BKN100 28/21 Q1007=
04/01/2025 23:00,METAR SBSC 042300Z 23006KT 9999 FEW030 SCT050 BKN100 27/22 Q1007=
05/01/2025 00:00,METAR SBSC 050000Z 25001KT 9999 FEW030 SCT050 26/22 Q1008=
05/01/2025 01:00,METAR SBSC 050100Z 02002KT 9999 FEW008 25/22 Q1009=
05/01/2025 02:00,METAR SBSC 050200Z 33002KT 9999 FEW008 BKN080 25/22 Q1009=
05/01/2025 03:00,METAR SBSC 050300Z 23002KT 9999 SCT040 BKN100 24/22 Q1008=
05/01/2025 04:00,METAR SBSC 050400Z 32003KT 8000 SCT020 24/21 Q1008=
05/01/2025 05:00,METAR SBSC 050500Z 27003KT 8000 FEW008 BKN013 23/21 Q1007=
05/01/2025 06:00,METAR SBSC 050600Z 25003KT 8000 SCT010 BKN017 23/21 Q1007=
05/01/2025 07:00,METAR SBSC 050700Z 25004KT 9999 SCT010 BKN017 23/21 Q1008=
05/01/2025 08:00,METAR SBSC 050800Z 27004KT 9999 FEW007 BKN013 23/21 Q1008=
05/01/2025 09:00,METAR SBSC 050900Z 17003KT 9999 FEW012 BKN030 BKN090 25/23 Q1009=
05/01/2025 10:00,METAR SBSC 051000Z 18003KT 9999 FEW013 SCT025 26/22 Q1009=
05/01/2025 11:00,METAR SBSC 051100Z 01002KT 9999 SCT015 27/23 Q1009=
05/01/2025 12:00,METAR SBSC 051200Z 12006KT 9999 FEW008 BKN018 27/22 Q1010=
05/01/2025 13:00,METAR SBSC 051300Z 15010KT 8000 SCT010 BKN025 BKN070 26/21 Q1011=
05/01/2025 14:00,METAR SBSC 051400Z 17009KT 8000 SCT010 BKN025 BKN070 26/20 Q1011=
05/01/2025 15:00,METAR SBSC 051500Z 16008KT 9999 SCT030 SCT050 28/21 Q1010=
05/01/2025 16:00,METAR SBSC 051600Z 16009KT 9999 FEW030 SCT050 29/22 Q1010=
05/01/2025 17:00,METAR SBSC 051700Z 16011KT 9999 FEW030 SCT050 28/22 Q1010=
05/01/2025 18:00,METAR SBSC 051800Z 16011KT 9999 FEW030 SCT050 28/22 Q1009=
05/01/2025 19:00,METAR SBSC 051900Z 17009KT 9999 FEW030 SCT050 28/22 Q1009=
05/01/2025 20:00,METAR SBSC 052000Z 17009KT 9999 SCT020 BKN050 26/22 Q1009=
05/01/2025 21:00,METAR SBSC 052100Z 16008KT 9999 SCT020 BKN050 26/22 Q1010=
05/01/2025 22:00,METAR SBSC 052200Z 18003KT 9999 SCT020 BKN050 25/22 Q1010=
05/01/2025 23:00,METAR SBSC 052300Z 18004KT 8000 SCT015 BKN050 25/22 Q1011=
06/01/2025 00:00,METAR SBSC 060000Z 17005KT 8000 SCT015 BKN050 25/22 Q1011=
06/01/2025 01:00,METAR SBSC 060100Z 20002KT 9999 FEW015 BKN050 25/22 Q1012=
06/01/2025 02:00,METAR SBSC 060200Z 17004KT 9999 FEW015 BKN050 25/22 Q1012=
06/01/2025 03:00,METAR SBSC 060300Z 08005KT 9999 FEW015 BKN050 24/21 Q1012=
06/01/2025 04:00,METAR SBSC 060400Z 12005KT 9999 FEW013 BKN050 23/21 Q1011=
06/01/2025 05:00,METAR SBSC 060500Z 07004KT 9999 FEW013 BKN055 23/20 Q1011=
06/01/2025 06:00,METAR SBSC 060600Z 05004KT 9999 FEW013 BKN055 22/20 Q1011=
06/01/2025 07:00,METAR SBSC 060700Z 08003KT 9999 FEW013 SCT055 23/20 Q1011=
06/01/2025 08:00,METAR SBSC 060800Z 10005KT 9999 FEW012 SCT055 23/21 Q1010=
06/01/2025 09:00,METAR SBSC 060900Z 06004KT 9999 FEW012 SCT030 24/21 Q1010=
06/01/2025 10:00,METAR SBSC 061000Z 35007KT 9999 FEW015 25/20 Q1010=
06/01/2025 11:00,METAR SBSC 061100Z 34009KT 9999 FEW015 28/20 Q1011=
06/01/2025 12:00,METAR SBSC 061200Z 35006KT 9999 FEW025 29/21 Q1011=
06/01/2025 13:00,METAR SBSC 061300Z 35006KT 9999 FEW025 29/21 Q1011=
06/01/2025 14:00,METAR SBSC 061400Z 01004KT 9999 FEW025 31/20 Q1010=
06/01/2025 15:00,METAR SBSC 061500Z 13009KT 9999 FEW025 31/22 Q1009=
06/01/2025 16:00,METAR SBSC 061600Z 14010KT 9999 FEW020 31/21 Q1009=
06/01/2025 17:00,METAR SBSC 061700Z 15009KT 9999 FEW020 31/21 Q1008=
06/01/2025 18:00,METAR SBSC 061800Z 12011KT 9999 FEW020 FEW030TCU 31/21 Q1008=
06/01/2025 19:00,METAR SBSC 061900Z 12010KT 9999 FEW020 FEW030TCU 29/20 Q1008=
06/01/2025 20:00,METAR SBSC 062000Z 12013KT 9999 FEW020 FEW030TCU 29/20 Q1008=
06/01/2025 21:00,METAR SBSC 062100Z 15009KT 9999 FEW020 FEW030TCU BKN048 27/22 Q1008=
06/01/2025 22:00,METAR SBSC 062200Z 14009KT 9999 FEW020 FEW030TCU BKN044 27/21 Q1009=
06/01/2025 23:00,METAR SBSC 062300Z 13010KT 9999 FEW020 BKN040 26/21 Q1010=
07/01/2025 00:00,METAR SBSC 070000Z 21005KT 6000 -TSRA FEW020 FEW030CB BKN040 26/22 Q1010=
07/01/2025 01:00,METAR SBSC 070100Z 08006KT 3000 RA BR SCT005 BKN015 BKN050 23/21 Q1011 RETS=
07/01/2025 02:00,METAR SBSC 070200Z 27001KT 3000 -RA BR SCT005 BKN015 OVC050 23/21 Q1011 RERA=
07/01/2025 03:00,METAR SBSC 070300Z 08003KT 5000 BR SCT005 BKN015 OVC050 23/22 Q1010=
07/01/2025 04:00,METAR SBSC 070400Z 07005KT 5000 BR SCT005 BKN015 OVC050 23/22 Q1010=
07/01/2025 05:00,METAR SBSC 070500Z 36004KT 5000 BR SCT005 BKN015 OVC050 23/22 Q1009=
07/01/2025 06:00,METAR SBSC 070600Z 01006KT 5000 BR SCT005 BKN015 OVC050 22/21 Q1009=
07/01/2025 07:00,METAR SBSC 070700Z 36005KT 5000 BR SCT005 BKN015 OVC050 22/21 Q1009=
07/01/2025 08:00,METAR SBSC 070800Z 01006KT 5000 BR SCT005 BKN015 OVC050 22/21 Q1009=
07/01/2025 09:00,METAR SBSC 070900Z 00000KT 8000 FEW005 BKN009 OVC050 23/22 Q1009=
07/01/2025 10:00,METAR SBSC 071000Z 20004KT 8000 FEW005 BKN009 OVC050 25/23 Q1010=
07/01/2025 11:00,METAR SBSC 071100Z 18002KT 8000 FEW005 BKN009 OVC050 25/22 Q1010=
07/01/2025 12:00,METAR SBSC 071200Z 20002KT 8000 FEW005 BKN010 OVC025 26/23 Q1011=
07/01/2025 13:00,METAR SBSC 071300Z 18005KT 8000 SCT010 BKN020 OVC025 26/22 Q1011=
07/01/2025 14:00,METAR SBSC 071400Z 18006KT 8000 SCT010 BKN020 OVC025 26/22 Q1011=
07/01/2025 15:00,METAR SBSC 071500Z 18006KT 8000 SCT010 BKN020 OVC040 26/22 Q1011=
07/01/2025 16:00,METAR SBSC 071600Z 17008KT 9999 SCT010 BKN030 28/23 Q1010=
07/01/2025 17:00,METAR SBSC 071700Z 16007KT 9999 SCT010 BKN015 27/23 Q1010=
07/01/2025 18:00,METAR SBSC 071800Z 17006KT 9999 SCT010 BKN015 OVC030 27/23 Q1009=
07/01/2025 19:00,METAR SBSC 071900Z 16009KT 9999 SCT010 BKN020 OVC030 26/23 Q1009=
07/01/2025 20:00,METAR SBSC 072000Z 14008KT 9999 SCT010 BKN020 OVC030 26/22 Q1009=
07/01/2025 21:00,METAR SBSC 072100Z 12007KT 9999 SCT015 BKN025 OVC040 26/22 Q1009=
07/01/2025 22:00,METAR SBSC 072200Z 12004KT 9999 SCT015 BKN025 OVC040 26/22 Q1010=
07/01/2025 23:00,METAR SBSC 072300Z 14005KT 9999 FEW015 BKN025 OVC040 25/22 Q1011=
08/01/2025 00:00,METAR SBSC 080000Z 12004KT 7000 -RA FEW015 BKN025 OVC040 25/22 Q1011=
08/01/2025 01:00,METAR SBSC 080100Z 04003KT 4000 -RA BR FEW015 BKN025 OVC040 24/22 Q1012=
08/01/2025 02:00,METAR SBSC 080200Z 01001KT 4000 -RA BR FEW015 BKN025 OVC040 24/22 Q1012=
08/01/2025 03:00,METAR SBSC 080300Z 20001KT 4000 -RA BR FEW015 BKN025 OVC040 24/23 Q1011=
08/01/2025 04:00,METAR SBSC 080400Z 14001KT 4000 BR FEW015 BKN025 OVC040 24/23 Q1010=
08/01/2025 05:00,METAR SBSC 080500Z 18002KT 4000 BR FEW015 BKN025 OVC040 23/22 Q1009=
08/01/2025 06:00,METAR SBSC 080600Z 19002KT 9999 FEW015 BKN025 OVC040 23/22 Q1010=
08/01/2025 07:00,METAR SBSC 080700Z 20003KT 9999 FEW015 BKN025 OVC040 24/22 Q1010=
08/01/2025 08:00,METAR SBSC 080800Z 19003KT 9999 FEW015 BKN025 OVC040 24/22 Q1010=
08/01/2025 09:00,METAR SBSC 080900Z 17002KT 9999 SCT014 BKN020 OVC040 24/22 Q1011=
08/01/2025 10:00,METAR SBSC 081000Z 21003KT 9999 SCT014 BKN020 OVC040 24/22 Q1011=
08/01/2025 11:00,METAR SBSC 081100Z 18004KT 9999 FEW010 SCT014 BKN030 25/23 Q1011=
08/01/2025 12:00,METAR SBSC 081200Z 18004KT 9999 FEW010 BKN014 BKN030 26/22 Q1012=
08/01/2025 13:00,METAR SBSC 081300Z 19005KT 9999 BKN013 BKN035 26/23 Q1012=
08/01/2025 14:00,METAR SBSC 081400Z 18006KT 140V250 9999 SCT013 BKN068 27/22 Q1011=
08/01/2025 15:00,METAR SBSC 081500Z 16008KT 120V190 9999 SCT014 BKN075 28/22 Q1011=
08/01/2025 16:00,METAR SBSC 081600Z 15008KT 130V190 9999 SCT015 BKN076 28/23 Q1010=
08/01/2025 17:00,METAR SBSC 081700Z 15010KT 130V190 9999 FEW010 BKN017 28/23 Q1010=
08/01/2025 18:00,METAR SBSC 081800Z 15010KT 120V180 9999 FEW010 SCT015 28/22 Q1009=
08/01/2025 19:00,METAR SBSC 081900Z 12012KT 080V170 9999 SCT018 BKN052 27/22 Q1008=
08/01/2025 20:00,METAR SBSC 082000Z 12010KT 9999 FEW010 SCT020 FEW040TCU BKN073 26/22 Q1009=
08/01/2025 21:00,METAR SBSC 082100Z 13008KT 9999 FEW010 BKN018 FEW040TCU BKN073 26/22 Q1009=
08/01/2025 22:00,METAR SBSC 082200Z 09005KT 9999 FEW012 SCT019 BKN030 26/22 Q1010=
08/01/2025 23:00,METAR SBSC 082300Z 08008KT 9999 FEW010 SCT017 BKN050 26/22 Q1010=
09/01/2025 00:00,METAR SBSC 090000Z 09008KT 9000 4000S -RA VCTS SCT014 BKN020 FEW040CB BKN042 24/22 Q1010=
09/01/2025 01:00,METAR SBSC 090100Z 13008KT 4000 -TSRA BR BKN012 FEW035CB OVC040 24/22 Q1011=
09/01/2025 02:00,METAR SBSC 090200Z 08005KT 5000 -TSRA BR SCT010 BKN025 FEW035CB OVC050 23/22 Q1011=
09/01/2025 03:00,METAR SBSC 090300Z 32006KT 8000 -RA VCTS BKN008 FEW035CB OVC050 22/21 Q1011 RETS=
09/01/2025 04:00,METAR SBSC 090400Z 33002KT 9999 SCT012 BKN050 OVC080 22/21 Q1010=
09/01/2025 05:00,METAR COR SBSC 090500Z 07003KT 9999 FEW010 BKN050 OVC080 22/21 Q1010=
09/01/2025 06:00,METAR SBSC 090600Z 18002KT 9999 FEW010 BKN050 OVC080 22/21 Q1009=
09/01/2025 07:00,METAR SBSC 090700Z 19003KT 8000 -RA FEW010 BKN020 OVC050 22/21 Q1009=
09/01/2025 08:00,METAR SBSC 090800Z 20004KT 8000 -RA FEW010 BKN020 OVC050 22/21 Q1009=
09/01/2025 09:00,METAR SBSC 090900Z 24002KT 9999 FEW015 BKN030 23/21 Q1009=
09/01/2025 10:00,METAR SBSC 091000Z 18004KT 9999 FEW007 BKN015 24/22 Q1010=
09/01/2025 11:00,METAR SBSC 091100Z 15008KT 3000 -RA BR BKN007 OVC030 24/22 Q1010=
09/01/2025 12:00,METAR SBSC 091200Z 16006KT 4000 -RA BR BKN010 OVC018 24/22 Q1010=
09/01/2025 13:00,METAR SBSC 091300Z 13006KT 5000 -RA BR BKN008 BKN018 24/22 Q1010=
09/01/2025 14:00,METAR SBSC 091400Z 10007KT 5000 -RA BR BKN008 BKN045 24/22 Q1010=
09/01/2025 15:00,METAR SBSC 091500Z 16012KT 1500 R23/P2000 R05/P2000 RA BR FEW005 BKN008 BKN040 23/21 Q1011=
09/01/2025 16:00,METAR SBSC 091600Z 12008KT 9999 -RA FEW005 BKN010 24/22 Q1010 RERA=
09/01/2025 17:00,METAR SBSC 091700Z 13006KT 9999 -RA FEW005 BKN014 24/22 Q1010=
09/01/2025 18:00,METAR SBSC 091800Z 13005KT 7000 -RA FEW005 BKN014 BKN040 23/21 Q1010=
09/01/2025 19:00,METAR SBSC 091900Z 13006KT 9999 FEW005 SCT060 24/21 Q1010=
09/01/2025 20:00,METAR SBSC 092000Z 14004KT 9999 FEW010 SCT060 24/21 Q1010=
09/01/2025 21:00,METAR SBSC 092100Z 16002KT 9999 FEW010 SCT060 24/20 Q1010=
09/01/2025 22:00,METAR SBSC 092200Z 13004KT 9999 2500NE -RA FEW010 BKN055 23/21 Q1011=
09/01/2025 23:00,METAR SBSC 092300Z 00000KT 9999 FEW010 BKN050 22/21 Q1011=
10/01/2025 00:00,METAR SBSC 100000Z 00000KT 9999 FEW010 BKN060 23/21 Q1011=
10/01/2025 01:00,METAR SBSC 100100Z 27002KT 9999 FEW040 BKN055 BKN067 23/21 Q1011=
10/01/2025 02:00,METAR SBSC 100200Z 27002KT 9999 FEW020 BKN060 23/21 Q1011=
10/01/2025 03:00,METAR SBSC 100300Z 22003KT 9999 SCT020 BKN060 22/21 Q1010=
10/01/2025 04:00,METAR SBSC 100400Z 23003KT 9999 SCT020 BKN090 22/20 Q1010=
10/01/2025 05:00,METAR SBSC 100500Z 25004KT 9999 SCT020 BKN090 22/20 Q1009=
10/01/2025 06:00,METAR SBSC 100600Z 27005KT 9999 FEW009 SCT014 22/20 Q1009=
10/01/2025 07:00,METAR SBSC 100700Z 25005KT 9999 FEW009 SCT014 22/20 Q1009=
10/01/2025 08:00,METAR SBSC 100800Z 25004KT 9999 FEW009 SCT014 22/20 Q1010=
10/01/2025 09:00,METAR SBSC 100900Z 20003KT 9999 FEW010 SCT018 21/20 Q1011=
10/01/2025 10:00,METAR SBSC 101000Z 18004KT 9999 FEW010 SCT023 24/21 Q1011=
10/01/2025 11:00,METAR SBSC 101100Z 18006KT 9999 SCT023 25/20 Q1012=
10/01/2025 12:00,METAR SBSC 101200Z 17006KT 9999 SCT018 25/19 Q1012=
10/01/2025 13:00,METAR SBSC 101300Z 17006KT 9999 SCT020 SCT030 BKN050 25/20 Q1012=
10/01/2025 14:00,METAR SBSC 101400Z 17006KT 110V230 9999 SCT024 27/20 Q1012=
10/01/2025 15:00,METAR SBSC 101500Z 15011KT 110V220 9999 SCT024 27/19 Q1011=
10/01/2025 16:00,METAR SBSC 101600Z 14009KT 110V180 9999 FEW026 27/19 Q1011=
10/01/2025 17:00,METAR SBSC 101700Z 14010KT 9999 FEW025 27/20 Q1011=
10/01/2025 18:00,METAR SBSC 101800Z 15011KT 9999 FEW025 27/19 Q1010=
10/01/2025 19:00,METAR SBSC 101900Z 16010KT 9999 FEW022 26/20 Q1010=
10/01/2025 20:00,METAR SBSC 102000Z 17008KT 9999 FEW020 BKN050 26/20 Q1010=
10/01/2025 21:00,METAR SBSC 102100Z 16007KT 9999 FEW020 BKN050 25/19 Q1011=
10/01/2025 22:00,METAR SBSC 102200Z 17005KT 9999 FEW020 BKN050 24/20 Q1011=
10/01/2025 23:00,METAR SBSC 102300Z 17004KT 9999 FEW020 BKN050 23/20 Q1011=
11/01/2025 00:00,METAR SBSC 110000Z 17005KT 9999 FEW020 BKN050 23/20 Q1011=
11/01/2025 01:00,METAR SBSC 110100Z 31002KT 9999 FEW020 SCT070 23/20 Q1011=
11/01/2025 02:00,METAR SBSC 110200Z 32002KT 9999 FEW020 SCT070 22/20 Q1011=
11/01/2025 03:00,METAR SBSC 110300Z 30002KT 9999 FEW022 22/19 Q1011=
11/01/2025 04:00,METAR SBSC 110400Z 33002KT 9999 FEW022 21/19 Q1011=
11/01/2025 05:00,METAR SBSC 110500Z 28004KT 9999 FEW025 21/18 Q1011=
11/01/2025 06:00,METAR SBSC 110600Z 35003KT 9999 FEW025 20/18 Q1011=
11/01/2025 07:00,METAR SBSC 110700Z 03003KT 9999 FEW025 20/18 Q1010=
11/01/2025 08:00,METAR SBSC 110800Z 34004KT 9999 FEW022 21/19 Q1010=
11/01/2025 09:00,METAR SBSC 110900Z 02004KT 9999 FEW022 22/19 Q1010=
11/01/2025 10:00,METAR SBSC 111000Z 03003KT 9999 FEW020 SCT070 22/20 Q1011=
11/01/2025 11:00,METAR SBSC 111100Z 01002KT 9999 FEW015 SCT070 24/20 Q1011=
11/01/2025 12:00,METAR SBSC 111200Z 05001KT 9999 FEW015 BKN070 25/20 Q1011=
11/01/2025 13:00,METAR SBSC 111300Z VRB01KT 9999 FEW015 BKN060 27/19 Q1011=
11/01/2025 14:00,METAR SBSC 111400Z 18005KT 9999 FEW015 BKN060 28/19 Q1011=
11/01/2025 15:00,METAR SBSC 111500Z 17008KT 9999 FEW020 28/19 Q1011=
11/01/2025 16:00,METAR SBSC 111600Z 16010KT 9999 FEW020 28/19 Q1010=
11/01/2025 17:00,METAR SBSC 111700Z 15011KT 9999 FEW020 28/20 Q1010=
11/01/2025 18:00,METAR SBSC 111800Z 16012KT 9999 FEW020 SCT040 27/20 Q1010=
11/01/2025 19:00,METAR SBSC 111900Z 16009KT 9999 FEW020 SCT040 27/20 Q1010=
11/01/2025 20:00,METAR SBSC 112000Z 16008KT 9999 SCT020 BKN050 26/20 Q1010=
11/01/2025 21:00,METAR SBSC 112100Z 15007KT 9999 FEW020 BKN040 25/20 Q1010=
11/01/2025 22:00,METAR SBSC 112200Z 14005KT 9999 FEW020 BKN040 25/20 Q1010=
11/01/2025 23:00,METAR SBSC 112300Z 14004KT 100V190 9999 FEW020 BKN050 24/20 Q1011=
12/01/2025 00:00,METAR SBSC 120000Z 16004KT 100V180 9999 SCT040 23/20 Q1011=
12/01/2025 01:00,METAR SBSC 120100Z 13004KT 9999 FEW020 23/20 Q1012=
12/01/2025 02:00,METAR SBSC 120200Z 12006KT 9999 FEW030 24/20 Q1012=
12/01/2025 03:00,METAR SBSC 120300Z 13004KT 9999 SCT035 24/20 Q1012=
12/01/2025 04:00,METAR SBSC 120400Z 02003KT 9999 SCT030 24/20 Q1011=
12/01/2025 05:00,METAR SBSC 120500Z 34003KT 9999 SCT020 23/20 Q1011=
12/01/2025 06:00,METAR SBSC 120600Z 02002KT 9999 SCT020 23/20 Q1010=
12/01/2025 07:00,METAR SBSC 120700Z 34002KT 9999 SCT014 22/20 Q1010=
12/01/2025 08:00,METAR SBSC 120800Z 36003KT 9999 BKN014 22/20 Q1010=
12/01/2025 09:00,METAR SBSC 120900Z 33003KT 9999 FEW018 SCT050 21/19 Q1011=
12/01/2025 10:00,METAR SBSC 121000Z 35001KT 9999 BKN049 23/20 Q1012=
12/01/2025 11:00,METAR SBSC 121100Z 00000KT 9999 SCT040 BKN090 25/20 Q1012=
12/01/2025 12:00,METAR SBSC 121200Z 18002KT 9999 FEW019 SCT050 25/20 Q1012=
12/01/2025 13:00,METAR SBSC 121300Z VRB01KT 9999 FEW020 BKN050 25/20 Q1012=
12/01/2025 14:00,METAR SBSC 121400Z 20002KT 8000 -DZ FEW020 BKN040 24/19 Q1012=
12/01/2025 15:00,METAR SBSC 121500Z 19007KT 150V270 9999 FEW010 SCT020 BKN035 24/21 Q1012=
12/01/2025 16:00,METAR SBSC 121600Z 18005KT 9999 FEW020 BKN040 25/21 Q1011=
12/01/2025 17:00,METAR SBSC 121700Z 17007KT 9999 FEW020 BKN040 26/20 Q1010=
12/01/2025 18:00,METAR SBSC 121800Z 15007KT 9999 FEW020 BKN040 25/20 Q1010=
12/01/2025 19:00,METAR SBSC 121900Z 16005KT 9999 FEW020 BKN045 25/20 Q1010=
12/01/2025 20:00,METAR SBSC 122000Z 15005KT 9999 FEW020 BKN050 25/20 Q1010=
12/01/2025 21:00,METAR SBSC 122100Z 16005KT 9999 FEW020 BKN060 25/20 Q1010=
12/01/2025 22:00,METAR SBSC 122200Z 17006KT 9999 FEW010 BKN018 OVC050 24/20 Q1011=
12/01/2025 23:00,METAR SBSC 122300Z 15005KT 9999 -DZ FEW015 BKN025 OVC050 23/21 Q1011=
13/01/2025 00:00,METAR SBSC 130000Z 22002KT 9999 FEW020 BKN040 22/21 Q1012=
13/01/2025 01:00,METAR SBSC 130100Z 00000KT 5000 BR SCT005 BKN015 OVC050 22/21 Q1012=
13/01/2025 02:00,METAR SBSC 130200Z 20004KT 5000 BR SCT005 BKN015 OVC050 22/21 Q1012=
13/01/2025 03:00,METAR SBSC 130300Z 19005KT 5000 BR SCT005 BKN015 OVC050 22/21 Q1012=
13/01/2025 04:00,METAR SBSC 130400Z 23004KT 5000 BR SCT005 BKN015 OVC050 21/20 Q1011=
13/01/2025 05:00,METAR SBSC 130500Z 21005KT 5000 BR SCT005 BKN015 OVC050 21/20 Q1011=
13/01/2025 06:00,METAR SBSC 130600Z 19005KT 5000 BR SCT005 BKN015 OVC050 20/19 Q1010=
13/01/2025 07:00,METAR SBSC 130700Z 20003KT 5000 BR SCT005 BKN015 OVC050 20/19 Q1010=
13/01/2025 08:00,METAR SBSC 130800Z 21003KT 3000 -RA BR SCT005 BKN010 OVC025 21/20 Q1011=
13/01/2025 09:00,METAR SBSC 130900Z 23002KT 3000 -RA BR SCT005 BKN010 OVC025 21/20 Q1011=
13/01/2025 10:00,METAR SBSC 131000Z 29002KT 5000 BR FEW005 BKN015 OVC040 21/20 Q1012=
13/01/2025 11:00,METAR SBSC 131100Z 31002KT 8000 FEW005 BKN015 OVC040 22/20 Q1012=
13/01/2025 12:00,METAR SBSC 131200Z 35003KT 8000 FEW005 BKN015 OVC040 23/20 Q1012=
13/01/2025 13:00,METAR SBSC 131300Z 20007KT 9999 SCT014 BKN025 BKN039 23/20 Q1012=
13/01/2025 14:00,METAR SBSC 131400Z 19005KT 9999 FEW011 BKN033 24/20 Q1012=
13/01/2025 15:00,METAR SBSC 131500Z 19006KT 9999 FEW009 SCT021 BKN038 25/20 Q1012=
13/01/2025 16:00,METAR SBSC 131600Z 20007KT 9999 FEW013 BKN040 25/19 Q1012=
13/01/2025 17:00,METAR SBSC 131700Z 17005KT 9999 SCT030 BKN045 26/18 Q1011=
13/01/2025 18:00,METAR SBSC 131800Z 17005KT 9999 FEW030 BKN045 BKN060 25/19 Q1011=
13/01/2025 19:00,METAR SBSC 131900Z 17005KT 9999 SCT024 BKN050 25/19 Q1010=
13/01/2025 20:00,METAR SBSC 132000Z 17005KT 9999 SCT035 BKN050 24/19 Q1010=
13/01/2025 21:00,METAR SBSC 132100Z 17003KT 9999 FEW027 SCT050 BKN070 24/19 Q1010=
13/01/2025 22:00,METAR SBSC 132200Z 18003KT 9999 SCT027 BKN058 BKN070 24/19 Q1011=
13/01/2025 23:00,METAR SBSC 132300Z 17002KT 9999 FEW040 BKN055 BKN070 23/19 Q1011=
14/01/2025 00:00,METAR SBSC 140000Z 01003KT 9999 SCT023 BKN030 BKN070 23/20 Q1011=
14/01/2025 01:00,METAR SBSC 140100Z 31002KT 9999 -DZ SCT008 BKN030 BKN070 22/20 Q1012=
14/01/2025 02:00,METAR SBSC 140200Z 11006KT 5000 -RA BR OVC030 22/21 Q1012=
14/01/2025 03:00,METAR SBSC 140300Z 23001KT 6000 -RA SCT012 OVC030 20/19 Q1012=
14/01/2025 04:00,METAR SBSC 140400Z 23004KT 9000 -RA SCT012 OVC030 21/19 Q1011=
14/01/2025 05:00,METAR SBSC 140500Z 24003KT 9000 SCT012 OVC040 21/19 Q1011=
14/01/2025 06:00,METAR SBSC 140600Z 21004KT 8000 SCT015 OVC040 21/19 Q1011=
14/01/2025 07:00,METAR SBSC 140700Z 26003KT 6000 -DZ SCT010 OVC040 20/19 Q1011=
14/01/2025 08:00,METAR SBSC 140800Z 29004KT 6000 SCT010 OVC040 20/19 Q1011=
14/01/2025 09:00,METAR SBSC 140900Z 34001KT 9999 FEW010 SCT040 BKN080 21/20 Q1011=
14/01/2025 10:00,METAR SBSC 141000Z 35003KT 9999 SCT030 BKN080 22/20 Q1011=
14/01/2025 11:00,METAR SBSC 141100Z 36004KT 9999 SCT030 BKN080 23/21 Q1011=
14/01/2025 12:00,METAR SBSC 141200Z 34002KT 9999 FEW030 BKN060 25/19 Q1011=
14/01/2025 13:00,METAR SBSC 141300Z 11002KT 9999 FEW020 BKN050 26/19 Q1011=
14/01/2025 14:00,METAR SBSC 141400Z 14005KT 9999 SCT020 OVC030 25/19 Q1012=
14/01/2025 15:00,METAR SBSC 141500Z 14007KT 9999 SCT030 OVC040 25/20 Q1011=
14/01/2025 16:00,METAR SBSC 141600Z 13007KT 9999 SCT020 OVC030 25/20 Q1011=
14/01/2025 17:00,METAR SBSC 141700Z 12006KT 9999 FEW015 OVC035 25/20 Q1011=
14/01/2025 18:00,METAR COR SBSC 141800Z 09007KT 8000 -DZ SCT015 OVC035 24/20 Q1011=
14/01/2025 19:00,METAR SBSC 141900Z 09006KT 9999 FEW015 OVC025 24/20 Q1010=
14/01/2025 20:00,METAR SBSC 142000Z 08005KT 9999 FEW015 OVC030 24/19 Q1010=
14/01/2025 21:00,METAR SBSC 142100Z 09002KT 9999 VCSH FEW015 OVC025 24/19 Q1011=
14/01/2025 22:00,METAR SBSC 142200Z 20003KT 9999 FEW020 OVC030 23/20 Q1011=
14/01/2025 23:00,METAR SBSC 142300Z 34004KT 9999 FEW020 OVC040 22/20 Q1012=
15/01/2025 00:00,METAR SBSC 150000Z 35003KT 9999 FEW020 OVC040 22/20 Q1013=
15/01/2025 01:00,METAR SBSC 150100Z 32003KT 9999 FEW040 BKN055 22/20 Q1013=
15/01/2025 02:00,METAR SBSC 150200Z 31003KT 9999 FEW020 BKN060 22/20 Q1013=
15/01/2025 03:00,METAR SBSC 150300Z 28003KT 9999 FEW020 BKN060 22/20 Q1012=
15/01/2025 04:00,METAR SBSC 150400Z 30002KT 9999 FEW010 SCT040 23/20 Q1012=
15/01/2025 05:00,METAR SBSC 150500Z 32003KT 9999 FEW010 SCT040 23/20 Q1011=
15/01/2025 06:00,METAR SBSC 150600Z 28002KT 9999 SCT015 SCT070 22/20 Q1011=
15/01/2025 07:00,METAR SBSC 150700Z 31002KT 9999 SCT015 22/20 Q1011=
15/01/2025 08:00,METAR SBSC 150800Z 31003KT 9999 SCT015 22/20 Q1012=
15/01/2025 09:00,METAR SBSC 150900Z 01003KT 9999 FEW011 22/20 Q1013=
15/01/2025 10:00,METAR SBSC 151000Z 34004KT 9999 FEW009 SCT049 BKN070 23/21 Q1013=
15/01/2025 11:00,METAR SBSC 151100Z 34006KT 9999 FEW013 BKN070 23/20 Q1014=
15/01/2025 12:00,METAR SBSC 151200Z 35005KT 9999 SCT013 BKN070 23/20 Q1014=
15/01/2025 13:00,METAR SBSC 151300Z 35005KT 9999 SCT015 BKN050 24/19 Q1014=
15/01/2025 14:00,METAR SBSC 151400Z 01007KT 9999 SCT020 BKN050 26/19 Q1013=
15/01/2025 15:00,METAR SBSC 151500Z 35006KT 9999 SCT020 SCT050 BKN070 27/19 Q1013=
15/01/2025 16:00,METAR SBSC 151600Z 36006KT 9999 SCT020 SCT050 BKN070 28/20 Q1013=
15/01/2025 17:00,METAR SBSC 151700Z 02007KT 9999 SCT030 SCT050 BKN070 28/19 Q1012=
15/01/2025 18:00,METAR SBSC 151800Z 36004KT 9999 SCT030 SCT050 BKN070 28/20 Q1012=
15/01/2025 19:00,METAR SBSC 151900Z 08007KT 9999 SCT030 FEW031TCU SCT040 BKN070 27/20 Q1011=
15/01/2025 20:00,METAR SBSC 152000Z 08006KT 9999 SCT030 FEW031TCU SCT040 BKN070 27/21 Q1011=
15/01/2025 21:00,METAR SBSC 152100Z 08007KT 9999 SCT030 FEW031TCU SCT040 BKN070 26/21 Q1011=
15/01/2025 22:00,METAR SBSC 152200Z 08006KT 8000 SCT030 FEW031TCU SCT040 BKN070 26/21 Q1021=
15/01/2025 23:00,METAR SBSC 152300Z 08003KT 8000 SCT030 FEW031TCU SCT040 BKN070 26/22 Q1013=
16/01/2025 00:00,METAR SBSC 160000Z 30003KT 8000 FEW010 BKN025 OVC040 25/21 Q1013=
16/01/2025 01:00,METAR SBSC 160100Z 30003KT 8000 FEW010 BKN025 OVC040 24/21 Q1014=
16/01/2025 02:00,METAR SBSC 160200Z 34002KT 9999 BKN030 OVC060 24/22 Q1014=
16/01/2025 03:00,METAR SBSC 160300Z 33003KT 9999 BKN030 OVC070 24/22 Q1014=
16/01/2025 04:00,METAR SBSC 160400Z 32002KT 9999 BKN030 OVC070 23/21 Q1013=
16/01/2025 05:00,METAR SBSC 160500Z 31002KT 9999 SCT030 OVC070 23/21 Q1013=
16/01/2025 06:00,METAR SBSC 160600Z 35004KT 9999 SCT030 OVC070 22/21 Q1013=
16/01/2025 07:00,METAR SBSC 160700Z 33004KT 9999 SCT030 OVC070 21/20 Q1013=
16/01/2025 08:00,METAR SBSC 160800Z 35002KT 9999 SCT030 OVC070 21/20 Q1013=
16/01/2025 09:00,METAR SBSC 160900Z 05004KT 9999 FEW010 SCT030 OVC100 22/21 Q1014=
16/01/2025 10:00,METAR SBSC 161000Z 04004KT 9999 FEW010 SCT030 OVC100 24/22 Q1014=
16/01/2025 11:00,METAR SBSC 161100Z 02005KT 9999 SCT030 BKN070 25/22 Q1015=
16/01/2025 12:00,METAR SBSC 161200Z 36004KT 9999 FEW030 OVC070 27/22 Q1015=
16/01/2025 13:00,METAR SBSC 161300Z 01003KT 9999 FEW020 29/22 Q1015=
16/01/2025 14:00,METAR SBSC 161400Z 15004KT 9999 FEW020 30/21 Q1014=
16/01/2025 15:00,METAR SBSC 161500Z 12006KT 9999 FEW020 SCT040 31/21 Q1014=
16/01/2025 16:00,METAR SBSC 161600Z 04004KT 9999 FEW020 SCT040 32/22 Q1013=
16/01/2025 17:00,METAR SBSC 161700Z 33008KT 9999 FEW020 SCT040 32/21 Q1012=
16/01/2025 18:00,METAR SBSC 161800Z 10011KT 9999 FEW020 SCT040 32/22 Q1011=
16/01/2025 19:00,METAR SBSC 161900Z 09010KT 9999 FEW020 SCT045 30/22 Q1011=
16/01/2025 20:00,METAR SBSC 162000Z 10010KT 9999 FEW020 BKN050 29/22 Q1011=
16/01/2025 21:00,METAR SBSC 162100Z 09006KT 9999 FEW020 SCT060 BKN080 29/22 Q1011=
16/01/2025 22:00,METAR SBSC 162200Z 09005KT 9999 FEW020 SCT060 28/22 Q1012=
16/01/2025 23:00,METAR SBSC 162300Z 08003KT 9999 FEW020 27/22 Q1012=
17/01/2025 00:00,METAR SBSC 170000Z 11002KT 9999 FEW020 28/22 Q1013=
17/01/2025 01:00,METAR SBSC 170100Z 03010KT 8000 FEW020 SCT050 27/22 Q1014=
17/01/2025 02:00,METAR SBSC 170200Z 01006KT 8000 FEW020 SCT050 26/22 Q1014=
17/01/2025 03:00,METAR SBSC 170300Z 36008KT 8000 FEW020 SCT050 26/23 Q1014=
17/01/2025 04:00,METAR SBSC 170400Z 01008KT 8000 FEW020 SCT050 26/23 Q1014=
17/01/2025 05:00,METAR SBSC 170500Z 02007KT 8000 FEW020 SCT050 25/22 Q1013=
17/01/2025 06:00,METAR SBSC 170600Z 36007KT 8000 FEW020 SCT050 25/22 Q1013=
17/01/2025 07:00,METAR SBSC 170700Z 36006KT 8000 FEW020 SCT050 24/21 Q1012=
17/01/2025 08:00,METAR SBSC 170800Z 01008KT 8000 FEW020 SCT050 24/21 Q1012=
17/01/2025 09:00,METAR SBSC 170900Z 36006KT 8000 FEW020 SCT050 25/23 Q1013=
17/01/2025 10:00,METAR SBSC 171000Z 02006KT 8000 FEW020 SCT050 26/23 Q1013=
17/01/2025 11:00,METAR SBSC 171100Z 35009KT CAVOK 30/23 Q1013=
17/01/2025 12:00,METAR SBSC 171200Z 36010KT CAVOK 32/23 Q1013=
17/01/2025 13:00,METAR SBSC 171300Z 33011KT 9999 FEW013 33/22 Q1013=
17/01/2025 14:00,METAR SBSC 171400Z 35013KT 9999 FEW014 35/22 Q1012=
17/01/2025 15:00,METAR SBSC 171500Z 35011KT 9999 FEW015 35/22 Q1012=
17/01/2025 16:00,METAR SBSC 171600Z 36011KT 9999 FEW014 37/22 Q1011=
17/01/2025 17:00,METAR SBSC 171700Z 35009KT 9999 FEW014 37/21 Q1010=
17/01/2025 18:00,METAR SBSC 171800Z 02009KT 9999 FEW023 37/21 Q1010=
17/01/2025 19:00,METAR SBSC 171900Z 08016KT 9999 FEW025 SCT066 34/22 Q1009=
17/01/2025 20:00,METAR SBSC 172000Z 09010KT CAVOK 33/22 Q1009=
17/01/2025 21:00,METAR SBSC 172100Z 21005KT 9999 FEW036 SCT070 31/23 Q1010=
17/01/2025 22:00,METAR SBSC 172200Z 20007KT 9999 FEW031 BKN076 26/22 Q1011=
17/01/2025 23:00,METAR SBSC 172300Z 19006KT 9999 FEW030 SCT083 25/22 Q1012=
18/01/2025 00:00,METAR SBSC 180000Z 17005KT CAVOK 25/22 Q1012=
18/01/2025 01:00,METAR SBSC 180100Z 17005KT CAVOK 24/22 Q1013=
18/01/2025 02:00,METAR SBSC 180200Z 17004KT CAVOK 24/22 Q1013=
18/01/2025 03:00,METAR SBSC 180300Z 13002KT 8000 NSC 24/22 Q1012=
18/01/2025 04:00,METAR SBSC 180400Z 12003KT 8000 NSC 23/22 Q1012=
18/01/2025 05:00,METAR SBSC 180500Z 07003KT 8000 NSC 23/21 Q1012=
18/01/2025 06:00,METAR SBSC 180600Z 09002KT 8000 FEW025 22/20 Q1011=
18/01/2025 07:00,METAR SBSC 180700Z 04003KT 8000 FEW025 21/21 Q1011=
18/01/2025 08:00,METAR SBSC 180800Z 05003KT 9999 FEW020 22/21 Q1011=
18/01/2025 09:00,METAR SBSC 180900Z 07004KT 9999 FEW020 23/22 Q1011=
18/01/2025 10:00,METAR SBSC 181000Z 33010KT CAVOK 26/22 Q1012=
18/01/2025 11:00,METAR SBSC 181100Z 33007KT CAVOK 29/22 Q1012=
18/01/2025 12:00,METAR SBSC 181200Z 33011KT CAVOK 32/23 Q1012=
18/01/2025 13:00,METAR SBSC 181300Z 32008KT CAVOK 33/22 Q1012=
18/01/2025 14:00,METAR SBSC 181400Z 31008KT CAVOK 35/22 Q1011=
18/01/2025 15:00,METAR SBSC 181500Z 26007KT CAVOK 34/24 Q1011=
18/01/2025 16:00,METAR SBSC 181600Z 17008KT CAVOK 31/23 Q1010=
18/01/2025 17:00,METAR SBSC 181700Z 17008KT 9999 FEW020 31/23 Q1010=
18/01/2025 18:00,METAR SBSC 181800Z 19007KT 9999 FEW030 31/23 Q1009=
18/01/2025 19:00,METAR SBSC 181900Z 18007KT 9999 FEW030 31/23 Q1009=
18/01/2025 20:00,METAR SBSC 182000Z 19006KT 9999 FEW030 30/23 Q1009=
18/01/2025 21:00,METAR SBSC 182100Z 20007KT CAVOK 29/22 Q1009=
18/01/2025 22:00,METAR SBSC 182200Z 20005KT 9999 FEW030 FEW035TCU 27/22 Q1010=
18/01/2025 23:00,METAR SBSC 182300Z 20007KT 9999 VCTS FEW030 FEW035CB 26/23 Q1010=
19/01/2025 00:00,METAR SBSC 190000Z 21004KT 9999 VCTS FEW030 FEW035CB 27/22 Q1011=
19/01/2025 01:00,METAR SBSC 190100Z 18005KT 9999 FEW033 BKN067 27/23 Q1012=
19/01/2025 02:00,METAR SBSC 190200Z 15005KT 9999 FEW033 SCT078 26/23 Q1012=
19/01/2025 03:00,METAR SBSC 190300Z 14004KT CAVOK 26/23 Q1011=
19/01/2025 04:00,METAR SBSC 190400Z 16003KT CAVOK 26/23 Q1010=
19/01/2025 05:00,METAR SBSC 190500Z 12003KT CAVOK 25/22 Q1010=
19/01/2025 07:00,METAR SBSC 190700Z 10003KT CAVOK 25/22 Q1010=
19/01/2025 08:00,METAR SBSC 190800Z 10004KT CAVOK 26/22 Q1010=
19/01/2025 09:00,METAR SBSC 190900Z 00000KT CAVOK 24/22 Q1010=
19/01/2025 10:00,METAR SBSC 191000Z 36003KT CAVOK 27/24 Q1010=
19/01/2025 11:00,METAR SBSC 191100Z 01006KT 9999 FEW007 30/23 Q1010=
19/01/2025 12:00,METAR SBSC 191200Z 34007KT CAVOK 33/24 Q1010=
19/01/2025 13:00,METAR SBSC 191300Z 33008KT 9999 FEW030 35/23 Q1010=
19/01/2025 14:00,METAR SBSC 191400Z 34006KT 9999 FEW030 36/23 Q1009=
19/01/2025 15:00,NO DATA AVAILABLE
19/01/2025 16:00,NO DATA AVAILABLE
19/01/2025 17:00,NO DATA AVAILABLE
19/01/2025 18:00,NO DATA AVAILABLE
19/01/2025 19:00,NO DATA AVAILABLE
19/01/2025 20:00,NO DATA AVAILABLE
19/01/2025 21:00,NO DATA AVAILABLE
19/01/2025 22:00,NO DATA AVAILABLE
19/01/2025 23:00,NO DATA AVAILABLE
20/01/2025 00:00,NO DATA AVAILABLE
20/01/2025 01:00,NO DATA AVAILABLE
20/01/2025 02:00,NO DATA AVAILABLE
20/01/2025 03:00,NO DATA AVAILABLE
20/01/2025 04:00,NO DATA AVAILABLE
20/01/2025 05:00,NO DATA AVAILABLE
20/01/2025 06:00,NO DATA AVAILABLE
20/01/2025 07:00,NO DATA AVAILABLE
20/01/2025 08:00,NO DATA AVAILABLE
20/01/2025 09:00,NO DATA AVAILABLE
20/01/2025 10:00,NO DATA AVAILABLE
20/01/2025 11:00,NO DATA AVAILABLE
20/01/2025 12:00,NO DATA AVAILABLE
20/01/2025 13:00,NO DATA AVAILABLE
20/01/2025 14:00,NO DATA AVAILABLE
20/01/2025 15:00,NO DATA AVAILABLE
20/01/2025 16:00,NO DATA AVAILABLE
20/01/2025 17:00,NO DATA AVAILABLE
20/01/2025 18:00,NO DATA AVAILABLE
20/01/2025 19:00,NO DATA AVAILABLE
20/01/2025 20:00,NO DATA AVAILABLE
20/01/2025 21:00,NO DATA AVAILABLE
20/01/2025 22:00,NO DATA AVAILABLE
20/01/2025 23:00,NO DATA AVAILABLE
21/01/2025 00:00,NO DATA AVAILABLE
21/01/2025 01:00,NO DATA AVAILABLE
21/01/2025 12:00,NO DATA AVAILABLE
21/01/2025 12:00,NO DATA AVAILABLE
21/01/2025 12:00,NO DATA AVAILABLE
21/01/2025 12:00,NO DATA AVAILABLE
21/01/2025 12:00,NO DATA AVAILABLE
21/01/2025 12:00,NO DATA AVAILABLE
21/01/2025 12:00,NO DATA AVAILABLE
21/01/2025 12:00,NO DATA AVAILABLE
21/01/2025 12:00,NO DATA AVAILABLE
21/01/2025 12:00,NO DATA AVAILABLE
21/01/2025 13:00,NO DATA AVAILABLE
21/01/2025 14:00,NO DATA AVAILABLE
21/01/2025 15:00,METAR SBSC 211500Z 15009KT 9999 FEW030 37/19 Q1009=
21/01/2025 16:00,METAR SBSC 211600Z 14010KT 9999 SCT030 37/20 Q1009=
21/01/2025 17:00,METAR SBSC 211700Z 15008KT 9999 SCT030 37/20 Q1009=
21/01/2025 18:00,METAR SBSC 211800Z 12009KT 9999 SCT030 FEW032TCU 37/19 Q1009=
21/01/2025 19:00,METAR SBSC 211900Z 13010KT 9999 SCT030 FEW032TCU 36/19 Q1009=
21/01/2025 20:00,METAR SBSC 212000Z 13011KT 9999 FEW030 35/19 Q1009=
21/01/2025 21:00,METAR SBSC 212100Z 13008KT 9999 FEW030 33/20 Q1009=
21/01/2025 22:00,METAR SBSC 212200Z 13005KT 9999 SCT025 FEW030TCU 32/20 Q1010=
21/01/2025 23:00,METAR SBSC 212300Z 21002KT 9999 TS SCT025 FEW030CB 29/24 Q1011=
22/01/2025 00:00,METAR SBSC 220000Z 22002KT 9999 TS SCT025 FEW030CB 29/24 Q1012=
22/01/2025 01:00,METAR SBSC 220100Z 20002KT 9999 VCTS SCT025 FEW030CB 29/24 Q1012 RETS=
22/01/2025 02:00,METAR SBSC 220200Z 26002KT 9999 FEW020 28/22 Q1013=
22/01/2025 03:00,METAR SBSC 220300Z 36002KT 9999 FEW020 28/22 Q1012=
22/01/2025 12:00,METAR SBSC 221200Z VRB02KT CAVOK 32/23 Q1014=
22/01/2025 13:00,METAR SBSC 221300Z 17005KT 9999 FEW025 SCT090 33/22 Q1013=
22/01/2025 14:00,METAR SBSC 221400Z 16009KT 9999 FEW025 SCT090 31/24 Q1014=
22/01/2025 15:00,METAR SBSC 221500Z 16007KT 9999 FEW025 BKN090 32/24 Q1014=
22/01/2025 16:00,METAR SBSC 221600Z 16010KT 9999 FEW025 SCT090 33/23 Q1013=
22/01/2025 17:00,METAR SBSC 221700Z 16009KT 9999 FEW025 33/24 Q1012=
22/01/2025 18:00,METAR SBSC 221800Z 16007KT 9999 FEW025 32/23 Q1012=
22/01/2025 19:00,METAR SBSC 221900Z 16004KT 9999 TS SCT030 FEW040CB 32/23 Q1012=
22/01/2025 20:00,METAR SBSC 222000Z 17006KT 9999 TS SCT040 FEW060CB 31/24 Q1011=
22/01/2025 21:00,METAR SBSC 222100Z 21003KT CAVOK 31/24 Q1012 RETS=
22/01/2025 22:00,METAR SBSC 222200Z 16004KT 9999 SCT030 29/23 Q1013=
22/01/2025 23:00,METAR SBSC 222300Z 10005KT CAVOK 30/22 Q1013=
23/01/2025 00:00,METAR SBSC 230000Z 13006KT CAVOK 29/22 Q1014=
23/01/2025 01:00,METAR SBSC 230100Z 16003KT CAVOK 28/23 Q1015=
23/01/2025 02:00,METAR SBSC 230200Z 18004KT CAVOK 27/24 Q1015=
23/01/2025 03:00,METAR SBSC 230300Z 20004KT CAVOK 27/23 Q1015=
23/01/2025 04:00,METAR SBSC 230400Z 22005KT CAVOK 26/23 Q1014=
23/01/2025 05:00,METAR SBSC 230500Z 19005KT 9999 FEW030 25/22 Q1014=
23/01/2025 06:00,METAR SBSC 230600Z 24004KT 9999 FEW030 25/22 Q1013=
23/01/2025 07:00,METAR SBSC 230700Z 24006KT 9999 FEW027 25/22 Q1013=
23/01/2025 08:00,METAR SBSC 230800Z 22004KT 9999 FEW027 26/23 Q1013=
23/01/2025 09:00,METAR SBSC 230900Z 20005KT 9999 FEW027 27/23 Q1013=
23/01/2025 10:00,METAR SBSC 231000Z 34002KT 9999 FEW010 27/24 Q1014=
23/01/2025 11:00,METAR SBSC 231100Z 04002KT 9999 FEW015 30/25 Q1015=
23/01/2025 12:00,METAR SBSC 231200Z 02004KT 9999 FEW010 31/24 Q1014=
23/01/2025 13:00,METAR SBSC 231300Z 04003KT 9999 FEW025 33/22 Q1014=
23/01/2025 14:00,METAR SBSC 231400Z 15011KT 9999 FEW030TCU 31/25 Q1014=
23/01/2025 15:00,METAR SBSC 231500Z 16010KT 9999 FEW030TCU 31/24 Q1014=
23/01/2025 16:00,METAR SBSC 231600Z 15011KT 9999 FEW030TCU 31/25 Q1014=
23/01/2025 17:00,METAR SBSC 231700Z 13011KT 9999 FEW040TCU 31/24 Q1013=
23/01/2025 18:00,METAR SBSC 231800Z 14012KT 9999 FEW030TCU 31/25 Q1013=
23/01/2025 19:00,METAR SBSC 231900Z 16008KT 9999 BKN025 FEW040TCU 29/24 Q1014=
23/01/2025 20:00,METAR SBSC 232000Z 12008KT 9999 BKN025 FEW030TCU 28/24 Q1014=
23/01/2025 21:00,METAR SBSC 232100Z 18004KT 9999 -RA BKN025 FEW030TCU 28/25 Q1014=
23/01/2025 22:00,METAR SBSC 232200Z 17004KT 9999 BKN020 27/24 Q1014=
23/01/2025 23:00,METAR SBSC 232300Z 17003KT 9999 BKN025 27/24 Q1014=
24/01/2025 00:00,METAR SBSC 240000Z 08003KT 9999 BKN030 27/24 Q1014=
24/01/2025 01:00,METAR SBSC 240100Z 31002KT 9999 SCT015 SCT050 25/23 Q1015=
24/01/2025 02:00,METAR SBSC 240200Z 00000KT 9999 SCT015 SCT050 25/23 Q1016=
24/01/2025 03:00,METAR SBSC 240300Z 33003KT 8000 SCT015 SCT050 25/23 Q1015=
24/01/2025 04:00,METAR SBSC 240400Z 35005KT 8000 SCT015 SCT050 25/23 Q1014=
24/01/2025 05:00,METAR SBSC 240500Z 33003KT 8000 SCT015 SCT050 24/23 Q1014=
24/01/2025 06:00,METAR SBSC 240600Z 34004KT 8000 SCT015 SCT050 24/23 Q1013=
24/01/2025 07:00,METAR SBSC 240700Z 36005KT 8000 SCT015 SCT050 24/23 Q1013=
24/01/2025 08:00,METAR SBSC 240800Z 01006KT 8000 SCT015 SCT050 24/22 Q1014=
24/01/2025 09:00,METAR SBSC 240900Z 35005KT 8000 SCT015 SCT050 25/23 Q1014=
24/01/2025 10:00,METAR SBSC 241000Z 34004KT 8000 FEW015 BKN070 26/23 Q1015=
24/01/2025 11:00,METAR SBSC 241100Z 34005KT 8000 FEW015 BKN070 27/23 Q1015=
24/01/2025 12:00,METAR SBSC 241200Z 33007KT 8000 FEW015 BKN070 29/22 Q1015=
24/01/2025 13:00,METAR SBSC 241300Z 32007KT 9999 FEW025 BKN070 31/22 Q1015=
24/01/2025 14:00,METAR SBSC 241400Z 32004KT 9999 FEW025 BKN070 30/22 Q1014=
24/01/2025 15:00,METAR SBSC 241500Z 32005KT 9999 FEW020 BKN100 32/22 Q1014=
24/01/2025 16:00,METAR SBSC 241600Z 16005KT 9999 SCT020 FEW030TCU 32/24 Q1013=
24/01/2025 17:00,METAR SBSC 241700Z 13011KT 8000 FEW010 FEW030TCU BKN035 31/24 Q1013=
24/01/2025 18:00,METAR SBSC 241800Z 13012KT 9999 FEW010 BKN040 31/23 Q1012=
24/01/2025 20:00,METAR SBSC 242000Z 18003KT 9999 FEW010 29/23 Q1012=
24/01/2025 21:00,METAR SBSC 242100Z 11005KT 9999 FEW010 29/22 Q1012=
24/01/2025 22:00,METAR SBSC 242200Z 14006KT 9999 FEW010 27/22 Q1013=
24/01/2025 23:00,METAR SBSC 242300Z 20003KT 9999 FEW010 27/22 Q1013=
25/01/2025 00:00,METAR SBSC 250000Z 22003KT 9999 FEW010 SCT050 27/23 Q1014=
25/01/2025 01:00,METAR SBSC 250100Z 19002KT 9999 FEW010 SCT050 26/23 Q1014=
25/01/2025 02:00,METAR SBSC 250200Z 23001KT 9999 FEW010 26/23 Q1014=
25/01/2025 03:00,METAR SBSC 250300Z 18002KT 9999 FEW010 25/23 Q1014=
25/01/2025 04:00,METAR SBSC 250400Z 26002KT 9999 FEW010 25/23 Q1013=
25/01/2025 05:00,METAR SBSC 250500Z 32004KT CAVOK 25/23 Q1013=
25/01/2025 06:00,METAR SBSC 250600Z 36005KT CAVOK 24/23 Q1012=
25/01/2025 07:00,METAR SBSC 250700Z 02005KT 9999 FEW008 24/22 Q1012=
25/01/2025 08:00,METAR SBSC 250800Z 02006KT 9999 FEW008 SCT015 25/22 Q1012=
25/01/2025 09:00,METAR SBSC 250900Z 35006KT CAVOK 25/21 Q1012=
25/01/2025 10:00,METAR SBSC 251000Z 34007KT CAVOK 27/21 Q1013=
25/01/2025 11:00,METAR SBSC 251100Z 34007KT 9999 FEW010 28/21 Q1013=
25/01/2025 12:00,METAR SBSC 251200Z 33007KT CAVOK 30/21 Q1013=
25/01/2025 13:00,METAR SBSC 251300Z 32010KT CAVOK 31/21 Q1013=
25/01/2025 14:00,METAR SBSC 251400Z 33011KT CAVOK 33/22 Q1013=
25/01/2025 15:00,METAR SBSC 251500Z 32008KT CAVOK 34/22 Q1012=
25/01/2025 16:00,METAR SBSC 251600Z 33011KT CAVOK 35/22 Q1011=
25/01/2025 17:00,METAR SBSC 251700Z 33008KT 9999 SCT030 SCT070 36/22 Q1010=
25/01/2025 18:00,METAR SBSC 251800Z 32007KT 9999 SCT030 SCT070 37/22 Q1009=
25/01/2025 19:00,METAR SBSC 251900Z 17005KT 9999 FEW030 SCT090 35/23 Q1009=
25/01/2025 20:00,METAR SBSC 252000Z 31009KT 9999 FEW015 FEW035TCU SCT050 BKN090 27/21 Q1010=
25/01/2025 21:00,METAR SBSC 252100Z 02007KT 9999 FEW030 BKN090 26/21 Q1010=
25/01/2025 22:00,METAR SBSC 252200Z 35006KT 9999 FEW030 BKN090 25/22 Q1010=
25/01/2025 23:00,METAR SBSC 252300Z 35006KT 9999 FEW030 25/22 Q1010=
26/01/2025 00:00,METAR SBSC 260000Z 03003KT 9999 FEW030 26/22 Q1011=
26/01/2025 01:00,METAR SBSC 260100Z 35005KT 8000 FEW030 SCT050 25/22 Q1012=
26/01/2025 02:00,METAR SBSC 260200Z 01005KT 8000 FEW030 SCT050 26/22 Q1011=
26/01/2025 03:00,METAR SBSC 260300Z 36006KT 8000 FEW030 SCT050 26/22 Q1011=
26/01/2025 04:00,METAR SBSC 260400Z 01006KT 8000 FEW030 SCT050 26/22 Q1010=
26/01/2025 05:00,METAR SBSC 260500Z 35005KT 8000 FEW030 SCT050 25/21 Q1010=
26/01/2025 06:00,METAR SBSC 260600Z 01005KT 8000 FEW030 SCT050 25/21 Q1009=
26/01/2025 07:00,METAR SBSC 260700Z 36005KT 8000 FEW030 SCT050 25/22 Q1009=
26/01/2025 08:00,METAR SBSC 260800Z 02007KT 8000 FEW030 SCT050 26/22 Q1010=
26/01/2025 09:00,METAR SBSC 260900Z 01006KT 8000 FEW030 SCT050 26/22 Q1010=
26/01/2025 10:00,METAR SBSC 261000Z 01002KT CAVOK 28/23 Q1011=
26/01/2025 11:00,METAR SBSC 261100Z 19002KT CAVOK 30/23 Q1011=
26/01/2025 12:00,METAR SBSC 261200Z 30005KT CAVOK 32/21 Q1011=
26/01/2025 13:00,METAR SBSC 261300Z 29007KT CAVOK 32/22 Q1011=
26/01/2025 14:00,METAR SBSC 261400Z 21007KT CAVOK 31/23 Q1011=
26/01/2025 15:00,METAR SBSC 261500Z 14011KT 9999 FEW040 30/23 Q1012=
26/01/2025 16:00,METAR SBSC 261600Z 14013KT 9999 FEW040 30/23 Q1012=
26/01/2025 17:00,METAR SBSC 261700Z 15013KT 9999 SCT030 29/23 Q1011=
26/01/2025 18:00,METAR SBSC 261800Z 16011KT 9999 SCT040 31/22 Q1011=
26/01/2025 19:00,METAR SBSC 261900Z 18010KT 9999 SCT030 FEW040TCU 29/22 Q1011=
26/01/2025 20:00,METAR SBSC 262000Z 15009KT 9999 SCT030 FEW040TCU 29/23 Q1011=
26/01/2025 21:00,METAR SBSC 262100Z 14006KT 9999 BKN040 FEW050TCU 28/23 Q1011=
26/01/2025 22:00,METAR SBSC 262200Z 15003KT 9999 SCT020 FEW030TCU 27/23 Q1012=
26/01/2025 23:00,METAR SBSC 262300Z 28002KT 9999 BKN030 27/23 Q1012=
27/01/2025 00:00,METAR SBSC 270000Z 33003KT 9999 BKN030 27/24 Q1012=
27/01/2025 01:00,METAR SBSC 270100Z 34002KT 9999 FEW035 BKN080 27/24 Q1013=
27/01/2025 02:00,METAR SBSC 270200Z 29004KT 9999 FEW045 BKN080 26/24 Q1012=
27/01/2025 03:00,METAR SBSC 270300Z 33003KT 9999 FEW045 BKN080 26/23 Q1012=
27/01/2025 04:00,METAR SBSC 270400Z 29003KT 9999 SCT035 BKN090 25/23 Q1011=
27/01/2025 05:00,METAR SBSC 270500Z 27004KT 9999 FEW010 SCT017 BKN100 25/23 Q1011=
27/01/2025 06:00,METAR SBSC 270600Z 31003KT 8000 -RA FEW008 SCT015 BKN100 24/23 Q1011=
27/01/2025 07:00,METAR SBSC 270700Z 29004KT 9999 FEW008 SCT015 24/23 Q1011=
27/01/2025 08:00,METAR SBSC 270800Z 22002KT 9999 FEW014 BKN050 24/22 Q1011=
27/01/2025 09:00,METAR SBSC 270900Z 31002KT 9999 BKN030 24/23 Q1011=
27/01/2025 10:00,METAR SBSC 271000Z 34002KT 9999 FEW010 BKN053 25/23 Q1012=
27/01/2025 11:00,METAR SBSC 271100Z 35004KT 9999 SCT016 FEW035TCU BKN044 26/23 Q1012=
27/01/2025 12:00,METAR SBSC 271200Z 33002KT 9999 SCT020 27/23 Q1013=
27/01/2025 13:00,METAR SBSC 271300Z 20004KT 9999 FEW008 SCT030 27/23 Q1013=
27/01/2025 14:00,METAR SBSC 271400Z 19005KT 9999 FEW008 SCT027 28/23 Q1013=
27/01/2025 15:00,METAR SBSC 271500Z 19007KT 9999 FEW008 SCT025 28/22 Q1013=
27/01/2025 16:00,METAR SBSC 271600Z 18009KT 9999 FEW008 SCT025 28/22 Q1013=
27/01/2025 17:00,METAR SBSC 271700Z 18007KT 9999 FEW010 SCT025 BKN100 27/22 Q1012=
27/01/2025 18:00,METAR SBSC 271800Z 18006KT 9999 FEW010 BKN100 27/22 Q1012=
27/01/2025 19:00,METAR SBSC 271900Z 19007KT 9999 SCT030 26/22 Q1011=
27/01/2025 20:00,METAR SBSC 272000Z 18005KT 9999 SCT020 BKN040 26/21 Q1012=
27/01/2025 21:00,METAR SBSC 272100Z 17004KT 9999 BKN030 25/21 Q1011=
27/01/2025 22:00,METAR SBSC 272200Z 17002KT 9999 BKN030 25/21 Q1012=
27/01/2025 23:00,METAR SBSC 272300Z 00000KT 9999 BKN040 25/22 Q1012=
28/01/2025 00:00,METAR SBSC 280000Z 16002KT 9999 BKN030 25/22 Q1013=
28/01/2025 01:00,METAR SBSC 280100Z 30001KT 9999 BKN040 25/22 Q1014=
28/01/2025 02:00,METAR SBSC 280200Z 35003KT 9999 BKN037 25/22 Q1013=
28/01/2025 03:00,METAR SBSC 280300Z 36002KT 9999 BKN037 24/22 Q1013=
28/01/2025 04:00,METAR SBSC 280400Z 03004KT 9999 BKN035 24/21 Q1013=
28/01/2025 05:00,METAR SBSC 280500Z 04003KT 9999 BKN035 23/21 Q1012=
28/01/2025 06:00,METAR SBSC 280600Z 01004KT 9000 SCT035 23/20 Q1012=
28/01/2025 07:00,METAR SBSC 280700Z 36004KT 8000 FEW015 SCT035 24/20 Q1012=
28/01/2025 08:00,METAR SBSC 280800Z 04003KT 8000 FEW015 SCT033 24/21 Q1013=
28/01/2025 09:00,METAR SBSC 280900Z 03004KT 8000 FEW015 SCT033 25/21 Q1013=
28/01/2025 10:00,METAR SBSC 281000Z 34002KT 9999 FEW005 BKN050 25/22 Q1012=
28/01/2025 11:00,METAR SBSC 281100Z 16002KT 9999 FEW005 SCT035 BKN060 26/22 Q1013=
28/01/2025 12:00,METAR SBSC 281200Z 07002KT 9999 FEW005 SCT020 BKN035 28/22 Q1013=
28/01/2025 13:00,METAR SBSC 281300Z 17005KT 9999 SCT020 BKN040 27/22 Q1013=
28/01/2025 14:00,METAR SBSC 281400Z 16004KT 9999 BKN040 29/22 Q1013=
28/01/2025 15:00,METAR SBSC 281500Z 16004KT 9999 BKN040 30/23 Q1012=
28/01/2025 16:00,METAR SBSC 281600Z 17008KT 9999 BKN030 29/22 Q1011=
28/01/2025 17:00,METAR SBSC 281700Z 15009KT 9999 FEW030 FEW040TCU 29/22 Q1011=
28/01/2025 18:00,METAR SBSC 281800Z 15010KT 9999 FEW025 FEW030TCU 29/22 Q1010=
28/01/2025 19:00,METAR SBSC 281900Z 15009KT 9999 SCT025 FEW030TCU BKN070 29/23 Q1010=
28/01/2025 20:00,METAR SBSC 282000Z 15010KT 9999 SCT025 FEW030TCU BKN070 28/23 Q1010=
28/01/2025 21:00,METAR SBSC 282100Z 15010KT 9999 SCT025 FEW030TCU BKN070 27/23 Q1010=
28/01/2025 22:00,METAR SBSC 282200Z 15006KT 9999 SCT025 FEW030TCU BKN070 26/22 Q1010=
28/01/2025 23:00,METAR SBSC 282300Z 12005KT 9999 SCT015 BKN040 26/22 Q1011=
29/01/2025 00:00,METAR SBSC 290000Z 17004KT 9999 SCT015 BKN040 26/23 Q1012=
29/01/2025 01:00,METAR SBSC 290100Z 00000KT 9999 BKN030 26/23 Q1012=
29/01/2025 02:00,METAR SBSC 290200Z 29002KT 9999 BKN030 26/23 Q1012=
29/01/2025 03:00,METAR SBSC 290300Z 33003KT 9999 BKN030 26/23 Q1011=
29/01/2025 04:00,METAR SBSC 290400Z 28002KT 9999 BKN030 25/23 Q1012=
29/01/2025 05:00,METAR SBSC 290500Z 30002KT CAVOK 25/23 Q1011=
29/01/2025 06:00,METAR SBSC 290600Z 00000KT CAVOK 24/23 Q1011=
29/01/2025 07:00,METAR SBSC 290700Z 01002KT CAVOK 24/23 Q1011=
29/01/2025 08:00,METAR SBSC 290800Z 00000KT CAVOK 24/23 Q1011=
29/01/2025 09:00,METAR SBSC 290900Z 01004KT 9999 FEW020 25/21 Q1010=
29/01/2025 10:00,METAR SBSC 291000Z 32003KT 9999 FEW040 28/21 Q1011=
29/01/2025 11:00,METAR SBSC 291100Z 31006KT 9999 FEW030 BKN070 29/21 Q1011=
29/01/2025 12:00,METAR SBSC 291200Z 32005KT 9999 FEW020 SCT070 29/21 Q1011=
29/01/2025 13:00,METAR SBSC 291300Z 31006KT 9999 FEW020 SCT070 31/22 Q1011=
29/01/2025 14:00,METAR SBSC 291400Z 30006KT 9999 FEW020 SCT070 32/21 Q1011=
29/01/2025 15:00,METAR SBSC 291500Z 17007KT 9999 FEW020 SCT070 31/23 Q1011=
29/01/2025 16:00,METAR SBSC 291600Z 14010KT 9999 FEW020 SCT070 31/22 Q1010=
29/01/2025 17:00,METAR SBSC 291700Z 15009KT 9999 SCT025 FEW030TCU SCT070 32/22 Q1009=
29/01/2025 18:00,METAR SBSC 291800Z 14010KT 9999 TS SCT025 FEW030CB SCT070 31/22 Q1009=
29/01/2025 19:00,METAR SBSC 291900Z 17006KT 6000 -TSRA FEW010 SCT029 FEW030CB BKN095 27/24 Q1010=
29/01/2025 20:00,METAR SBSC 292000Z 08005KT 6000 -TSRA SCT003 BKN022 FEW030CB BKN045 25/23 Q1010 RERA=
29/01/2025 21:00,METAR SBSC 292100Z 36004KT 8000 -TSRA FEW008 FEW030CB BKN040 OVC100 24/23 Q1010=
29/01/2025 22:00,METAR SBSC 292200Z 34003KT 8000 -RA FEW016 BKN040 BKN100 24/23 Q1011 RETS=
29/01/2025 23:00,METAR SBSC 292300Z 36004KT 9999 FEW035TCU SCT040 BKN100 24/23 Q1011=
30/01/2025 00:00,METAR SBSC 300000Z 36004KT 9999 SCT048 24/23 Q1011=
30/01/2025 01:00,METAR SBSC 300100Z 35003KT 5000 BR FEW005 SCT015 BKN050 24/23 Q1011=
30/01/2025 02:00,METAR SBSC 300200Z 36004KT 5000 BR FEW005 SCT015 BKN050 24/23 Q1010=
30/01/2025 03:00,METAR SBSC 300300Z 36006KT 5000 BR FEW005 SCT015 BKN050 24/23 Q1010=
30/01/2025 04:00,METAR SBSC 300400Z 01006KT 5000 BR FEW005 SCT015 BKN050 24/23 Q1010=
30/01/2025 05:00,METAR SBSC 300500Z 36007KT 5000 BR FEW005 SCT015 BKN050 24/23 Q1010=
30/01/2025 06:00,METAR SBSC 300600Z 02006KT 5000 BR FEW005 SCT015 BKN050 23/22 Q1009=
30/01/2025 07:00,METAR SBSC 300700Z 01008KT 5000 BR FEW005 SCT015 BKN050 23/22 Q1009=
30/01/2025 08:00,METAR SBSC 300800Z 36006KT 5000 BR FEW005 SCT015 BKN050 23/22 Q1009=
30/01/2025 09:00,METAR SBSC 300900Z 01008KT 5000 BR FEW005 SCT015 BKN050 25/23 Q1009=
30/01/2025 10:00,METAR SBSC 301000Z 32004KT 8000 FEW010 SCT020 BKN050 25/21 Q1010=
30/01/2025 11:00,METAR SBSC 301100Z 31006KT 8000 FEW010 SCT020 BKN050 26/21 Q1010=
30/01/2025 12:00,METAR SBSC 301200Z 32005KT 8000 FEW010 SCT020 BKN050 27/22 Q1011=
30/01/2025 13:00,METAR SBSC 301300Z 32005KT 9999 SCT040 28/22 Q1011=
30/01/2025 14:00,METAR SBSC 301400Z 33010KT 9999 FEW040 SCT080 29/22 Q1010=
30/01/2025 15:00,METAR SBSC 301500Z 32008KT 9999 FEW040 31/22 Q1010=
30/01/2025 16:00,METAR SBSC 301600Z 35010KT 9999 FEW035 32/23 Q1009=
30/01/2025 17:00,METAR SBSC 301700Z 34008KT 9999 FEW030 33/23 Q1008=
30/01/2025 18:00,METAR SBSC 301800Z 34007KT 9999 FEW030 34/21 Q1007=
30/01/2025 19:00,METAR SBSC 301900Z 22006KT 9999 SCT020 FEW030TCU 30/25 Q1007=
30/01/2025 20:00,METAR SBSC 302000Z 12011G22KT 3000 TSRA BKN020 FEW030CB 26/23 Q1008=
30/01/2025 21:00,METAR SBSC 302100Z 02004KT 9999 -TSRA BKN030 FEW040CB 25/23 Q1008 RERA=
30/01/2025 22:00,METAR SBSC 302200Z 30005KT 9999 -TSRA BKN030 FEW040CB 24/23 Q1009=
30/01/2025 23:00,METAR SBSC 302300Z 30003KT 9999 -TSRA BKN030 FEW040CB 24/23 Q1009=
31/01/2025 00:00,METAR SBSC 310000Z 33005KT 9999 -RA BKN030 BKN040 24/23 Q1010 RETS=
31/01/2025 01:00,METAR SBSC 310100Z 33007KT 8000 -RA FEW010 SCT035 FEW035TCU BKN060 24/22 Q1010=
31/01/2025 02:00,METAR SBSC 310200Z 33008KT 8000 -RA FEW010 SCT080 24/22 Q1010=
31/01/2025 03:00,METAR SBSC 310300Z 36006KT 9999 FEW010 SCT080 24/22 Q1009=
31/01/2025 04:00,METAR SBSC 310400Z 31008KT 9999 FEW030 BKN100 24/23 Q1009=
31/01/2025 05:00,METAR SBSC 310500Z 33008KT 9999 FEW030 SCT080 24/21 Q1009=
31/01/2025 06:00,METAR SBSC 310600Z 36005KT 9999 FEW030 SCT080 24/22 Q1008=
31/01/2025 07:00,METAR SBSC 310700Z 33009KT 9000 -RA FEW015 BKN100 23/21 Q1008=
31/01/2025 08:00,METAR SBSC 310800Z 34009KT 9000 -RA FEW012 SCT050 BKN100 23/21 Q1008=
31/01/2025 09:00,METAR SBSC 310900Z 32007KT 9999 FEW008 BKN100 24/21 Q1009=
31/01/2025 10:00,METAR SBSC 311000Z 33006KT 9999 FEW008 25/21 Q1009=
31/01/2025 11:00,METAR SBSC 311100Z 32005KT 9999 FEW045 27/21 Q1010=
31/01/2025 12:00,METAR SBSC 311200Z 32010KT 9999 FEW025 BKN100 30/21 Q1009=
31/01/2025 13:00,METAR SBSC 311300Z 31009KT 9999 FEW025 SCT030 BKN070 31/21 Q1009=
31/01/2025 14:00,METAR SBSC 311400Z 33012KT 9999 FEW025 SCT030 BKN070 31/21 Q1009=
31/01/2025 15:00,METAR SBSC 311500Z 34010KT 9999 FEW025 SCT030 BKN070 32/22 Q1008=
31/01/2025 16:00,METAR SBSC 311600Z 35009KT 9999 FEW025 SCT030 BKN070 32/22 Q1007=
31/01/2025 17:00,METAR SBSC 311700Z 34007KT 9999 SCT030 FEW031TCU BKN070 32/23 Q1007=
31/01/2025 18:00,METAR SBSC 311800Z 29006KT 8000 VCSH SCT015 FEW030TCU BKN040 30/22 Q1007=
31/01/2025 19:00,METAR SBSC 311900Z 02006KT 5000 -TSRA BR FEW005 SCT015 FEW030CB BKN040 24/22 Q1007=
31/01/2025 20:00,METAR SBSC 312000Z 02007KT 9999 -TSRA FEW005 FEW030CB BKN050 25/23 Q1007=
31/01/2025 21:00,METAR COR SBSC 312100Z 01005KT 9999 FEW005 25/23 Q1008 RETSRA=
31/01/2025 22:00,METAR SBSC 312200Z 34006KT 9999 FEW005 BKN100 25/23 Q1008=
31/01/2025 23:00,METAR SBSC 312300Z 34006KT 9999 FEW005 BKN100 25/23 Q1008=
01/02/2025 00:00,METAR SBSC 010000Z 33005KT 9999 FEW010 24/22 Q1009=
01/02/2025 01:00,METAR SBSC 010100Z 35005KT 5000 BR FEW010 BKN015 BKN050 24/21 Q1009=
01/02/2025 02:00,METAR SBSC 010200Z 36007KT 5000 BR FEW010 BKN015 BKN050 24/21 Q1009=
01/02/2025 03:00,METAR SBSC 010300Z 01005KT 5000 BR FEW010 BKN015 BKN050 24/22 Q1009=
01/02/2025 04:00,METAR SBSC 010400Z 35008KT 5000 BR FEW010 BKN015 BKN050 24/22 Q1008=
01/02/2025 05:00,METAR SBSC 010500Z 01007KT 5000 BR FEW010 BKN015 BKN050 24/22 Q1008=
01/02/2025 06:00,METAR SBSC 010600Z 36008KT 5000 BR FEW010 BKN015 BKN050 23/21 Q1008=
01/02/2025 07:00,METAR SBSC 010700Z 36005KT 5000 BR FEW010 BKN015 BKN050 23/21 Q1008=
01/02/2025 08:00,METAR SBSC 010800Z 01007KT 5000 BR FEW010 BKN015 BKN050 24/21 Q1008=
01/02/2025 09:00,METAR SBSC 010900Z 35008KT 5000 BR FEW010 BKN015 BKN050 25/23 Q1009=
01/02/2025 10:00,METAR SBSC 011000Z 33004KT 8000 FEW010 SCT015 BKN050 25/22 Q1008=
01/02/2025 11:00,METAR SBSC 011100Z 32006KT 8000 FEW010 SCT015 BKN050 26/21 Q1009=
01/02/2025 12:00,METAR SBSC 011200Z 32007KT 8000 FEW010 SCT015 BKN050 28/22 Q1009=
01/02/2025 13:00,METAR SBSC 011300Z 33010KT 9999 FEW030 SCT100 30/22 Q1009=
01/02/2025 14:00,METAR SBSC 011400Z 32008KT 9999 FEW030 SCT100 31/22 Q1009=
01/02/2025 15:00,METAR SBSC 011500Z 33009KT 9999 FEW030 SCT100 31/22 Q1008=
01/02/2025 16:00,METAR SBSC 011600Z 35008KT 9999 FEW020 32/22 Q1007=
01/02/2025 17:00,METAR SBSC 011700Z 35007KT 9999 FEW020 32/22 Q1007=
01/02/2025 18:00,METAR SBSC 011800Z 33009KT 9999 -RA VCSH FEW020 SCT050 28/23 Q1007=
01/02/2025 19:00,METAR SBSC 011900Z 33004KT CAVOK 29/24 Q1006=
01/02/2025 20:00,METAR SBSC 012000Z 33007KT CAVOK 29/23 Q1007=
01/02/2025 21:00,METAR SBSC 012100Z 35005KT 9999 FEW025 28/21 Q1006=
01/02/2025 22:00,METAR SBSC 012200Z 22003KT 9999 FEW025 SCT100 27/23 Q1007=
01/02/2025 23:00,METAR SBSC 012300Z 21005KT 9999 FEW025 BKN080 26/23 Q1008=
02/02/2025 00:00,METAR SBSC 020000Z 19002KT 9999 FEW025 BKN080 26/23 Q1008=
02/02/2025 01:00,METAR SBSC 020100Z 22004KT 9999 FEW025 BKN080 25/23 Q1009=
02/02/2025 02:00,METAR SBSC 020200Z 23002KT 9999 FEW025 BKN080 25/23 Q1009=
02/02/2025 03:00,METAR SBSC 020300Z 24003KT 9999 FEW025 BKN080 25/23 Q1009=
02/02/2025 04:00,METAR SBSC 020400Z 21004KT 9999 FEW025 BKN080 25/23 Q1008=
02/02/2025 05:00,METAR SBSC 020500Z 27002KT 9000 -RA SCT012 BKN100 24/23 Q1008=
02/02/2025 06:00,METAR SBSC 020600Z 23002KT 9999 FEW012 BKN100 24/22 Q1008=
02/02/2025 07:00,METAR SBSC 020700Z 30003KT 9999 FEW012 BKN100 24/22 Q1008=
02/02/2025 08:00,METAR SBSC 020800Z 21003KT 9999 FEW012 BKN100 24/22 Q1008=
02/02/2025 09:00,METAR SBSC 020900Z 01005KT 9999 FEW012 BKN100 25/23 Q1008=
02/02/2025 10:00,METAR SBSC 021000Z 02006KT 9999 FEW012 BKN100 28/23 Q1008=
02/02/2025 11:00,METAR SBSC 021100Z 34004KT 9999 FEW012 BKN100 29/24 Q1009=
02/02/2025 12:00,METAR COR SBSC 021200Z 33007KT 9999 FEW015 BKN100 30/20 Q1009=
02/02/2025 13:00,METAR SBSC 021300Z 33014KT 9999 FEW010 BKN100 33/23 Q1009=
02/02/2025 14:00,METAR SBSC 021400Z 34010KT 9999 FEW035 33/23 Q1009=
02/02/2025 15:00,METAR SBSC 021500Z 35012KT 9999 SCT040 SCT060 33/23 Q1008=
02/02/2025 16:00,METAR SBSC 021600Z 34011KT 9999 SCT030 34/22 Q1008=
02/02/2025 17:00,METAR SBSC 021700Z 33011KT 9999 SCT030 BKN100 33/22 Q1007=
02/02/2025 18:00,METAR SBSC 021800Z 33009KT 9999 SCT030 FEW035TCU 32/22 Q1007=
02/02/2025 19:00,METAR SBSC 021900Z 32007KT 9999 VCSH SCT030 FEW035TCU BKN100 31/22 Q1007=
02/02/2025 20:00,METAR SBSC 022000Z 34006KT 9999 VCSH SCT030 FEW035TCU BKN090 31/22 Q1007=
02/02/2025 21:00,METAR SBSC 022100Z 17004KT 9999 SCT030 FEW035TCU BKN100 30/22 Q1007=
02/02/2025 22:00,METAR SBSC 022200Z 22002KT 9999 FEW040 BKN100 27/22 Q1008=
02/02/2025 23:00,METAR SBSC 022300Z 20004KT 9999 FEW015 SCT100 26/23 Q1009=
03/02/2025 00:00,METAR SBSC 030000Z 16003KT 9999 FEW040 26/23 Q1010=
03/02/2025 01:00,METAR SBSC 030100Z 00000KT 9999 FEW040 26/24 Q1010=
03/02/2025 02:00,METAR SBSC 030200Z 13003KT 9999 FEW040 26/24 Q1010=
03/02/2025 03:00,METAR SBSC 030300Z 00000KT 9999 FEW040 25/23 Q1010=
03/02/2025 04:00,METAR SBSC 030400Z 00000KT 9999 FEW040 24/22 Q1009=
03/02/2025 05:00,METAR SBSC 030500Z 01002KT 9999 FEW040 23/22 Q1009=
03/02/2025 06:00,METAR SBSC 030600Z 03002KT 8000 FEW030 23/21 Q1008=
03/02/2025 07:00,METAR SBSC 030700Z 36003KT 8000 FEW030 24/21 Q1008=
03/02/2025 08:00,METAR SBSC 030800Z 01004KT 8000 FEW030 24/22 Q1008=
03/02/2025 09:00,METAR SBSC 030900Z 02003KT 9999 FEW025 25/22 Q1009=
03/02/2025 10:00,METAR SBSC 031000Z 35005KT CAVOK 26/22 Q1010=
03/02/2025 11:00,METAR SBSC 031100Z 32008KT CAVOK 30/21 Q1010=
03/02/2025 12:00,METAR SBSC 031200Z 30008KT CAVOK 30/21 Q1011=
03/02/2025 13:00,METAR SBSC 031300Z 34006KT CAVOK 30/22 Q1011=
03/02/2025 14:00,METAR SBSC 031400Z 35010KT CAVOK 32/22 Q1011=
03/02/2025 15:00,METAR SBSC 031500Z 34010KT 9999 FEW018 SCT060 35/21 Q1010=
03/02/2025 16:00,METAR SBSC 031600Z 36010KT 9999 FEW018 35/22 Q1010=
03/02/2025 17:00,METAR SBSC 031700Z 36006KT 9999 FEW020 SCT050 36/22 Q1009=
03/02/2025 18:00,METAR SBSC 031800Z 16008KT 9999 FEW019 34/24 Q1009=
03/02/2025 19:00,METAR SBSC 031900Z 18003KT 9999 TS FEW022 FEW036CB 29/24 Q1010=
03/02/2025 20:00,METAR SBSC 032000Z 17008KT 9999 FEW021 29/23 Q1009 RETS=
03/02/2025 21:00,METAR SBSC 032100Z 18006KT 9999 FEW030 28/23 Q1009=
03/02/2025 22:00,METAR SBSC 032200Z 18006KT 9999 FEW033 SCT072 27/24 Q1010=
03/02/2025 23:00,METAR SBSC 032300Z 17004KT 9999 FEW037 SCT066 26/24 Q1011=
04/02/2025 00:00,METAR SBSC 040000Z 17004KT 9999 VCTS FEW040CB 26/24 Q1011=
04/02/2025 01:00,METAR SBSC 040100Z 16004KT 9999 FEW035 BKN100 26/24 Q1012=
04/02/2025 02:00,METAR SBSC 040200Z 15002KT 9999 FEW010 BKN070 26/24 Q1012=
04/02/2025 03:00,METAR SBSC 040300Z 19003KT 9999 FEW010 BKN070 25/23 Q1012=
04/02/2025 04:00,METAR SBSC 040400Z 25004KT 9999 FEW030 BKN100 25/23 Q1011=
04/02/2025 05:00,METAR SBSC 040500Z 24003KT 9999 SCT030 BKN100 25/23 Q1011=
04/02/2025 06:00,METAR SBSC 040600Z 29004KT 8000 SCT020 24/23 Q1010=
04/02/2025 07:00,METAR SBSC 040700Z 36005KT 9999 BKN020 24/22 Q1010=
04/02/2025 08:00,METAR SBSC 040800Z 02005KT 9999 SCT015 SCT100 24/22 Q1010=
04/02/2025 09:00,METAR SBSC 040900Z 01003KT 9999 FEW008 24/22 Q1011=
04/02/2025 10:00,METAR SBSC 041000Z 36005KT 9999 FEW008 26/24 Q1012=
04/02/2025 11:00,METAR SBSC 041100Z 36008KT 9999 FEW010 28/23 Q1012=
04/02/2025 12:00,METAR SBSC 041200Z 34007KT 9999 FEW020 31/23 Q1012=
04/02/2025 13:00,METAR SBSC 041300Z 36009KT 9999 FEW030 32/23 Q1012=
04/02/2025 14:00,METAR SBSC 041400Z 36008KT 9999 FEW030 34/23 Q1011=
04/02/2025 15:00,METAR SBSC 041500Z 32008KT CAVOK 36/20 Q1011=
04/02/2025 16:00,METAR SBSC 041600Z 23006KT 9999 SCT030 34/24 Q1010=
04/02/2025 17:00,METAR SBSC 041700Z 20007KT 9999 SCT030 33/23 Q1010=
04/02/2025 18:00,METAR SBSC 041800Z 22008KT 9999 SCT030 33/25 Q1009=
04/02/2025 19:00,METAR SBSC 041900Z 22007KT 9999 SCT030 FEW031TCU 31/25 Q1009=
04/02/2025 20:00,METAR SBSC 042000Z 21006KT 9999 SCT030 FEW031TCU 31/24 Q1009=
04/02/2025 21:00,METAR SBSC 042100Z 21009KT 9999 SCT030 FEW031TCU 28/24 Q1009=
04/02/2025 22:00,METAR SBSC 042200Z 19008KT 9999 SCT030 FEW031TCU SCT070 27/23 Q1010=
04/02/2025 23:00,METAR SBSC 042300Z 18006KT 9999 SCT030 FEW031TCU SCT070 27/23 Q1011=
05/02/2025 00:00,METAR SBSC 050000Z 17006KT 9999 FEW015 SCT050 27/23 Q1012=
05/02/2025 01:00,METAR SBSC 050100Z 18006KT 9999 FEW015 SCT080 27/24 Q1013=
05/02/2025 02:00,METAR SBSC 050200Z 16005KT 9999 FEW015 SCT080 26/23 Q1012=
05/02/2025 03:00,METAR SBSC 050300Z 18004KT 9999 FEW015 SCT080 26/23 Q1012=
05/02/2025 04:00,METAR SBSC 050400Z 19006KT 9999 FEW015 SCT080 25/23 Q1012=
05/02/2025 05:00,METAR SBSC 050500Z 20003KT 9999 FEW015 25/23 Q1012=
05/02/2025 06:00,METAR SBSC 050600Z 26003KT 9999 FEW015 25/22 Q1012=
05/02/2025 07:00,METAR SBSC 050700Z 21005KT 9999 FEW015 25/22 Q1012=
05/02/2025 08:00,METAR SBSC 050800Z 35003KT 9999 FEW015 24/22 Q1012=
05/02/2025 09:00,METAR SBSC 050900Z 03004KT 9999 FEW015 24/22 Q1012=
05/02/2025 10:00,METAR SBSC 051000Z 04004KT 9999 FEW015 26/23 Q1013=
05/02/2025 11:00,METAR SBSC 051100Z 35008KT CAVOK 29/22 Q1013=
05/02/2025 12:00,METAR SBSC 051200Z 34012KT CAVOK 31/22 Q1013=
05/02/2025 13:00,METAR SBSC 051300Z 35009KT 9999 FEW030 34/22 Q1012=
05/02/2025 14:00,METAR SBSC 051400Z 32009KT 9999 SCT040 35/19 Q1012=
05/02/2025 15:00,METAR SBSC 051500Z 34009KT 9999 SCT030 36/20 Q1011=
05/02/2025 16:00,METAR SBSC 051600Z 32008KT 9999 SCT030 37/19 Q1010=
05/02/2025 17:00,METAR SBSC 051700Z 32006KT 9999 SCT030 37/20 Q1009=
05/02/2025 18:00,METAR SBSC 051800Z 33005KT 9999 SCT035 37/19 Q1009=
05/02/2025 19:00,METAR SBSC 051900Z 13010KT 9999 SCT030 34/22 Q1009=
05/02/2025 20:00,METAR SBSC 052000Z 09010KT 9999 SCT030 34/20 Q1008=
05/02/2025 21:00,METAR SBSC 052100Z 11006KT 9999 SCT040 33/20 Q1009=
05/02/2025 22:00,METAR SBSC 052200Z 23003KT CAVOK 30/22 Q1009=
05/02/2025 23:00,METAR SBSC 052300Z 23003KT CAVOK 29/22 Q1010=
06/02/2025 00:00,METAR SBSC 060000Z 19004KT CAVOK 28/23 Q1011=
06/02/2025 01:00,METAR SBSC 060100Z 21003KT CAVOK 27/23 Q1012=
06/02/2025 02:00,METAR SBSC 060200Z 19004KT CAVOK 27/23 Q1012=
06/02/2025 03:00,METAR SBSC 060300Z 20003KT CAVOK 27/23 Q1011=
06/02/2025 04:00,METAR SBSC 060400Z 20003KT CAVOK 27/23 Q1011=
06/02/2025 05:00,METAR SBSC 060500Z 27006KT CAVOK 27/23 Q1011=
06/02/2025 06:00,METAR SBSC 060600Z 30006KT CAVOK 26/22 Q1011=
06/02/2025 07:00,METAR SBSC 060700Z 35007KT CAVOK 26/22 Q1011=
06/02/2025 08:00,METAR SBSC 060800Z 01006KT CAVOK 26/23 Q1012=
06/02/2025 09:00,METAR SBSC 060900Z 36005KT CAVOK 27/22 Q1012=
06/02/2025 10:00,METAR SBSC 061000Z 35005KT CAVOK 28/21 Q1013=
06/02/2025 11:00,METAR SBSC 061100Z 32008KT CAVOK 31/19 Q1013=
06/02/2025 12:00,METAR SBSC 061200Z 33011KT CAVOK 32/19 Q1013=
06/02/2025 13:00,METAR SBSC 061300Z 33011KT CAVOK 34/19 Q1013=
06/02/2025 14:00,METAR SBSC 061400Z 33011KT CAVOK 35/18 Q1012=
06/02/2025 15:00,METAR SBSC 061500Z 33008KT CAVOK 37/18 Q1012=
06/02/2025 16:00,METAR SBSC 061600Z 34009KT 9999 FEW040 37/18 Q1011=
06/02/2025 17:00,METAR SBSC 061700Z 17004KT 9999 FEW040 38/19 Q1011=
06/02/2025 18:00,METAR SBSC 061800Z 15006KT 9999 FEW040 37/20 Q1010=
06/02/2025 19:00,METAR SBSC 061900Z 17004KT 9999 FEW040 36/19 Q1010=
06/02/2025 20:00,METAR SBSC 062000Z 12006KT 9999 FEW040 35/22 Q1010=
06/02/2025 21:00,METAR SBSC 062100Z 12003KT CAVOK 33/20 Q1010=
06/02/2025 22:00,METAR SBSC 062200Z 00000KT CAVOK 30/20 Q1010=
06/02/2025 23:00,METAR SBSC 062300Z 22006KT CAVOK 29/23 Q1011=
07/02/2025 00:00,METAR SBSC 070000Z 21005KT CAVOK 28/23 Q1012=
07/02/2025 01:00,METAR SBSC 070100Z 22002KT CAVOK 28/23 Q1012=
07/02/2025 02:00,METAR SBSC 070200Z 19002KT CAVOK 27/23 Q1012=
07/02/2025 03:00,METAR SBSC 070300Z 00000KT CAVOK 26/23 Q1011=
07/02/2025 04:00,METAR SBSC 070400Z 17002KT CAVOK 25/22 Q1011=
07/02/2025 05:00,METAR SBSC 070500Z 18003KT CAVOK 25/22 Q1011=
07/02/2025 06:00,METAR SBSC 070600Z 16003KT CAVOK 24/22 Q1011=
07/02/2025 07:00,METAR SBSC 070700Z 16003KT CAVOK 24/22 Q1011=
07/02/2025 08:00,METAR SBSC 070800Z 17002KT CAVOK 25/21 Q1011=
07/02/2025 09:00,METAR SBSC 070900Z 36002KT CAVOK 24/23 Q1011=
07/02/2025 10:00,METAR SBSC 071000Z 34004KT CAVOK 27/23 Q1012=
07/02/2025 11:00,METAR SBSC 071100Z 33008KT CAVOK 31/21 Q1012=
07/02/2025 12:00,METAR SBSC 071200Z 33008KT CAVOK 32/21 Q1012=
07/02/2025 13:00,METAR SBSC 071300Z 34007KT CAVOK 34/21 Q1012=
07/02/2025 14:00,METAR SBSC 071400Z 32003KT CAVOK 35/22 Q1012=
07/02/2025 15:00,METAR SBSC 071500Z 16010KT 9999 SCT030 32/24 Q1013=
07/02/2025 16:00,METAR SBSC 071600Z 16009KT 9999 SCT030 FEW032TCU 32/24 Q1012=
07/02/2025 17:00,METAR SBSC 071700Z 14008KT 9999 SCT030 FEW032TCU 33/23 Q1012=
07/02/2025 18:00,METAR SBSC 071800Z 15008KT 9999 SCT030 FEW032TCU 30/24 Q1012=
07/02/2025 19:00,METAR SBSC 071900Z 17008KT 9999 FEW030 32/23 Q1012=
07/02/2025 20:00,METAR SBSC 072000Z 15010KT CAVOK 30/24 Q1011=
07/02/2025 21:00,METAR SBSC 072100Z 15007KT 9999 SCT025 FEW030TCU 29/24 Q1012=
07/02/2025 22:00,METAR SBSC 072200Z 14005KT 9999 FEW025 28/23 Q1013=
07/02/2025 23:00,METAR SBSC 072300Z 14003KT CAVOK 27/23 Q1013=
08/02/2025 00:00,METAR SBSC 080000Z 15004KT CAVOK 26/23 Q1014=
08/02/2025 01:00,METAR SBSC 080100Z 16004KT CAVOK 26/23 Q1014=
08/02/2025 02:00,METAR SBSC 080200Z 20005KT CAVOK 26/23 Q1014=
08/02/2025 03:00,METAR SBSC 080300Z 18004KT CAVOK 26/24 Q1013=
08/02/2025 04:00,METAR SBSC 080400Z 18004KT CAVOK 26/24 Q1013=
08/02/2025 05:00,METAR SBSC 080500Z 19004KT CAVOK 25/23 Q1012=
08/02/2025 06:00,METAR SBSC 080600Z 20004KT CAVOK 25/22 Q1012=
08/02/2025 07:00,METAR SBSC 080700Z 17005KT CAVOK 24/22 Q1012=
08/02/2025 08:00,METAR SBSC 080800Z 18005KT 9999 FEW015 25/22 Q1011=
08/02/2025 09:00,METAR SBSC 080900Z 17004KT 9999 FEW015 26/23 Q1011=
08/02/2025 10:00,METAR COR SBSC 081000Z 07004KT 9999 SCT015 26/23 Q1013=
08/02/2025 11:00,METAR SBSC 081100Z 16002KT 9999 SCT012 28/23 Q1015=
08/02/2025 12:00,METAR SBSC 081200Z 16003KT 9999 SCT017 28/23 Q1015=
08/02/2025 13:00,METAR SBSC 081300Z 12002KT 9999 SCT017 31/23 Q1015=
08/02/2025 14:00,METAR SBSC 081400Z 17008KT 9999 FEW021 31/22 Q1015=
08/02/2025 15:00,METAR SBSC 081500Z 16008KT 9999 FEW023 31/24 Q1014=
08/02/2025 16:00,METAR SBSC 081600Z 16011KT 9999 FEW022 31/23 Q1014=
08/02/2025 17:00,METAR SBSC 081700Z 16012KT 9999 FEW022 31/24 Q1014=
08/02/2025 18:00,METAR SBSC 081800Z 15012KT 9999 FEW015 30/24 Q1014=
08/02/2025 19:00,METAR SBSC 081900Z 15010KT 9999 FEW015 30/22 Q1014=
08/02/2025 20:00,METAR SBSC 082000Z 14009KT 9999 FEW015 29/22 Q1014=
08/02/2025 21:00,METAR SBSC 082100Z 14006KT 9999 FEW017 28/22 Q1014=
08/02/2025 22:00,METAR SBSC 082200Z 17005KT 9999 FEW020 26/23 Q1015=
08/02/2025 23:00,METAR SBSC 082300Z 17004KT 9999 FEW021 25/22 Q1015=
09/02/2025 00:00,METAR SBSC 090000Z 15004KT 9999 FEW023 25/22 Q1016=
09/02/2025 01:00,METAR SBSC 090100Z 21003KT CAVOK 25/22 Q1016=
09/02/2025 02:00,METAR SBSC 090200Z 19004KT CAVOK 25/23 Q1016=
09/02/2025 03:00,METAR SBSC 090300Z 20006KT CAVOK 25/23 Q1016=
09/02/2025 04:00,METAR SBSC 090400Z 18006KT CAVOK 25/23 Q1015=
09/02/2025 05:00,METAR SBSC 090500Z 27006KT CAVOK 24/22 Q1015=
09/02/2025 06:00,METAR SBSC 090600Z 28007KT 9999 SCT020 SCT050 24/22 Q1015=
09/02/2025 07:00,METAR SBSC 090700Z 26006KT 9999 SCT020 SCT050 23/21 Q1015=
09/02/2025 09:00,METAR SBSC 090900Z 27006KT 9999 SCT020 SCT050 25/22 Q1015=
09/02/2025 10:00,METAR SBSC 091000Z 27006KT 9999 SCT020 SCT050 25/22 Q1015=
09/02/2025 11:00,METAR SBSC 091100Z 36005KT CAVOK 27/22 Q1016=
09/02/2025 12:00,METAR SBSC 091200Z 32006KT CAVOK 30/20 Q1017=
09/02/2025 13:00,METAR SBSC 091300Z 34007KT 9999 FEW020 31/20 Q1016=
09/02/2025 14:00,METAR SBSC 091400Z 28003KT 9999 FEW025 33/21 Q1016=
09/02/2025 15:00,METAR SBSC 091500Z 13009KT 9999 SCT040 34/20 Q1015=
09/02/2025 16:00,METAR SBSC 091600Z 12011KT 9999 SCT040 33/22 Q1015=
09/02/2025 17:00,METAR SBSC 091700Z 11011KT 9999 SCT040 33/22 Q1014=
09/02/2025 18:00,METAR SBSC 091800Z 14011KT 9999 FEW040 34/21 Q1013=
09/02/2025 19:00,METAR SBSC 091900Z 12010KT 9999 FEW040 32/22 Q1013=
09/02/2025 20:00,METAR SBSC 092000Z 09009KT 9999 FEW040 31/21 Q1013=
09/02/2025 21:00,METAR SBSC 092100Z 11006KT 9999 FEW040 30/22 Q1014=
09/02/2025 22:00,METAR SBSC 092200Z 16003KT 9999 FEW040 28/22 Q1014=
09/02/2025 23:00,METAR SBSC 092300Z 09005KT 9999 FEW040 27/23 Q1015=
10/02/2025 00:00,METAR SBSC 100000Z 20002KT 9999 FEW040 26/23 Q1015=
10/02/2025 01:00,METAR SBSC 100100Z 19003KT 9999 SCT040 26/23 Q1015=
10/02/2025 02:00,METAR SBSC 100200Z 19003KT 9999 FEW021 SCT040 25/23 Q1015=
10/02/2025 03:00,METAR SBSC 100300Z 20003KT 9999 FEW020 SCT040 25/23 Q1015=
10/02/2025 04:00,METAR COR SBSC 100400Z 27004KT 9999 FEW020 SCT040 25/23 Q1014=
10/02/2025 05:00,METAR SBSC 100500Z 27003KT 9999 FEW020 SCT040 25/23 Q1014=
10/02/2025 06:00,METAR SBSC 100600Z 27003KT 9999 FEW020 SCT040 24/22 Q1013=
10/02/2025 07:00,METAR SBSC 100700Z 29003KT 9999 FEW020 SCT040 24/22 Q1013=
10/02/2025 08:00,METAR SBSC 100800Z 31004KT 9999 FEW020 27/22 Q1013=
10/02/2025 09:00,METAR SBSC 100900Z 35005KT 9999 FEW020 24/22 Q1014=
10/02/2025 10:00,METAR SBSC 101000Z 34005KT 9999 FEW008 26/22 Q1014=
10/02/2025 11:00,METAR SBSC 101100Z 32008KT 9999 FEW008 28/20 Q1015=
10/02/2025 12:00,METAR SBSC 101200Z 32009KT CAVOK 28/20 Q1015=
10/02/2025 13:00,METAR SBSC 101300Z 33011KT CAVOK 31/20 Q1015=
10/02/2025 14:00,METAR SBSC 101400Z 35012KT CAVOK 33/20 Q1014=
10/02/2025 15:00,METAR SBSC 101500Z 34010G25KT CAVOK 34/19 Q1014=
10/02/2025 16:00,METAR SBSC 101600Z 32006KT CAVOK 35/19 Q1013=
10/02/2025 17:00,METAR SBSC 101700Z 31005KT 9999 FEW030 35/18 Q1012=
10/02/2025 18:00,METAR SBSC 101800Z 10008KT 9999 SCT030 FEW032TCU 34/21 Q1012=
10/02/2025 19:00,METAR SBSC 101900Z 11012KT 9999 SCT030 FEW032TCU 34/21 Q1012=
10/02/2025 20:00,METAR SBSC 102000Z 11012KT 9999 SCT030 FEW032TCU 34/21 Q1012=
10/02/2025 21:00,METAR SBSC 102100Z 13007KT 9999 SCT030 FEW032TCU 31/19 Q1011=
10/02/2025 22:00,METAR SBSC 102200Z 19004KT 9999 SCT030 SCT050 29/20 Q1012=
10/02/2025 23:00,METAR SBSC 102300Z 21005KT 9999 FEW030 SCT050 27/23 Q1012=
11/02/2025 00:00,METAR SBSC 110000Z 21004KT 9999 FEW030 SCT050 27/23 Q1013=
11/02/2025 01:00,METAR SBSC 110100Z 21006KT CAVOK 27/23 Q1013=
11/02/2025 02:00,METAR SBSC 110200Z 20007KT CAVOK 26/23 Q1014=
11/02/2025 03:00,METAR SBSC 110300Z 22005KT CAVOK 26/23 Q1013=
11/02/2025 04:00,METAR SBSC 110400Z 19006KT CAVOK 25/22 Q1013=
11/02/2025 05:00,METAR SBSC 110500Z 22006KT CAVOK 25/22 Q1013=
11/02/2025 06:00,METAR SBSC 110600Z 19006KT CAVOK 24/22 Q1013=
11/02/2025 07:00,METAR SBSC 110700Z 31003KT CAVOK 24/21 Q1013=
11/02/2025 08:00,METAR SBSC 110800Z 30003KT CAVOK 23/21 Q1013=
11/02/2025 09:00,METAR SBSC 110900Z 35005KT 9999 FEW015 SCT070 24/21 Q1012=
11/02/2025 10:00,METAR SBSC 111000Z 34006KT 9999 FEW015 SCT070 26/21 Q1013=
11/02/2025 11:00,METAR SBSC 111100Z 33008KT 9999 NSC 28/20 Q1014=
11/02/2025 12:00,METAR SBSC 111200Z 32009KT 9999 FEW015 SCT100 30/20 Q1014=
11/02/2025 13:00,METAR SBSC 111300Z 31008KT 9999 FEW040 31/20 Q1014=
11/02/2025 14:00,METAR SBSC 111400Z 31009KT 9999 FEW040 33/20 Q1013=
11/02/2025 15:00,METAR SBSC 111500Z 33009KT 9999 SCT030 34/20 Q1012=
11/02/2025 16:00,METAR SBSC 111600Z 32008G18KT 9999 SCT030 35/20 Q1011=
11/02/2025 17:00,METAR SBSC 111700Z 31008KT 9999 SCT035 35/19 Q1011=
11/02/2025 18:00,METAR SBSC 111800Z 32005KT 9999 SCT035 35/19 Q1010=
11/02/2025 19:00,METAR SBSC 111900Z 12009KT 9999 FEW040 34/20 Q1010=
11/02/2025 20:00,METAR SBSC 112000Z 12007KT 9999 FEW035 33/20 Q1009=
11/02/2025 21:00,METAR SBSC 112100Z 12005KT 9999 FEW035 32/20 Q1009=
11/02/2025 22:00,METAR SBSC 112200Z 13006KT CAVOK 30/20 Q1009=
11/02/2025 23:00,METAR SBSC 112300Z 22003KT CAVOK 28/22 Q1010=
12/02/2025 00:00,METAR SBSC 120000Z 18003KT CAVOK 27/23 Q1011=
12/02/2025 01:00,METAR SBSC 120100Z 00000KT CAVOK 26/23 Q1011=
12/02/2025 02:00,METAR SBSC 120200Z 12005KT CAVOK 26/23 Q1011=
12/02/2025 03:00,METAR SBSC 120300Z 10006KT CAVOK 26/23 Q1012=
12/02/2025 04:00,METAR SBSC 120400Z 19006KT CAVOK 25/22 Q1012=
12/02/2025 05:00,METAR SBSC 120500Z 22005KT CAVOK 25/22 Q1011=
12/02/2025 06:00,METAR SBSC 120600Z 27007KT CAVOK 25/22 Q1011=
12/02/2025 07:00,METAR SBSC 120700Z 30006KT CAVOK 25/21 Q1011=
12/02/2025 08:00,METAR SBSC 120800Z 36006KT CAVOK 26/21 Q1012=
12/02/2025 09:00,METAR SBSC 120900Z 01006KT CAVOK 26/21 Q1012=
12/02/2025 10:00,METAR SBSC 121000Z 34006KT CAVOK 26/21 Q1013=
12/02/2025 11:00,METAR SBSC 121100Z 32008KT CAVOK 29/20 Q1013=
12/02/2025 12:00,METAR SBSC 121200Z 32010KT CAVOK 31/20 Q1013=
12/02/2025 13:00,METAR SBSC 121300Z 31010KT CAVOK 32/21 Q1013=
12/02/2025 14:00,METAR SBSC 121400Z 30009KT 9999 FEW030 34/21 Q1012=
12/02/2025 15:00,METAR SBSC 121500Z 33011KT 9999 FEW030 34/21 Q1011=
12/02/2025 16:00,METAR SBSC 121600Z 32010KT 9999 FEW035 36/20 Q1011=
12/02/2025 18:00,METAR SBSC 121800Z 31008KT 9999 FEW035 35/20 Q1010=
12/02/2025 19:00,METAR SBSC 121900Z 33007KT 9999 FEW030 34/20 Q1009=
12/02/2025 20:00,METAR SBSC 122000Z 35009KT 9999 FEW040 33/20 Q1009=
12/02/2025 21:00,METAR SBSC 122100Z 35007KT CAVOK 34/20 Q1009=
12/02/2025 22:00,METAR SBSC 122200Z 32002KT CAVOK 31/21 Q1009=
12/02/2025 23:00,METAR SBSC 122300Z 29003KT CAVOK 30/21 Q1010=
13/02/2025 00:00,METAR SBSC 130000Z 34004KT CAVOK 28/21 Q1011=
13/02/2025 01:00,METAR SBSC 130100Z 01003KT CAVOK 26/21 Q1012=
13/02/2025 02:00,METAR SBSC 130200Z 35004KT CAVOK 26/21 Q1012=
13/02/2025 03:00,METAR SBSC 130300Z 01004KT 9999 FEW025 25/21 Q1012=
13/02/2025 04:00,METAR SBSC 130400Z 02005KT 9999 FEW025 25/21 Q1011=
13/02/2025 05:00,METAR SBSC 130500Z 36005KT 9999 FEW025 24/21 Q1011=
13/02/2025 06:00,METAR SBSC 130600Z 36007KT 9999 FEW022 23/20 Q1011=
13/02/2025 07:00,METAR SBSC 130700Z 35005KT 9999 FEW022 22/20 Q1010=
13/02/2025 08:00,METAR SBSC 130800Z 01006KT 9999 FEW022 24/20 Q1010=
13/02/2025 09:00,METAR SBSC 130900Z 02007KT 9999 FEW020 25/21 Q1011=
13/02/2025 10:00,METAR SBSC 131000Z 35007KT 9999 FEW020 27/21 Q1011=
13/02/2025 11:00,METAR SBSC 131100Z 33011KT 9999 FEW020 30/21 Q1013=
13/02/2025 12:00,METAR SBSC 131200Z 33014KT CAVOK 31/21 Q1013=
13/02/2025 13:00,METAR SBSC 131300Z 33012KT CAVOK 33/21 Q1012=
13/02/2025 14:00,METAR SBSC 131400Z 32009KT CAVOK 33/22 Q1012=
13/02/2025 15:00,METAR SBSC 131500Z 32010KT CAVOK 36/21 Q1011=
13/02/2025 16:00,METAR SBSC 131600Z 16011KT CAVOK 33/24 Q1011=
13/02/2025 17:00,METAR SBSC 131700Z 15012KT CAVOK 32/23 Q1011=
13/02/2025 18:00,METAR SBSC 131800Z 14012KT CAVOK 32/24 Q1011=
13/02/2025 19:00,METAR SBSC 131900Z 15011KT CAVOK 31/25 Q1010=
13/02/2025 20:00,METAR SBSC 132000Z 15011KT CAVOK 29/25 Q1010=
13/02/2025 21:00,METAR SBSC 132100Z 15007KT CAVOK 29/24 Q1011=
13/02/2025 22:00,METAR SBSC 132200Z 15005KT CAVOK 27/23 Q1011=
13/02/2025 23:00,METAR SBSC 132300Z 16004KT CAVOK 26/23 Q1012=
14/02/2025 00:00,METAR SBSC 140000Z 18004KT CAVOK 26/24 Q1013=
14/02/2025 01:00,METAR SBSC 140100Z 17005KT 9999 FEW030 27/24 Q1014=
14/02/2025 02:00,METAR SBSC 140200Z 21006KT 9999 FEW011 26/24 Q1013=
14/02/2025 03:00,METAR SBSC 140300Z 19005KT 9999 FEW011 26/24 Q1012=
14/02/2025 04:00,METAR SBSC 140400Z 19004KT CAVOK 26/24 Q1011=
14/02/2025 05:00,METAR SBSC 140500Z 24004KT CAVOK 25/23 Q1011=
14/02/2025 06:00,METAR SBSC 140600Z 27005KT CAVOK 25/23 Q1011=
14/02/2025 07:00,METAR SBSC 140700Z 29004KT 9999 FEW008 25/23 Q1011=
14/02/2025 08:00,METAR SBSC 140800Z 24002KT CAVOK 25/23 Q1011=
14/02/2025 09:00,METAR SBSC 140900Z 00000KT CAVOK 25/23 Q1011=
14/02/2025 10:00,METAR SBSC 141000Z 34003KT CAVOK 26/24 Q1012=
14/02/2025 11:00,METAR SBSC 141100Z 35003KT CAVOK 29/23 Q1013=
14/02/2025 12:00,METAR SBSC 141200Z 33003KT CAVOK 31/22 Q1013=
14/02/2025 13:00,METAR SBSC 141300Z 07003KT CAVOK 32/20 Q1013=
14/02/2025 14:00,METAR SBSC 141400Z 15012KT CAVOK 32/22 Q1013=
14/02/2025 15:00,METAR SBSC 141500Z 15011KT 9999 SCT030 FEW032TCU 32/22 Q1012=
14/02/2025 16:00,METAR SBSC 141600Z 14012KT 9999 SCT030 FEW032TCU 31/23 Q1012=
14/02/2025 17:00,METAR SBSC 141700Z 15012KT 9999 SCT030 FEW032TCU 31/24 Q1011=
14/02/2025 18:00,METAR SBSC 141800Z 14011KT 9999 SCT030 FEW032TCU 30/24 Q1010=
14/02/2025 19:00,METAR SBSC 141900Z 15010KT 9999 SCT030 FEW032TCU 29/24 Q1010=
14/02/2025 20:00,METAR SBSC 142000Z 13009KT 9999 SCT030 FEW032TCU SCT040 29/24 Q1011=
14/02/2025 21:00,METAR SBSC 142100Z 12008KT 9999 SCT025 BKN040 28/23 Q1010=
14/02/2025 22:00,METAR SBSC 142200Z 14006KT 9999 SCT025 BKN040 28/23 Q1011=
14/02/2025 23:00,METAR SBSC 142300Z 14002KT 9999 SCT025 BKN040 27/23 Q1011=
15/02/2025 00:00,METAR SBSC 150000Z 16004KT 9999 SCT025 BKN040 27/23 Q1012=
15/02/2025 01:00,METAR SBSC 150100Z 23002KT 9999 SCT025 SCT041 27/23 Q1012=
15/02/2025 02:00,METAR SBSC 150200Z 13003KT 9999 SCT025 BKN041 27/24 Q1012=
15/02/2025 03:00,METAR SBSC 150300Z 12002KT 9999 SCT025 BKN041 26/23 Q1012=
15/02/2025 04:00,METAR SBSC 150400Z 36002KT 9999 SCT025 BKN041 25/23 Q1011=
15/02/2025 05:00,METAR SBSC 150500Z 32004KT 9999 SCT025 SCT041 25/23 Q1011=
15/02/2025 06:00,METAR SBSC 150600Z 35003KT 9999 FEW025 SCT041 25/23 Q1010=
15/02/2025 07:00,METAR SBSC 150700Z 02003KT 9999 FEW025 SCT041 24/22 Q1010=
15/02/2025 08:00,METAR COR SBSC 150800Z 20003KT 9999 FEW010 BKN080 23/21 Q1011=
15/02/2025 09:00,METAR SBSC 150900Z 35003KT CAVOK 24/22 Q1011=
15/02/2025 10:00,METAR SBSC 151000Z 36005KT CAVOK 26/23 Q1012=
15/02/2025 11:00,METAR SBSC 151100Z 01005KT CAVOK 29/22 Q1013=
15/02/2025 12:00,METAR SBSC 151200Z 35004KT 9999 FEW015 31/22 Q1013=
15/02/2025 13:00,METAR SBSC 151300Z 35005KT CAVOK 33/22 Q1012=
15/02/2025 14:00,METAR SBSC 151400Z 13005KT CAVOK 33/24 Q1012=
15/02/2025 15:00,METAR SBSC 151500Z 18008KT 9999 SCT030 32/23 Q1011=
15/02/2025 16:00,METAR SBSC 151600Z 14010KT 9999 SCT030 32/22 Q1011=
15/02/2025 17:00,METAR SBSC 151700Z 16013KT 9999 SCT030 FEW032TCU 31/23 Q1011=
15/02/2025 18:00,METAR SBSC 151800Z 15012KT 9999 SCT030 FEW032TCU 31/22 Q1010=
15/02/2025 19:00,METAR SBSC 151900Z 16012KT 9999 SCT030 FEW032TCU 30/23 Q1010=
15/02/2025 20:00,METAR SBSC 152000Z 17011KT 9999 SCT030 FEW032TCU 29/23 Q1010=
15/02/2025 21:00,METAR SBSC 152100Z 17008KT 9999 SCT030 FEW032TCU 28/23 Q1010=
15/02/2025 22:00,METAR SBSC 152200Z 17006KT 9999 FEW030 27/22 Q1010=
15/02/2025 23:00,METAR SBSC 152300Z 16003KT CAVOK 26/22 Q1011=
16/02/2025 00:00,METAR SBSC 160000Z 15004KT CAVOK 26/23 Q1012=
16/02/2025 01:00,METAR SBSC 160100Z 14004KT CAVOK 26/23 Q1012=
16/02/2025 02:00,METAR SBSC 160200Z 14003KT CAVOK 26/23 Q1013=
16/02/2025 03:00,METAR SBSC 160300Z 17003KT 9999 FEW008 25/24 Q1012=
16/02/2025 04:00,METAR SBSC 160400Z 22002KT CAVOK 25/23 Q1012=
16/02/2025 05:00,METAR SBSC 160500Z 26002KT CAVOK 25/23 Q1011=
16/02/2025 06:00,METAR SBSC 160600Z 33003KT 9999 FEW010 24/23 Q1011=
16/02/2025 07:00,METAR SBSC 160700Z 32004KT CAVOK 24/22 Q1011=
16/02/2025 08:00,METAR SBSC 160800Z 34004KT CAVOK 24/22 Q1011=
16/02/2025 09:00,METAR SBSC 160900Z 01004KT CAVOK 24/22 Q1012=
16/02/2025 10:00,METAR SBSC 161000Z 36006KT CAVOK 26/22 Q1012=
16/02/2025 11:00,METAR SBSC 161100Z 36008KT CAVOK 29/22 Q1012=
16/02/2025 12:00,METAR SBSC 161200Z 34009KT CAVOK 32/22 Q1012=
16/02/2025 13:00,METAR SBSC 161300Z 35008KT CAVOK 34/22 Q1012=
16/02/2025 14:00,METAR SBSC 161400Z 34008KT CAVOK 36/35 Q1011=
16/02/2025 15:00,METAR SBSC 161500Z 32008KT CAVOK 38/19 Q1011=
16/02/2025 16:00,METAR SBSC 161600Z 33006KT CAVOK 38/18 Q1010=
16/02/2025 17:00,METAR SBSC 161700Z 36010KT CAVOK 39/17 Q1009=
16/02/2025 18:00,METAR SBSC 161800Z 11010KT CAVOK 36/22 Q1009=
16/02/2025 19:00,METAR SBSC 161900Z 12009KT 9999 FEW040 36/22 Q1009=
16/02/2025 20:00,METAR SBSC 162000Z 10008KT 9999 FEW040 35/21 Q1009=
16/02/2025 21:00,METAR SBSC 162100Z 10005KT CAVOK 34/19 Q1009=
16/02/2025 22:00,METAR SBSC 162200Z 19003KT CAVOK 30/22 Q1009=
16/02/2025 23:00,METAR SBSC 162300Z 24004KT CAVOK 29/23 Q1010=
17/02/2025 00:00,METAR SBSC 170000Z 24005KT CAVOK 28/23 Q1011=
17/02/2025 01:00,METAR SBSC 170100Z 16002KT CAVOK 27/23 Q1011=
17/02/2025 02:00,METAR SBSC 170200Z 01002KT CAVOK 26/23 Q1011=
17/02/2025 03:00,METAR SBSC 170300Z 33003KT CAVOK 26/23 Q1011=
17/02/2025 04:00,METAR SBSC 170400Z 35005KT CAVOK 25/22 Q1011=
17/02/2025 05:00,METAR SBSC 170500Z 35005KT CAVOK 25/22 Q1010=
17/02/2025 06:00,METAR SBSC 170600Z 33005KT CAVOK 26/21 Q1010=
17/02/2025 07:00,METAR SBSC 170700Z 33007KT CAVOK 26/20 Q1010=
17/02/2025 08:00,METAR SBSC 170800Z 33008KT CAVOK 27/19 Q1010=
17/02/2025 09:00,METAR SBSC 170900Z 33008KT CAVOK 27/19 Q1011=
17/02/2025 09:00,METAR SBSC 170900Z 33008KT CAVOK 27/19 Q1011=
17/02/2025 10:00,METAR SBSC 171000Z 32005KT CAVOK 29/19 Q1011=
17/02/2025 11:00,METAR SBSC 171100Z 32008KT CAVOK 32/19 Q1012=
17/02/2025 12:00,METAR SBSC 171200Z 33012KT CAVOK 34/19 Q1012=
17/02/2025 13:00,METAR SBSC 171300Z 32012G22KT CAVOK 35/18 Q1012=
17/02/2025 14:00,METAR SBSC 171400Z 32011G21KT CAVOK 37/18 Q1012=
17/02/2025 15:00,METAR SBSC 171500Z 31007KT 9999 FEW025 39/17 Q1011=
17/02/2025 16:00,METAR SBSC 171600Z 33004KT 9999 FEW025 40/13 Q1010=
17/02/2025 17:00,METAR SBSC 171700Z 33003KT CAVOK 41/11 Q1010=
17/02/2025 18:00,METAR SBSC 171800Z 16008KT 9999 FEW030 39/15 Q1009=
17/02/2025 19:00,METAR SBSC 171900Z 12010KT 9999 FEW040 38/16 Q1008=
17/02/2025 20:00,METAR SBSC 172000Z 12008KT 9999 FEW045 37/17 Q1008=
17/02/2025 21:00,METAR SBSC 172100Z 15005KT CAVOK 35/20 Q1008=
17/02/2025 22:00,METAR SBSC 172200Z 20005KT CAVOK 30/22 Q1008=
17/02/2025 23:00,METAR SBSC 172300Z 20002KT CAVOK 28/23 Q1009=
18/02/2025 00:00,METAR SBSC 180000Z 26003KT CAVOK 27/23 Q1010=
18/02/2025 01:00,METAR SBSC 180100Z 25004KT CAVOK 27/23 Q1010=
18/02/2025 02:00,METAR SBSC 180200Z 03002KT CAVOK 26/22 Q1010=
18/02/2025 03:00,METAR SBSC 180300Z 11001KT CAVOK 25/21 Q1010=
18/02/2025 04:00,METAR SBSC 180400Z 03001KT CAVOK 24/21 Q1010=
18/02/2025 05:00,METAR SBSC 180500Z 01003KT CAVOK 23/20 Q1010=
18/02/2025 06:00,METAR SBSC 180600Z 36005KT CAVOK 22/20 Q1009=
18/02/2025 07:00,METAR SBSC 180700Z 34005KT 9999 FEW025 23/19 Q1009=
18/02/2025 08:00,METAR SBSC 180800Z 02007KT 9999 FEW025 24/19 Q1009=
18/02/2025 09:00,METAR SBSC 180900Z 03007KT 9999 FEW020 25/20 Q1009=
18/02/2025 10:00,METAR SBSC 181000Z 35006KT CAVOK 27/21 Q1011=
18/02/2025 11:00,METAR SBSC 181100Z 35007KT 9999 FEW040 31/21 Q1011=
18/02/2025 12:00,METAR SBSC 181200Z 33009KT 9999 FEW030 34/18 Q1011=
18/02/2025 13:00,METAR SBSC 181300Z 34009KT 9999 FEW025 36/18 Q1011=
18/02/2025 14:00,METAR SBSC 181400Z 32007KT 9999 FEW025 38/18 Q1010=
18/02/2025 15:00,METAR SBSC 181500Z 18009KT 9999 FEW027 35/23 Q1010=
18/02/2025 16:00,METAR SBSC 181600Z 15011KT 9999 FEW027 33/23 Q1010=
18/02/2025 17:00,METAR SBSC 181700Z 13006KT 9999 FEW027 35/21 Q1009=
18/02/2025 18:00,METAR SBSC 181800Z 15011KT 9999 FEW027 33/21 Q1009=
18/02/2025 19:00,METAR SBSC 181900Z 15012KT 9999 FEW027 32/22 Q1009=
18/02/2025 20:00,METAR SBSC 182000Z 15012KT CAVOK 30/24 Q1009=
18/02/2025 21:00,METAR SBSC 182100Z 14009KT CAVOK 29/24 Q1009=
18/02/2025 22:00,METAR SBSC 182200Z 13006KT 9999 FEW030 SCT070 28/24 Q1010=
18/02/2025 23:00,METAR SBSC 182300Z 12007KT 9999 FEW030 28/23 Q1011=
19/02/2025 00:00,METAR SBSC 190000Z 14006KT CAVOK 28/24 Q1012=
19/02/2025 01:00,METAR SBSC 190100Z 16009KT 9999 FEW010 28/24 Q1012=
19/02/2025 02:00,METAR SBSC 190200Z 16007KT 9999 FEW010 28/25 Q1012=
19/02/2025 03:00,METAR SBSC 190300Z 18010KT 9999 FEW013 28/25 Q1013=
19/02/2025 04:00,METAR SBSC 190400Z 18007KT 9999 FEW010 28/24 Q1013=
19/02/2025 05:00,METAR SBSC 190500Z 17009G19KT 9999 SCT015 28/25 Q1013=
19/02/2025 06:00,METAR SBSC 190600Z 18015G25KT 9999 SCT010 BKN017 BKN035 27/24 Q1013=
19/02/2025 07:00,METAR SBSC 190700Z 17012KT 9999 FEW028 SCT040 26/22 Q1013=
19/02/2025 08:00,METAR SBSC 190800Z 17006KT 9999 SCT015 26/22 Q1014=
19/02/2025 09:00,METAR SBSC 190900Z 17003KT 9999 SCT016 SCT060 25/22 Q1014=
19/02/2025 10:00,METAR SBSC 191000Z 17004KT 9999 FEW040 27/22 Q1014=
19/02/2025 11:00,METAR SBSC 191100Z 13003KT 9999 FEW040 28/21 Q1014=
19/02/2025 12:00,METAR SBSC 191200Z 10002KT 9999 FEW015 SCT030 31/22 Q1014=
19/02/2025 13:00,METAR SBSC 191300Z 02005KT 9999 FEW030 32/22 Q1014=
19/02/2025 14:00,METAR SBSC 191400Z 35005KT 300V050 9999 FEW030 33/20 Q1014=
19/02/2025 15:00,METAR SBSC 191500Z 33007KT 270V020 CAVOK 35/19 Q1013=
19/02/2025 16:00,METAR SBSC 191600Z 12012KT CAVOK 32/23 Q1012=
19/02/2025 17:00,METAR SBSC 191700Z 12013KT 9999 FEW030 35/23 Q1011=
19/02/2025 18:00,METAR SBSC 191800Z 09012KT CAVOK 34/22 Q1010=
19/02/2025 19:00,METAR SBSC 191900Z 09012KT CAVOK 34/21 Q1010=
19/02/2025 20:00,METAR SBSC 192000Z 09008KT CAVOK 34/20 Q1010=
19/02/2025 21:00,METAR SBSC 192100Z 12005KT CAVOK 33/20 Q1010=
19/02/2025 22:00,METAR SBSC 192200Z 24004KT CAVOK 29/23 Q1010=
19/02/2025 23:00,METAR SBSC 192300Z 00000KT CAVOK 28/24 Q1010=
20/02/2025 00:00,METAR SBSC 200000Z 00000KT CAVOK 27/24 Q1011=
20/02/2025 01:00,METAR SBSC 200100Z 20002KT CAVOK 27/24 Q1011=
20/02/2025 02:00,METAR SBSC 200200Z 20002KT CAVOK 27/24 Q1012=
20/02/2025 03:00,METAR SBSC 200300Z 22001KT CAVOK 27/24 Q1011=
20/02/2025 04:00,METAR SBSC 200400Z 31003KT CAVOK 26/24 Q1011=
20/02/2025 05:00,METAR SBSC 200500Z 35005KT CAVOK 25/23 Q1011=
20/02/2025 06:00,METAR SBSC 200600Z 33003KT CAVOK 24/21 Q1012=
20/02/2025 07:00,METAR COR SBSC 200700Z 36003KT CAVOK 24/20 Q1012=
20/02/2025 08:00,METAR SBSC 200800Z 28002KT CAVOK 24/20 Q1012=
20/02/2025 09:00,METAR SBSC 200900Z 28003KT 9999 FEW010 26/19 Q1013=
20/02/2025 10:00,METAR SBSC 201000Z 02002KT 9999 FEW010 28/19 Q1013=
20/02/2025 11:00,METAR SBSC 201100Z 31005KT 9999 FEW010 29/20 Q1014=
20/02/2025 12:00,METAR SBSC 201200Z 31008KT 9999 FEW010 31/20 Q1014=
20/02/2025 13:00,METAR SBSC 201300Z 33008KT CAVOK 34/20 Q1014=
20/02/2025 14:00,METAR SBSC 201400Z 33010KT 9999 FEW025 35/18 Q1013=
20/02/2025 15:00,METAR SBSC 201500Z 35007KT 9999 FEW025 37/18 Q1013=
20/02/2025 16:00,METAR SBSC 201600Z 14005KT 9999 SCT025 FEW030TCU 37/22 Q1012=
20/02/2025 17:00,METAR SBSC 201700Z 16008KT 9999 SCT025 FEW030TCU 34/21 Q1012=
20/02/2025 18:00,METAR SBSC 201800Z 15008KT 9999 SCT025 FEW030TCU 34/22 Q1012=
20/02/2025 19:00,METAR SBSC 201900Z 16012KT 9999 SCT025 32/22 Q1012=
20/02/2025 20:00,METAR SBSC 202000Z 17011KT 9999 SCT030 30/22 Q1013=
20/02/2025 21:00,METAR SBSC 202100Z 16009KT 9999 SCT030 FEW035TCU 29/21 Q1013=
20/02/2025 22:00,METAR SBSC 202200Z 17007KT 9999 SCT030 FEW035TCU 28/22 Q1014=
20/02/2025 23:00,METAR SBSC 202300Z 16005KT 9999 SCT040 28/22 Q1014=
21/02/2025 00:00,METAR SBSC 210000Z 17005KT 9999 FEW040 27/22 Q1015=
21/02/2025 01:00,METAR SBSC 210100Z 18005KT CAVOK 27/23 Q1015=
21/02/2025 02:00,METAR SBSC 210200Z 19006KT CAVOK 28/23 Q1015=
21/02/2025 03:00,METAR SBSC 210300Z 20004KT 140V250 CAVOK 27/23 Q1015=
21/02/2025 04:00,METAR SBSC 210400Z 19004KT CAVOK 27/23 Q1014=
21/02/2025 05:00,METAR SBSC 210500Z 22003KT CAVOK 26/23 Q1014=
21/02/2025 06:00,METAR SBSC 210600Z 23004KT CAVOK 26/23 Q1014=
21/02/2025 07:00,METAR SBSC 210700Z 22004KT CAVOK 26/23 Q1014=
21/02/2025 08:00,METAR SBSC 210800Z 23004KT 9999 FEW030 26/23 Q1014=
21/02/2025 09:00,METAR SBSC 210900Z 35003KT CAVOK 24/22 Q1015=
21/02/2025 10:00,METAR SBSC 211000Z 36004KT CAVOK 27/23 Q1016=
21/02/2025 11:00,METAR SBSC 211100Z VRB02KT CAVOK 30/22 Q1016=
21/02/2025 12:00,METAR SBSC 211200Z 14005KT CAVOK 32/21 Q1016=
21/02/2025 13:00,METAR SBSC 211300Z 16007KT 9999 SCT032 32/23 Q1016=
21/02/2025 14:00,METAR SBSC 211400Z 15009KT 9999 FEW030 32/25 Q1016=
21/02/2025 15:00,METAR SBSC 211500Z 16009KT 9999 FEW025 32/24 Q1016=
21/02/2025 16:00,METAR SBSC 211600Z 16011KT 9999 FEW025 32/23 Q1015=
21/02/2025 17:00,METAR SBSC 211700Z 15012KT 9999 FEW025 FEW030TCU 31/23 Q1015=
21/02/2025 18:00,METAR SBSC 211800Z 15011KT 9999 FEW025 FEW032TCU 31/24 Q1015=
21/02/2025 19:00,METAR SBSC 211900Z 16010KT 9999 FEW027 31/23 Q1015=
21/02/2025 20:00,METAR SBSC 212000Z 15011KT 9999 SCT017 30/24 Q1015=
21/02/2025 21:00,METAR SBSC 212100Z 14009KT 9999 FEW016 28/24 Q1015=
21/02/2025 22:00,METAR SBSC 212200Z 15006KT 9999 FEW015 SCT046 27/23 Q1015=
21/02/2025 23:00,METAR SBSC 212300Z 15004KT 9999 SCT017 27/23 Q1016=
22/02/2025 00:00,METAR SBSC 220000Z 12004KT 9999 FEW015 SCT040 BKN052 27/24 Q1016=
22/02/2025 01:00,METAR SBSC 220100Z 12003KT 9999 FEW015 SCT050 27/21 Q1017=
22/02/2025 02:00,METAR SBSC 220200Z 18003KT 9999 FEW020 BKN070 26/23 Q1017=
22/02/2025 03:00,METAR COR SBSC 220300Z 19003KT 9999 FEW020 BKN070 26/23 Q1016=
22/02/2025 04:00,METAR COR SBSC 220400Z 18002KT 9999 FEW020 BKN070 25/22 Q1016=
22/02/2025 05:00,METAR SBSC 220500Z 21004KT 9999 FEW020 BKN070 25/22 Q1016=
22/02/2025 06:00,METAR COR SBSC 220600Z 19005KT 9999 FEW030 SCT100 25/22 Q1016=
22/02/2025 07:00,METAR SBSC 220700Z 18002KT 9999 FEW030 SCT070 24/21 Q1016=
22/02/2025 08:00,METAR SBSC 220800Z 24003KT 9999 FEW030 SCT070 23/21 Q1016=
22/02/2025 09:00,METAR SBSC 220900Z 03002KT CAVOK 25/22 Q1015=
22/02/2025 10:00,METAR SBSC 221000Z 02002KT CAVOK 27/22 Q1016=
22/02/2025 11:00,METAR SBSC 221100Z 32007KT CAVOK 29/21 Q1016=
22/02/2025 12:00,METAR SBSC 221200Z 32008KT CAVOK 31/19 Q1017=
22/02/2025 13:00,METAR SBSC 221300Z 33005KT 9999 FEW030 33/18 Q1016=
22/02/2025 14:00,METAR SBSC 221400Z 35005KT 9999 FEW030 34/17 Q1016=
22/02/2025 15:00,METAR SBSC 221500Z 16011KT 9999 FEW040 34/21 Q1015=
22/02/2025 16:00,METAR SBSC 221600Z 14011KT 9999 FEW040 33/22 Q1015=
22/02/2025 17:00,METAR SBSC 221700Z 14012KT 9999 FEW040 32/22 Q1014=
22/02/2025 18:00,METAR SBSC 221800Z 13012KT 9999 FEW040 31/23 Q1014=
22/02/2025 19:00,METAR SBSC 221900Z 13010KT 9999 SCT030 31/23 Q1014=
22/02/2025 20:00,METAR SBSC 222000Z 14011KT 9999 SCT030 30/23 Q1014=
22/02/2025 21:00,METAR SBSC 222100Z 12009KT 9999 SCT040 28/22 Q1014=
22/02/2025 22:00,METAR SBSC 222200Z 19004KT 9999 SCT035 27/22 Q1014=
22/02/2025 23:00,METAR SBSC 222300Z 16005KT 9999 FEW020 27/22 Q1015=
23/02/2025 00:00,METAR SBSC 230000Z 18003KT 9999 FEW030 27/22 Q1015=
23/02/2025 01:00,METAR SBSC 230100Z 18003KT 9999 FEW030 27/22 Q1015=
23/02/2025 02:00,METAR SBSC 230200Z 19004KT 9999 FEW015 26/23 Q1015=
23/02/2025 03:00,METAR SBSC 230300Z 20005KT 9999 FEW015 26/23 Q1015=
23/02/2025 04:00,METAR SBSC 230400Z 19004KT 9999 FEW015 27/23 Q1015=
23/02/2025 05:00,METAR SBSC 230500Z 22005KT 9999 FEW015 25/23 Q1015=
23/02/2025 06:00,METAR SBSC 230600Z 19005KT 9999 FEW015 25/22 Q1015=
23/02/2025 07:00,METAR SBSC 230700Z 30004KT 9999 FEW012 26/22 Q1015=
23/02/2025 08:00,METAR SBSC 230800Z 29005KT 9999 FEW012 26/23 Q1015=
23/02/2025 09:00,METAR SBSC 230900Z 31006KT 9999 FEW012 23/21 Q1014=
23/02/2025 10:00,METAR SBSC 231000Z 33003KT 9999 FEW012 25/22 Q1015=
23/02/2025 11:00,METAR SBSC 231100Z 33006KT 9999 FEW012 29/20 Q1016=
23/02/2025 12:00,METAR SBSC 231200Z 33010KT CAVOK 30/20 Q1016=
23/02/2025 13:00,METAR SBSC 231300Z 32010KT 9999 FEW017 32/19 Q1016=
23/02/2025 14:00,METAR SBSC 231400Z 35011KT 9999 FEW017 34/19 Q1016=
23/02/2025 15:00,METAR SBSC 231500Z 33007KT 9999 SCT020 35/18 Q1015=
23/02/2025 16:00,METAR SBSC 231600Z 12011KT 9999 FEW020 SCT050 33/22 Q1014=
23/02/2025 17:00,METAR SBSC 231700Z 12015KT 9999 FEW020 33/22 Q1014=
23/02/2025 18:00,METAR SBSC 231800Z 12011KT 9999 FEW020 FEW036TCU 33/21 Q1013=
23/02/2025 19:00,METAR SBSC 231900Z 12013KT 9999 FEW020 FEW038TCU SCT050 32/20 Q1013=
23/02/2025 20:00,METAR SBSC 232000Z 07010KT 9999 FEW020 FEW038TCU 32/21 Q1013=
23/02/2025 21:00,METAR SBSC 232100Z 08007KT 9999 FEW025 SCT050 31/21 Q1013=
23/02/2025 22:00,METAR SBSC 232200Z 07004KT 9999 VCTS FEW025 FEW040CB 29/22 Q1013=
23/02/2025 23:00,METAR SBSC 232300Z 28003KT 9999 FEW025 28/22 Q1014=
24/02/2025 00:00,METAR SBSC 240000Z 19003KT 9999 FEW027 27/23 Q1014=
24/02/2025 01:00,METAR SBSC 240100Z 14002KT 9999 FEW030 27/23 Q1015=
24/02/2025 02:00,METAR SBSC 240200Z 36003KT 9999 FEW020 26/23 Q1015=
24/02/2025 03:00,METAR SBSC 240300Z 02008KT 9999 FEW020 27/21 Q1015=
24/02/2025 04:00,METAR SBSC 240400Z 35004KT CAVOK 26/21 Q1015=
24/02/2025 05:00,METAR SBSC 240500Z 35005KT 9999 SCT045 25/21 Q1014=
24/02/2025 06:00,METAR SBSC 240600Z 31003KT CAVOK 25/22 Q1014=
24/02/2025 07:00,METAR SBSC 240700Z 35004KT CAVOK 24/21 Q1014=
24/02/2025 08:00,METAR SBSC 240800Z 02004KT CAVOK 24/21 Q1015=
24/02/2025 09:00,METAR SBSC 240900Z 36006KT CAVOK 24/20 Q1015=
24/02/2025 10:00,METAR SBSC 241000Z 35007KT CAVOK 26/19 Q1016=
24/02/2025 11:00,METAR SBSC 241100Z 35008KT 9999 FEW025 28/19 Q1016=
24/02/2025 12:00,METAR SBSC 241200Z 35008KT CAVOK 30/19 Q1017=
24/02/2025 13:00,METAR SBSC 241300Z 35006KT CAVOK 32/19 Q1017=
24/02/2025 14:00,METAR SBSC 241400Z 36007KT 280V050 CAVOK 34/17 Q1016=
24/02/2025 15:00,METAR SBSC 241500Z 13014KT 9999 FEW030 33/21 Q1015=
24/02/2025 16:00,METAR SBSC 241600Z 12014KT 9999 SCT040 32/20 Q1015=
24/02/2025 17:00,METAR SBSC 241700Z 12012KT 9999 FEW040 34/20 Q1014=
24/02/2025 18:00,METAR SBSC 241800Z 11012KT 9999 FEW030 34/21 Q1014=
24/02/2025 19:00,METAR SBSC 241900Z 10013KT 9999 FEW030 32/21 Q1013=
24/02/2025 20:00,METAR SBSC 242000Z 09012KT CAVOK 32/21 Q1013=
24/02/2025 21:00,METAR SBSC 242100Z 09008KT 9999 FEW040 30/22 Q1013=
24/02/2025 22:00,METAR SBSC 242200Z 03008KT 9999 FEW040 31/21 Q1014=
24/02/2025 23:00,METAR SBSC 242300Z 36007KT 9999 FEW040 30/21 Q1015=
25/02/2025 00:00,METAR SBSC 250000Z 32004KT 9999 FEW040 29/21 Q1016=
25/02/2025 01:00,METAR SBSC 250100Z 34006KT 9999 FEW040 27/20 Q1016=
25/02/2025 02:00,METAR SBSC 250200Z 36004KT 9999 FEW040 25/20 Q1016=
25/02/2025 03:00,METAR SBSC 250300Z 36006KT 9999 FEW040 25/19 Q1016=
25/02/2025 04:00,METAR SBSC 250400Z 02005KT 9999 FEW040 25/19 Q1015=
25/02/2025 05:00,METAR SBSC 250500Z 01005KT 9999 FEW035 24/19 Q1015=
25/02/2025 06:00,METAR SBSC 250600Z 36006KT 9999 FEW030 24/18 Q1015=
25/02/2025 07:00,METAR SBSC 250700Z 03005KT 9999 FEW030 25/18 Q1016=
25/02/2025 08:00,METAR SBSC 250800Z 03004KT 9999 FEW025 26/19 Q1016=
25/02/2025 09:00,METAR SBSC 250900Z 02006KT 9999 FEW025 27/19 Q1016=
25/02/2025 10:00,METAR SBSC 251000Z 01007KT 9999 FEW025 27/20 Q1017=
25/02/2025 11:00,METAR SBSC 251100Z 35008KT 9999 FEW025 29/21 Q1018=
25/02/2025 12:00,METAR SBSC 251200Z 34009KT 9999 FEW025 31/20 Q1018=
25/02/2025 13:00,METAR SBSC 251300Z 34010KT 280V010 9999 FEW030 33/20 Q1018=
25/02/2025 14:00,METAR SBSC 251400Z 36007KT 9999 SCT030 33/20 Q1017=
25/02/2025 15:00,METAR SBSC 251500Z 12010KT 9999 SCT030 33/21 Q1017=
25/02/2025 16:00,METAR SBSC 251600Z 11012KT 9999 SCT030 33/22 Q1016=
25/02/2025 17:00,METAR SBSC 251700Z 11010KT 9999 SCT035 34/21 Q1015=
25/02/2025 18:00,METAR SBSC 251800Z 12014KT 9999 FEW030 34/20 Q1014=
25/02/2025 19:00,METAR SBSC 251900Z 11011KT 9999 FEW007 SCT025 33/20 Q1014=
25/02/2025 20:00,METAR SBSC 252000Z 10009KT 9999 FEW008 SCT025 32/21 Q1014=
25/02/2025 21:00,METAR SBSC 252100Z 10007KT 9999 FEW008 SCT025 30/21 Q1014=
25/02/2025 22:00,METAR SBSC 252200Z 20002KT 9999 FEW008 SCT060 28/21 Q1014=
25/02/2025 23:00,METAR SBSC 252300Z 23004KT 9999 FEW020 27/22 Q1015=
26/02/2025 00:00,METAR SBSC 260000Z 20002KT CAVOK 27/23 Q1015=
26/02/2025 01:00,METAR SBSC 260100Z VRB02KT CAVOK 27/23 Q1016=
26/02/2025 02:00,METAR SBSC 260200Z VRB02KT CAVOK 26/23 Q1016=
26/02/2025 03:00,METAR SBSC 260300Z VRB02KT CAVOK 26/23 Q1016=
26/02/2025 04:00,METAR SBSC 260400Z 27002KT CAVOK 26/23 Q1016=
26/02/2025 05:00,METAR SBSC 260500Z 25004KT CAVOK 25/23 Q1016=
26/02/2025 06:00,METAR SBSC 260600Z 29004KT CAVOK 25/23 Q1016=
26/02/2025 07:00,METAR SBSC 260700Z 30005KT 9999 FEW020 24/23 Q1016=
26/02/2025 08:00,METAR SBSC 260800Z 31005KT 9999 FEW020 24/23 Q1016=
26/02/2025 09:00,METAR SBSC 260900Z 31006KT CAVOK 25/19 Q1017=
26/02/2025 10:00,METAR SBSC 261000Z 33006KT 9999 FEW040 26/19 Q1017=
26/02/2025 11:00,METAR SBSC 261100Z 34007KT 9999 FEW040 28/19 Q1017=
26/02/2025 12:00,METAR SBSC 261200Z 34010KT CAVOK 30/19 Q1018=
26/02/2025 13:00,METAR SBSC 261300Z 34008KT 9999 FEW020 32/19 Q1018=
26/02/2025 14:00,METAR SBSC 261400Z 01007KT 9999 SCT030 34/18 Q1017=
26/02/2025 15:00,METAR SBSC 261500Z 03007KT 9999 SCT030 35/17 Q1016=
26/02/2025 16:00,METAR SBSC 261600Z 12011KT 9999 SCT040 33/20 Q1015=
26/02/2025 17:00,METAR SBSC 261700Z 12013KT 9999 SCT035 34/19 Q1014=
26/02/2025 18:00,METAR SBSC 261800Z 12011KT 9999 SCT035 34/19 Q1013=
26/02/2025 19:00,METAR SBSC 261900Z 08010KT CAVOK 32/18 Q1013=
26/02/2025 20:00,METAR SBSC 262000Z 11008KT CAVOK 32/19 Q1013=
26/02/2025 21:00,METAR SBSC 262100Z 12006KT CAVOK 30/19 Q1013=
26/02/2025 22:00,METAR SBSC 262200Z 11006KT CAVOK 28/20 Q1013=
26/02/2025 23:00,METAR SBSC 262300Z 17007KT CAVOK 26/22 Q1014=
27/02/2025 00:00,METAR SBSC 270000Z 22005KT CAVOK 26/22 Q1015=
27/02/2025 01:00,METAR SBSC 270100Z 22005KT CAVOK 25/22 Q1015=
27/02/2025 02:00,METAR SBSC 270200Z 20002KT CAVOK 24/22 Q1015=
27/02/2025 03:00,METAR SBSC 270300Z 21001KT CAVOK 24/21 Q1015=
27/02/2025 04:00,METAR SBSC 270400Z 24002KT CAVOK 23/21 Q1015=
27/02/2025 05:00,METAR SBSC 270500Z 29002KT CAVOK 23/21 Q1014=
27/02/2025 06:00,METAR SBSC 270600Z 25002KT CAVOK 23/20 Q1014=
27/02/2025 07:00,METAR SBSC 270700Z 26003KT CAVOK 22/20 Q1014=
27/02/2025 08:00,METAR SBSC 270800Z 24004KT CAVOK 23/21 Q1014=
27/02/2025 09:00,METAR SBSC 270900Z 35005KT CAVOK 24/21 Q1014=
27/02/2025 10:00,METAR SBSC 271000Z 34006KT CAVOK 26/21 Q1015=
27/02/2025 11:00,METAR SBSC 271100Z 32010KT CAVOK 28/20 Q1015=
27/02/2025 12:00,METAR SBSC 271200Z 32011KT CAVOK 31/20 Q1015=
27/02/2025 13:00,METAR SBSC 271300Z 33013KT CAVOK 32/20 Q1015=
27/02/2025 14:00,METAR SBSC 271400Z 35013KT CAVOK 34/20 Q1014=
27/02/2025 15:00,METAR SBSC 271500Z 34011G22KT 9999 FEW040 36/20 Q1014=
27/02/2025 16:00,METAR SBSC 271600Z 34009KT 9999 FEW040 37/18 Q1013=
27/02/2025 17:00,METAR SBSC 271700Z 06006KT 9999 FEW040 38/17 Q1012=
27/02/2025 18:00,METAR SBSC 271800Z 11012KT 9999 FEW040 35/20 Q1012=
27/02/2025 19:00,METAR SBSC 271900Z 13012KT 9000 4000SE SCT025 FEW030TCU SCT080 34/19 Q1012=
27/02/2025 20:00,METAR SBSC 272000Z 11008KT 8000 SCT025 FEW030TCU SCT100 33/19 Q1012=
27/02/2025 21:00,METAR SBSC 272100Z 15004KT 9999 SCT025 FEW030TCU 32/21 Q1012=
27/02/2025 22:00,METAR SBSC 272200Z 21006KT 9999 VCTS SCT025 FEW030CB 27/22 Q1013=
27/02/2025 23:00,METAR SBSC 272300Z 20004KT 9999 FEW010 FEW030TCU 26/22 Q1014=
28/02/2025 00:00,METAR SBSC 280000Z 19002KT 9999 FEW015 26/22 Q1014=
28/02/2025 01:00,METAR SBSC 280100Z 20003KT 9999 FEW015 25/22 Q1015=
28/02/2025 02:00,METAR SBSC 280200Z 19003KT 9999 FEW015 25/22 Q1015=
28/02/2025 03:00,METAR SBSC 280300Z 21002KT 9999 FEW015 24/21 Q1015=
28/02/2025 04:00,METAR SBSC 280400Z 20003KT 9999 FEW015 24/21 Q1014=
28/02/2025 05:00,METAR SBSC 280500Z 19004KT 9999 FEW015 23/21 Q1014=
28/02/2025 06:00,METAR SBSC 280600Z 18004KT 9999 FEW020 23/20 Q1014=
28/02/2025 08:00,METAR SBSC 280800Z 04005KT 9999 FEW020 25/21 Q1015=
28/02/2025 09:00,METAR SBSC 280900Z 06006KT 9999 FEW020 26/21 Q1015=
28/02/2025 10:00,METAR SBSC 281000Z 34006KT 9999 FEW020 26/20 Q1016=
28/02/2025 11:00,METAR SBSC 281100Z 33012KT 9999 FEW025 29/19 Q1016=
28/02/2025 12:00,METAR SBSC 281200Z 33013KT 9999 FEW025 31/19 Q1016=
28/02/2025 13:00,METAR SBSC 281300Z 32009KT 9999 FEW030 33/19 Q1016=
28/02/2025 14:00,METAR SBSC 281400Z 32010KT 9999 FEW025 34/19 Q1016=
28/02/2025 15:00,METAR SBSC 281500Z 34006KT 9999 SCT025 35/18 Q1015=
28/02/2025 16:00,METAR SBSC 281600Z 12012KT 9999 SCT025 34/20 Q1015=
28/02/2025 17:00,METAR SBSC 281700Z 12014KT 9999 SCT025 34/20 Q1014=
28/02/2025 18:00,METAR SBSC 281800Z 12012G23KT 9999 SCT025 33/18 Q1014=
28/02/2025 19:00,METAR SBSC 281900Z 11009G20KT 9999 SCT025 33/19 Q1013=
28/02/2025 20:00,METAR SBSC 282000Z 13012KT 9999 FEW025 32/20 Q1013=
28/02/2025 21:00,METAR SBSC 282100Z 13007KT 9999 FEW025 SCT066 30/20 Q1013=
28/02/2025 22:00,METAR SBSC 282200Z 19006KT 9999 FEW030 SCT066 27/22 Q1013=
28/02/2025 23:00,METAR SBSC 282300Z 20007KT CAVOK 26/22 Q1014=
01/03/2025 00:00,METAR SBSC 010000Z 20004KT CAVOK 26/22 Q1015=
01/03/2025 01:00,METAR SBSC 010100Z 16004KT CAVOK 25/22 Q1016=
01/03/2025 02:00,METAR SBSC 010200Z 08002KT CAVOK 25/22 Q1016=
01/03/2025 03:00,METAR SBSC 010300Z 03003KT 9999 FEW020 25/22 Q1016=
01/03/2025 04:00,METAR SBSC 010400Z 36003KT 9999 FEW020 25/22 Q1016=
01/03/2025 05:00,METAR SBSC 010500Z 02004KT CAVOK 25/21 Q1015=
01/03/2025 06:00,METAR SBSC 010600Z 01006KT CAVOK 25/20 Q1015=
01/03/2025 07:00,METAR SBSC 010700Z 35005KT CAVOK 24/20 Q1016=
01/03/2025 08:00,METAR SBSC 010800Z 02006KT CAVOK 24/20 Q1016=
01/03/2025 09:00,METAR SBSC 010900Z 01040KT CAVOK 23/19 Q1017=
01/03/2025 10:00,METAR SBSC 011000Z 34005KT CAVOK 26/19 Q1017=
01/03/2025 11:00,METAR SBSC 011100Z 33008KT CAVOK 29/19 Q1018=
01/03/2025 12:00,METAR SBSC 011200Z 34008KT CAVOK 31/19 Q1018=
01/03/2025 13:00,METAR SBSC 011300Z 35008KT CAVOK 33/18 Q1017=
01/03/2025 14:00,METAR SBSC 011400Z 01006KT CAVOK 34/17 Q1017=
01/03/2025 15:00,METAR SBSC 011500Z 12011KT 9999 FEW035 33/19 Q1016=
01/03/2025 16:00,METAR SBSC 011600Z 11011KT 9999 FEW035 35/19 Q1015=
01/03/2025 17:00,METAR SBSC 011700Z 13011KT 9999 FEW035 35/20 Q1015=
01/03/2025 18:00,METAR SBSC 011800Z 10012KT 9999 FEW035 34/19 Q1014=
01/03/2025 19:00,METAR SBSC 011900Z 12012KT 9999 FEW035 SCT080 33/20 Q1014=
01/03/2025 20:00,METAR SBSC 012000Z 10008KT 9999 FEW035 BKN080 31/20 Q1014=
01/03/2025 21:00,METAR SBSC 012100Z 11004KT 080V170 9999 FEW040 BKN100 31/20 Q1014=
01/03/2025 22:00,METAR SBSC 012200Z 24003KT 9999 SCT040 BKN100 28/22 Q1014=
01/03/2025 23:00,METAR SBSC 012300Z 23005KT 9999 FEW040 27/22 Q1015=
02/03/2025 00:00,METAR SBSC 020000Z 23005KT CAVOK 26/22 Q1015=
02/03/2025 01:00,METAR SBSC 020100Z 00000KT CAVOK 26/22 Q1016=
02/03/2025 02:00,METAR SBSC 020200Z 00000KT CAVOK 25/23 Q1016=
02/03/2025 03:00,METAR SBSC 020300Z 33004KT CAVOK 25/22 Q1016=
02/03/2025 04:00,METAR SBSC 020400Z 36005KT CAVOK 26/21 Q1015=
02/03/2025 05:00,METAR SBSC 020500Z 34004KT CAVOK 25/22 Q1015=
02/03/2025 06:00,METAR SBSC 020600Z 35004KT CAVOK 24/21 Q1015=
02/03/2025 07:00,METAR SBSC 020700Z 35005KT CAVOK 24/20 Q1016=
02/03/2025 08:00,METAR SBSC 020800Z 34006KT CAVOK 24/19 Q1016=
02/03/2025 09:00,METAR SBSC 020900Z 33006KT CAVOK 24/19 Q1016=
02/03/2025 10:00,METAR SBSC 021000Z 34005KT CAVOK 26/19 Q1017=
02/03/2025 11:00,METAR SBSC 021100Z 33009KT CAVOK 29/19 Q1017=
02/03/2025 12:00,METAR SBSC 021200Z 32009KT CAVOK 30/19 Q1018=
02/03/2025 13:00,METAR SBSC 021300Z 32010G22KT CAVOK 32/19 Q1017=
02/03/2025 14:00,METAR SBSC 021400Z 32010G20KT CAVOK 33/19 Q1017=
02/03/2025 15:00,METAR SBSC 021500Z 32011G23KT 9999 FEW025 35/19 Q1016=
02/03/2025 16:00,METAR SBSC 021600Z 34008KT 9999 SCT030 36/18 Q1015=
02/03/2025 17:00,METAR SBSC 021700Z 11011KT 9999 SCT030 35/18 Q1014=
02/03/2025 18:00,METAR SBSC 021800Z 13011KT 9999 SCT030 35/19 Q1014=
02/03/2025 19:00,METAR SBSC 021900Z 11010KT 9999 SCT030 33/18 Q1013=
02/03/2025 20:00,METAR SBSC 022000Z 09015KT 9999 SCT045 32/20 Q1013=
02/03/2025 21:00,METAR SBSC 022100Z 09009KT 9999 SCT045 30/20 Q1014=
02/03/2025 22:00,METAR SBSC 022200Z 11004KT CAVOK 29/20 Q1014=
02/03/2025 23:00,METAR SBSC 022300Z 23003KT CAVOK 27/21 Q1015=
03/03/2025 00:00,METAR SBSC 030000Z 18004KT CAVOK 26/22 Q1016=
03/03/2025 01:00,METAR SBSC 030100Z 21005KT CAVOK 26/22 Q1016=
03/03/2025 02:00,METAR SBSC 030200Z 20006KT CAVOK 25/22 Q1016=
03/03/2025 03:00,METAR SBSC 030300Z 18005KT CAVOK 24/22 Q1016=
03/03/2025 04:00,METAR SBSC 030400Z 21005KT CAVOK 24/21 Q1016=
03/03/2025 05:00,METAR SBSC 030500Z 20006KT CAVOK 23/21 Q1015=
03/03/2025 06:00,METAR SBSC 030600Z 13004KT 9999 FEW025 24/21 Q1015=
03/03/2025 07:00,METAR SBSC 030700Z 07006KT 9999 FEW025 24/20 Q1015=
03/03/2025 08:00,METAR SBSC 030800Z 02006KT 9999 FEW020 25/20 Q1016=
03/03/2025 09:00,METAR SBSC 030900Z 06005KT 9999 FEW020 26/19 Q1016=
03/03/2025 10:00,METAR SBSC 031000Z 06006KT 9999 FEW020 28/19 Q1016=
03/03/2025 11:00,METAR SBSC 031100Z 33008KT 9999 FEW040 28/19 Q1017=
03/03/2025 12:00,METAR SBSC 031200Z 34008KT 9999 FEW040 31/20 Q1017=
03/03/2025 13:00,METAR SBSC 031300Z 35009KT 9999 FEW025 33/19 Q1017=
03/03/2025 14:00,METAR SBSC 031400Z 35005KT 9999 SCT025 34/18 Q1017=
03/03/2025 15:00,METAR SBSC 031500Z 12012KT 9999 SCT025 32/21 Q1016=
03/03/2025 16:00,METAR SBSC 031600Z 12010G21KT 9999 SCT025 33/20 Q1015=
03/03/2025 17:00,METAR SBSC 031700Z 09012G22KT 9999 SCT030 32/20 Q1015=
03/03/2025 18:00,METAR SBSC 031800Z 10010G20KT 9999 SCT030 33/19 Q1014=
03/03/2025 19:00,METAR COR SBSC 031900Z 10010G20KT 9999 SCT030 33/19 Q1014=
03/03/2025 20:00,METAR SBSC 032000Z 10007KT 9999 SCT040 32/20 Q1014=
03/03/2025 21:00,METAR SBSC 032100Z 05008KT 9999 SCT040 SCT060 30/20 Q1015=
03/03/2025 22:00,METAR SBSC 032200Z 21005KT 9999 FEW040 SCT060 27/21 Q1015=
03/03/2025 23:00,METAR SBSC 032300Z 32002KT CAVOK 26/22 Q1016=
04/03/2025 00:00,METAR SBSC 040000Z 30003KT CAVOK 25/21 Q1017=
04/03/2025 01:00,METAR SBSC 040100Z 22003KT CAVOK 25/22 Q1017=
04/03/2025 02:00,METAR SBSC 040200Z VRB01KT CAVOK 25/22 Q1017=
04/03/2025 03:00,METAR SBSC 040300Z 27002KT CAVOK 24/22 Q1017=
04/03/2025 04:00,METAR SBSC 040400Z 28002KT CAVOK 24/22 Q1017=
04/03/2025 05:00,METAR SBSC 040500Z 30003KT CAVOK 24/22 Q1017=
04/03/2025 06:00,METAR SBSC 040600Z 29003KT CAVOK 24/22 Q1016=
04/03/2025 07:00,METAR SBSC 040700Z 31004KT 9999 FEW030 24/22 Q1016=
04/03/2025 08:00,METAR COR SBSC 040800Z 31004KT 9999 FEW030 24/22 Q1016=
04/03/2025 09:00,METAR SBSC 040900Z 36004KT CAVOK 23/20 Q1017=
04/03/2025 10:00,METAR SBSC 041000Z 01004KT CAVOK 24/20 Q1017=
04/03/2025 11:00,METAR SBSC 041100Z 01005KT CAVOK 28/20 Q1017=
04/03/2025 12:00,METAR SBSC 041200Z 01005KT 9999 FEW030 29/20 Q1018=
04/03/2025 13:00,METAR SBSC 041300Z 33004KT 9999 SCT033 29/20 Q1018=
04/03/2025 14:00,METAR SBSC 041400Z 16007KT 9999 SCT030 SCT040 30/20 Q1018=
04/03/2025 15:00,METAR SBSC 041500Z 16010KT 9999 SCT040 SCT070 31/21 Q1017=
04/03/2025 16:00,METAR SBSC 041600Z 15008KT 9999 SCT030 BKN070 31/20 Q1016=
04/03/2025 17:00,METAR SBSC 041700Z 14012KT 9999 SCT040 BKN080 32/19 Q1015=
04/03/2025 18:00,METAR SBSC 041800Z 12008KT 9999 FEW030 BKN100 32/19 Q1015=
04/03/2025 19:00,METAR SBSC 041900Z 13008KT 9999 SCT040 SCT100 31/19 Q1015=
04/03/2025 20:00,METAR SBSC 042000Z 08010KT 9999 SCT025 SCT070 30/19 Q1014=
04/03/2025 21:00,METAR SBSC 042100Z 09009KT 9999 FEW030 28/20 Q1015=
04/03/2025 22:00,METAR SBSC 042200Z 26003KT 9999 FEW010 SCT070 27/19 Q1015=
04/03/2025 23:00,METAR SBSC 042300Z 34001KT 9999 FEW010 26/20 Q1016=
05/03/2025 00:00,METAR SBSC 050000Z 14002KT 9999 FEW040 28/19 Q1016=
05/03/2025 01:00,METAR SBSC 050100Z 03007KT 9999 FEW040 27/19 Q1016=
05/03/2025 02:00,METAR SBSC 050200Z 03005KT 9999 FEW030 27/20 Q1016=
05/03/2025 03:00,METAR SBSC 050300Z 02004KT 9999 FEW030 26/20 Q1016=
05/03/2025 04:00,METAR SBSC 050400Z 36004KT 9999 FEW030 25/19 Q1016=
05/03/2025 05:00,METAR SBSC 050500Z 01005KT 9999 FEW030 25/19 Q1016=
05/03/2025 06:00,METAR SBSC 050600Z 01003KT 9999 FEW025 24/19 Q1015=
05/03/2025 07:00,METAR SBSC 050700Z 35005KT 9999 FEW025 24/18 Q1015=
05/03/2025 08:00,METAR SBSC 050800Z 07004KT 9999 FEW025 25/18 Q1015=
05/03/2025 09:00,METAR SBSC 050900Z 03006KT 9999 FEW025 26/19 Q1015=
05/03/2025 10:00,METAR SBSC 051000Z 04006KT 9999 FEW025 25/19 Q1017=
05/03/2025 11:00,METAR SBSC 051100Z 35007KT 9999 FEW030 28/20 Q1018=
05/03/2025 12:00,METAR SBSC 051200Z 33007KT 9999 FEW030 30/19 Q1019=
05/03/2025 13:00,METAR SBSC 051300Z 34007KT 9999 FEW030 31/19 Q1018=
05/03/2025 14:00,METAR SBSC 051400Z 32005KT 9999 FEW030 32/17 Q1018=
05/03/2025 15:00,METAR SBSC 051500Z 07007KT 030V120 9999 FEW030 34/19 Q1017=
05/03/2025 16:00,METAR SBSC 051600Z 12012KT 9999 FEW030 33/20 Q1016=
05/03/2025 17:00,METAR SBSC 051700Z 12012KT 9999 FEW030 34/20 Q1015=
05/03/2025 18:00,METAR SBSC 051800Z 12012G23KT 070V180 9999 FEW030 31/18 Q1015=
05/03/2025 19:00,METAR SBSC 051900Z 09012KT 9999 FEW027 32/18 Q1015=
05/03/2025 20:00,METAR SBSC 052000Z 11008KT 060V180 9999 FEW027 30/19 Q1015=
05/03/2025 21:00,METAR SBSC 052100Z 10008KT 9999 FEW027 28/19 Q1015=
05/03/2025 22:00,METAR SBSC 052200Z 09008KT CAVOK 27/20 Q1016=
05/03/2025 23:00,METAR SBSC 052300Z 19003KT 160V240 CAVOK 26/20 Q1016=
06/03/2025 00:00,METAR SBSC 060000Z 20003KT 170V250 CAVOK 25/20 Q1017=
06/03/2025 01:00,METAR SBSC 060100Z 22002KT 9999 FEW033 25/21 Q1017=
06/03/2025 02:00,METAR SBSC 060200Z 18005KT 9999 FEW035 25/21 Q1018=
06/03/2025 03:00,METAR SBSC 060300Z 18004KT 9999 FEW035 SCT075 24/21 Q1018=
06/03/2025 04:00,METAR SBSC 060400Z 22004KT 9999 FEW030 SCT070 24/20 Q1018=
06/03/2025 05:00,METAR SBSC 060500Z 21003KT CAVOK 23/20 Q1017=
06/03/2025 06:00,METAR SBSC 060600Z 25002KT CAVOK 23/20 Q1017=
06/03/2025 07:00,METAR SBSC 060700Z 32002KT CAVOK 23/20 Q1017=
06/03/2025 08:00,METAR SBSC 060800Z 31004KT 9999 FEW033 23/20 Q1018=
06/03/2025 09:00,METAR SBSC 060900Z 32002KT 9999 FEW030 23/21 Q1018=
06/03/2025 10:00,METAR COR SBSC 061000Z 36003KT 8000 FEW030 24/23 Q1019=
06/03/2025 11:00,METAR SBSC 061100Z 01003KT 9999 FEW030 BKN100 27/22 Q1019=
06/03/2025 12:00,METAR SBSC 061200Z 31004KT 9999 FEW025 SCT095 29/20 Q1020=
06/03/2025 13:00,METAR SBSC 061300Z 17008KT 9999 SCT025 29/22 Q1020=
06/03/2025 14:00,METAR SBSC 061400Z 16008KT 110V200 9999 FEW035 31/20 Q1020=
06/03/2025 15:00,METAR SBSC 061500Z 15012KT 9999 FEW035 30/20 Q1019=
06/03/2025 16:00,METAR SBSC 061600Z 15012KT 9999 FEW035 31/20 Q1019=
06/03/2025 17:00,METAR SBSC 061700Z 16012KT 9999 FEW035 30/21 Q1018=
06/03/2025 18:00,METAR SBSC 061800Z 14013KT 9999 FEW035 30/22 Q1018=
06/03/2025 19:00,METAR SBSC 061900Z 16011KT 9999 FEW035 28/22 Q1018=
06/03/2025 20:00,METAR SBSC 062000Z 16012KT 9999 FEW035 27/22 Q1018=
06/03/2025 21:00,METAR SBSC 062100Z 16009KT 9999 SCT035 26/22 Q1019=
06/03/2025 22:00,METAR SBSC 062200Z 16007KT 9999 FEW040 25/22 Q1019=
06/03/2025 23:00,METAR SBSC 062300Z 15007KT 9999 FEW040 25/22 Q1020=
07/03/2025 00:00,METAR SBSC 070000Z 16006KT 9999 SCT040 25/22 Q1020=
07/03/2025 01:00,METAR SBSC 070100Z 18004KT 9999 SCT040 25/22 Q1020=
07/03/2025 02:00,METAR SBSC 070200Z 17005KT 130V190 9999 SCT011 24/22 Q1020=
07/03/2025 03:00,METAR SBSC 070300Z 16004KT 9999 SCT011 24/22 Q1020=
07/03/2025 04:00,METAR SBSC 070400Z 17004KT 9999 FEW009 24/22 Q1019=
07/03/2025 05:00,METAR SBSC 070500Z 16003KT 9999 FEW009 SCT029 24/22 Q1019=
07/03/2025 07:00,METAR SBSC 070700Z 15003KT 9999 FEW010 25/23 Q1019=
07/03/2025 08:00,METAR SBSC 070800Z 15003KT 9999 FEW010 24/22 Q1019=
07/03/2025 09:00,METAR SBSC 070900Z 12004KT 090V170 7000 BKN003 24/22 Q1019=
07/03/2025 10:00,METAR SBSC 071000Z 12004KT 9999 SCT005 25/23 Q1019=
07/03/2025 11:00,METAR SBSC 071100Z 14004KT 110V180 9999 SCT007 26/23 Q1020=
07/03/2025 12:00,METAR SBSC 071200Z 14004KT 100V200 9999 FEW007 SCT025 28/23 Q1020=
07/03/2025 13:00,METAR SBSC 071300Z 15008KT 9999 FEW009 SCT025 BKN100 27/22 Q1020=
07/03/2025 14:00,METAR SBSC 071400Z 17006KT 9999 SCT025 BKN035 BKN060 28/22 Q1020=
07/03/2025 15:00,METAR SBSC 071500Z 14009KT 9999 VCSH SCT026 BKN050 BKN070 27/23 Q1020=
07/03/2025 16:00,METAR SBSC 071600Z 14009KT 9999 SCT030 SCT060 29/23 Q1019=
07/03/2025 17:00,METAR SBSC 071700Z 15011KT 9999 SCT035 SCT070 29/23 Q1018=
07/03/2025 18:00,METAR SBSC 071800Z 16011KT 9999 FEW010 SCT040 28/23 Q1018=
07/03/2025 19:00,METAR SBSC 071900Z 16009KT 9999 FEW010 SCT035 28/23 Q1017=
07/03/2025 20:00,METAR SBSC 072000Z 16009KT 9999 SCT045 27/22 Q1018=
07/03/2025 21:00,METAR SBSC 072100Z 15008KT 9999 FEW010 SCT060 26/22 Q1018=
07/03/2025 22:00,METAR SBSC 072200Z 17003KT 9999 FEW010 25/22 Q1018=
07/03/2025 23:00,METAR SBSC 072300Z 16004KT 9999 FEW010 25/22 Q1018=
08/03/2025 00:00,METAR SBSC 080000Z 15006KT 9999 FEW010 25/23 Q1019=
08/03/2025 01:00,METAR SBSC 080100Z 19002KT 9999 SCT012 25/22 Q1019=
08/03/2025 02:00,METAR SBSC 080200Z 18003KT 9999 BKN012 25/23 Q1018=
08/03/2025 03:00,METAR SBSC 080300Z 16004KT 9999 SCT012 25/22 Q1018=
08/03/2025 04:00,METAR SBSC 080400Z 21003KT 9999 FEW010 BKN012 24/22 Q1018=
08/03/2025 05:00,METAR SBSC 080500Z 22002KT 9999 SCT015 24/22 Q1017=
08/03/2025 06:00,METAR SBSC 080600Z 23002KT 9999 SCT015 23/22 Q1017=
08/03/2025 07:00,METAR SBSC 080700Z 23002KT 8000 FEW010 SCT015 23/22 Q1016=
08/03/2025 08:00,METAR SBSC 080800Z 07003KT 9999 SCT010 24/22 Q1016=
08/03/2025 09:00,NO DATA AVAILABLE
08/03/2025 10:00,METAR COR SBSC 081000Z 35003KT 9999 FEW007 BKN009 25/23 Q1017=
08/03/2025 11:00,METAR SBSC 081100Z 01003KT 9000 FEW006 BKN008 26/23 Q1017=
08/03/2025 12:00,METAR SBSC 081200Z 01003KT 300V080 9999 FEW009 28/22 Q1017=
08/03/2025 13:00,METAR SBSC 081300Z 19004KT 9999 FEW030 31/21 Q1017=
08/03/2025 14:00,METAR SBSC 081400Z 14011KT 9999 FEW030 29/23 Q1016=
08/03/2025 15:00,METAR SBSC 081500Z 15011KT 9999 FEW035 31/22 Q1016=
08/03/2025 16:00,METAR SBSC 081600Z 14010KT 9999 FEW035 30/22 Q1015=
08/03/2025 17:00,METAR SBSC 081700Z 15011KT 9999 FEW035 31/22 Q1015=
08/03/2025 18:00,METAR SBSC 081800Z 17010KT 9999 FEW035 31/21 Q1015=
08/03/2025 19:00,METAR SBSC 081900Z 20010KT 9999 FEW035 30/21 Q1015=
08/03/2025 20:00,METAR SBSC 082000Z 18009KT 9999 FEW010 28/23 Q1015=
08/03/2025 21:00,METAR SBSC 082100Z 18006KT 9999 FEW010 27/23 Q1015=
08/03/2025 22:00,METAR SBSC 082200Z 17006KT 9999 FEW015 SCT050 26/23 Q1015=
08/03/2025 23:00,METAR SBSC 082300Z 16004KT 9999 FEW015 SCT050 26/23 Q1015=
09/03/2025 00:00,METAR SBSC 090000Z 15005KT 9999 FEW015 25/23 Q1016=
09/03/2025 01:00,METAR SBSC 090100Z 14003KT 9999 SCT030 25/23 Q1016=
09/03/2025 02:00,METAR SBSC 090200Z 14004KT 9999 FEW030 25/22 Q1015=
09/03/2025 03:00,METAR SBSC 090300Z 13003KT CAVOK 25/22 Q1015=
09/03/2025 04:00,METAR SBSC 090400Z 11003KT CAVOK 25/22 Q1015=
09/03/2025 05:00,METAR SBSC 090500Z 16006KT CAVOK 24/22 Q1015=
09/03/2025 06:00,METAR SBSC 090600Z 19003KT CAVOK 24/21 Q1015=
09/03/2025 07:00,METAR SBSC 090700Z 29003KT CAVOK 24/21 Q1015=
09/03/2025 08:00,METAR SBSC 090800Z 28003KT CAVOK 23/21 Q1014=
09/03/2025 09:00,METAR SBSC 090900Z 36005KT CAVOK 23/21 Q1013=
09/03/2025 10:00,METAR SBSC 091000Z 34006KT CAVOK 25/22 Q1014=
09/03/2025 11:00,METAR SBSC 091100Z 34009KT CAVOK 28/21 Q1014=
09/03/2025 12:00,METAR SBSC 091200Z 33012KT CAVOK 31/20 Q1013=
09/03/2025 13:00,METAR SBSC 091300Z 35008KT CAVOK 33/20 Q1013=
09/03/2025 14:00,METAR SBSC 091400Z 30007KT 9999 FEW020 35/18 Q1012=
09/03/2025 15:00,METAR SBSC 091500Z 20006KT 9999 FEW025 33/22 Q1011=
09/03/2025 16:00,METAR SBSC 091600Z 19008KT 9999 FEW025 33/20 Q1010=
09/03/2025 17:00,METAR SBSC 091700Z 19011KT 9999 SCT025 31/23 Q1010=
09/03/2025 18:00,METAR SBSC 091800Z 18011KT 9999 SCT025 FEW030TCU SCT090 28/22 Q1010=
09/03/2025 19:00,METAR SBSC 091900Z 17010KT 9999 SCT025 FEW030TCU BKN100 27/22 Q1010=
09/03/2025 20:00,METAR SBSC 092000Z 16009KT 9999 FEW025 FEW030TCU BKN100 28/23 Q1010=
09/03/2025 21:00,METAR SBSC 092100Z 18006KT 9999 SCT040 27/22 Q1010=
09/03/2025 22:00,METAR SBSC 092200Z 17007KT 9999 VCTS FEW035CB SCT040 27/21 Q1011=
09/03/2025 23:00,METAR SBSC 092300Z 19003KT 9999 VCTS FEW035CB SCT040 26/22 Q1012=
10/03/2025 00:00,METAR SBSC 100000Z 22002KT 9999 FEW035TCU SCT040 26/22 Q1012=
10/03/2025 01:00,METAR SBSC 100100Z 34002KT 9999 FEW035TCU SCT040 25/22 Q1013=
10/03/2025 02:00,METAR SBSC 100200Z 33004KT 9999 FEW035TCU SCT040 26/23 Q1012=
10/03/2025 03:00,METAR SBSC 100300Z 09003KT 9999 FEW035 25/22 Q1012=
10/03/2025 04:00,METAR SBSC 100400Z 25004KT 9999 FEW035 25/21 Q1011=
10/03/2025 05:00,METAR SBSC 100500Z 24004KT 9999 FEW035 24/21 Q1011=
10/03/2025 06:00,METAR SBSC 100600Z 24005KT 9999 FEW030 24/20 Q1011=
10/03/2025 07:00,METAR SBSC 100700Z 20004KT 9999 FEW030 25/20 Q1011=
10/03/2025 08:00,METAR SBSC 100800Z 21005KT 9999 FEW025 25/21 Q1012=
10/03/2025 09:00,METAR SBSC 100900Z 22005KT 9999 FEW025 26/21 Q1012=
10/03/2025 10:00,METAR SBSC 101000Z 19003KT 9999 FEW005 26/23 Q1012=
10/03/2025 11:00,METAR SBSC 101100Z 24004KT 9999 SCT012 28/23 Q1013=
10/03/2025 12:00,METAR SBSC 101200Z 18004KT 9999 FEW012 29/23 Q1013=
10/03/2025 13:00,METAR SBSC 101300Z 16009KT 120V200 9999 FEW012 29/21 Q1013=
10/03/2025 14:00,METAR SBSC 101400Z 15013KT 120V180 9999 FEW015 29/22 Q1013=
10/03/2025 15:00,METAR SBSC 101500Z 16012KT 130V190 9999 FEW015 29/22 Q1013=
10/03/2025 16:00,METAR SBSC 101600Z 16012KT 130V200 9999 FEW017 29/22 Q1013=
11/03/2025 02:00,METAR SBSC 110200Z 16002KT 9999 FEW040 BKN080 25/22 Q1015=
11/03/2025 03:00,METAR SBSC 110300Z 18003KT 9999 FEW045 BKN100 25/22 Q1015=
11/03/2025 04:00,METAR SBSC 110400Z 22002KT 9999 FEW030 BKN100 24/22 Q1014=
11/03/2025 05:00,METAR SBSC 110500Z 27004KT 9999 FEW020 23/21 Q1014=
11/03/2025 06:00,METAR SBSC 110600Z 25003KT 8000 SCT020 23/21 Q1014=
11/03/2025 07:00,METAR SBSC 110700Z 28004KT 8000 SCT020 23/21 Q1014=
11/03/2025 08:00,METAR SBSC 110800Z 07003KT 9999 SCT048 BKN065 24/22 Q1014=
11/03/2025 09:00,METAR SBSC 110900Z 36004KT 8000 FEW010 SCT100 24/21 Q1015=
11/03/2025 10:00,METAR SBSC 111000Z 35004KT 9999 FEW007 25/22 Q1015=
11/03/2025 11:00,METAR SBSC 111100Z 35005KT 9999 FEW009 28/21 Q1016=
11/03/2025 12:00,METAR SBSC 111200Z 33007KT 9999 FEW009 30/21 Q1016=
11/03/2025 13:00,METAR SBSC 111300Z 33009KT 9999 FEW040 32/19 Q1016=
11/03/2025 14:00,METAR SBSC 111400Z 16010KT 9999 FEW040 30/22 Q1016=
11/03/2025 15:00,METAR SBSC 111500Z 16010KT 9999 FEW040 30/22 Q1015=
11/03/2025 16:00,METAR SBSC 111600Z 17012KT CAVOK 29/23 Q1015=
11/03/2025 17:00,METAR SBSC 111700Z 17012KT 9999 FEW035 29/22 Q1015=
11/03/2025 18:00,METAR SBSC 111800Z 17010KT 9999 FEW015 SCT100 27/22 Q1014=
11/03/2025 19:00,METAR SBSC 111900Z 18009KT 9999 SCT015 28/23 Q1014=
11/03/2025 20:00,METAR SBSC 112000Z 19008KT 9999 FEW010 BKN015 27/23 Q1014=
11/03/2025 21:00,METAR SBSC 112100Z 19006KT 9999 FEW010 BKN015 27/23 Q1015=
11/03/2025 22:00,METAR SBSC 112200Z 21007KT 9999 FEW007 BKN012 OVC040 26/23 Q1016=
11/03/2025 23:00,METAR SBSC 112300Z 19004KT 9999 -RA FEW007 BKN012 OVC040 26/23 Q1016=
12/03/2025 00:00,METAR SBSC 120000Z 20004KT 8000 -RA FEW007 BKN015 OVC040 25/23 Q1017=
12/03/2025 01:00,METAR SBSC 120100Z 18003KT 140V200 9000 FEW007 SCT015 OVC040 25/23 Q1017=
12/03/2025 02:00,METAR SBSC 120200Z 15002KT 9999 FEW017 OVC040 25/23 Q1017=
12/03/2025 03:00,METAR SBSC 120300Z 17003KT 9999 FEW012 OVC035 26/23 Q1017=
12/03/2025 04:00,METAR SBSC 120400Z 18002KT 9999 FEW012 BKN032 26/23 Q1016=
12/03/2025 05:00,METAR SBSC 120500Z 13002KT 9999 SCT023 BKN030 26/23 Q1015=
12/03/2025 06:00,METAR SBSC 120600Z 24002KT 9999 SCT033 OVC058 26/24 Q1015=
12/03/2025 07:00,METAR SBSC 120700Z VRB02KT 9999 SCT033 BKN058 25/23 Q1015=
12/03/2025 08:00,METAR SBSC 120800Z 02002KT 9999 SCT033 SCT058 25/23 Q1015=
12/03/2025 09:00,METAR SBSC 120900Z 02005KT 9999 FEW033 25/23 Q1015=
12/03/2025 10:00,METAR SBSC 121000Z 02006KT CAVOK 26/23 Q1015=
12/03/2025 11:00,METAR SBSC 121100Z 36008KT CAVOK 28/23 Q1016=
12/03/2025 12:00,METAR SBSC 121200Z 33007KT 290V360 9999 FEW015 30/22 Q1016=
12/03/2025 13:00,METAR SBSC 121300Z 35007KT 9999 FEW010 SCT040 32/22 Q1016=
12/03/2025 14:00,METAR SBSC 121400Z 36006KT 9999 FEW010 SCT040 34/22 Q1015=
12/03/2025 15:00,METAR SBSC 121500Z 01005KT 9999 SCT025 SCT055 35/21 Q1014=
12/03/2025 16:00,METAR SBSC 121600Z 12011KT 9999 FEW010 SCT040 34/22 Q1013=
12/03/2025 17:00,METAR SBSC 121700Z 16009KT 9999 FEW010 SCT040 33/22 Q1013=
12/03/2025 18:00,METAR SBSC 121800Z 16010KT 9999 FEW010 FEW030TCU SCT040 32/21 Q1013=
12/03/2025 19:00,METAR SBSC 121900Z 17010KT 9999 SCT020 FEW030TCU 28/24 Q1012=
12/03/2025 20:00,METAR SBSC 122000Z 18010KT 9999 FEW012 FEW035TCU BKN100 27/23 Q1014=
12/03/2025 21:00,METAR SBSC 122100Z 17007KT 9999 FEW010 FEW035TCU BKN100 26/23 Q1014=
12/03/2025 22:00,METAR SBSC 122200Z 17006KT 9999 BKN011 26/23 Q1014=
12/03/2025 23:00,METAR SBSC 122300Z 16006KT 9999 SCT013 BKN090 26/23 Q1015=
13/03/2025 00:00,METAR SBSC 130000Z 17003KT 9000 -TSRA SCT013 FEW035CB BKN080 26/23 Q1015=
13/03/2025 01:00,METAR SBSC 130100Z 05002KT 8000 -TSRA FEW010 FEW035CB BKN050 25/24 Q1015=
13/03/2025 02:00,METAR SBSC 130200Z 25001KT 8000 -RA FEW020 BKN070 25/24 Q1014 RETS=
13/03/2025 03:00,METAR SBSC 130300Z 28002KT 9999 FEW010 BKN070 25/23 Q1014=
13/03/2025 04:00,METAR SBSC 130400Z 25003KT 9999 FEW010 BKN080 25/23 Q1013=
13/03/2025 05:00,METAR SBSC 130500Z 27002KT 9999 FEW010 BKN080 25/23 Q1013=
13/03/2025 06:00,METAR SBSC 130600Z 27003KT 9999 FEW020 BKN100 24/23 Q1013=
13/03/2025 07:00,METAR SBSC 130700Z 29003KT 9999 FEW020 BKN100 24/23 Q1013=
13/03/2025 08:00,METAR SBSC 130800Z 25002KT 9999 FEW020 24/23 Q1012=
13/03/2025 09:00,METAR SBSC 130900Z 28002KT 2500 BR NSC 24/23 Q1012=
13/03/2025 10:00,METAR SBSC 131000Z VRB01KT 3000 BR FEW009 25/24 Q1013=
13/03/2025 11:00,METAR SBSC 131100Z 17003KT 6000 SCT008 BKN100 26/24 Q1013=
13/03/2025 12:00,METAR SBSC 131200Z 16003KT 9999 FEW007 BKN100 28/24 Q1014=
13/03/2025 13:00,METAR SBSC 131300Z 15006KT 9999 FEW010 29/23 Q1014=
13/03/2025 14:00,METAR SBSC 131400Z 14007KT 9999 FEW010 30/23 Q1013=
13/03/2025 15:00,METAR SBSC 131500Z 17009KT 9999 FEW030 29/24 Q1012=
13/03/2025 16:00,METAR SBSC 131600Z 16011KT 9999 FEW030 29/23 Q1012=
13/03/2025 17:00,METAR SBSC 131700Z 16011KT 9999 FEW030 28/23 Q1011=
13/03/2025 18:00,METAR SBSC 131800Z 15012KT 9999 FEW030 29/22 Q1010=
13/03/2025 19:00,METAR SBSC 131900Z 16009KT 9999 SCT015 FEW030TCU 28/23 Q1011=
13/03/2025 20:00,METAR SBSC 132000Z 17007KT 9999 FEW030TCU 27/23 Q1012=
13/03/2025 21:00,METAR SBSC 132100Z 14007KT 9999 VCTS FEW035CB SCT050 BKN090 26/22 Q1012=
13/03/2025 22:00,METAR COR SBSC 132200Z 19007KT 9999 TSRA FEW035CB BKN045 BKN090 25/23 Q1013=
13/03/2025 23:00,METAR SBSC 132300Z 05004KT 9999 -TSRA FEW005 FEW035CB BKN045 25/23 Q1013 RERA=
14/03/2025 00:00,METAR SBSC 140000Z 28002KT 9999 FEW005 BKN045 24/23 Q1014 RETS=
14/03/2025 01:00,METAR SBSC 140100Z 31003KT 5000 BR FEW010 BKN020 25/23 Q1014=
14/03/2025 02:00,METAR SBSC 140200Z 13002KT 7000 FEW010 BKN020 24/23 Q1013=
14/03/2025 03:00,METAR SBSC 140300Z 14003KT 6000 FEW015 BKN020 24/23 Q1013=
14/03/2025 04:00,METAR SBSC 140400Z 13003KT 5000 BR FEW015 BKN020 24/23 Q1012=
14/03/2025 05:00,METAR SBSC 140500Z 14006KT 5000 -RA BR SCT015 BKN100 24/23 Q1012=
14/03/2025 06:00,METAR SBSC 140600Z 24004KT 6000 SCT015 BKN100 23/22 Q1012=
14/03/2025 07:00,METAR SBSC 140700Z 23003KT 7000 SCT015 BKN100 23/22 Q1012=
14/03/2025 08:00,METAR SBSC 140800Z 26003KT 8000 SCT015 BKN100 22/21 Q1012=
14/03/2025 09:00,METAR COR SBSC 140900Z 01001KT 5000 BR FEW015 BKN030 23/22 Q1012=
14/03/2025 10:00,METAR SBSC 141000Z 03002KT 7000 FEW015 SCT030 BKN060 24/23 Q1013=
14/03/2025 11:00,METAR SBSC 141100Z 34003KT 9000 FEW010 SCT030 25/24 Q1013=
14/03/2025 12:00,METAR SBSC 141200Z 00000KT 9999 FEW015 FEW030TCU 28/24 Q1013=
14/03/2025 13:00,METAR COR SBSC 141300Z 17005KT 9999 SCT015 BKN022 FEW030TCU 28/22 Q1013=
14/03/2025 14:00,METAR SBSC 141400Z 16007KT 100V220 9999 FEW015 SCT030 29/23 Q1013=
14/03/2025 15:00,METAR SBSC 141500Z 16008KT 9999 FEW030 29/22 Q1012=
14/03/2025 16:00,METAR SBSC 141600Z 16009KT 110V210 CAVOK 30/20 Q1011=
14/03/2025 17:00,METAR SBSC 141700Z 16010KT CAVOK 30/22 Q1011=
14/03/2025 18:00,METAR SBSC 141800Z 17010KT CAVOK 29/22 Q1011=
14/03/2025 19:00,METAR SBSC 141900Z 16011KT CAVOK 28/23 Q1011=
14/03/2025 20:00,METAR SBSC 142000Z 17010KT CAVOK 28/22 Q1011=
14/03/2025 21:00,METAR SBSC 142100Z 17009KT 9999 BKN030 26/22 Q1012=
14/03/2025 22:00,METAR SBSC 142200Z 17009KT 9999 FEW015 BKN030 26/23 Q1013=
14/03/2025 23:00,METAR SBSC 142300Z 16006KT 9999 FEW010 BKN030 26/23 Q1014=
15/03/2025 00:00,METAR SBSC 150000Z 17006KT 9999 FEW010 BKN050 26/23 Q1014=
15/03/2025 01:00,METAR SBSC 150100Z 19005KT 9999 SCT040 26/23 Q1014=
15/03/2025 02:00,METAR SBSC 150200Z 19004KT 9999 FEW005 25/22 Q1014=
15/03/2025 03:00,METAR SBSC 150300Z 18003KT 9999 FEW005 25/22 Q1014=
15/03/2025 04:00,METAR SBSC 150400Z 19005KT 9999 FEW010 24/21 Q1013=
15/03/2025 05:00,METAR SBSC 150500Z 23005KT 9999 FEW010 23/21 Q1013=
15/03/2025 06:00,METAR SBSC 150600Z 24004KT 8000 FEW010 23/20 Q1013=
15/03/2025 07:00,METAR SBSC 150700Z 22005KT 8000 FEW012 24/20 Q1013=
15/03/2025 08:00,METAR SBSC 150800Z 20006KT 8000 FEW015 25/21 Q1013=
15/03/2025 09:00,METAR SBSC 150900Z 21006KT 8000 FEW015 26/21 Q1014=
15/03/2025 10:00,METAR SBSC 151000Z 24006KT 8000 FEW015 27/22 Q1014=
15/03/2025 11:00,METAR SBSC 151100Z 20002KT 9999 FEW005 BKN060 27/23 Q1014=
15/03/2025 12:00,METAR SBSC 151200Z 18004KT 9999 FEW015 SCT020 BKN060 27/22 Q1014=
15/03/2025 13:00,METAR SBSC 151300Z 15005KT 110V210 9999 FEW015 SCT020 BKN043 28/22 Q1015=
15/03/2025 14:00,METAR SBSC 151400Z 16008KT 130V220 9999 FEW020 SCT057 BKN073 28/22 Q1015=
15/03/2025 15:00,METAR SBSC 151500Z 16009KT 130V200 9999 FEW020 BKN066 29/22 Q1014=
15/03/2025 16:00,METAR SBSC 151600Z 15010KT 120V190 9999 FEW020 BKN066 29/22 Q1013=
15/03/2025 17:00,METAR SBSC 151700Z 15010KT 120V190 9999 FEW018 BKN066 29/22 Q1013=
15/03/2025 18:00,METAR SBSC 151800Z 15010KT 120V190 9999 FEW016 SCT030 29/22 Q1013=
15/03/2025 19:00,METAR SBSC 151900Z 16010KT 120V190 9999 FEW015 SCT030 BKN050 28/23 Q1013=
15/03/2025 20:00,METAR SBSC 152000Z 16008KT 130V190 9999 FEW013 SCT030 BKN050 27/23 Q1014=
15/03/2025 21:00,METAR SBSC 152100Z 15006KT 120V180 9999 FEW011 SCT050 BKN074 26/23 Q1014=
15/03/2025 22:00,METAR SBSC 152200Z 16005KT 120V190 9000 BKN013 OVC024 26/23 Q1015=
15/03/2025 23:00,METAR SBSC 152300Z 14005KT 110V170 9999 BKN013 OVC024 26/23 Q1015=
16/03/2025 00:00,METAR SBSC 160000Z 17004KT 140V200 9999 SCT011 BKN022 25/23 Q1016=
16/03/2025 01:00,METAR SBSC 160100Z VRB02KT 9999 FEW015 BKN030 25/23 Q1016=
16/03/2025 02:00,METAR SBSC 160200Z 16004KT 9999 FEW020 BKN035 25/23 Q1016=
16/03/2025 03:00,METAR SBSC 160300Z 21004KT 9999 FEW020 BKN035 25/23 Q1016=
16/03/2025 04:00,METAR SBSC 160400Z 21004KT 9999 FEW010 BKN040 24/23 Q1016=
16/03/2025 05:00,METAR SBSC 160500Z 20003KT 9999 FEW010 BKN040 24/23 Q1015=
16/03/2025 06:00,METAR SBSC 160600Z 21003KT 9999 FEW010 BKN020 24/23 Q1015=
16/03/2025 07:00,METAR SBSC 160700Z 22002KT 9999 FEW010 BKN020 24/23 Q1015=
16/03/2025 08:00,METAR SBSC 160800Z VRB02KT 9999 FEW007 SCT015 BKN025 24/23 Q1015=
16/03/2025 09:00,METAR SBSC 160900Z 16002KT 9999 FEW025 24/22 Q1015=
16/03/2025 10:00,METAR SBSC 161000Z 23001KT 9999 FEW007 SCT030 BKN080 25/23 Q1016=
16/03/2025 11:00,METAR SBSC 161100Z 20005KT 9999 FEW007 SCT030 BKN050 25/23 Q1017=
16/03/2025 12:00,METAR SBSC 161200Z 19004KT 9999 FEW007 BKN010 BKN040 26/23 Q1017=
16/03/2025 13:00,METAR SBSC 161300Z 18005KT 9999 SCT013 BKN040 27/23 Q1017=
16/03/2025 14:00,METAR SBSC 161400Z 18005KT 9999 VCSH SCT010 BKN014 BKN038 26/23 Q1017=
16/03/2025 15:00,METAR SBSC 161500Z 13008KT 9999 BKN014 BKN038 27/23 Q1017=
16/03/2025 16:00,METAR SBSC 161600Z 11009KT 9999 SCT011 BKN015 BKN040 28/22 Q1017=
16/03/2025 17:00,METAR SBSC 161700Z 13008KT 4000 RA SCT011 BKN020 BKN080 27/23 Q1016=
16/03/2025 18:00,METAR SBSC 161800Z 17006KT 9999 SCT008 BKN015 BKN070 26/24 Q1016 RERA=
16/03/2025 19:00,METAR SBSC 161900Z 17008KT 9999 BKN010 OVC035 26/24 Q1015=
16/03/2025 20:00,METAR SBSC 162000Z 16006KT 9999 SCT007 BKN015 OVC050 26/24 Q1016=
16/03/2025 21:00,METAR SBSC 162100Z 16005KT 9999 SCT016 SCT050 OVC070 26/24 Q1016=
16/03/2025 22:00,METAR SBSC 162200Z 16003KT 9999 SCT020 BKN050 26/23 Q1016=
16/03/2025 23:00,METAR SBSC 162300Z 19002KT 9999 FEW017 BKN050 26/22 Q1017=
17/03/2025 00:00,METAR SBSC 170000Z 18003KT 9999 SCT020 BKN060 25/22 Q1018=
17/03/2025 01:00,METAR SBSC 170100Z 17003KT 9999 SCT020 BKN060 25/22 Q1018=
17/03/2025 02:00,METAR SBSC 170200Z 20003KT 170V240 9999 SCT021 BKN050 25/23 Q1018=
17/03/2025 03:00,METAR SBSC 170300Z 19004KT 150V240 CAVOK 25/23 Q1018=
17/03/2025 04:00,METAR SBSC 170400Z 19003KT CAVOK 24/22 Q1017=
17/03/2025 05:00,METAR SBSC 170500Z 21002KT CAVOK 24/22 Q1017=
17/03/2025 06:00,METAR SBSC 170600Z 18002KT CAVOK 24/22 Q1016=
17/03/2025 07:00,METAR SBSC 170700Z 19003KT CAVOK 24/21 Q1016=
17/03/2025 08:00,METAR SBSC 170800Z 15001KT CAVOK 23/21 Q1017=
17/03/2025 09:00,METAR SBSC 170900Z 24001KT 9000 FEW013 OVC083 23/21 Q1017=
17/03/2025 10:00,METAR SBSC 171000Z VRB01KT 8000 FEW020 SCT066 23/21 Q1018=
17/03/2025 11:00,METAR SBSC 171100Z 35002KT 9999 FEW020 OVC050 24/22 Q1018=
17/03/2025 12:00,METAR SBSC 171200Z 33003KT 4000 -RA BR SCT014 BKN019 23/21 Q1019=
17/03/2025 13:00,METAR SBSC 171300Z 34003KT 4000 -RA BR SCT006 BKN020 OVC050 23/21 Q1019=
17/03/2025 14:00,METAR SBSC 171400Z 32003KT 8000 FEW007 BKN020 BKN030 23/22 Q1018=
17/03/2025 15:00,METAR SBSC 171500Z 35004KT 9999 FEW014 SCT027 BKN040 25/22 Q1018=
17/03/2025 16:00,METAR SBSC 171600Z 28001KT 9999 SCT019 BKN026 27/22 Q1017=
17/03/2025 17:00,METAR SBSC 171700Z 17005KT 9999 FEW010 BKN015 BKN028 27/22 Q1016=
17/03/2025 18:00,METAR SBSC 171800Z 08004KT 9999 FEW011 BKN029 27/21 Q1016=
17/03/2025 19:00,METAR SBSC 171900Z 16006KT 8000 FEW010 BKN018 OVC100 26/22 Q1015=
17/03/2025 20:00,METAR SBSC 172000Z 18004KT 9999 SCT030 BKN035 BKN050 25/22 Q1016=
17/03/2025 21:00,METAR SBSC 172100Z 18004KT 9999 SCT025 BKN040 OVC080 25/22 Q1016=
17/03/2025 22:00,METAR SBSC 172200Z 20004KT 9999 BKN022 BKN030 OVC080 25/22 Q1017=
17/03/2025 23:00,METAR SBSC 172300Z 18003KT 9999 SCT020 SCT030 24/22 Q1017=
18/03/2025 00:00,METAR SBSC 180000Z 19002KT 9999 FEW013 SCT080 24/22 Q1017=
18/03/2025 01:00,METAR SBSC 180100Z 00000KT 9999 FEW013 SCT080 24/21 Q1017=
18/03/2025 02:00,METAR SBSC 180200Z 20002KT 8000 FEW013 BKN080 23/21 Q1017=
18/03/2025 03:00,METAR SBSC 180300Z 00000KT 8000 FEW015 BKN080 23/21 Q1017=
18/03/2025 04:00,METAR SBSC 180400Z 02002KT 9000 FEW015 BKN080 23/21 Q1017=
18/03/2025 05:00,NO DATA AVAILABLE
18/03/2025 06:00,NO DATA AVAILABLE
18/03/2025 07:00,NO DATA AVAILABLE
18/03/2025 08:00,NO DATA AVAILABLE
18/03/2025 09:00,NO DATA AVAILABLE
18/03/2025 10:00,NO DATA AVAILABLE
18/03/2025 11:00,METAR SBSC 181100Z 01006KT 9999 FEW020 26/22 Q1015=
18/03/2025 12:00,METAR SBSC 181200Z 36009KT CAVOK 29/21 Q1015=
18/03/2025 13:00,METAR SBSC 181300Z 36010KT 9999 SCT030 31/20 Q1015=
18/03/2025 14:00,METAR SBSC 181400Z 35011KT 9999 SCT040 32/20 Q1014=
18/03/2025 15:00,METAR SBSC 181500Z 35008KT 9999 BKN045 32/20 Q1013=
18/03/2025 16:00,METAR SBSC 181600Z 34007KT 9999 BKN045 33/20 Q1013=
18/03/2025 17:00,METAR SBSC 181700Z 00000KT CAVOK 34/20 Q1011=
18/03/2025 18:00,METAR SBSC 181800Z 15010KT CAVOK 32/22 Q1011=
18/03/2025 19:00,METAR SBSC 181900Z 12008KT CAVOK 32/21 Q1010=
18/03/2025 20:00,METAR SBSC 182000Z 13007KT CAVOK 30/20 Q1010=
18/03/2025 21:00,METAR SBSC 182100Z 13004KT CAVOK 28/20 Q1011=
18/03/2025 22:00,METAR SBSC 182200Z 16006KT 9999 FEW030TCU 26/21 Q1011=
18/03/2025 23:00,METAR SBSC 182300Z 15005KT 9999 FEW030TCU 26/22 Q1012=
19/03/2025 00:00,METAR SBSC 190000Z 21004KT 9999 VCTS FEW035CB 26/23 Q1012=
19/03/2025 01:00,METAR SBSC 190100Z 20005KT 160V270 9999 TS FEW035CB SCT046 26/22 Q1013=
19/03/2025 02:00,METAR SBSC 190200Z 20008KT 150V250 9999 -TSRA FEW016 FEW035CB SCT046 25/23 Q1013=
19/03/2025 03:00,METAR SBSC 190300Z 20003KT 160V260 9999 FEW035 24/22 Q1012 RETS=
19/03/2025 04:00,METAR SBSC 190400Z VRB02KT 9999 SCT019 24/22 Q1012=
19/03/2025 05:00,METAR SBSC 190500Z 24003KT 180V310 9999 SCT017 23/21 Q1012=
19/03/2025 06:00,METAR SBSC 190600Z 34003KT 9999 SCT017 BKN048 23/21 Q1012=
19/03/2025 07:00,METAR SBSC 190700Z 34004KT 9999 FEW005 BKN048 23/21 Q1011=
19/03/2025 08:00,METAR SBSC 190800Z 02005KT 9999 FEW012 23/21 Q1011=
19/03/2025 09:00,METAR SBSC 190900Z 01005KT 9999 FEW012 23/22 Q1011=
19/03/2025 10:00,METAR SBSC 191000Z 35003KT 320V020 9999 FEW007 23/22 Q1012=
19/03/2025 11:00,METAR SBSC 191100Z VRB02KT 9999 BKN010 24/22 Q1013=
19/03/2025 12:00,METAR SBSC 191200Z 18005KT 9999 BKN010 26/23 Q1013=
19/03/2025 13:00,METAR SBSC 191300Z 20005KT 9999 FEW010 BKN013 26/22 Q1013=
19/03/2025 14:00,METAR SBSC 191400Z 21005KT 9999 FEW010 SCT015 28/23 Q1013=
19/03/2025 15:00,METAR SBSC 191500Z 18008KT 9999 FEW010 SCT015 28/22 Q1013=
19/03/2025 16:00,METAR SBSC 191600Z 17009KT 9999 FEW010 SCT015 BKN100 28/22 Q1013=
19/03/2025 17:00,METAR SBSC 191700Z 17010KT 9999 FEW015 SCT030 FEW035TCU 28/22 Q1012=
19/03/2025 18:00,METAR SBSC 191800Z 18012KT 9999 FEW015 SCT030 28/22 Q1012=
19/03/2025 19:00,METAR SBSC 191900Z 17010KT 9999 FEW013 BKN040 BKN070 27/22 Q1012=
19/03/2025 20:00,METAR SBSC 192000Z 18009KT 9999 SCT012 BKN018 BKN037 26/23 Q1012=
19/03/2025 21:00,METAR COR SBSC 192100Z 17011KT 4000 -DZ BR FEW007 BKN011 BKN025 25/23 Q1013=
19/03/2025 22:00,METAR SBSC 192200Z 17006KT 3000 RA BR SCT005 BKN014 23/21 Q1014=
19/03/2025 23:00,METAR SBSC 192300Z 20008KT 9999 SCT007 BKN040 OVC070 23/22 Q1014 RERA=
20/03/2025 00:00,METAR SBSC 200000Z 20006KT 9999 FEW020 SCT038 23/22 Q1015=
20/03/2025 01:00,METAR SBSC 200100Z 21008KT 9999 FEW020 SCT050 24/21 Q1015=
20/03/2025 02:00,METAR SBSC 200200Z 22008KT 9999 FEW020 SCT050 24/21 Q1015=
20/03/2025 03:00,METAR SBSC 200300Z 23008KT 9999 FEW020 SCT050 23/21 Q1015=
20/03/2025 04:00,METAR SBSC 200400Z 22009KT 9999 FEW020 SCT050 22/20 Q1015=
20/03/2025 05:00,METAR SBSC 200500Z 24008KT 9999 FEW018 SCT040 22/20 Q1014=
20/03/2025 06:00,METAR SBSC 200600Z 20006KT 8000 FEW018 SCT040 22/19 Q1014=
20/03/2025 07:00,METAR SBSC 200700Z 22007KT 8000 FEW015 SCT035 22/19 Q1014=
20/03/2025 08:00,METAR SBSC 200800Z 21008KT 8000 FEW012 SCT035 22/19 Q1014=
20/03/2025 09:00,METAR SBSC 200900Z 23008KT 8000 FEW012 SCT035 22/19 Q1014=
20/03/2025 10:00,METAR SBSC 201000Z 21007KT 9999 FEW020 SCT060 23/21 Q1016=
20/03/2025 11:00,METAR SBSC 201100Z 21007KT 9999 SCT020 SCT035 24/21 Q1017=
20/03/2025 12:00,METAR SBSC 201200Z 21008KT 9999 FEW015 25/21 Q1018=
20/03/2025 13:00,METAR SBSC 201300Z 20006KT 9999 SCT030 BKN045 26/21 Q1018=
20/03/2025 14:00,METAR SBSC 201400Z 20007KT 9999 SCT035 BKN065 27/20 Q1017=
20/03/2025 15:00,METAR SBSC 201500Z 19009KT 9999 SCT023 BKN100 27/20 Q1017=
20/03/2025 16:00,METAR SBSC 201600Z 19009KT 9999 SCT030 BKN080 28/21 Q1017=
20/03/2025 17:00,METAR SBSC 201700Z 19009KT 9999 FEW015 SCT040 BKN100 28/20 Q1016=
20/03/2025 18:00,METAR SBSC 201800Z 18009KT 9999 FEW020 SCT035 BKN100 28/20 Q1016=
20/03/2025 19:00,METAR SBSC 201900Z 18010KT 100V210 9999 FEW020 SCT030 BKN100 27/20 Q1016=
20/03/2025 20:00,METAR SBSC 202000Z 18009KT 130V220 9999 FEW020 SCT100 26/21 Q1016=
20/03/2025 21:00,METAR SBSC 202100Z 18007KT 130V210 9999 FEW023 25/21 Q1017=
20/03/2025 22:00,METAR SBSC 202200Z 17007KT 140V220 9999 FEW025 SCT050 25/21 Q1017=
20/03/2025 23:00,METAR SBSC 202300Z 18005KT 130V210 9999 FEW013 SCT050 24/21 Q1018=
21/03/2025 00:00,METAR SBSC 210000Z 18003KT 160V220 9999 FEW013 BKN050 24/21 Q1018=
21/03/2025 01:00,METAR SBSC 210100Z 20004KT 9999 FEW013 BKN050 BKN090 24/21 Q1018=
21/03/2025 02:00,METAR SBSC 210200Z 19003KT 9999 FEW015 BKN050 24/20 Q1018=
21/03/2025 03:00,METAR SBSC 210300Z 10001KT 9999 FEW015 BKN019 23/21 Q1018=
21/03/2025 04:00,METAR SBSC 210400Z 18003KT 9999 SCT018 BKN030 23/21 Q1018=
21/03/2025 05:00,METAR SBSC 210500Z 22002KT 9999 SCT018 BKN030 22/20 Q1017=
21/03/2025 06:00,METAR SBSC 210600Z 19003KT 9999 SCT018 BKN060 22/20 Q1017=
21/03/2025 07:00,METAR SBSC 210700Z 21005KT 6000 -RA BKN020 BKN060 22/21 Q1017=
21/03/2025 08:00,METAR SBSC 210800Z 21005KT 8000 FEW010 BKN050 22/21 Q1017=
21/03/2025 09:00,METAR SBSC 210900Z 15002KT 6000 -RA FEW010 BKN016 BKN060 22/21 Q1018=
21/03/2025 10:00,METAR SBSC 211000Z 25003KT 9999 FEW020 SCT060 23/21 Q1018=
21/03/2025 11:00,METAR SBSC 211100Z 35003KT 9999 SCT020 BKN100 25/22 Q1019=
21/03/2025 12:00,METAR SBSC 211200Z 36002KT 9999 SCT020 27/20 Q1019=
21/03/2025 13:00,METAR SBSC 211300Z VRB01KT 9999 FEW020 SCT029 29/20 Q1019=
21/03/2025 14:00,METAR SBSC 211400Z 14007KT 100V170 9999 FEW028 BKN050 27/21 Q1019=
21/03/2025 15:00,METAR SBSC 211500Z 14008KT 9999 FEW030 BKN050 27/20 Q1018=
21/03/2025 16:00,METAR SBSC 211600Z 14008KT 9999 FEW030 BKN050 29/20 Q1017=
21/03/2025 17:00,METAR SBSC 211700Z 12009KT 9999 FEW023 BKN055 27/20 Q1017=
21/03/2025 18:00,METAR SBSC 211800Z 13010KT 9999 FEW025 BKN066 27/20 Q1017=
21/03/2025 19:00,METAR SBSC 211900Z 13010KT 9999 FEW025 SCT070 27/21 Q1016=
21/03/2025 20:00,METAR SBSC 212000Z 14009KT 9999 SCT040 27/20 Q1017=
21/03/2025 21:00,METAR SBSC 212100Z 14008KT 9999 FEW020 BKN030 26/20 Q1017=
21/03/2025 22:00,METAR SBSC 212200Z 12008KT 9999 FEW020 BKN030 25/20 Q1018=
21/03/2025 23:00,METAR SBSC 212300Z 13005KT 9999 FEW020 BKN030 25/20 Q1018=
31/03/2025 16:00,METAR SBSC 311600Z 32003KT 9999 SCT020 BKN070 30/22 Q1014=
31/03/2025 17:00,METAR SBSC 311700Z 02003KT 9999 SCT020 BKN070 31/21 Q1013=
31/03/2025 18:00,METAR SBSC 311800Z 36005KT 9999 SCT020 BKN070 32/21 Q1013=
31/03/2025 19:00,NO DATA AVAILABLE
31/03/2025 20:00,NO DATA AVAILABLE
31/03/2025 21:00,METAR SBSC 312100Z 21003KT 8000 SCT020 BKN050 27/22 Q1013=
31/03/2025 22:00,METAR SBSC 312200Z 21002KT 8000 SCT020 BKN050 26/23 Q1014=
31/03/2025 23:00,METAR SBSC 312300Z 21002KT 9999 SCT020 BKN050 26/23 Q1014=
01/04/2025 00:00,METAR SBSC 010000Z 20003KT 8000 SCT020 BKN050 26/23 Q1015=
01/04/2025 01:00,METAR SBSC 010100Z 19002KT 8000 FEW020 SCT050 26/23 Q1015=
01/04/2025 02:00,METAR SBSC 010200Z 00000KT 8000 FEW020 26/23 Q1015=
01/04/2025 03:00,METAR SBSC 010300Z 31002KT 8000 FEW020 25/23 Q1014=
01/04/2025 04:00,METAR SBSC 010400Z 33002KT 8000 FEW020 25/23 Q1014=
01/04/2025 05:00,METAR SBSC 010500Z 33003KT 8000 FEW020 25/23 Q1014=
01/04/2025 06:00,METAR SBSC 010600Z 01002KT 8000 FEW020 25/23 Q1014=
01/04/2025 07:00,METAR SBSC 010700Z 01003KT 8000 FEW020 SCT050 25/23 Q1014=
01/04/2025 08:00,METAR SBSC 010800Z 24002KT 8000 FEW020 SCT050 25/23 Q1014=
01/04/2025 09:00,METAR SBSC 010900Z 00000KT 7000 FEW010 25/23 Q1014=
01/04/2025 10:00,METAR SBSC 011000Z 00000KT 8000 FEW010 25/23 Q1014=
01/04/2025 11:00,METAR SBSC 011100Z 01004KT 9999 FEW012 28/24 Q1015=
01/04/2025 12:00,METAR SBSC 011200Z 32004KT 9999 FEW017 30/24 Q1015=
01/04/2025 13:00,METAR SBSC 011300Z 32006KT 9999 FEW015 31/22 Q1015=
01/04/2025 14:00,METAR SBSC 011400Z 32005KT 9999 FEW020 32/23 Q1014=
01/04/2025 15:00,METAR SBSC 011500Z 16010KT 9999 SCT030 31/24 Q1014=
01/04/2025 16:00,METAR SBSC 011600Z 15011KT 9999 FEW012 FEW030TCU 30/24 Q1014=
01/04/2025 17:00,METAR SBSC 011700Z 17011KT 9999 SCT020 FEW030TCU 30/24 Q1013=
01/04/2025 18:00,METAR SBSC 011800Z 16010KT 9999 VCTS FEW012 FEW030CB 29/24 Q1013=
01/04/2025 19:00,METAR SBSC 011900Z 16008KT 9999 FEW020 29/24 Q1013=
01/04/2025 20:00,METAR COR SBSC 012000Z 14007KT 9999 FEW020 FEW030TCU 28/23 Q1013=
01/04/2025 21:00,METAR SBSC 012100Z 14004KT 9999 FEW020 FEW030TCU BKN040 28/23 Q1014=
01/04/2025 22:00,METAR SBSC 012200Z 20003KT 9999 FEW020 BKN035 27/23 Q1015=
01/04/2025 23:00,METAR SBSC 012300Z 15003KT 9999 FEW025 27/23 Q1015=
02/04/2025 00:00,METAR SBSC 020000Z 26003KT CAVOK 26/23 Q1015=
02/04/2025 01:00,METAR SBSC 020100Z 36002KT 9999 FEW020 25/23 Q1015=
02/04/2025 02:00,METAR SBSC 020200Z 34002KT 9999 FEW020 25/23 Q1015=
02/04/2025 03:00,METAR SBSC 020300Z 33002KT 9999 FEW020 25/23 Q1015=
02/04/2025 04:00,METAR SBSC 020400Z 29003KT 9999 FEW020 24/22 Q1015=
02/04/2025 05:00,METAR SBSC 020500Z 29004KT 9999 FEW018 24/22 Q1015=
02/04/2025 06:00,METAR SBSC 020600Z 34002KT 9999 FEW018 24/22 Q1015=
02/04/2025 07:00,METAR SBSC 020700Z 31002KT 9999 FEW018 23/21 Q1014=
02/04/2025 08:00,METAR SBSC 020800Z 28002KT 9999 FEW018 23/21 Q1014=
02/04/2025 09:00,METAR SBSC 020900Z 02006KT 9999 FEW010 24/21 Q1014=
02/04/2025 10:00,METAR SBSC 021000Z 03006KT CAVOK 25/22 Q1015=
02/04/2025 11:00,METAR SBSC 021100Z 02006KT CAVOK 27/22 Q1015=
02/04/2025 12:00,METAR COR SBSC 021200Z 35008KT CAVOK 29/18 Q1015=
02/04/2025 13:00,METAR SBSC 021300Z 35008KT CAVOK 31/21 Q1015=
02/04/2025 14:00,METAR SBSC 021400Z 36010KT CAVOK 32/21 Q1014=
02/04/2025 15:00,METAR SBSC 021500Z 32009G21KT CAVOK 33/20 Q1014=
02/04/2025 16:00,METAR SBSC 021600Z 34009KT CAVOK 34/20 Q1012=
02/04/2025 17:00,METAR SBSC 021700Z 30008KT CAVOK 35/20 Q1012=
02/04/2025 18:00,METAR SBSC 021800Z 34009KT CAVOK 35/20 Q1011=
02/04/2025 19:00,METAR SBSC 021900Z 34008KT CAVOK 35/19 Q1010=
02/04/2025 20:00,METAR SBSC 022000Z 36004KT CAVOK 34/19 Q1010=
02/04/2025 21:00,METAR SBSC 022100Z 36003KT CAVOK 31/20 Q1010=
02/04/2025 22:00,METAR SBSC 022200Z 23003KT CAVOK 28/21 Q1010=
02/04/2025 23:00,METAR SBSC 022300Z 22003KT CAVOK 27/23 Q1011=
03/04/2025 00:00,METAR SBSC 030000Z 00000KT CAVOK 27/23 Q1011=
03/04/2025 01:00,METAR SBSC 030100Z 02002KT CAVOK 26/23 Q1011=
03/04/2025 02:00,METAR SBSC 030200Z 36003KT CAVOK 25/23 Q1011=
03/04/2025 03:00,METAR SBSC 030300Z 01003KT CAVOK 25/23 Q1011=
03/04/2025 04:00,METAR SBSC 030400Z 35005KT CAVOK 25/21 Q1011=
03/04/2025 05:00,METAR SBSC 030500Z 01006KT CAVOK 25/23 Q1011=
03/04/2025 06:00,METAR SBSC 030600Z 35006KT CAVOK 25/23 Q1011=
03/04/2025 07:00,METAR SBSC 030700Z 34006KT CAVOK 25/23 Q1011=
03/04/2025 08:00,METAR SBSC 030800Z 35007KT CAVOK 25/23 Q1011=
03/04/2025 09:00,METAR SBSC 030900Z VRB01KT CAVOK 26/23 Q1012=
03/04/2025 10:00,METAR COR SBSC 031000Z 34004KT CAVOK 27/23 Q1011=
03/04/2025 11:00,METAR SBSC 031100Z 33010KT CAVOK 29/21 Q1012=
03/04/2025 12:00,METAR SBSC 031200Z 33013G23KT CAVOK 31/21 Q1012=
03/04/2025 13:00,METAR SBSC 031300Z 32010KT CAVOK 32/21 Q1012=
03/04/2025 19:00,METAR SBSC 031900Z 14008KT 9999 TS SCT030 FEW035CB 30/23 Q1010=
03/04/2025 20:00,METAR SBSC 032000Z 18003KT 9999 SCT030 FEW035TCU BKN060 30/22 Q1011 RETS=
03/04/2025 21:00,METAR SBSC 032100Z 16002KT 9999 SCT045 28/22 Q1011=
03/04/2025 22:00,METAR SBSC 032200Z 19002KT 9999 FEW020 27/22 Q1012=
03/04/2025 23:00,METAR SBSC 032300Z 18002KT 9999 FEW020 BKN060 27/23 Q1012=
04/04/2025 00:00,METAR SBSC 040000Z 13002KT 9999 FEW025 26/23 Q1013=
04/04/2025 01:00,METAR SBSC 040100Z 36004KT 8000 FEW015 SCT025 BKN070 25/23 Q1013=
04/04/2025 02:00,METAR SBSC 040200Z 32004KT 8000 FEW015 SCT025 BKN070 25/23 Q1013=
04/04/2025 03:00,METAR SBSC 040300Z 33002KT 8000 FEW010 SCT020 BKN050 25/23 Q1013=
04/04/2025 04:00,METAR SBSC 040400Z 34002KT 8000 FEW010 SCT020 BKN050 25/23 Q1013=
04/04/2025 05:00,METAR SBSC 040500Z 33003KT 8000 FEW010 SCT020 BKN050 25/23 Q1012=
04/04/2025 06:00,METAR SBSC 040600Z 36002KT 8000 FEW010 SCT020 BKN050 25/23 Q1012=
04/04/2025 07:00,METAR SBSC 040700Z 35004KT 8000 FEW010 SCT020 BKN050 25/23 Q1012=
04/04/2025 08:00,METAR SBSC 040800Z 09005KT 3000 -RA BR SCT010 BKN020 BKN050 25/23 Q1013=
04/04/2025 09:00,METAR SBSC 040900Z 20002KT 3000 -RA BR BKN010 BKN020 25/23 Q1013=
04/04/2025 10:00,METAR COR SBSC 041000Z 36005KT 3000 -RA BR BKN010 BKN020 OVC050 24/23 Q1014=
04/04/2025 11:00,METAR SBSC 041100Z 33005KT 5000 BR SCT010 SCT020 OVC050 24/23 Q1015=
04/04/2025 12:00,METAR SBSC 041200Z 34006KT 8000 SCT010 SCT020 OVC050 25/24 Q1015=
04/04/2025 13:00,METAR SBSC 041300Z 36005KT 9999 FEW020 SCT083 27/24 Q1015=
04/04/2025 14:00,METAR SBSC 041400Z 34004KT 9999 FEW020 SCT084 29/24 Q1015=
04/04/2025 15:00,METAR SBSC 041500Z 11004KT 9999 FEW021 SCT085 30/22 Q1014=
04/04/2025 16:00,METAR SBSC 041600Z 15008KT 9999 FEW025 FEW035TCU SCT085 31/23 Q1014=
04/04/2025 17:00,METAR SBSC 041700Z 16010KT 9999 SCT017 FEW030TCU SCT085 29/23 Q1013=
04/04/2025 18:00,METAR SBSC 041800Z 16009KT 9999 SCT011 FEW030TCU 28/24 Q1014=
04/04/2025 19:00,METAR SBSC 041900Z 17010KT 9999 SCT012 FEW030TCU BKN066 27/24 Q1014=
04/04/2025 20:00,METAR SBSC 042000Z 16006KT 9999 SCT012 BKN073 27/24 Q1014=
04/04/2025 21:00,METAR SBSC 042100Z 12009KT 7000 -RA BKN013 OVC066 25/23 Q1015 RERA=
04/04/2025 22:00,METAR SBSC 042200Z 11013KT 8000 -RA BKN010 OVC036 24/22 Q1016=
04/04/2025 23:00,METAR SBSC 042300Z 00000KT 8000 BKN011 OVC023 24/23 Q1017=
05/04/2025 00:00,METAR SBSC 050000Z 25001KT 9999 SCT023 BKN066 24/23 Q1018=
05/04/2025 01:00,METAR SBSC 050100Z 17004KT 080V240 3000 RA BR SCT006 BKN010 OVC050 24/22 Q1018=
05/04/2025 02:00,METAR SBSC 050200Z 14008KT 6000 -RA SCT006 BKN010 OVC050 24/22 Q1018 RERA=
05/04/2025 03:00,METAR SBSC 050300Z 12012KT 8000 -RA BKN010 OVC040 24/22 Q1018=
05/04/2025 05:00,METAR SBSC 050500Z 13010KT 8000 -RA BKN010 OVC035 24/22 Q1018=
05/04/2025 07:00,METAR SBSC 050700Z 13012KT 8000 -RA FEW007 SCT010 BKN030 23/22 Q1017=
05/04/2025 08:00,METAR SBSC 050800Z 12011KT 8000 -RA FEW007 BKN010 OVC030 23/22 Q1017=
05/04/2025 09:00,METAR SBSC 050900Z 12017G28KT 7000 -RA FEW007 BKN012 OVC030 24/21 Q1019=
05/04/2025 10:00,METAR SBSC 051000Z 12016G26KT 8000 -RA FEW010 BKN015 OVC040 25/20 Q1020=
05/04/2025 11:00,METAR SBSC 051100Z 12019G30KT 6000 -RA FEW010 BKN015 OVC030 24/20 Q1021=
05/04/2025 12:00,METAR SBSC 051200Z 14014KT 8000 FEW015 BKN022 OVC035 25/21 Q1021=
05/04/2025 13:00,METAR SBSC 051300Z 12016KT 6000 -RA SCT014 BKN025 OVC040 25/20 Q1022=
05/04/2025 14:00,METAR SBSC 051400Z 12012KT 4000 -RA BR SCT011 OVC030 23/21 Q1022=
05/04/2025 15:00,METAR SBSC 051500Z 12013KT 8000 SCT011 OVC022 24/19 Q1022=
05/04/2025 16:00,METAR SBSC 051600Z 15011KT 8000 FEW009 BKN020 OVC040 25/19 Q1022=
05/04/2025 17:00,METAR SBSC 051700Z 14013KT 8000 SCT012 OVC060 25/18 Q1022=
05/04/2025 18:00,METAR SBSC 051800Z 14009KT 6000 -RA SCT012 BKN020 OVC050 24/19 Q1022=
05/04/2025 19:00,METAR SBSC 051900Z 16006KT 5000 -RA BR SCT012 BKN020 OVC050 23/20 Q1022=
05/04/2025 21:00,METAR SBSC 052100Z 19006KT 5000 -RA BR SCT012 BKN020 OVC050 21/19 Q1023=
05/04/2025 22:00,METAR SBSC 052200Z 13012KT 5000 BR SCT012 BKN020 OVC050 23/20 Q1024=
05/04/2025 23:00,METAR SBSC 052300Z 19006KT 5000 BR SCT012 BKN020 OVC050 22/20 Q1024=
06/04/2025 00:00,METAR SBSC 060000Z 15005KT 5000 BR SCT012 BKN020 OVC050 22/19 Q1024=
06/04/2025 01:00,METAR SBSC 060100Z 12009KT 100V180 5000 BR SCT012 BKN026 OVC034 22/18 Q1025=
06/04/2025 02:00,METAR SBSC 060200Z 23004KT 5000 BR FEW012 SCT026 BKN061 21/19 Q1025=
06/04/2025 03:00,METAR SBSC 060300Z 20004KT 5000 BR FEW012 SCT026 BKN061 22/19 Q1024=
06/04/2025 04:00,METAR SBSC 060400Z 19003KT 5000 BR FEW012 BKN026 BKN061 22/19 Q1024=
06/04/2025 05:00,METAR SBSC 060500Z 20004KT 5000 BR FEW012 BKN026 BKN061 21/19 Q1023=
06/04/2025 06:00,METAR SBSC 060600Z 24002KT 5000 BR FEW012 BKN026 BKN066 20/19 Q1023=
06/04/2025 07:00,METAR SBSC 060700Z 34002KT 7000 SCT026 BKN066 20/19 Q1023=
06/04/2025 08:00,METAR SBSC 060800Z 35003KT 7000 SCT021 BKN030 BKN066 20/19 Q1023=
06/04/2025 09:00,METAR SBSC 060900Z 28001KT 7000 BKN021 BKN030 OVC066 21/19 Q1023=
06/04/2025 10:00,METAR SBSC 061000Z 21004KT 7000 BKN019 SCT030 OVC045 21/19 Q1023=
06/04/2025 11:00,METAR SBSC 061100Z 14005KT 9999 FEW022 SCT036 BKN050 22/19 Q1024=
06/04/2025 12:00,METAR SBSC 061200Z 15007KT 9999 FEW019 BKN031 22/19 Q1025=
06/04/2025 13:00,METAR SBSC 061300Z 16007KT 120V270 9999 SCT015 BKN025 OVC040 23/19 Q1025=
06/04/2025 14:00,METAR COR SBSC 061400Z 21007KT 9999 VCSH SCT015 BKN025 OVC040 23/20 Q1025=
06/04/2025 15:00,METAR SBSC 061500Z 16008KT 6000 -RA BKN010 OVC030 22/20 Q1024 RERA=
06/04/2025 16:00,METAR SBSC 061600Z 17006KT 8000 FEW010 BKN020 OVC040 22/20 Q1024=
06/04/2025 17:00,METAR SBSC 061700Z 12009KT 8000 FEW010 BKN020 OVC035 22/18 Q1023=
06/04/2025 18:00,METAR SBSC 061800Z 20006KT 9999 FEW010 BKN025 OVC035 23/19 Q1023=
06/04/2025 19:00,METAR SBSC 061900Z 20004KT 9999 FEW010 BKN025 OVC035 21/19 Q1023=
06/04/2025 20:00,METAR SBSC 062000Z 20005KT 8000 -RA FEW010 BKN030 OVC040 21/19 Q1023=
06/04/2025 21:00,METAR SBSC 062100Z 22002KT 9999 FEW012 BKN020 OVC035 21/19 Q1022=
06/04/2025 22:00,METAR SBSC 062200Z 16008KT 3000 -RA BR BKN010 OVC020 21/19 Q1023=
06/04/2025 23:00,METAR SBSC 062300Z VRB01KT 9999 FEW015 BKN025 OVC040 20/18 Q1024=
07/04/2025 00:00,METAR SBSC 070000Z 23002KT 9999 FEW020 BKN035 OVC050 20/19 Q1024=
07/04/2025 01:00,METAR SBSC 070100Z 34002KT 6000 FEW020 BKN035 OVC050 20/19 Q1023=
07/04/2025 02:00,METAR SBSC 070200Z 32003KT 6000 FEW020 BKN035 OVC050 20/19 Q1023=
07/04/2025 03:00,METAR SBSC 070300Z 32003KT 9999 FEW020 OVC050 20/19 Q1023=
07/04/2025 04:00,METAR SBSC 070400Z 34004KT 9999 FEW020 OVC050 20/19 Q1023=
07/04/2025 05:00,METAR SBSC 070500Z 34004KT 9999 FEW020 BKN050 20/18 Q1023=
07/04/2025 06:00,METAR COR SBSC 070600Z 29004KT 9999 FEW020 BKN050 19/18 Q1022=
07/04/2025 07:00,METAR SBSC 070700Z 31003KT 8000 FEW015 BKN050 19/18 Q1022=
07/04/2025 08:00,METAR SBSC 070800Z 33003KT 8000 FEW015 BKN050 19/18 Q1022=
07/04/2025 09:00,METAR SBSC 070900Z 35002KT 9000 FEW015 BKN060 19/18 Q1021=
07/04/2025 10:00,METAR COR SBSC 071000Z 06003KT 9999 FEW015 BKN060 20/18 Q1021=
07/04/2025 11:00,METAR SBSC 071100Z 22002KT 9999 FEW015 BKN060 21/19 Q1022=
07/04/2025 12:00,METAR COR SBSC 071200Z 24002KT 9999 FEW015 BKN060 23/20 Q1022=
07/04/2025 13:00,METAR SBSC 071300Z 18003KT 9999 FEW015 SCT050 24/18 Q1022=
07/04/2025 14:00,METAR SBSC 071400Z 17005KT 9999 FEW015 SCT050 25/17 Q1021=
07/04/2025 15:00,METAR SBSC 071500Z 16005KT 9999 SCT020 SCT050 26/17 Q1020=
07/04/2025 16:00,METAR SBSC 071600Z 15009KT 9999 SCT020 FEW030TCU SCT050 24/18 Q1020=
07/04/2025 18:00,METAR SBSC 071800Z 16008KT 9999 FEW030 SCT050 26/17 Q1019=
07/04/2025 19:00,METAR SBSC 071900Z 17008KT 9999 FEW030 SCT050 25/18 Q1019=
07/04/2025 20:00,METAR SBSC 072000Z 16007KT 9999 SCT030 SCT050 24/18 Q1019=
07/04/2025 21:00,METAR SBSC 072100Z 17005KT 9999 SCT030 SCT050 23/18 Q1019=
07/04/2025 22:00,METAR SBSC 072200Z 15003KT 9999 SCT030 SCT050 22/18 Q1019=
07/04/2025 23:00,METAR SBSC 072300Z 14003KT 9999 FEW030 SCT050 21/18 Q1020=
08/04/2025 00:00,METAR SBSC 080000Z 15002KT 9999 FEW030 SCT050 21/18 Q1020=
08/04/2025 01:00,METAR SBSC 080100Z 06003KT 9999 FEW025 21/18 Q1020=
08/04/2025 02:00,METAR SBSC 080200Z 00000KT 9999 FEW025 20/18 Q1020=
08/04/2025 03:00,METAR SBSC 080300Z 26002KT 9999 FEW025 19/17 Q1019=
08/04/2025 04:00,METAR SBSC 080400Z 31001KT CAVOK 19/17 Q1019=
08/04/2025 05:00,METAR SBSC 080500Z 02002KT CAVOK 19/17 Q1019=
08/04/2025 06:00,METAR SBSC 080600Z 01003KT 9999 FEW015 18/17 Q1018=
08/04/2025 07:00,METAR SBSC 080700Z 36003KT 9999 FEW015 18/17 Q1018=
08/04/2025 08:00,METAR SBSC 080800Z 36003KT 9000 FEW007 SCT015 18/17 Q1018=
08/04/2025 09:00,METAR SBSC 080900Z 06004KT CAVOK 19/18 Q1018=
08/04/2025 10:00,METAR SBSC 081000Z 36004KT CAVOK 20/19 Q1018=
08/04/2025 11:00,METAR SBSC 081100Z 01007KT CAVOK 22/20 Q1019=
08/04/2025 12:00,METAR SBSC 081200Z 34009KT CAVOK 24/18 Q1019=
08/04/2025 13:00,METAR SBSC 081300Z 33008KT 9999 FEW035 27/18 Q1019=
08/04/2025 14:00,METAR SBSC 081400Z 34008KT 9999 FEW035 28/17 Q1018=
08/04/2025 15:00,METAR SBSC 081500Z 01006KT 9999 FEW040 29/18 Q1017=
08/04/2025 16:00,METAR SBSC 081600Z 01007KT 9999 FEW045 30/17 Q1015=
08/04/2025 17:00,METAR SBSC 081700Z 03005KT CAVOK 30/16 Q1015=
08/04/2025 18:00,METAR SBSC 081800Z 06006KT CAVOK 30/16 Q1014=
08/04/2025 19:00,METAR SBSC 081900Z 11007KT CAVOK 28/19 Q1014=
08/04/2025 20:00,METAR SBSC 082000Z 10008KT CAVOK 27/19 Q1015=
08/04/2025 21:00,METAR SBSC 082100Z 13007KT CAVOK 25/19 Q1015=
08/04/2025 22:00,METAR SBSC 082200Z 12004KT CAVOK 25/19 Q1016=
08/04/2025 23:00,METAR SBSC 082300Z 21003KT CAVOK 23/20 Q1016=
09/04/2025 00:00,METAR SBSC 090000Z 33002KT CAVOK 22/20 Q1016=
09/04/2025 01:00,METAR SBSC 090100Z 34005KT CAVOK 22/20 Q1016=
09/04/2025 02:00,METAR SBSC 090200Z 35004KT CAVOK 22/20 Q1016=
09/04/2025 03:00,METAR SBSC 090300Z 35005KT CAVOK 21/19 Q1015=
09/04/2025 04:00,METAR SBSC 090400Z 01005KT CAVOK 21/19 Q1015=
09/04/2025 05:00,METAR SBSC 090500Z 35004KT CAVOK 21/19 Q1014=
09/04/2025 06:00,METAR SBSC 090600Z 02004KT CAVOK 21/19 Q1014=
09/04/2025 07:00,METAR SBSC 090700Z 35005KT CAVOK 21/19 Q1014=
09/04/2025 08:00,METAR SBSC 090800Z 33007KT CAVOK 22/18 Q1014=
09/04/2025 09:00,METAR SBSC 090900Z 31007KT 9999 FEW015 23/18 Q1014=
09/04/2025 10:00,METAR SBSC 091000Z 32007KT 9999 FEW015 23/18 Q1015=
09/04/2025 11:00,METAR SBSC 091100Z 33008KT CAVOK 25/19 Q1015=
09/04/2025 12:00,METAR SBSC 091200Z 33010G21KT CAVOK 27/18 Q1015=
09/04/2025 13:00,METAR SBSC 091300Z 32012G25KT CAVOK 28/19 Q1014=
09/04/2025 14:00,METAR SBSC 091400Z 32011KT CAVOK 30/19 Q1013=
09/04/2025 15:00,METAR SBSC 091500Z 31010KT CAVOK 31/20 Q1012=
09/04/2025 16:00,METAR SBSC 091600Z 32009KT CAVOK 32/20 Q1011=
09/04/2025 17:00,METAR SBSC 091700Z 34009KT CAVOK 34/20 Q1011=
09/04/2025 18:00,METAR SBSC 091800Z 31005KT 9999 FEW030 BKN070 34/21 Q1011=
09/04/2025 19:00,METAR SBSC 091900Z 23005KT 9999 FEW030 SCT070 31/23 Q1010=
09/04/2025 20:00,METAR SBSC 092000Z 22006KT 9999 FEW030 SCT070 27/22 Q1010=
09/04/2025 21:00,METAR SBSC 092100Z 20004KT 9999 FEW030 SCT070 26/22 Q1011=
09/04/2025 22:00,METAR COR SBSC 092200Z 19007KT 9999 FEW030 SCT070 26/22 Q1012=
09/04/2025 23:00,METAR SBSC 092300Z 20009G22KT 3000 TSRA BR SCT010 BKN030 FEW032CB OVC050 22/20 Q1014=
10/04/2025 00:00,METAR SBSC 100000Z 13003KT 5000 BR FEW010 SCT030 BKN050 23/21 Q1014 RETSRA=
10/04/2025 01:00,METAR SBSC 100100Z 04002KT 9999 FEW030TCU SCT050 BKN090 23/21 Q1014=
10/04/2025 02:00,METAR SBSC 100200Z 33002KT 9999 FEW040 BKN060 23/21 Q1014=
10/04/2025 03:00,METAR SBSC 100300Z 34005KT 9999 FEW010 BKN070 23/21 Q1013=
10/04/2025 04:00,METAR SBSC 100400Z 35004KT 9999 FEW011 BKN070 BKN100 23/21 Q1012=
10/04/2025 05:00,METAR SBSC 100500Z 35003KT 9999 FEW010 23/21 Q1012=
10/04/2025 06:00,METAR SBSC 100600Z 36005KT 8000 FEW010 22/21 Q1011=
10/04/2025 07:00,METAR SBSC 100700Z 32004KT 6000 SCT012 22/21 Q1011=
10/04/2025 08:00,METAR SBSC 100800Z 33005KT 6000 SCT012 22/21 Q1011=
10/04/2025 09:00,METAR SBSC 100900Z 36003KT CAVOK 22/21 Q1012=
10/04/2025 10:00,METAR SBSC 101000Z 13002KT 9999 FEW008 SCT100 23/21 Q1013=
10/04/2025 11:00,METAR SBSC 101100Z 19002KT 9999 FEW030 25/21 Q1013=
10/04/2025 12:00,METAR SBSC 101200Z 19007KT 9999 SCT014 26/22 Q1013=
10/04/2025 13:00,METAR SBSC 101300Z 18005KT 9999 SCT030 SCT050 27/22 Q1013=
10/04/2025 14:00,METAR SBSC 101400Z 15008KT 9999 SCT030 SCT050 27/22 Q1013=
10/04/2025 15:00,METAR SBSC 101500Z 16003KT 9999 SCT030 SCT050 27/22 Q1013=
10/04/2025 16:00,METAR SBSC 101600Z 16010KT 9999 FEW015 SCT030 BKN050 27/22 Q1012=
10/04/2025 17:00,METAR SBSC 101700Z 16009KT 9999 SCT012 SCT030 BKN050 26/22 Q1011=
10/04/2025 18:00,METAR SBSC 101800Z 17005KT 8000 TS SCT012 SCT030 FEW032CB BKN050 25/22 Q1012=
10/04/2025 19:00,METAR SBSC 101900Z 17008KT 8000 SCT012 SCT030 BKN050 25/22 Q1011 RETS=
10/04/2025 20:00,METAR COR SBSC 102000Z 22003KT 3000 RA BR BKN012 SCT030 BKN050 25/22 Q1012=
10/04/2025 21:00,METAR COR SBSC 102100Z 00000KT 3000 -RA BR BKN010 BKN030 OVC050 23/21 Q1012 RERA=
10/04/2025 22:00,METAR SBSC 102200Z 08007KT 3000 TSRA BR BKN010 BKN030 FEW032CB OVC050 22/20 Q1013=
10/04/2025 23:00,METAR SBSC 102300Z 34005KT 5000 BR SCT010 BKN015 OVC050 22/20 Q1013 RETSRA=
11/04/2025 00:00,METAR SBSC 110000Z 00000KT 8000 FEW010 SCT015 BKN050 22/20 Q1013=
11/04/2025 01:00,METAR SBSC 110100Z 34003KT 8000 FEW010 SCT021 BKN053 22/20 Q1014=
11/04/2025 02:00,METAR SBSC 110200Z 01001KT 8000 FEW008 SCT021 BKN066 21/20 Q1014=
11/04/2025 03:00,METAR SBSC 110300Z 35002KT 8000 FEW008 SCT021 BKN061 20/19 Q1013=
11/04/2025 04:00,METAR SBSC 110400Z 32003KT 8000 FEW008 SCT021 BKN061 20/19 Q1013=
11/04/2025 05:00,METAR SBSC 110500Z 02004KT 8000 FEW008 SCT021 BKN061 20/19 Q1012=
11/04/2025 06:00,METAR SBSC 110600Z 31002KT 6000 FEW008 SCT021 BKN061 20/19 Q1012=
11/04/2025 07:00,METAR SBSC 110700Z 35003KT 8000 FEW006 SCT021 BKN061 20/19 Q1012=
11/04/2025 08:00,METAR SBSC 110800Z 36002KT 8000 FEW010 SCT021 BKN050 20/19 Q1012=
11/04/2025 09:00,METAR SBSC 110900Z 36003KT 8000 FEW021 BKN050 21/20 Q1013=
11/04/2025 10:00,METAR SBSC 111000Z 36003KT 9999 FEW021 BKN050 22/21 Q1013=
11/04/2025 11:00,METAR SBSC 111100Z 02002KT 9999 FEW012 SCT050 23/22 Q1014=
11/04/2025 12:00,METAR SBSC 111200Z 16004KT 9999 SCT012 25/21 Q1014=
11/04/2025 13:00,METAR SBSC 111300Z 18004KT 9999 SCT012 SCT050 26/22 Q1015=
11/04/2025 14:00,METAR SBSC 111400Z 14006KT 9999 SCT020 SCT050 27/20 Q1014=
11/04/2025 15:00,METAR SBSC 111500Z 15008KT 9999 SCT020 SCT050 27/21 Q1014=
11/04/2025 16:00,METAR SBSC 111600Z 15009KT 9999 SCT020 SCT050 27/21 Q1014=
11/04/2025 17:00,METAR SBSC 111700Z 15009KT 9999 SCT020 SCT050 27/21 Q1013=
11/04/2025 18:00,METAR SBSC 111800Z 15009KT 9999 SCT020 SCT050 26/21 Q1013=
11/04/2025 19:00,METAR SBSC 111900Z 14010KT 9999 SCT020 SCT050 26/21 Q1013=
11/04/2025 20:00,METAR SBSC 112000Z 11009KT 9999 SCT020 SCT050 25/20 Q1013=
11/04/2025 21:00,METAR SBSC 112100Z 14004KT 9999 SCT020 SCT050 24/20 Q1014=
11/04/2025 22:00,METAR SBSC 112200Z 14003KT 9999 FEW020 SCT050 23/20 Q1014=
11/04/2025 23:00,METAR SBSC 112300Z 11002KT 9999 FEW020 SCT050 23/21 Q1015=
12/04/2025 00:00,METAR SBSC 120000Z 14003KT 9999 SCT015 BKN050 23/21 Q1016=
12/04/2025 01:00,METAR SBSC 120100Z 23003KT CAVOK 22/20 Q1016=
12/04/2025 02:00,METAR SBSC 120200Z 25002KT 9999 FEW045 SCT060 21/20 Q1016=
12/04/2025 03:00,METAR SBSC 120300Z 02002KT 9999 FEW040 21/20 Q1015=
12/04/2025 04:00,METAR SBSC 120400Z 36003KT 9999 FEW040 21/20 Q1015=
12/04/2025 05:00,METAR SBSC 120500Z 36003KT 9999 FEW018 20/19 Q1015=
12/04/2025 06:00,METAR SBSC 120600Z 01002KT 8000 FEW010 20/19 Q1015=
12/04/2025 07:00,METAR SBSC 120700Z 35002KT 8000 FEW010 20/19 Q1014=
12/04/2025 08:00,METAR SBSC 120800Z 02002KT 8000 FEW014 21/20 Q1014=
12/04/2025 09:00,METAR SBSC 120900Z 31003KT 9999 FEW020 21/19 Q1015=
12/04/2025 10:00,METAR SBSC 121000Z 03003KT 9999 FEW030 21/20 Q1016=
12/04/2025 11:00,METAR SBSC 121100Z 35004KT 9999 FEW040 23/21 Q1016=
12/04/2025 12:00,METAR SBSC 121200Z 34004KT 9999 FEW011 25/21 Q1017=
12/04/2025 13:00,METAR SBSC 121300Z 36005KT 9999 FEW020 SCT050 28/20 Q1016=
12/04/2025 14:00,METAR SBSC 121400Z 36004KT 9999 FEW020 SCT050 28/19 Q1016=
12/04/2025 15:00,METAR SBSC 121500Z 14005KT 9999 SCT030 SCT050 28/20 Q1015=
12/04/2025 16:00,METAR SBSC 121600Z 12010KT 9999 SCT030 SCT050 29/20 Q1014=
12/04/2025 17:00,METAR SBSC 121700Z 12008KT 9999 SCT030 SCT050 29/20 Q1013=
12/04/2025 18:00,METAR SBSC 121800Z 12011KT 9999 SCT030 SCT050 28/20 Q1013=
12/04/2025 19:00,METAR SBSC 121900Z 09009KT 9999 FEW030 SCT050 27/19 Q1013=
12/04/2025 20:00,METAR SBSC 122000Z 09009KT 9999 FEW030 27/19 Q1013=
12/04/2025 21:00,METAR SBSC 122100Z 09006KT 9999 FEW030 25/20 Q1014=
12/04/2025 22:00,METAR SBSC 122200Z 08004KT 9999 FEW015 BKN050 25/20 Q1015=
12/04/2025 23:00,METAR SBSC 122300Z 07004KT 9999 FEW015 BKN040 24/20 Q1016=
13/04/2025 00:00,METAR SBSC 130000Z 07002KT 9999 FEW015 BKN040 24/19 Q1016=
13/04/2025 01:00,METAR SBSC 130100Z VRB01KT 9999 FEW015 BKN040 23/20 Q1016=
13/04/2025 02:00,METAR SBSC 130200Z 03004KT 9999 FEW015 BKN060 24/19 Q1016=
13/04/2025 03:00,METAR SBSC 130300Z 03005KT CAVOK 23/19 Q1016=
13/04/2025 04:00,METAR SBSC 130400Z 02005KT CAVOK 23/19 Q1016=
13/04/2025 05:00,METAR SBSC 130500Z 03004KT CAVOK 22/19 Q1016=
13/04/2025 06:00,METAR SBSC 130600Z 03005KT CAVOK 22/19 Q1015=
13/04/2025 07:00,METAR SBSC 130700Z 02005KT CAVOK 22/19 Q1015=
13/04/2025 08:00,METAR SBSC 130800Z 02005KT 9999 FEW015 22/19 Q1015=
13/04/2025 09:00,METAR SBSC 130900Z 35003KT 9999 FEW012 21/19 Q1015=
13/04/2025 10:00,METAR SBSC 131000Z 35005KT 9999 FEW015 22/19 Q1016=
13/04/2025 11:00,METAR SBSC 131100Z 01007KT CAVOK 24/21 Q1016=
13/04/2025 12:00,METAR SBSC 131200Z 36009KT CAVOK 26/20 Q1016=
13/04/2025 13:00,METAR SBSC 131300Z 35011KT 9999 SCT040 27/19 Q1016=
13/04/2025 14:00,METAR SBSC 131400Z 33012KT 9999 SCT045 29/18 Q1015=
13/04/2025 15:00,METAR SBSC 131500Z 34010KT 9999 FEW045 30/18 Q1014=
13/04/2025 16:00,METAR SBSC 131600Z 33010KT CAVOK 30/18 Q1013=
13/04/2025 17:00,METAR SBSC 131700Z 34010KT CAVOK 31/19 Q1012=
13/04/2025 18:00,METAR SBSC 131800Z 35008KT CAVOK 31/19 Q1011=
13/04/2025 19:00,METAR SBSC 131900Z 34006KT CAVOK 31/18 Q1011=
13/04/2025 20:00,METAR SBSC 132000Z 33003KT CAVOK 30/20 Q1011=
13/04/2025 21:00,METAR SBSC 132100Z 08003KT 9999 FEW045 28/21 Q1011=
13/04/2025 22:00,METAR SBSC 132200Z 34004KT 9999 FEW045 26/20 Q1011=
13/04/2025 23:00,METAR SBSC 132300Z 36002KT CAVOK 26/21 Q1011=
14/04/2025 00:00,METAR SBSC 140000Z 36003KT CAVOK 25/21 Q1012=
14/04/2025 01:00,METAR SBSC 140100Z 35005KT 8000 FEW015 SCT050 24/21 Q1011=
14/04/2025 02:00,METAR SBSC 140200Z 36005KT 8000 FEW015 SCT050 24/21 Q1011=
14/04/2025 03:00,METAR SBSC 140300Z 01006KT 8000 FEW015 SCT050 24/21 Q1011=
14/04/2025 04:00,METAR SBSC 140400Z 35004KT 8000 FEW015 SCT050 23/20 Q1011=
14/04/2025 05:00,METAR SBSC 140500Z 01004KT 8000 FEW015 SCT050 23/20 Q1011=
14/04/2025 06:00,METAR SBSC 140600Z 36005KT 8000 FEW015 SCT050 23/20 Q1012=
14/04/2025 07:00,METAR SBSC 140700Z 36006KT 8000 FEW015 SCT050 22/20 Q1012=
14/04/2025 08:00,METAR SBSC 140800Z 01006KT 8000 FEW015 SCT050 22/20 Q1012=
14/04/2025 09:00,METAR SBSC 140900Z 36005KT 8000 FEW015 SCT050 24/21 Q1012=
14/04/2025 10:00,METAR SBSC 141000Z 17009KT 8000 SCT010 BKN020 OVC050 24/20 Q1013=
14/04/2025 11:00,METAR SBSC 141100Z 15002KT 5000 BR SCT010 BKN020 OVC050 23/21 Q1014 RERA=
14/04/2025 12:00,METAR SBSC 141200Z 00000KT 3000 -RA BR SCT010 BKN020 OVC050 24/22 Q1015=
14/04/2025 13:00,METAR SBSC 141300Z 33001KT 9999 SCT015 BKN026 BKN079 24/23 Q1015=
14/04/2025 14:00,METAR SBSC 141400Z 16006KT 9999 SCT017 BKN026 BKN079 26/22 Q1014=
14/04/2025 15:00,METAR SBSC 141500Z 16007KT 9999 SCT017 BKN026 BKN079 26/22 Q1014=
14/04/2025 16:00,METAR SBSC 141600Z 17010KT 9999 SCT012 SCT023 BKN100 27/21 Q1013=
14/04/2025 17:00,METAR SBSC 141700Z 18009G21KT 9999 SCT019 SCT028 BKN100 25/20 Q1013=
14/04/2025 18:00,METAR SBSC 141800Z 18011KT 9999 FEW019 BKN045 BKN096 25/21 Q1013=
14/04/2025 19:00,METAR SBSC 141900Z 18011KT 9999 FEW017 BKN076 25/21 Q1013=
14/04/2025 20:00,METAR SBSC 142000Z 18011KT 9999 FEW016 SCT043 24/21 Q1014=
14/04/2025 21:00,METAR SBSC 142100Z 18010KT 9999 SCT015 SCT051 24/21 Q1014=
14/04/2025 22:00,METAR SBSC 142200Z 18008KT 9999 SCT014 BKN040 24/21 Q1014=
14/04/2025 23:00,METAR SBSC 142300Z 18007KT 9999 SCT014 BKN037 24/21 Q1015=
15/04/2025 00:00,METAR SBSC 150000Z 18006KT 9999 SCT014 BKN028 BKN042 24/21 Q1016=
15/04/2025 01:00,METAR SBSC 150100Z 18006KT 9999 FEW013 BKN025 BKN050 24/20 Q1015=
15/04/2025 02:00,METAR SBSC 150200Z 18005KT 9999 SCT023 23/20 Q1016=
15/04/2025 03:00,METAR SBSC 150300Z 20004KT 9999 FEW020 23/20 Q1016=
15/04/2025 04:00,METAR SBSC 150400Z 18005KT 9999 FEW030 SCT045 23/21 Q1015=
15/04/2025 05:00,METAR SBSC 150500Z 19005KT 9999 SCT020 SCT045 22/20 Q1015=
15/04/2025 06:00,METAR SBSC 150600Z 22004KT 9999 SCT010 BKN020 22/20 Q1014=
15/04/2025 07:00,METAR SBSC 150700Z 27005KT 9999 SCT010 BKN020 22/20 Q1014=
15/04/2025 08:00,METAR SBSC 150800Z 21003KT 9999 FEW020 BKN027 23/20 Q1015=
15/04/2025 09:00,METAR SBSC 150900Z 25002KT 9999 FEW020 BKN027 BKN050 22/19 Q1015=
15/04/2025 10:00,METAR SBSC 151000Z 01003KT 9999 FEW040 BKN060 23/20 Q1016=
15/04/2025 11:00,METAR SBSC 151100Z 36003KT 9999 FEW040 SCT060 25/20 Q1016=
15/04/2025 12:00,METAR SBSC 151200Z 35003KT 9999 FEW020 SCT050 26/20 Q1017=
15/04/2025 13:00,METAR SBSC 151300Z 20002KT 9999 SCT020 SCT050 26/19 Q1017=
15/04/2025 14:00,METAR SBSC 151400Z 17004KT 9999 SCT020 SCT050 27/19 Q1016=
15/04/2025 15:00,METAR SBSC 151500Z 15007KT 9999 SCT020 SCT050 27/19 Q1016=
15/04/2025 16:00,METAR SBSC 151600Z 17008KT 9999 SCT020 SCT050 26/19 Q1015=
15/04/2025 17:00,METAR SBSC 151700Z 15008KT 9999 FEW030 SCT050 27/20 Q1014=
15/04/2025 18:00,METAR SBSC 151800Z 15009KT 9999 FEW030 SCT050 27/20 Q1014=
15/04/2025 19:00,METAR SBSC 151900Z 16008KT 9999 FEW030 SCT050 26/20 Q1014=
15/04/2025 20:00,METAR SBSC 152000Z 15007KT 9999 FEW030 SCT050 25/21 Q1014=
15/04/2025 21:00,METAR SBSC 152100Z 15005KT 9999 FEW030 BKN050 24/20 Q1014=
15/04/2025 22:00,METAR SBSC 152200Z 14005KT 9999 FEW030 BKN050 24/20 Q1015=
15/04/2025 23:00,METAR SBSC 152300Z 16004KT 9999 FEW030 BKN050 24/21 Q1015=
16/04/2025 00:00,METAR SBSC 160000Z 15003KT 9999 FEW015 SCT030 BKN050 24/21 Q1015=
16/04/2025 01:00,METAR SBSC 160100Z 00000KT 9999 FEW013 SCT030 BKN050 24/21 Q1015=
16/04/2025 02:00,METAR SBSC 160200Z 12004KT 9999 FEW013 BKN040 OVC052 24/21 Q1015=
16/04/2025 03:00,METAR SBSC 160300Z 00000KT 9999 FEW013 BKN040 OVC052 24/21 Q1015=
16/04/2025 04:00,METAR SBSC 160400Z 00000KT 9999 SCT040 BKN052 23/21 Q1014=
16/04/2025 05:00,METAR SBSC 160500Z 33002KT 9999 FEW020 SCT040 BKN052 22/20 Q1014=
16/04/2025 06:00,METAR SBSC 160600Z 01003KT 9999 FEW020 SCT040 BKN052 22/20 Q1013=
16/04/2025 07:00,METAR SBSC 160700Z 00000KT 9999 FEW020 SCT040 22/20 Q1013=
16/04/2025 08:00,METAR SBSC 160800Z 01006KT 9999 FEW020 SCT040 22/20 Q1012=
16/04/2025 09:00,METAR SBSC 160900Z 01007KT 9999 FEW020 SCT045 23/20 Q1013=
16/04/2025 10:00,METAR SBSC 161000Z 35009KT 8000 SCT020 22/20 Q1013=
16/04/2025 11:00,METAR SBSC 161100Z 33013KT 9999 -RA SCT020 SCT040 22/20 Q1012=
16/04/2025 12:00,METAR SBSC 161200Z 33009KT 9999 FEW020 SCT040 23/20 Q1013=
16/04/2025 13:00,METAR SBSC 161300Z 31010KT 9999 SCT040 BKN100 24/20 Q1013=
16/04/2025 14:00,METAR SBSC 161400Z 19007KT 9999 FEW009 SCT070 25/21 Q1013=
16/04/2025 15:00,METAR SBSC 161500Z 20006KT 9999 FEW040 26/21 Q1013=
16/04/2025 16:00,METAR SBSC 161600Z 31003KT 9999 FEW040 28/19 Q1012=
16/04/2025 17:00,METAR SBSC 161700Z 33007KT CAVOK 27/19 Q1012=
16/04/2025 18:00,METAR SBSC 161800Z 14006KT CAVOK 26/21 Q1012=
16/04/2025 19:00,METAR SBSC 161900Z 14003KT CAVOK 26/21 Q1012=
16/04/2025 20:00,METAR SBSC 162000Z 15004KT CAVOK 25/21 Q1012=
16/04/2025 23:00,METAR SBSC 162300Z 17004KT 9999 FEW016 24/21 Q1014=
17/04/2025 00:00,METAR SBSC 170000Z 17002KT 9999 FEW016 23/21 Q1014=
17/04/2025 01:00,METAR SBSC 170100Z 05001KT 9999 FEW016 22/21 Q1014=
17/04/2025 02:00,METAR SBSC 170200Z 01001KT 9999 FEW016 22/20 Q1014=
17/04/2025 03:00,METAR COR SBSC 170300Z 06003KT 9999 FEW020 22/20 Q1014=
17/04/2025 04:00,METAR SBSC 170400Z 05003KT 9999 FEW020 22/20 Q1014=
17/04/2025 05:00,METAR SBSC 170500Z 06004KT 9999 SCT020 21/20 Q1014=
17/04/2025 06:00,METAR SBSC 170600Z 03004KT 9999 SCT020 21/19 Q1013=
17/04/2025 07:00,METAR SBSC 170700Z 09004KT 8000 SCT020 21/19 Q1013=
17/04/2025 08:00,METAR SBSC 170800Z 04004KT 7000 SCT020 21/19 Q1013=
17/04/2025 09:00,METAR SBSC 170900Z 01003KT 2000 BR SCT020 21/19 Q1014=
17/04/2025 10:00,METAR SBSC 171000Z 34002KT 3000 BR FEW020 22/20 Q1015=
17/04/2025 12:00,METAR SBSC 171200Z 01004KT 9999 FEW020 26/21 Q1016=
17/04/2025 13:00,METAR SBSC 171300Z 01004KT 9999 FEW020 28/21 Q1016=
17/04/2025 15:00,NO DATA AVAILABLE
17/04/2025 16:00,NO DATA AVAILABLE
17/04/2025 17:00,METAR SBSC 171700Z 15009KT 9999 SCT025 27/21 Q1014=
17/04/2025 18:00,METAR SBSC 171800Z 16008KT 9999 SCT025 27/21 Q1014=
17/04/2025 19:00,METAR SBSC 171900Z 15009KT 9999 SCT015 SCT025 BKN070 26/21 Q1014=
17/04/2025 20:00,METAR SBSC 172000Z 16007KT 9999 FEW015 SCT025 BKN070 25/22 Q1014=
17/04/2025 21:00,METAR SBSC 172100Z 14006KT 8000 FEW015 SCT040 BKN070 25/22 Q1015=
17/04/2025 22:00,METAR SBSC 172200Z 15005KT 8000 FEW015 SCT040 BKN070 25/22 Q1015=
17/04/2025 23:00,METAR SBSC 172300Z 15004KT 8000 FEW015 SCT040 BKN070 24/22 Q1016=
18/04/2025 00:00,METAR SBSC 180000Z 16002KT 8000 FEW015 SCT040 BKN070 24/21 Q1016=
18/04/2025 01:00,METAR SBSC 180100Z 15003KT 9999 FEW020 SCT050 BKN080 24/22 Q1016=
18/04/2025 02:00,METAR SBSC 180200Z 00000KT 9999 FEW010 23/21 Q1016=
18/04/2025 03:00,METAR SBSC 180300Z 00000KT 9999 FEW010 SCT060 23/21 Q1016=
18/04/2025 04:00,METAR SBSC 180400Z 02003KT 6000 FEW010 22/21 Q1016=
18/04/2025 05:00,METAR SBSC 180500Z 02003KT 6000 FEW020 22/21 Q1015=
18/04/2025 06:00,METAR SBSC 180600Z 36002KT 4000 BR FEW020 21/21 Q1015=
18/04/2025 07:00,METAR SBSC 180700Z 01004KT 4000 BR FEW010 22/21 Q1015=
18/04/2025 08:00,METAR SBSC 180800Z 02003KT 8000 FEW010 22/20 Q1015=
18/04/2025 09:00,METAR SBSC 180900Z 35003KT 4000 BR FEW010 SCT070 22/21 Q1015=
18/04/2025 10:00,METAR SBSC 181000Z 36003KT 4000 BR NSC 23/22 Q1016=
18/04/2025 11:00,METAR SBSC 181100Z 36006KT CAVOK 25/22 Q1016=
18/04/2025 12:00,METAR SBSC 181200Z 34007KT 9999 FEW015 26/22 Q1016=
18/04/2025 13:00,METAR SBSC 181300Z 04003KT 9999 FEW020 28/21 Q1017=
18/04/2025 14:00,METAR SBSC 181400Z 01004KT 9999 FEW030 29/21 Q1016=
18/04/2025 15:00,METAR SBSC 181500Z 36005KT 9999 FEW030 30/21 Q1015=
18/04/2025 16:00,METAR SBSC 181600Z 03004KT 9999 FEW030 31/21 Q1014=
18/04/2025 17:00,METAR SBSC 181700Z 09004KT 9999 FEW030 31/19 Q1013=
18/04/2025 18:00,METAR SBSC 181800Z 11008KT 9999 FEW030 29/22 Q1012=
18/04/2025 19:00,METAR SBSC 181900Z 07008KT 9999 FEW027 27/21 Q1012=
18/04/2025 20:00,METAR SBSC 182000Z 09007KT 9999 FEW027 26/21 Q1013=
18/04/2025 21:00,METAR SBSC 182100Z 11004KT 9999 FEW030 26/21 Q1013=
18/04/2025 22:00,METAR SBSC 182200Z 05002KT 9999 FEW030 25/21 Q1013=
18/04/2025 23:00,METAR SBSC 182300Z 24002KT 9999 FEW030 24/21 Q1015=
19/04/2025 00:00,METAR SBSC 190000Z 00000KT 9999 FEW030 25/21 Q1015=
19/04/2025 01:00,METAR SBSC 190100Z 00000KT 8000 FEW015 SCT050 24/22 Q1015=
19/04/2025 02:00,METAR SBSC 190200Z 36003KT 8000 FEW015 SCT050 24/22 Q1015=
19/04/2025 03:00,METAR SBSC 190300Z 01005KT 8000 FEW015 SCT050 24/22 Q1015=
19/04/2025 04:00,METAR SBSC 190400Z 35004KT 8000 FEW015 SCT050 23/21 Q1014=
19/04/2025 05:00,METAR SBSC 190500Z 36004KT 8000 FEW015 SCT050 23/21 Q1014=
19/04/2025 06:00,METAR SBSC 190600Z 01005KT 8000 FEW015 SCT050 22/20 Q1013=
19/04/2025 07:00,METAR SBSC 190700Z 34006KT 8000 FEW015 SCT050 22/20 Q1013=
19/04/2025 08:00,METAR SBSC 190800Z 01006KT 8000 FEW015 SCT050 23/21 Q1012=
19/04/2025 09:00,METAR SBSC 190900Z 36006KT 8000 FEW015 SCT050 23/21 Q1012=
19/04/2025 10:00,METAR SBSC 191000Z 36004KT 8000 FEW015 SCT050 BKN070 23/22 Q1013=
19/04/2025 11:00,METAR SBSC 191100Z 34006KT 9999 FEW015 SCT050 BKN070 25/22 Q1013=
19/04/2025 12:00,METAR SBSC 191200Z 34008KT 9999 FEW015 SCT050 BKN070 27/21 Q1013=
19/04/2025 13:00,METAR SBSC 191300Z 32006KT 9999 FEW015 SCT070 28/21 Q1013=
19/04/2025 14:00,METAR SBSC 191400Z 35010KT 9999 FEW017 30/22 Q1012=
19/04/2025 16:00,METAR SBSC 191600Z 33007KT 9999 FEW021 32/21 Q1010=
19/04/2025 17:00,METAR SBSC 191700Z 34007KT 9999 FEW021 32/21 Q1009=
19/04/2025 18:00,METAR SBSC 191800Z 22005KT 9999 FEW021 31/23 Q1008=
19/04/2025 19:00,METAR SBSC 191900Z 18005KT 9999 FEW027 30/23 Q1009=
19/04/2025 20:00,METAR SBSC 192000Z 22005KT 9999 FEW027 SCT066 26/23 Q1009=
19/04/2025 21:00,METAR SBSC 192100Z 18005KT 9999 VCTS FEW025 FEW030CB 26/23 Q1008=
19/04/2025 22:00,METAR SBSC 192200Z 18005KT 9999 VCTS FEW025 FEW030CB 26/23 Q1009=
19/04/2025 23:00,METAR SBSC 192300Z 22007KT 9999 -TSRA FEW025 FEW030CB BKN078 25/23 Q1011=
20/04/2025 00:00,METAR SBSC 200000Z 18014G25KT 9999 -TSRA FEW005 FEW030CB SCT036 OVC075 22/20 Q1012=
20/04/2025 01:00,METAR SBSC 200100Z 23006KT 9999 TS FEW009 SCT020 FEW030CB BKN100 23/21 Q1011=
20/04/2025 02:00,METAR SBSC 200200Z 04004KT 9999 FEW011 BKN100 22/21 Q1011 RETS=
20/04/2025 03:00,METAR SBSC 200300Z 01005KT 9999 FEW008 BKN100 22/21 Q1010=
20/04/2025 04:00,METAR SBSC 200400Z 30005KT 9999 FEW010 22/21 Q1010=
20/04/2025 05:00,METAR SBSC 200500Z 30006KT 6000 FEW010 SCT020 22/21 Q1010=
20/04/2025 06:00,METAR SBSC 200600Z 29006KT 6000 FEW012 SCT020 23/21 Q1009=
20/04/2025 07:00,METAR SBSC 200700Z 27007KT 4000 -RA BR FEW012 BKN030 22/21 Q1009=
20/04/2025 08:00,METAR SBSC 200800Z 27007KT 4000 -RA BR FEW012 BKN030 23/21 Q1010=
20/04/2025 09:00,METAR SBSC 200900Z 01003KT 8000 FEW012 BKN015 BKN050 22/21 Q1011=
20/04/2025 10:00,METAR SBSC 201000Z 31002KT 8000 -RA FEW009 BKN016 OVC030 22/21 Q1012=
20/04/2025 11:00,METAR SBSC 201100Z 30001KT 8000 -RA FEW009 BKN017 OVC050 23/21 Q1013=
20/04/2025 12:00,METAR SBSC 201200Z 18004KT 6000 -RA FEW008 SCT010 BKN025 23/22 Q1013 RERA=
20/04/2025 13:00,METAR SBSC 201300Z 20005KT 8000 FEW010 SCT025 BKN070 25/23 Q1013=
20/04/2025 14:00,METAR SBSC 201400Z 19005KT 8000 FEW010 SCT025 BKN070 26/22 Q1013=
20/04/2025 15:00,METAR SBSC 201500Z 19010KT 8000 SCT025 SCT030 BKN070 27/21 Q1012=
20/04/2025 16:00,METAR COR SBSC 201600Z 20011G23KT 8000 SCT025 SCT030 BKN070 26/21 Q1012=
20/04/2025 17:00,METAR SBSC 201700Z 17012KT 8000 SCT025 SCT030 BKN070 27/21 Q1012=
20/04/2025 18:00,METAR SBSC 201800Z 16011KT 8000 SCT025 SCT030 BKN070 26/21 Q1012=
20/04/2025 19:00,METAR SBSC 201900Z 16011KT 8000 SCT025 SCT030 BKN070 26/21 Q1012=
20/04/2025 20:00,METAR SBSC 202000Z 15011KT 8000 SCT025 SCT030 BKN070 25/20 Q1012=
20/04/2025 21:00,METAR SBSC 202100Z 17006KT 8000 SCT025 SCT030 BKN070 24/21 Q1013=
20/04/2025 22:00,METAR SBSC 202200Z 17006KT 8000 SCT025 SCT030 BKN070 24/21 Q1013=
20/04/2025 23:00,METAR SBSC 202300Z 18006KT 8000 SCT015 SCT020 BKN050 24/21 Q1013=
21/04/2025 00:00,METAR SBSC 210000Z 19007KT 8000 SCT015 SCT020 BKN050 24/21 Q1014=
21/04/2025 01:00,METAR SBSC 210100Z 14008KT 8000 -RA SCT015 SCT018 BKN045 24/21 Q1014=
21/04/2025 02:00,METAR SBSC 210200Z 19004KT 7000 -RA SCT015 BKN025 BKN045 22/21 Q1014=
21/04/2025 03:00,METAR SBSC 210300Z 13004KT 7000 -RA FEW005 SCT010 BKN025 23/21 Q1014=
21/04/2025 04:00,METAR SBSC 210400Z 31002KT 7000 -RA SCT015 BKN025 BKN045 22/21 Q1013=
21/04/2025 05:00,METAR SBSC 210500Z 19003KT 8000 SCT015 BKN025 BKN045 22/21 Q1013=
21/04/2025 06:00,METAR SBSC 210600Z 24003KT 7000 -RA SCT013 BKN025 BKN045 22/21 Q1013=
21/04/2025 07:00,METAR SBSC 210700Z 11005KT 7000 -RA SCT013 BKN025 BKN045 22/20 Q1013=
21/04/2025 08:00,METAR SBSC 210800Z 03003KT 8000 SCT013 BKN025 BKN045 21/20 Q1013=
21/04/2025 09:00,METAR SBSC 210900Z 34002KT 6000 -RA SCT015 OVC030 21/20 Q1014=
21/04/2025 10:00,METAR SBSC 211000Z 27002KT 4000 BR FEW009 SCT015 BKN030 21/20 Q1014=
21/04/2025 11:00,METAR SBSC 211100Z 14003KT 3000 -RA BR SCT004 SCT015 BKN025 21/20 Q1016=
21/04/2025 12:00,METAR SBSC 211200Z 09003KT 6000 FEW006 SCT015 BKN023 21/20 Q1016=
21/04/2025 13:00,METAR SBSC 211300Z 19003KT 8000 BKN008 BKN015 OVC050 22/20 Q1016=
21/04/2025 14:00,METAR SBSC 211400Z 22004KT 8000 BKN008 BKN015 OVC050 22/20 Q1016=
21/04/2025 15:00,METAR SBSC 211500Z 21004KT 8000 SCT008 BKN015 OVC050 23/20 Q1015=
21/04/2025 16:00,METAR SBSC 211600Z 22003KT 8000 FEW008 BKN015 OVC050 23/20 Q1014=
21/04/2025 17:00,METAR SBSC 211700Z 17004KT 8000 FEW008 BKN015 OVC050 24/19 Q1014=
21/04/2025 18:00,METAR SBSC 211800Z 07003KT 5000 BR SCT008 BKN015 OVC050 21/19 Q1014=
21/04/2025 19:00,METAR COR SBSC 211900Z 16007KT 7000 2900SW -RA FEW008 SCT015 BKN030 21/19 Q1015=
21/04/2025 20:00,METAR SBSC 212000Z 11003KT 2700 -RA BR FEW004 SCT014 BKN030 20/19 Q1015=
21/04/2025 21:00,METAR SBSC 212100Z 22003KT 8000 -RA FEW004 SCT013 BKN033 20/19 Q1015=
21/04/2025 22:00,METAR SBSC 212200Z 23003KT 9999 FEW004 BKN033 20/19 Q1015=
21/04/2025 23:00,METAR SBSC 212300Z 33003KT 9999 FEW010 SCT050 20/19 Q1015=
22/04/2025 00:00,METAR SBSC 220000Z 01002KT 9999 FEW010 SCT050 20/18 Q1016=
22/04/2025 01:00,METAR SBSC 220100Z 01002KT 9999 FEW010 SCT050 20/19 Q1015=
22/04/2025 02:00,METAR SBSC 220200Z 33004KT 9999 FEW010 BKN050 20/19 Q1016=
22/04/2025 03:00,METAR SBSC 220300Z 36004KT 9999 FEW010 BKN040 20/19 Q1015=
22/04/2025 04:00,METAR SBSC 220400Z 34004KT 9999 FEW010 BKN040 20/19 Q1015=
22/04/2025 05:00,METAR SBSC 220500Z 33003KT 9999 FEW010 BKN040 20/19 Q1015=
22/04/2025 06:00,METAR SBSC 220600Z 28003KT 9999 FEW010 BKN040 19/18 Q1015=
22/04/2025 07:00,METAR SBSC 220700Z 32004KT 9999 FEW010 BKN040 19/18 Q1015=
22/04/2025 08:00,METAR SBSC 220800Z 35005KT 9999 FEW010 BKN040 19/18 Q1014=
22/04/2025 09:00,METAR SBSC 220900Z 30002KT 9999 FEW010 SCT040 BKN080 20/19 Q1015=
22/04/2025 10:00,METAR SBSC 221000Z 35002KT 9999 FEW020 SCT040 BKN080 21/19 Q1016=
22/04/2025 11:00,METAR SBSC 221100Z 07004KT 3000 -RA BR BKN012 BKN040 21/19 Q1017=
22/04/2025 12:00,METAR SBSC 221200Z 33003KT 8000 SCT012 BKN030 21/19 Q1017=
22/04/2025 13:00,METAR SBSC 221300Z 30003KT 9999 FEW012 SCT025 BKN050 22/19 Q1017=
22/04/2025 14:00,METAR SBSC 221400Z 33003KT 9999 FEW012 SCT022 BKN070 24/19 Q1017=
22/04/2025 15:00,METAR SBSC 221500Z 34003KT 9999 SCT030 BKN060 25/19 Q1016=
22/04/2025 16:00,METAR SBSC 221600Z 21002KT 9999 SCT027 BKN065 25/17 Q1016=
22/04/2025 17:00,METAR SBSC 221700Z 17004KT 9999 SCT020 BKN070 24/18 Q1015=
22/04/2025 18:00,METAR SBSC 221800Z 16004KT 9999 SCT025 BKN070 24/18 Q1015=
22/04/2025 19:00,METAR SBSC 221900Z 15003KT 9999 FEW015 BKN070 24/18 Q1015=
22/04/2025 20:00,METAR SBSC 222000Z 13003KT 9999 FEW015 BKN050 23/18 Q1015=
22/04/2025 21:00,METAR SBSC 222100Z 13003KT 9999 FEW015 SCT030 BKN080 23/19 Q1015=
22/04/2025 22:00,METAR SBSC 222200Z 07003KT 9999 FEW015 SCT030 BKN070 23/19 Q1016=
22/04/2025 23:00,METAR SBSC 222300Z 05003KT 9999 FEW015 BKN070 23/19 Q1016=
23/04/2025 00:00,METAR SBSC 230000Z 05001KT 9999 FEW015 BKN070 22/19 Q1016=
23/04/2025 01:00,METAR SBSC 230100Z 27003KT 9999 FEW010 SCT070 21/19 Q1016=
23/04/2025 02:00,METAR SBSC 230200Z 00000KT 9999 FEW010 BKN060 21/19 Q1016=
23/04/2025 03:00,METAR SBSC 230300Z 35002KT 9999 FEW025 BKN075 20/19 Q1016=
23/04/2025 04:00,METAR SBSC 230400Z 35003KT 9999 FEW015 SCT070 20/19 Q1016=
23/04/2025 05:00,METAR SBSC 230500Z 01002KT 9999 FEW015 SCT070 20/19 Q1015=
23/04/2025 06:00,METAR SBSC 230600Z 33003KT 9999 FEW010 BKN050 19/18 Q1015=
23/04/2025 07:00,METAR SBSC 230700Z 36003KT 9999 SCT010 BKN050 20/18 Q1015=
23/04/2025 08:00,METAR SBSC 230800Z 02004KT 9999 SCT010 BKN050 20/18 Q1016=
23/04/2025 09:00,METAR SBSC 230900Z 34003KT 8000 FEW010 BKN045 20/19 Q1017=
23/04/2025 10:00,METAR SBSC 231000Z 02002KT 9999 FEW006 SCT090 21/19 Q1016=
23/04/2025 11:00,METAR SBSC 231100Z 34004KT 9999 FEW012 22/20 Q1017=
23/04/2025 12:00,METAR SBSC 231200Z 35004KT 9999 FEW020 24/20 Q1017=
23/04/2025 13:00,METAR SBSC 231300Z 01006KT 9999 FEW020 26/19 Q1017=
23/04/2025 14:00,METAR SBSC 231400Z 02006KT 9999 FEW030 SCT070 27/19 Q1016=
23/04/2025 15:00,METAR SBSC 231500Z 36003KT 9999 FEW020 SCT030 BKN070 27/19 Q1015=
23/04/2025 16:00,METAR SBSC 231600Z 01005KT 9999 FEW020 SCT030 BKN070 29/18 Q1015=
23/04/2025 17:00,METAR SBSC 231700Z 08005KT 9999 FEW020 SCT030 BKN070 27/19 Q1014=
23/04/2025 18:00,METAR SBSC 231800Z 12010KT 9999 FEW020 SCT030 BKN070 26/19 Q1014=
23/04/2025 19:00,METAR SBSC 231900Z 09009KT 9999 FEW040 26/19 Q1014=
23/04/2025 20:00,METAR SBSC 232000Z 10008KT 9999 FEW025 25/19 Q1014=
23/04/2025 21:00,METAR SBSC 232100Z 09008KT 9999 FEW040 24/20 Q1014=
23/04/2025 22:00,METAR SBSC 232200Z 09007KT 9999 FEW040 24/20 Q1015=
23/04/2025 23:00,METAR SBSC 232300Z 09005KT 9999 FEW040 24/20 Q1015=
24/04/2025 00:00,METAR SBSC 240000Z 08004KT 9999 FEW040 24/20 Q1016=
24/04/2025 01:00,METAR SBSC 240100Z 01006KT 8000 SCT015 SCT050 23/19 Q1015=
24/04/2025 02:00,METAR SBSC 240200Z 03006KT 8000 SCT015 SCT050 23/19 Q1015=
24/04/2025 03:00,METAR SBSC 240300Z 36006KT 8000 SCT015 SCT050 23/19 Q1015=
24/04/2025 04:00,METAR SBSC 240400Z 02007KT 8000 SCT015 SCT050 22/18 Q1015=
24/04/2025 05:00,METAR SBSC 240500Z 01007KT 8000 SCT015 SCT050 22/18 Q1014=
24/04/2025 06:00,METAR SBSC 240600Z 36006KT 8000 SCT015 SCT050 22/18 Q1014=
24/04/2025 07:00,METAR SBSC 240700Z 01006KT 8000 SCT015 SCT050 22/19 Q1014=
24/04/2025 08:00,METAR SBSC 240800Z 36006KT 8000 SCT015 SCT050 23/19 Q1013=
24/04/2025 09:00,METAR SBSC 240900Z 01007KT 8000 SCT015 SCT050 23/19 Q1013=
24/04/2025 10:00,METAR SBSC 241000Z 36005KT CAVOK 23/19 Q1013=
24/04/2025 11:00,METAR SBSC 241100Z 01007KT CAVOK 23/19 Q1013=
24/04/2025 12:00,METAR SBSC 241200Z 36008KT CAVOK 26/20 Q1014=
24/04/2025 13:00,METAR SBSC 241300Z 36008KT 9999 FEW025 28/20 Q1014=
24/04/2025 14:00,METAR SBSC 241400Z 35009KT 9999 FEW025 29/20 Q1013=
24/04/2025 15:00,METAR SBSC 241500Z 33010KT 9999 FEW030 29/20 Q1012=
24/04/2025 16:00,METAR SBSC 241600Z 33009KT 9999 FEW030 30/19 Q1010=
24/04/2025 17:00,METAR SBSC 241700Z 34008KT 9999 FEW020 31/20 Q1010=
24/04/2025 18:00,METAR SBSC 241800Z 34006KT CAVOK 31/20 Q1009=
24/04/2025 19:00,METAR SBSC 241900Z 20005KT 9999 SCT043 27/21 Q1009=
24/04/2025 20:00,METAR SBSC 242000Z 21005KT 9999 FEW043 SCT080 26/22 Q1009=
24/04/2025 21:00,METAR SBSC 242100Z 20005KT 9999 FEW043 SCT066 25/21 Q1010=
24/04/2025 22:00,METAR SBSC 242200Z 20005KT 9999 FEW043 SCT066 24/21 Q1010=
24/04/2025 23:00,METAR SBSC 242300Z 18004KT 9999 FEW045 SCT077 25/21 Q1010=
25/04/2025 00:00,METAR SBSC 250000Z 19003KT 9999 FEW045 SCT075 24/21 Q1010=
25/04/2025 01:00,METAR SBSC 250100Z 22004KT 9999 FEW045 SCT075 24/21 Q1011=
25/04/2025 02:00,METAR SBSC 250200Z 21009KT 9999 FEW045 24/22 Q1011=
25/04/2025 03:00,METAR SBSC 250300Z 20007KT 9999 -RA FEW045 23/21 Q1011=
25/04/2025 04:00,METAR SBSC 250400Z 28007KT 9999 -RA FEW030 22/21 Q1010=
25/04/2025 05:00,METAR SBSC 250500Z 35005KT 8000 -RA FEW025 SCT040 22/20 Q1010=
25/04/2025 06:00,METAR SBSC 250600Z 03006KT 8000 -RA FEW020 SCT040 21/20 Q1010=
25/04/2025 07:00,METAR SBSC 250700Z 36005KT 7000 -RA FEW020 SCT035 21/21 Q1010=
25/04/2025 08:00,METAR SBSC 250800Z 02006KT 7000 -RA FEW015 SCT035 22/21 Q1011=
25/04/2025 09:00,METAR SBSC 250900Z 04006KT 7000 -RA FEW015 SCT035 23/21 Q1011=
25/04/2025 10:00,METAR SBSC 251000Z 20001KT 9999 FEW012 SCT015 BKN030 22/21 Q1010=
25/04/2025 11:00,METAR SBSC 251100Z 20005KT 9999 SCT008 SCT015 BKN030 23/22 Q1010=
25/04/2025 12:00,METAR SBSC 251200Z 19005KT 9999 FEW008 BKN030 24/22 Q1011=
25/04/2025 13:00,METAR SBSC 251300Z 19006KT 9999 FEW009 BKN023 BKN030 24/22 Q1011=
25/04/2025 14:00,METAR SBSC 251400Z 20008KT 9999 BKN009 BKN021 BKN030 24/21 Q1011=
25/04/2025 15:00,METAR SBSC 251500Z 16005KT 8000 -RA SCT010 BKN019 BKN071 24/22 Q1010=
25/04/2025 16:00,METAR SBSC 251600Z 18006KT 8000 BKN010 OVC014 23/22 Q1010=
25/04/2025 17:00,METAR SBSC 251700Z 17006KT 4000 BR BKN008 OVC020 23/22 Q1010=
25/04/2025 18:00,METAR SBSC 251800Z 17006KT 4000 BR BKN008 OVC014 23/22 Q1010=
25/04/2025 19:00,METAR SBSC 251900Z 18007KT 8000 SCT008 BKN015 OVC050 23/21 Q1010=
25/04/2025 20:00,METAR SBSC 252000Z 12008KT 3000 -RA BR BKN008 BKN015 OVC050 23/21 Q1011=
25/04/2025 21:00,METAR SBSC 252100Z 09006KT 5000 BR BKN008 BKN015 OVC050 22/21 Q1011=
25/04/2025 22:00,METAR SBSC 252200Z 08008KT 5000 BR SCT008 BKN015 OVC050 22/20 Q1012=
25/04/2025 23:00,METAR SBSC 252300Z 05004KT 5000 BR SCT008 BKN015 OVC050 22/19 Q1013=
26/04/2025 00:00,METAR SBSC 260000Z 30003KT 5000 BR SCT008 BKN015 OVC050 21/20 Q1013=
26/04/2025 01:00,NO DATA AVAILABLE
26/04/2025 02:00,METAR SBSC 260200Z 33002KT 6000 SCT015 OVC051 21/20 Q1013=
26/04/2025 03:00,METAR SBSC 260300Z 29003KT 6000 SCT015 OVC051 21/20 Q1013=
26/04/2025 04:00,METAR SBSC 260400Z 34002KT 8000 FEW015 BKN051 21/20 Q1012=
26/04/2025 05:00,METAR SBSC 260500Z 27002KT 8000 FEW015 BKN051 21/20 Q1012=
26/04/2025 06:00,METAR SBSC 260600Z 07002KT 8000 FEW015 BKN051 21/20 Q1012=
26/04/2025 07:00,METAR SBSC 260700Z 00000KT 8000 FEW018 BKN051 21/20 Q1011=
26/04/2025 08:00,METAR SBSC 260800Z 31002KT 8000 FEW018 BKN051 21/19 Q1012=
26/04/2025 09:00,METAR SBSC 260900Z 35003KT 6000 FEW018 BKN051 20/19 Q1012=
26/04/2025 10:00,METAR SBSC 261000Z 36003KT 9999 FEW018 21/20 Q1013=
26/04/2025 11:00,METAR SBSC 261100Z 33003KT 9999 FEW018 BKN080 22/20 Q1014=
26/04/2025 12:00,METAR SBSC 261200Z 34005KT 9999 FEW013 SCT080 24/20 Q1014=
26/04/2025 13:00,METAR SBSC 261300Z 35005KT 9999 SCT015 SCT030 BKN070 24/20 Q1014=
26/04/2025 14:00,METAR SBSC 261400Z 34006KT 9999 SCT015 SCT030 BKN070 26/20 Q1013=
26/04/2025 15:00,METAR SBSC 261500Z 36006KT 9999 SCT030 BKN070 27/20 Q1012=
26/04/2025 21:00,METAR SBSC 262100Z 09005KT 9999 FEW010 BKN035 25/20 Q1011=
26/04/2025 22:00,METAR SBSC 262200Z 09004KT 9999 FEW010 BKN040 24/20 Q1012=
26/04/2025 23:00,METAR SBSC 262300Z 07002KT 9999 FEW010 BKN045 24/20 Q1012=
27/04/2025 00:00,METAR SBSC 270000Z 19002KT 9999 FEW010 SCT010 BKN050 24/21 Q1013=
27/04/2025 01:00,METAR SBSC 270100Z 02006KT 9999 FEW010 BKN050 24/20 Q1013=
27/04/2025 02:00,METAR SBSC 270200Z 34005KT 9999 SCT019 BKN054 23/20 Q1013=
27/04/2025 03:00,METAR SBSC 270300Z 34006KT 9999 BKN018 23/20 Q1012=
27/04/2025 04:00,METAR SBSC 270400Z 35006KT 9999 BKN018 23/20 Q1012=
27/04/2025 05:00,METAR SBSC 270500Z 35007KT 9999 BKN018 23/20 Q1011=
27/04/2025 06:00,METAR SBSC 270600Z 36004KT 9999 SCT016 22/20 Q1011=
27/04/2025 07:00,METAR SBSC 270700Z 02005KT 9999 SCT016 22/20 Q1011=
27/04/2025 08:00,METAR SBSC 270800Z 01004KT 9999 SCT014 22/20 Q1012=
27/04/2025 09:00,METAR SBSC 270900Z 34003KT 9999 FEW010 21/19 Q1012=
27/04/2025 10:00,METAR SBSC 271000Z 02004KT 9999 FEW030 SCT100 21/20 Q1013=
27/04/2025 11:00,METAR SBSC 271100Z 35004KT 9999 FEW040 23/21 Q1013=
27/04/2025 12:00,METAR SBSC 271200Z 36004KT 9999 FEW040 26/20 Q1013=
27/04/2025 13:00,METAR SBSC 271300Z 35004KT 9999 FEW020 27/21 Q1013=
27/04/2025 14:00,METAR SBSC 271400Z 02003KT 9999 FEW025 29/20 Q1013=
27/04/2025 15:00,METAR SBSC 271500Z 30004KT 9999 FEW025 30/20 Q1011=
27/04/2025 16:00,METAR SBSC 271600Z 13007KT 9999 SCT030 28/21 Q1011=
27/04/2025 17:00,METAR SBSC 271700Z 17006KT 9999 SCT030 29/21 Q1010=
27/04/2025 18:00,METAR SBSC 271800Z 20006KT 9999 FEW030 28/21 Q1010=
27/04/2025 19:00,METAR SBSC 271900Z 20007KT CAVOK 27/21 Q1010=
27/04/2025 20:00,METAR SBSC 272000Z 20006KT CAVOK 26/21 Q1009=
27/04/2025 21:00,METAR SBSC 272100Z 20006KT CAVOK 25/21 Q1010=
27/04/2025 22:00,METAR SBSC 272200Z 20006KT CAVOK 24/22 Q1010=
27/04/2025 23:00,METAR SBSC 272300Z 20005KT CAVOK 24/22 Q1010=
28/04/2025 00:00,METAR SBSC 280000Z 18001KT CAVOK 24/21 Q1010=
28/04/2025 01:00,METAR SBSC 280100Z 23002KT CAVOK 23/21 Q1011=
28/04/2025 02:00,METAR SBSC 280200Z 31002KT CAVOK 23/21 Q1010=
28/04/2025 03:00,METAR SBSC 280300Z 26002KT 9999 FEW020 22/20 Q1010=
28/04/2025 04:00,METAR SBSC 280400Z 31004KT 9999 FEW020 21/20 Q1010=
28/04/2025 05:00,METAR SBSC 280500Z 30002KT 8000 FEW020 21/19 Q1010=
28/04/2025 06:00,METAR SBSC 280600Z 36002KT 8000 FEW017 21/19 Q1009=
28/04/2025 07:00,METAR SBSC 280700Z 35003KT 8000 FEW017 22/20 Q1009=
28/04/2025 08:00,METAR SBSC 280800Z 01004KT 8000 FEW015 22/20 Q1010=
28/04/2025 09:00,METAR SBSC 280900Z 34004KT 9999 FEW015 23/21 Q1010=
28/04/2025 10:00,METAR SBSC 281000Z 36005KT 9999 FEW015 24/21 Q1011=
28/04/2025 11:00,METAR SBSC 281100Z 00000KT CAVOK 25/23 Q1009=
28/04/2025 12:00,METAR SBSC 281200Z 35003KT CAVOK 27/23 Q1009=
28/04/2025 13:00,METAR SBSC 281300Z 33005KT CAVOK 28/22 Q1009=
28/04/2025 14:00,METAR SBSC 281400Z 32006KT CAVOK 30/22 Q1009=
28/04/2025 15:00,METAR SBSC 281500Z 33005KT CAVOK 31/22 Q1008=
28/04/2025 16:00,METAR SBSC 281600Z 01002KT 9999 FEW042 33/19 Q1008=
28/04/2025 17:00,METAR SBSC 281700Z 14007KT 9999 FEW021 SCT083 31/19 Q1007=
28/04/2025 18:00,METAR SBSC 281800Z 17009KT 9999 FEW021 SCT066 28/21 Q1008=
28/04/2025 19:00,METAR SBSC 281900Z 18010G22KT 9999 FEW015 SCT030 OVC050 26/22 Q1009=
28/04/2025 20:00,METAR SBSC 282000Z 17006KT 9999 FEW015 SCT030 OVC050 25/22 Q1009=
28/04/2025 21:00,METAR SBSC 282100Z 18006KT 8000 SCT012 SCT025 OVC050 25/22 Q1010=
28/04/2025 22:00,METAR SBSC 282200Z 17004KT 3000 -RA BR SCT012 BKN025 OVC050 24/22 Q1010=
28/04/2025 23:00,METAR SBSC 282300Z 18003KT 3000 -RA BR BKN010 BKN025 OVC050 24/22 Q1011=
29/04/2025 00:00,METAR SBSC 290000Z 14011KT 3000 -RA BR BKN010 BKN025 OVC050 23/21 Q1012=
29/04/2025 01:00,METAR SBSC 290100Z 17004KT 5000 -RA BR BKN010 BKN025 OVC050 22/21 Q1012=
29/04/2025 02:00,METAR SBSC 290200Z 18005KT 5000 -RA BR SCT010 BKN025 OVC050 22/21 Q1012=
29/04/2025 03:00,METAR SBSC 290300Z 19004KT 6000 -RA SCT010 BKN025 OVC050 22/21 Q1012=
29/04/2025 04:00,METAR COR SBSC 290400Z 16005KT 6000 -RA SCT010 BKN025 OVC050 22/21 Q1012=
29/04/2025 05:00,METAR COR SBSC 290500Z 16005KT 7000 FEW010 SCT025 OVC050 22/21 Q1012=
29/04/2025 06:00,METAR SBSC 290600Z 19006KT 5000 -RA BR FEW010 BKN025 OVC050 21/20 Q1012=
29/04/2025 07:00,METAR SBSC 290700Z 16006KT 4500 -RA BR FEW010 SCT025 OVC050 21/20 Q1011=
29/04/2025 08:00,METAR SBSC 290800Z 21005KT 4000 -RA BR SCT010 BKN025 OVC050 21/20 Q1011=
29/04/2025 09:00,METAR SBSC 290900Z 16012KT 5000 -RA BR FEW010 OVC015 21/19 Q1012=
29/04/2025 10:00,METAR SBSC 291000Z 22007KT 8000 -RA SCT015 OVC030 21/19 Q1013=
29/04/2025 11:00,METAR SBSC 291100Z 21005KT 9999 SCT030 OVC060 22/20 Q1014=
29/04/2025 12:00,METAR SBSC 291200Z 21004KT 9999 FEW010 SCT030 OVC050 23/19 Q1015=
29/04/2025 13:00,METAR SBSC 291300Z 19005KT 9999 VCSH SCT030 BKN049 23/18 Q1016=
29/04/2025 14:00,METAR SBSC 291400Z 21006KT 9999 FEW020 BKN050 OVC070 23/18 Q1015=
29/04/2025 15:00,METAR SBSC 291500Z 21005KT 9999 BKN048 OVC070 23/17 Q1015=
29/04/2025 16:00,METAR SBSC 291600Z 18005KT 9999 BKN035 23/18 Q1014=
29/04/2025 18:00,METAR SBSC 291800Z 19006KT 9999 SCT025 25/17 Q1014=
29/04/2025 19:00,METAR SBSC 291900Z 20004KT 9999 SCT025 BKN070 24/18 Q1014=
29/04/2025 20:00,METAR SBSC 292000Z 17005KT 9999 SCT025 BKN070 23/17 Q1014=
29/04/2025 21:00,METAR SBSC 292100Z 18002KT 9999 SCT025 BKN070 23/18 Q1014=
29/04/2025 22:00,METAR SBSC 292200Z 19002KT 9999 SCT025 BKN070 22/18 Q1015=
29/04/2025 23:00,METAR SBSC 292300Z 18004KT 9999 SCT025 BKN070 22/18 Q1015=
30/04/2025 00:00,METAR SBSC 300000Z 19002KT 8000 FEW015 SCT025 BKN050 22/18 Q1016=
30/04/2025 01:00,METAR SBSC 300100Z 32002KT 9999 FEW025 BKN040 22/19 Q1016=
30/04/2025 02:00,METAR SBSC 300200Z 02002KT 9999 FEW023 BKN080 21/19 Q1016=
30/04/2025 03:00,METAR SBSC 300300Z 26003KT 9999 FEW010 BKN080 21/19 Q1016=
30/04/2025 04:00,METAR SBSC 300400Z 20002KT 9999 FEW010 BKN080 20/18 Q1015=
30/04/2025 05:00,METAR SBSC 300500Z 22004KT 9999 SCT022 20/18 Q1015=
30/04/2025 06:00,METAR SBSC 300600Z 25004KT 9999 SCT022 20/17 Q1015=
30/04/2025 07:00,METAR SBSC 300700Z 25005KT 9999 SCT020 20/18 Q1014=
30/04/2025 08:00,METAR SBSC 300800Z 27004KT 9999 SCT020 20/18 Q1015=
30/04/2025 09:00,METAR SBSC 300900Z 34003KT 9999 FEW030 BKN045 20/19 Q1016=
30/04/2025 10:00,METAR SBSC 301000Z 34004KT 9999 SCT030 BKN060 20/19 Q1017=
30/04/2025 11:00,METAR SBSC 301100Z 36003KT 9999 FEW030 BKN060 21/20 Q1017=
30/04/2025 12:00,METAR SBSC 301200Z 33003KT 9999 SCT030 BKN070 22/18 Q1018=
30/04/2025 13:00,METAR SBSC 301300Z 20003KT 9999 FEW023 SCT070 24/18 Q1018=
30/04/2025 14:00,METAR SBSC 301400Z 19006KT 9999 FEW021 SCT070 25/17 Q1018=
30/04/2025 15:00,METAR SBSC 301500Z 16008KT 9999 FEW022 25/18 Q1017=
30/04/2025 16:00,METAR SBSC 301600Z 16008KT 9999 FEW025 25/17 Q1017=
30/04/2025 17:00,METAR SBSC 301700Z 16008KT 9999 FEW025 25/17 Q1016=
30/04/2025 18:00,METAR SBSC 301800Z 17007KT 9999 FEW025 BKN054 24/17 Q1016=
30/04/2025 19:00,METAR SBSC 301900Z 16006KT 9999 SCT025 BKN050 24/17 Q1016=
30/04/2025 20:00,METAR SBSC 302000Z 17007KT 9999 SCT025 BKN050 23/17 Q1016=
30/04/2025 21:00,METAR SBSC 302100Z 16003KT 9999 SCT025 BKN050 22/17 Q1016=
30/04/2025 22:00,METAR SBSC 302200Z 15003KT 9999 SCT025 BKN050 22/17 Q1017=
30/04/2025 23:00,METAR SBSC 302300Z 17003KT 9999 SCT025 BKN050 22/17 Q1018=
01/05/2025 00:00,METAR SBSC 010000Z 16003KT 9999 SCT025 BKN050 22/17 Q1018=
01/05/2025 01:00,METAR SBSC 010100Z 15002KT 9999 FEW025 SCT050 20/17 Q1019=
01/05/2025 02:00,METAR SBSC 010200Z 18002KT 9999 FEW025 SCT050 19/17 Q1019=
01/05/2025 03:00,METAR SBSC 010300Z 19002KT 9999 FEW025 SCT050 20/17 Q1018=
01/05/2025 04:00,METAR SBSC 010400Z 00000KT 9999 FEW025 SCT050 19/17 Q1018=
01/05/2025 05:00,METAR SBSC 010500Z 36001KT 9999 FEW025 SCT050 19/17 Q1018=
01/05/2025 06:00,METAR SBSC 010600Z 36003KT 9999 FEW030 SCT086 18/16 Q1017=
01/05/2025 07:00,METAR SBSC 010700Z 34003KT 9999 FEW030 18/17 Q1017=
01/05/2025 08:00,METAR SBSC 010800Z 02003KT CAVOK 17/16 Q1018=
01/05/2025 09:00,METAR SBSC 010900Z 33003KT CAVOK 17/16 Q1018=
01/05/2025 10:00,METAR SBSC 011000Z 35003KT 9999 FEW027 18/17 Q1019=
01/05/2025 11:00,METAR SBSC 011100Z 34002KT 9999 FEW021 21/19 Q1019=
01/05/2025 12:00,METAR SBSC 011200Z 27002KT 9999 FEW021 24/18 Q1020=
01/05/2025 13:00,METAR SBSC 011300Z 16005KT 9999 SCT025 24/18 Q1020=
01/05/2025 14:00,METAR SBSC 011400Z 12003KT 9999 SCT025 25/18 Q1019=
01/05/2025 15:00,METAR SBSC 011500Z 13005KT 9999 SCT030 25/17 Q1019=
01/05/2025 16:00,METAR SBSC 011600Z 13007KT 9999 SCT030 26/17 Q1018=
01/05/2025 17:00,METAR SBSC 011700Z 14007KT 9999 SCT030 26/17 Q1018=
01/05/2025 18:00,METAR SBSC 011800Z 13010KT 9999 SCT030 25/18 Q1018=
01/05/2025 19:00,METAR SBSC 011900Z 12009KT 9999 SCT030 25/18 Q1018=
01/05/2025 20:00,METAR SBSC 012000Z 13007KT 9999 FEW030 24/18 Q1018=
01/05/2025 21:00,METAR SBSC 012100Z 14005KT 9999 FEW030 SCT070 22/18 Q1019=
01/05/2025 22:00,METAR SBSC 012200Z 12006KT 9999 FEW025 SCT070 23/18 Q1019=
01/05/2025 23:00,METAR SBSC 012300Z 12007KT 9999 FEW025 SCT070 23/18 Q1019=
02/05/2025 00:00,METAR SBSC 020000Z 09003KT 9999 FEW025 SCT070 22/18 Q1020=
02/05/2025 01:00,METAR SBSC 020100Z 09002KT 9999 SCT040 21/18 Q1020=
02/05/2025 02:00,METAR SBSC 020200Z 35003KT 9999 SCT049 20/17 Q1020=
02/05/2025 03:00,METAR SBSC 020300Z 31003KT 9999 FEW040 19/17 Q1019=
02/05/2025 04:00,METAR SBSC 020400Z 35003KT 9999 FEW040 19/17 Q1019=
02/05/2025 05:00,METAR SBSC 020500Z 36004KT 9999 SCT035 19/17 Q1019=
02/05/2025 06:00,METAR SBSC 020600Z 35002KT 6000 FEW010 SCT030 18/17 Q1018=
02/05/2025 07:00,METAR SBSC 020700Z 02003KT 4000 BR FEW010 SCT030 18/17 Q1018=
02/05/2025 08:00,METAR SBSC 020800Z 01003KT 8000 FEW005 SCT030 18/17 Q1018=
02/05/2025 09:00,METAR SBSC 020900Z 36004KT 6000 FEW005 17/16 Q1019=
02/05/2025 10:00,METAR SBSC 021000Z 36003KT 9999 FEW007 18/17 Q1019=
02/05/2025 11:00,METAR SBSC 021100Z 35005KT CAVOK 20/18 Q1020=
02/05/2025 12:00,METAR SBSC 021200Z 02006KT CAVOK 23/18 Q1020=
02/05/2025 13:00,METAR SBSC 021300Z 36007KT CAVOK 25/18 Q1020=
02/05/2025 14:00,METAR SBSC 021400Z 36006KT 9999 FEW030 26/17 Q1020=
02/05/2025 15:00,METAR SBSC 021500Z 05005KT 9999 FEW030 27/16 Q1020=
02/05/2025 16:00,METAR SBSC 021600Z 12008KT 9999 SCT030 26/18 Q1019=
02/05/2025 17:00,METAR SBSC 021700Z 13010KT 9999 SCT030 26/17 Q1018=
02/05/2025 18:00,METAR SBSC 021800Z 12010KT 9999 SCT030 26/17 Q1018=
02/05/2025 19:00,METAR SBSC 021900Z 12010KT 9999 SCT030 26/17 Q1018=
02/05/2025 20:00,METAR SBSC 022000Z 10006KT 9999 FEW030 25/17 Q1019=
02/05/2025 21:00,METAR SBSC 022100Z 07007KT CAVOK 24/16 Q1019=
02/05/2025 22:00,METAR SBSC 022200Z 09006KT CAVOK 23/16 Q1019=
02/05/2025 23:00,METAR SBSC 022300Z 08004KT CAVOK 23/16 Q1020=
03/05/2025 00:00,METAR SBSC 030000Z 32002KT CAVOK 20/16 Q1020=
03/05/2025 01:00,METAR SBSC 030100Z 00000KT CAVOK 19/16 Q1020=
03/05/2025 02:00,METAR SBSC 030200Z 34002KT CAVOK 18/16 Q1020=
03/05/2025 03:00,METAR SBSC 030300Z 36002KT CAVOK 18/15 Q1020=
03/05/2025 04:00,METAR SBSC 030400Z 35003KT CAVOK 17/15 Q1020=
03/05/2025 05:00,METAR SBSC 030500Z 03004KT 8000 FEW025 17/14 Q1019=
03/05/2025 06:00,METAR SBSC 030600Z 04002KT 8000 FEW025 17/14 Q1019=
03/05/2025 07:00,METAR SBSC 030700Z 34003KT 8000 FEW020 17/15 Q1019=
03/05/2025 08:00,METAR SBSC 030800Z 02003KT 8000 FEW020 18/15 Q1020=
03/05/2025 09:00,METAR SBSC 030900Z 36002KT 9999 FEW020 19/15 Q1020=
03/05/2025 10:00,METAR SBSC 031000Z 03004KT 9999 FEW020 20/15 Q1020=
03/05/2025 11:00,METAR SBSC 031100Z 35006KT CAVOK 21/17 Q1019=
03/05/2025 12:00,METAR SBSC 031200Z 33008KT CAVOK 24/16 Q1019=
03/05/2025 13:00,METAR SBSC 031300Z 32008KT CAVOK 25/16 Q1019=
03/05/2025 14:00,METAR SBSC 031400Z 32011KT CAVOK 26/16 Q1019=
03/05/2025 15:00,METAR SBSC 031500Z 33008KT 9999 FEW025 28/16 Q1018=
03/05/2025 16:00,METAR SBSC 031600Z 34005KT 9999 FEW025 29/15 Q1017=
03/05/2025 17:00,METAR SBSC 031700Z 04004KT 9999 FEW025 29/14 Q1017=
03/05/2025 18:00,METAR SBSC 031800Z 10005KT 9999 SCT030 28/17 Q1017=
03/05/2025 19:00,METAR SBSC 031900Z 13008KT 9999 FEW030 27/17 Q1017=
03/05/2025 20:00,METAR SBSC 032000Z 12008KT 9999 FEW040 25/17 Q1018=
03/05/2025 21:00,METAR SBSC 032100Z 10005KT 9999 FEW040 24/18 Q1018=
03/05/2025 22:00,METAR SBSC 032200Z 09004KT 9999 SCT049 23/18 Q1019=
03/05/2025 23:00,METAR SBSC 032300Z 07003KT 9999 SCT049 23/18 Q1019=
04/05/2025 00:00,METAR SBSC 040000Z 29003KT 9999 SCT049 22/19 Q1019=
04/05/2025 01:00,METAR SBSC 040100Z 09002KT 6000 FEW015 SCT050 21/19 Q1019=
04/05/2025 02:00,METAR SBSC 040200Z 32003KT 6000 FEW015 SCT050 20/18 Q1019=
04/05/2025 03:00,METAR SBSC 040300Z 32004KT 6000 FEW015 SCT050 19/18 Q1018=
04/05/2025 04:00,METAR SBSC 040400Z 35005KT 6000 FEW015 SCT050 19/18 Q1018=
04/05/2025 05:00,METAR SBSC 040500Z 01006KT 6000 FEW015 SCT050 19/18 Q1018=
04/05/2025 06:00,METAR SBSC 040600Z 01007KT 6000 FEW015 SCT050 19/17 Q1018=
04/05/2025 07:00,METAR SBSC 040700Z 36007KT 6000 FEW015 SCT050 19/17 Q1019=
04/05/2025 08:00,METAR SBSC 040800Z 36006KT 6000 FEW015 SCT050 18/17 Q1019=
04/05/2025 09:00,METAR SBSC 040900Z 01006KT 6000 FEW015 SCT050 18/17 Q1019=
04/05/2025 10:00,METAR SBSC 041000Z 35003KT 8000 FEW015 SCT050 18/17 Q1019=
04/05/2025 11:00,METAR SBSC 041100Z 34003KT 9999 FEW025 SCT070 21/16 Q1020=
04/05/2025 12:00,METAR SBSC 041200Z 35004KT 9999 FEW025 SCT070 24/18 Q1020=
04/05/2025 13:00,METAR SBSC 041300Z 35005KT 9999 FEW025 SCT070 25/18 Q1021=
04/05/2025 14:00,METAR SBSC 041400Z 30002KT 9999 FEW027 SCT047 26/18 Q1020=
04/05/2025 15:00,METAR SBSC 041500Z 17003KT 9999 FEW027 26/18 Q1019=
04/05/2025 16:00,METAR SBSC 041600Z 13006KT 9999 FEW030 27/17 Q1019=
04/05/2025 17:00,METAR SBSC 041700Z 12008KT 9999 FEW030 27/16 Q1018=
04/05/2025 18:00,METAR SBSC 041800Z 12008KT CAVOK 26/17 Q1018=
04/05/2025 19:00,METAR SBSC 041900Z 13007KT CAVOK 26/18 Q1018=
04/05/2025 20:00,METAR SBSC 042000Z 15005KT CAVOK 24/18 Q1019=
04/05/2025 21:00,METAR SBSC 042100Z 14004KT CAVOK 22/18 Q1019=
04/05/2025 22:00,METAR SBSC 042200Z 13007KT CAVOK 22/19 Q1019=
04/05/2025 23:00,METAR SBSC 042300Z 12002KT CAVOK 21/18 Q1020=
05/05/2025 00:00,METAR SBSC 050000Z 15002KT CAVOK 19/17 Q1020=
05/05/2025 01:00,METAR SBSC 050100Z 08001KT CAVOK 19/17 Q1020=
05/05/2025 02:00,METAR SBSC 050200Z 35003KT 9999 BKN048 19/17 Q1020=
05/05/2025 03:00,METAR SBSC 050300Z 35002KT 9999 SCT048 19/17 Q1020=
05/05/2025 04:00,METAR SBSC 050400Z 02002KT 8000 SCT048 19/18 Q1020=
05/05/2025 05:00,METAR SBSC 050500Z 36001KT 6000 SCT018 19/18 Q1020=
05/05/2025 06:00,METAR SBSC 050600Z 01002KT 6000 SCT012 19/18 Q1019=
05/05/2025 07:00,METAR SBSC 050700Z 36003KT 8000 SCT012 19/18 Q1019=
05/05/2025 08:00,METAR SBSC 050800Z 02003KT 8000 SCT012 19/18 Q1019=
05/05/2025 09:00,METAR SBSC 050900Z 33004KT 9999 FEW010 18/17 Q1020=
05/05/2025 10:00,METAR SBSC 051000Z 01004KT 9999 FEW008 19/18 Q1021=
05/05/2025 11:00,METAR SBSC 051100Z 35004KT 9999 FEW040 21/19 Q1021=
05/05/2025 12:00,METAR SBSC 051200Z 34006KT 9999 FEW040 24/19 Q1021=
05/05/2025 13:00,METAR SBSC 051300Z 33007KT CAVOK 26/18 Q1021=
05/05/2025 14:00,METAR SBSC 051400Z 30007KT CAVOK 27/17 Q1020=
05/05/2025 15:00,METAR SBSC 051500Z 32003KT 9999 SCT030 29/16 Q1020=
05/05/2025 16:00,METAR SBSC 051600Z 13008KT 9999 SCT030 27/19 Q1019=
05/05/2025 17:00,METAR SBSC 051700Z 12008KT 9999 SCT030 27/19 Q1018=
05/05/2025 18:00,METAR SBSC 051800Z 12010KT 9999 SCT030 27/19 Q1018=
05/05/2025 19:00,METAR SBSC 051900Z 08008KT 9999 FEW030 27/18 Q1017=
05/05/2025 20:00,METAR SBSC 052000Z 10007KT 9999 FEW030 25/18 Q1018=
05/05/2025 21:00,METAR SBSC 052100Z 10004KT CAVOK 24/18 Q1018=
05/05/2025 22:00,METAR SBSC 052200Z 15003KT CAVOK 22/17 Q1018=
05/05/2025 23:00,METAR SBSC 052300Z 07003KT CAVOK 20/17 Q1019=
06/05/2025 00:00,METAR SBSC 060000Z 00000KT CAVOK 20/18 Q1019=
06/05/2025 01:00,METAR SBSC 060100Z 01002KT CAVOK 19/17 Q1019=
06/05/2025 02:00,METAR SBSC 060200Z 03006KT CAVOK 22/18 Q1019=
06/05/2025 03:00,METAR SBSC 060300Z 35004KT CAVOK 19/17 Q1019=
06/05/2025 04:00,METAR SBSC 060400Z 32004KT CAVOK 20/18 Q1019=
06/05/2025 05:00,METAR SBSC 060500Z 34002KT CAVOK 19/18 Q1018=
06/05/2025 06:00,METAR SBSC 060600Z 36004KT CAVOK 18/17 Q1018=
06/05/2025 07:00,METAR SBSC 060700Z 36004KT CAVOK 18/17 Q1017=
06/05/2025 08:00,METAR SBSC 060800Z 36004KT CAVOK 18/17 Q1018=
06/05/2025 09:00,METAR SBSC 060900Z 01005KT CAVOK 18/17 Q1018=
06/05/2025 10:00,METAR SBSC 061000Z 35004KT CAVOK 19/17 Q1018=
06/05/2025 11:00,METAR SBSC 061100Z 36007KT CAVOK 22/18 Q1019=
06/05/2025 12:00,METAR SBSC 061200Z 35008KT CAVOK 24/18 Q1019=
06/05/2025 13:00,METAR SBSC 061300Z 36007KT 9999 FEW040 27/18 Q1019=
06/05/2025 14:00,METAR SBSC 061400Z 35009KT 9999 FEW040 28/17 Q1018=
06/05/2025 15:00,METAR SBSC 061500Z 33008KT 9999 FEW040 28/18 Q1017=
06/05/2025 16:00,METAR SBSC 061600Z 34007KT 9999 FEW040 29/17 Q1016=
06/05/2025 17:00,METAR SBSC 061700Z 36008KT 9999 FEW040 29/17 Q1015=
06/05/2025 18:00,METAR SBSC 061800Z 33006KT 9999 FEW040 BKN100 28/17 Q1015=
06/05/2025 19:00,METAR SBSC 061900Z 35003KT 9999 FEW040 BKN100 28/18 Q1015=
06/05/2025 20:00,METAR SBSC 062000Z 06003KT 9999 FEW040 BKN100 26/18 Q1016=
06/05/2025 21:00,METAR SBSC 062100Z 07002KT 9999 FEW040 BKN100 24/19 Q1016=
06/05/2025 22:00,METAR SBSC 062200Z 07003KT 9999 FEW040 BKN100 24/19 Q1017=
06/05/2025 23:00,METAR SBSC 062300Z 06002KT 9999 FEW040 BKN100 23/19 Q1017=
07/05/2025 00:00,METAR SBSC 070000Z 00000KT 9999 FEW040 BKN100 23/20 Q1018=
07/05/2025 01:00,METAR SBSC 070100Z 04001KT 9999 FEW040 BKN100 23/19 Q1018=
07/05/2025 02:00,METAR SBSC 070200Z 01003KT 9999 FEW040 BKN100 22/19 Q1017=
07/05/2025 03:00,METAR SBSC 070300Z 34004KT CAVOK 22/19 Q1017=
07/05/2025 04:00,METAR SBSC 070400Z 33003KT CAVOK 22/19 Q1017=
07/05/2025 05:00,METAR SBSC 070500Z 32002KT CAVOK 21/19 Q1017=
07/05/2025 06:00,METAR SBSC 070600Z 03003KT CAVOK 21/18 Q1017=
07/05/2025 07:00,METAR SBSC 070700Z 04004KT CAVOK 20/18 Q1016=
07/05/2025 08:00,METAR SBSC 070800Z 03001KT CAVOK 20/18 Q1016=
07/05/2025 09:00,METAR SBSC 070900Z 01005KT 9999 FEW010 BKN100 21/18 Q1017=
07/05/2025 10:00,METAR SBSC 071000Z 02006KT 9999 FEW010 SCT100 21/18 Q1017=
07/05/2025 11:00,METAR SBSC 071100Z 01008KT CAVOK 24/18 Q1018=
07/05/2025 12:00,METAR SBSC 071200Z 35006KT CAVOK 26/19 Q1018=
07/05/2025 13:00,METAR SBSC 071300Z 32009KT CAVOK 28/18 Q1018=
07/05/2025 14:00,METAR SBSC 071400Z 33010KT 9999 FEW030 29/18 Q1017=
07/05/2025 15:00,METAR SBSC 071500Z 33010KT 9999 SCT030 29/18 Q1017=
07/05/2025 16:00,METAR SBSC 071600Z 33009KT 9999 SCT030 30/17 Q1016=
07/05/2025 17:00,METAR SBSC 071700Z 34008KT 9999 SCT030 30/17 Q1015=
07/05/2025 18:00,METAR SBSC 071800Z 34006KT 9999 SCT030 31/17 Q1015=
07/05/2025 19:00,METAR SBSC 071900Z 33004KT 9999 FEW030 31/17 Q1015=
07/05/2025 20:00,METAR SBSC 072000Z 12006KT CAVOK 27/20 Q1015=
07/05/2025 21:00,METAR SBSC 072100Z 13002KT CAVOK 26/20 Q1016=
07/05/2025 22:00,METAR SBSC 072200Z 20002KT CAVOK 23/20 Q1016=
07/05/2025 23:00,METAR SBSC 072300Z 25002KT CAVOK 23/20 Q1017=
08/05/2025 00:00,METAR SBSC 080000Z 20002KT CAVOK 23/20 Q1017=
08/05/2025 03:00,METAR SBSC 080300Z 01002KT CAVOK 21/20 Q1018=
08/05/2025 04:00,METAR SBSC 080400Z 35003KT CAVOK 19/18 Q1017=
08/05/2025 05:00,METAR SBSC 080500Z 02002KT CAVOK 19/17 Q1017=
08/05/2025 06:00,METAR SBSC 080600Z 36002KT 9999 FEW020 18/17 Q1017=
08/05/2025 07:00,METAR SBSC 080700Z 04004KT 8000 FEW020 19/18 Q1017=
08/05/2025 08:00,METAR SBSC 080800Z 03003KT 8000 FEW015 20/19 Q1018=
08/05/2025 09:00,METAR SBSC 080900Z 02003KT 9999 FEW015 21/19 Q1018=
08/05/2025 10:00,METAR SBSC 081000Z 36007KT 9999 FEW015 20/19 Q1017=
08/05/2025 11:00,METAR SBSC 081100Z 32007KT 9999 FEW015 24/19 Q1018=
08/05/2025 12:00,METAR SBSC 081200Z 32013KT 9999 FEW015 26/19 Q1018=
08/05/2025 13:00,METAR SBSC 081300Z 30007KT 9999 FEW040 28/19 Q1018=
08/05/2025 14:00,METAR SBSC 081400Z 31008G21KT 9999 FEW040 29/19 Q1017=
08/05/2025 15:00,METAR SBSC 081500Z 33013G24KT 9999 FEW045 29/18 Q1016=
08/05/2025 16:00,METAR SBSC 081600Z 33012KT CAVOK 30/18 Q1015=
08/05/2025 17:00,METAR SBSC 081700Z 32010KT CAVOK 30/17 Q1014=
08/05/2025 18:00,METAR SBSC 081800Z 34010KT CAVOK 31/18 Q1013=
08/05/2025 19:00,METAR SBSC 081900Z 34006KT CAVOK 31/18 Q1014=
08/05/2025 20:00,METAR SBSC 082000Z 34003KT CAVOK 30/18 Q1014=
08/05/2025 21:00,METAR SBSC 082100Z 36004KT CAVOK 25/19 Q1014=
08/05/2025 22:00,METAR SBSC 082200Z 33004KT CAVOK 24/19 Q1015=
08/05/2025 23:00,METAR SBSC 082300Z 36003KT CAVOK 23/19 Q1015=
09/05/2025 00:00,METAR SBSC 090000Z 35004KT CAVOK 22/19 Q1015=
09/05/2025 01:00,METAR SBSC 090100Z 34004KT CAVOK 22/19 Q1015=
09/05/2025 02:00,METAR SBSC 090200Z 36006KT CAVOK 22/19 Q1015=
09/05/2025 03:00,METAR SBSC 090300Z 01007KT CAVOK 22/19 Q1015=
09/05/2025 04:00,METAR SBSC 090400Z 35006KT CAVOK 21/18 Q1014=
09/05/2025 05:00,METAR SBSC 090500Z 36008KT CAVOK 21/18 Q1014=
09/05/2025 06:00,METAR SBSC 090600Z 01008KT CAVOK 21/18 Q1013=
09/05/2025 07:00,METAR SBSC 090700Z 36008KT CAVOK 22/18 Q1013=
09/05/2025 08:00,METAR SBSC 090800Z 35007KT CAVOK 22/18 Q1013=
09/05/2025 09:00,METAR SBSC 090900Z 01008KT CAVOK 23/19 Q1014=
09/05/2025 10:00,METAR SBSC 091000Z 30006KT CAVOK 24/19 Q1014=
09/05/2025 11:00,METAR SBSC 091100Z 31007KT CAVOK 26/20 Q1014=
09/05/2025 12:00,METAR SBSC 091200Z 31010KT CAVOK 28/20 Q1015=
09/05/2025 19:00,METAR SBSC 091900Z 32009KT CAVOK 33/20 Q1011=
09/05/2025 19:00,METAR SBSC 091900Z 32009KT CAVOK 33/20 Q1011=
09/05/2025 19:00,METAR SBSC 091900Z 32009KT CAVOK 33/20 Q1011=
09/05/2025 19:00,METAR SBSC 091900Z 32009KT CAVOK 33/20 Q1011=
09/05/2025 19:00,METAR SBSC 091900Z 32009KT CAVOK 33/20 Q1011=
09/05/2025 19:00,METAR SBSC 091900Z 32009KT CAVOK 33/20 Q1011=
09/05/2025 19:00,METAR SBSC 091900Z 32009KT CAVOK 33/20 Q1011=
09/05/2025 20:00,METAR SBSC 092000Z 34006KT CAVOK 31/20 Q1011=
09/05/2025 21:00,METAR SBSC 092100Z 01004KT CAVOK 28/20 Q1012=
09/05/2025 22:00,METAR SBSC 092200Z 33004KT CAVOK 27/20 Q1012=
09/05/2025 23:00,METAR SBSC 092300Z 32003KT CAVOK 27/20 Q1013=
10/05/2025 00:00,METAR SBSC 100000Z 31007KT CAVOK 27/19 Q1013=
10/05/2025 01:00,METAR SBSC 100100Z 32009KT CAVOK 27/19 Q1013=
10/05/2025 02:00,METAR SBSC 100200Z 32008KT CAVOK 27/19 Q1013=
10/05/2025 03:00,METAR SBSC 100300Z 32006KT CAVOK 25/19 Q1013=
10/05/2025 04:00,METAR SBSC 100400Z 36007KT CAVOK 25/19 Q1012=
10/05/2025 05:00,METAR SBSC 100500Z 35006KT CAVOK 24/19 Q1012=
10/05/2025 06:00,METAR SBSC 100600Z 02004KT CAVOK 23/18 Q1012=
10/05/2025 07:00,METAR SBSC 100700Z 01005KT CAVOK 23/18 Q1012=
10/05/2025 08:00,METAR SBSC 100800Z 36004KT CAVOK 23/18 Q1013=
10/05/2025 09:00,METAR SBSC 100900Z 34005KT CAVOK 23/19 Q1014=
10/05/2025 10:00,METAR SBSC 101000Z 35006KT CAVOK 24/19 Q1014=
10/05/2025 11:00,METAR SBSC 101100Z 34007KT CAVOK 27/20 Q1015=
10/05/2025 12:00,METAR SBSC 101200Z 33007KT CAVOK 29/20 Q1016=
10/05/2025 13:00,METAR SBSC 101300Z 33011KT CAVOK 30/19 Q1016=
10/05/2025 14:00,METAR SBSC 101400Z 33007KT CAVOK 31/20 Q1015=
10/05/2025 15:00,METAR SBSC 101500Z 17010KT CAVOK 29/21 Q1016=
10/05/2025 16:00,METAR SBSC 101600Z 18011KT CAVOK 27/22 Q1015=
10/05/2025 17:00,METAR SBSC 101700Z 17012KT 9999 FEW020 SCT050 27/22 Q1016=
10/05/2025 18:00,METAR SBSC 101800Z 17011G23KT 9999 FEW020 SCT050 26/22 Q1016=
10/05/2025 19:00,METAR SBSC 101900Z 16010KT 8000 SCT010 SCT020 BKN050 26/23 Q1016=
10/05/2025 20:00,METAR SBSC 102000Z 16008KT 6000 SCT010 SCT020 BKN050 25/23 Q1017=
10/05/2025 21:00,METAR SBSC 102100Z 15006KT 6000 SCT010 SCT020 BKN050 25/22 Q1018=
10/05/2025 22:00,METAR SBSC 102200Z 13010KT 6000 SCT010 SCT020 BKN050 25/21 Q1018=
10/05/2025 23:00,METAR SBSC 102300Z 13006KT 6000 SCT010 SCT020 BKN050 25/21 Q1019=
11/05/2025 00:00,METAR SBSC 110000Z 16005KT 6000 SCT010 SCT020 BKN050 25/21 Q1019=
11/05/2025 01:00,METAR SBSC 110100Z 16002KT 9999 FEW010 BKN016 BKN035 24/21 Q1019=
11/05/2025 02:00,METAR SBSC 110200Z 19003KT 9999 FEW015 SCT020 BKN037 24/21 Q1020=
11/05/2025 03:00,METAR SBSC 110300Z 17007KT 8000 FEW006 SCT020 BKN037 23/21 Q1019=
11/05/2025 04:00,METAR SBSC 110400Z 17005KT 8000 SCT005 SCT020 BKN037 22/20 Q1020=
11/05/2025 05:00,METAR SBSC 110500Z 19005KT 8000 SCT005 SCT020 BKN037 22/20 Q1019=
11/05/2025 06:00,METAR SBSC 110600Z 17004KT 8000 SCT007 BKN040 22/21 Q1019=
11/05/2025 07:00,METAR SBSC 110700Z 23014KT 8000 -RA SCT005 BKN040 21/20 Q1019=
11/05/2025 08:00,METAR SBSC 110800Z 16011KT 8000 -RA SCT005 SCT025 BKN040 20/19 Q1020=
11/05/2025 09:00,METAR SBSC 110900Z 14011KT 9999 SCT004 SCT018 20/19 Q1021=
11/05/2025 10:00,METAR SBSC 111000Z 14008KT 8000 SCT008 SCT018 BKN043 20/19 Q1021=
11/05/2025 11:00,METAR SBSC 111100Z 12009KT 8000 BKN008 BKN018 20/19 Q1022=
11/05/2025 12:00,METAR SBSC 111200Z 15005KT 6000 BKN008 BKN018 20/19 Q1023=
11/05/2025 13:00,METAR SBSC 111300Z 18005KT 1400 R23/P2000 R05/P2000 -RA BR FEW005 BKN008 BKN018 21/19 Q1023=
11/05/2025 14:00,METAR SBSC 111400Z 19006KT 1200 R23/P2000 R05/P2000 -RA BR SCT005 BKN008 BKN018 21/19 Q1023=
11/05/2025 15:00,METAR SBSC 111500Z 16006KT 1200 R23/P2000 R05/P2000 -RA BR SCT004 BKN008 BKN018 21/19 Q1023=
11/05/2025 16:00,METAR SBSC 111600Z 14006KT 1200 R23/P2000 R05/P2000 -RA BR SCT004 BKN007 BKN015 20/19 Q1023=
11/05/2025 17:00,METAR SBSC 111700Z 22002KT 9999 FEW004 BKN035 21/19 Q1022=
11/05/2025 18:00,METAR SBSC 111800Z 24003KT 9999 FEW004 BKN035 21/18 Q1022=
11/05/2025 19:00,METAR SBSC 111900Z 23003KT 9999 FEW005 BKN030 20/18 Q1022=
11/05/2025 20:00,METAR SBSC 112000Z 21005KT 9999 FEW004 BKN030 20/18 Q1023=
11/05/2025 21:00,METAR SBSC 112100Z 19008KT 9999 FEW004 SCT020 BKN040 20/18 Q1024=
11/05/2025 22:00,METAR SBSC 112200Z 20005KT 9999 FEW010 SCT020 BKN040 19/18 Q1024=
11/05/2025 23:00,METAR SBSC 112300Z 24003KT 9999 FEW010 SCT020 BKN040 19/18 Q1025=
12/05/2025 00:00,METAR SBSC 120000Z 32002KT 9999 FEW010 SCT020 BKN040 19/18 Q1025=
12/05/2025 01:00,METAR SBSC 120100Z 02002KT 6000 FEW010 SCT020 BKN040 19/18 Q1025=
12/05/2025 02:00,METAR SBSC 120200Z 35003KT 9999 FEW020 BKN050 19/18 Q1025=
12/05/2025 03:00,METAR SBSC 120300Z 34004KT 9999 FEW020 BKN060 19/18 Q1025=
12/05/2025 04:00,METAR SBSC 120400Z 35002KT 9999 FEW020 BKN060 19/18 Q1024=
12/05/2025 05:00,METAR SBSC 120500Z 33002KT 9999 FEW020 BKN060 18/17 Q1024=
12/05/2025 06:00,METAR SBSC 120600Z 29002KT 6000 -RA SCT010 BKN060 18/17 Q1024=
12/05/2025 07:00,METAR SBSC 120700Z 30002KT 5000 -RA BR SCT010 BKN060 18/17 Q1024=
12/05/2025 08:00,METAR SBSC 120800Z 02003KT 8000 SCT010 BKN060 18/17 Q1024=
12/05/2025 09:00,METAR SBSC 120900Z 04005KT 2500 BR FEW010 SCT015 BKN020 19/18 Q1024=
12/05/2025 10:00,METAR SBSC 121000Z 31004KT 4500 -RA BR FEW010 BKN015 OVC040 19/18 Q1024=
12/05/2025 11:00,METAR SBSC 121100Z 32003KT 6000 FEW010 SCT015 BKN050 19/18 Q1025=
12/05/2025 12:00,METAR SBSC 121200Z 36003KT 9999 FEW020 BKN060 21/19 Q1025=
12/05/2025 13:00,METAR SBSC 121300Z 35006KT 9999 SCT020 BKN060 23/19 Q1025=
12/05/2025 14:00,METAR SBSC 121400Z 34003KT 9999 SCT020 BKN060 24/18 Q1025=
12/05/2025 15:00,METAR SBSC 121500Z 01003KT 9999 SCT020 SCT040 BKN060 25/18 Q1024=
12/05/2025 16:00,METAR SBSC 121600Z 11002KT 8000 SCT020 SCT040 OVC060 25/18 Q1023=
12/05/2025 17:00,METAR SBSC 121700Z 14004KT 8000 SCT020 SCT040 OVC060 23/19 Q1023=
12/05/2025 18:00,METAR SBSC 121800Z 14005KT 8000 SCT020 SCT040 OVC060 23/19 Q1023=
12/05/2025 19:00,METAR SBSC 121900Z 12008KT 8000 SCT020 SCT040 OVC060 23/18 Q1023=
12/05/2025 20:00,METAR SBSC 122000Z 14004KT 8000 SCT020 SCT040 OVC060 22/19 Q1023=
12/05/2025 21:00,METAR SBSC 122100Z 12003KT 8000 SCT020 SCT040 OVC060 22/19 Q1023=
12/05/2025 22:00,METAR SBSC 122200Z 12004KT 8000 SCT020 SCT040 OVC060 22/19 Q1023=
12/05/2025 23:00,METAR SBSC 122300Z 08003KT 8000 SCT020 SCT040 OVC060 22/19 Q1024=
13/05/2025 00:00,METAR SBSC 130000Z 02002KT 8000 SCT020 SCT040 OVC060 22/19 Q1024=
13/05/2025 01:00,METAR SBSC 130100Z 00000KT 9999 FEW020 SCT060 21/19 Q1024=
13/05/2025 02:00,METAR SBSC 130200Z 08002KT 9999 FEW020 SCT060 21/19 Q1024=
13/05/2025 03:00,METAR SBSC 130300Z 07002KT 9999 FEW020 SCT060 21/18 Q1023=
13/05/2025 04:00,METAR SBSC 130400Z 04003KT 9999 FEW020 SCT060 20/18 Q1023=
13/05/2025 05:00,METAR SBSC 130500Z 07003KT 8000 FEW017 SCT060 20/17 Q1023=
13/05/2025 06:00,METAR SBSC 130600Z 05002KT 8000 FEW017 SCT060 19/17 Q1022=
13/05/2025 07:00,METAR SBSC 130700Z 05004KT 8000 FEW015 SCT070 20/17 Q1022=
13/05/2025 08:00,METAR SBSC 130800Z 02003KT 8000 FEW015 SCT070 20/18 Q1023=
13/05/2025 09:00,METAR SBSC 130900Z 06004KT 9999 FEW015 SCT070 21/18 Q1023=
13/05/2025 10:00,METAR SBSC 131000Z 04004KT 9999 FEW015 SCT070 23/18 Q1023=
13/05/2025 11:00,METAR SBSC 131100Z 05002KT 9999 FEW025 22/20 Q1023=
13/05/2025 12:00,METAR SBSC 131200Z 21002KT 9999 SCT025 24/18 Q1024=
13/05/2025 13:00,METAR SBSC 131300Z VRB02KT 9999 SCT025 24/18 Q1024=
13/05/2025 14:00,METAR SBSC 131400Z 17003KT 9999 SCT020 BKN040 25/18 Q1023=
13/05/2025 15:00,METAR SBSC 131500Z 16006KT 9999 SCT020 BKN050 24/18 Q1023=
13/05/2025 16:00,METAR SBSC 131600Z 19004KT 9999 SCT030 BKN060 24/18 Q1022=
13/05/2025 17:00,METAR SBSC 131700Z 14004KT 9999 SCT030 SCT080 25/16 Q1021=
13/05/2025 18:00,METAR SBSC 131800Z 12007KT 9999 SCT040 SCT080 24/17 Q1021=
13/05/2025 19:00,METAR SBSC 131900Z 12006KT 9999 FEW025 BKN090 24/17 Q1021=
13/05/2025 20:00,METAR SBSC 132000Z 13004KT 9999 FEW030 BKN100 23/18 Q1021=
13/05/2025 21:00,METAR SBSC 132100Z 10007KT 9999 FEW040 SCT100 22/17 Q1021=
13/05/2025 22:00,METAR SBSC 132200Z 08005KT 9999 FEW010 BKN100 22/18 Q1022=
13/05/2025 23:00,METAR SBSC 132300Z 11004KT 9999 FEW010 SCT100 22/17 Q1022=
14/05/2025 00:00,METAR SBSC 140000Z 04003KT 9999 FEW040 BKN100 21/17 Q1023=
14/05/2025 01:00,METAR SBSC 140100Z 07001KT 8000 FEW010 SCT040 BKN100 18/16 Q1023=
14/05/2025 02:00,METAR SBSC 140200Z 00000KT 6000 FEW010 SCT040 BKN100 17/16 Q1023=
14/05/2025 03:00,METAR SBSC 140300Z 03003KT 6000 FEW010 SCT040 BKN100 17/16 Q1023=
14/05/2025 04:00,METAR SBSC 140400Z 01004KT 6000 FEW010 SCT040 BKN100 17/16 Q1022=
14/05/2025 05:00,METAR SBSC 140500Z 36003KT 6000 FEW010 SCT040 BKN100 17/16 Q1022=
14/05/2025 06:00,METAR SBSC 140600Z 01004KT 6000 FEW010 SCT040 BKN100 18/16 Q1021=
14/05/2025 07:00,METAR SBSC 140700Z 36005KT 6000 FEW010 SCT040 BKN100 18/16 Q1021=
14/05/2025 08:00,METAR SBSC 140800Z 01005KT 6000 FEW010 SCT040 BKN100 18/16 Q1021=
14/05/2025 09:00,METAR SBSC 140900Z 02005KT 6000 FEW010 SCT040 BKN100 19/17 Q1022=
14/05/2025 10:00,METAR SBSC 141000Z 01003KT CAVOK 19/16 Q1022=
14/05/2025 11:00,METAR SBSC 141100Z 35003KT CAVOK 20/18 Q1023=
14/05/2025 12:00,METAR SBSC 141200Z 33005KT CAVOK 22/18 Q1024=
14/05/2025 13:00,METAR SBSC 141300Z 35004KT CAVOK 24/17 Q1024=
14/05/2025 14:00,METAR SBSC 141400Z 35005KT 9999 FEW020 26/16 Q1023=
14/05/2025 15:00,METAR SBSC 141500Z 32005KT 9999 FEW020 26/15 Q1022=
14/05/2025 16:00,METAR SBSC 141600Z 12011KT 9999 FEW020 SCT041 25/17 Q1022=
14/05/2025 17:00,METAR SBSC 141700Z 13009KT 9999 FEW025 26/15 Q1021=
14/05/2025 18:00,METAR SBSC 141800Z 12012KT 9999 FEW025 25/17 Q1021=
14/05/2025 19:00,METAR SBSC 141900Z 11006KT 9999 FEW025 24/17 Q1021=
14/05/2025 20:00,METAR SBSC 142000Z 08008KT 9999 FEW025 SCT043 24/17 Q1022=
14/05/2025 21:00,METAR SBSC 142100Z 07006KT 9999 FEW047 SCT080 23/17 Q1022=
14/05/2025 22:00,METAR SBSC 142200Z 07005KT 9999 SCT040 SCT093 22/17 Q1023=
14/05/2025 23:00,METAR SBSC 142300Z 34002KT 9999 SCT043 BKN095 21/17 Q1023=
15/05/2025 00:00,METAR SBSC 150000Z 35004KT 9999 FEW043 BKN095 20/17 Q1024=
15/05/2025 01:00,METAR SBSC 150100Z 36004KT 9999 FEW040 BKN095 20/16 Q1024=
15/05/2025 02:00,METAR SBSC 150200Z 29002KT 9999 FEW040 BKN095 20/16 Q1024=
15/05/2025 03:00,METAR SBSC 150300Z 36003KT 9999 FEW030 BKN090 19/16 Q1023=
15/05/2025 04:00,METAR SBSC 150400Z 35004KT 9999 FEW030 SCT090 19/17 Q1023=
15/05/2025 05:00,METAR SBSC 150500Z 02002KT 9999 FEW020 19/17 Q1023=
15/05/2025 06:00,METAR SBSC 150600Z 01002KT 9999 FEW020 18/16 Q1022=
15/05/2025 07:00,METAR SBSC 150700Z 34003KT 9999 SCT016 18/17 Q1022=
15/05/2025 08:00,METAR SBSC 150800Z 02004KT 9999 SCT016 18/17 Q1022=
15/05/2025 09:00,METAR SBSC 150900Z 32003KT CAVOK 19/19 Q1022=
15/05/2025 10:00,METAR SBSC 151000Z 01003KT CAVOK 20/18 Q1023=
15/05/2025 11:00,METAR SBSC 151100Z 35003KT 9999 FEW040 21/18 Q1023=
15/05/2025 12:00,METAR SBSC 151200Z 33005KT 9999 FEW040 24/17 Q1024=
15/05/2025 13:00,METAR SBSC 151300Z 34006KT CAVOK 25/17 Q1024=
15/05/2025 14:00,METAR SBSC 151400Z 33006KT CAVOK 26/17 Q1023=
15/05/2025 15:00,METAR SBSC 151500Z 01004KT CAVOK 27/17 Q1022=
15/05/2025 16:00,METAR SBSC 151600Z 13007KT 9999 SCT030 26/18 Q1021=
15/05/2025 17:00,METAR SBSC 151700Z 14008KT 9999 SCT030 26/17 Q1021=
15/05/2025 18:00,METAR SBSC 151800Z 10006KT 9999 FEW030 26/16 Q1020=
15/05/2025 19:00,METAR SBSC 151900Z 13010KT 9999 FEW030 25/18 Q1020=
15/05/2025 20:00,METAR SBSC 152000Z 13008KT 9999 FEW030 24/17 Q1021=
15/05/2025 21:00,METAR SBSC 152100Z 13006KT CAVOK 23/17 Q1021=
15/05/2025 22:00,METAR SBSC 152200Z 11003KT CAVOK 22/17 Q1022=
15/05/2025 23:00,METAR SBSC 152300Z 13002KT CAVOK 20/17 Q1022=
16/05/2025 00:00,METAR SBSC 160000Z 00000KT CAVOK 19/16 Q1022=
16/05/2025 01:00,METAR SBSC 160100Z 11002KT CAVOK 18/15 Q1022=
16/05/2025 02:00,METAR SBSC 160200Z 12002KT CAVOK 18/15 Q1022=
16/05/2025 03:00,METAR SBSC 160300Z 32002KT CAVOK 19/17 Q1023=
16/05/2025 04:00,METAR SBSC 160400Z 32003KT CAVOK 17/15 Q1023=
16/05/2025 05:00,METAR SBSC 160500Z 35002KT CAVOK 17/15 Q1023=
16/05/2025 06:00,METAR SBSC 160600Z 35002KT 9999 FEW025 18/15 Q1023=
16/05/2025 07:00,METAR SBSC 160700Z 02003KT 9999 FEW025 18/16 Q1023=
16/05/2025 08:00,METAR SBSC 160800Z 36002KT 9999 FEW022 19/16 Q1023=
16/05/2025 09:00,METAR SBSC 160900Z 34003KT 9999 FEW022 20/17 Q1023=
16/05/2025 10:00,METAR SBSC 161000Z 36003KT 9999 FEW022 22/17 Q1023=
16/05/2025 11:00,METAR SBSC 161100Z 36004KT 9999 FEW025 21/18 Q1024=
16/05/2025 12:00,METAR SBSC 161200Z 35005KT 9999 FEW030 23/18 Q1024=
16/05/2025 13:00,METAR SBSC 161300Z 33006KT 9999 FEW030 25/18 Q1024=
16/05/2025 14:00,METAR SBSC 161400Z 34007KT 9999 FEW030 27/17 Q1023=
16/05/2025 15:00,METAR SBSC 161500Z 36007KT 9999 FEW030 27/16 Q1022=
16/05/2025 16:00,METAR SBSC 161600Z 02006KT 9999 FEW030 SCT050 28/17 Q1022=
16/05/2025 17:00,METAR SBSC 161700Z 32003KT 9999 FEW030 SCT050 28/16 Q1020=
16/05/2025 18:00,METAR SBSC 161800Z 35004KT 9999 FEW030 27/16 Q1020=
16/05/2025 19:00,METAR SBSC 161900Z 09010KT 9999 FEW030 25/17 Q1020=
16/05/2025 20:00,METAR SBSC 162000Z 09007KT 9999 FEW030 24/18 Q1020=
16/05/2025 21:00,METAR SBSC 162100Z 10006KT 9999 FEW030 23/17 Q1020=
16/05/2025 22:00,METAR SBSC 162200Z 06004KT 9999 FEW030 22/17 Q1020=
16/05/2025 23:00,METAR SBSC 162300Z 25003KT 9999 FEW030 20/18 Q1021=
17/05/2025 00:00,METAR SBSC 170000Z 36005KT 9999 FEW030 20/17 Q1021=
17/05/2025 01:00,METAR SBSC 170100Z 31004KT CAVOK 21/17 Q1021=
17/05/2025 02:00,METAR SBSC 170200Z 36005KT CAVOK 21/17 Q1021=
17/05/2025 03:00,METAR SBSC 170300Z 35006KT CAVOK 21/17 Q1021=
17/05/2025 04:00,METAR SBSC 170400Z 01007KT CAVOK 20/16 Q1021=
17/05/2025 05:00,METAR SBSC 170500Z 36007KT CAVOK 20/16 Q1020=
17/05/2025 06:00,METAR SBSC 170600Z 35007KT CAVOK 19/16 Q1020=
17/05/2025 07:00,METAR SBSC 170700Z 01006KT CAVOK 19/16 Q1020=
17/05/2025 08:00,METAR SBSC 170800Z 36008KT CAVOK 19/16 Q1020=
17/05/2025 09:00,METAR SBSC 170900Z 01007KT CAVOK 20/17 Q1021=
17/05/2025 10:00,METAR SBSC 171000Z 35007KT CAVOK 20/17 Q1021=
17/05/2025 11:00,METAR SBSC 171100Z 36006KT CAVOK 21/18 Q1021=
17/05/2025 12:00,METAR SBSC 171200Z 32009KT CAVOK 24/17 Q1022=
17/05/2025 13:00,METAR SBSC 171300Z 33013KT 9999 FEW040 25/17 Q1022=
17/05/2025 14:00,METAR SBSC 171400Z 33013KT 9999 FEW040 27/17 Q1021=
17/05/2025 15:00,METAR SBSC 171500Z 34012KT 9999 FEW040 28/16 Q1020=
17/05/2025 16:00,METAR SBSC 171600Z 33013KT 9999 FEW040 28/16 Q1019=
17/05/2025 17:00,METAR SBSC 171700Z 34009KT CAVOK 29/16 Q1018=
17/05/2025 18:00,METAR SBSC 171800Z 32008KT CAVOK 30/16 Q1018=
17/05/2025 19:00,METAR SBSC 171900Z 33007KT CAVOK 29/16 Q1017=
17/05/2025 20:00,METAR SBSC 172000Z 32007KT CAVOK 28/15 Q1017=
17/05/2025 21:00,METAR SBSC 172100Z 07002KT CAVOK 25/17 Q1018=
17/05/2025 22:00,METAR SBSC 172200Z 00000KT CAVOK 21/17 Q1018=
17/05/2025 23:00,METAR SBSC 172300Z 25004KT CAVOK 21/19 Q1019=
18/05/2025 00:00,METAR SBSC 180000Z 00000KT CAVOK 19/17 Q1019=
18/05/2025 01:00,METAR SBSC 180100Z 36004KT CAVOK 19/17 Q1019=
18/05/2025 02:00,METAR SBSC 180200Z 36005KT CAVOK 20/16 Q1020=
18/05/2025 03:00,METAR SBSC 180300Z 35006KT CAVOK 19/16 Q1020=
18/05/2025 04:00,METAR SBSC 180400Z 01004KT CAVOK 19/16 Q1019=
18/05/2025 05:00,METAR SBSC 180500Z 36005KT CAVOK 19/16 Q1018=
18/05/2025 06:00,METAR SBSC 180600Z 35005KT CAVOK 19/16 Q1018=
18/05/2025 07:00,METAR SBSC 180700Z 01006KT CAVOK 19/16 Q1018=
18/05/2025 08:00,METAR SBSC 180800Z 36006KT CAVOK 20/16 Q1018=
18/05/2025 09:00,METAR SBSC 180900Z 01005KT CAVOK 20/17 Q1019=
18/05/2025 10:00,METAR SBSC 181000Z 33012KT CAVOK 21/17 Q1019=
18/05/2025 11:00,METAR SBSC 181100Z 33009KT CAVOK 23/17 Q1019=
18/05/2025 12:00,METAR SBSC 181200Z 33011KT CAVOK 25/17 Q1020=
18/05/2025 13:00,METAR SBSC 181300Z 32012KT CAVOK 27/17 Q1020=
18/05/2025 14:00,METAR SBSC 181400Z 32012KT CAVOK 28/17 Q1019=
18/05/2025 15:00,METAR SBSC 181500Z 33013KT CAVOK 29/16 Q1018=
18/05/2025 16:00,METAR SBSC 181600Z 34012KT CAVOK 30/15 Q1018=
18/05/2025 17:00,METAR SBSC 181700Z 34010KT CAVOK 30/16 Q1017=
18/05/2025 18:00,METAR SBSC 181800Z 36010KT CAVOK 30/16 Q1017=
18/05/2025 19:00,METAR SBSC 181900Z 34008KT CAVOK 29/16 Q1017=
18/05/2025 20:00,METAR SBSC 182000Z 35008KT CAVOK 29/16 Q1017=
18/05/2025 21:00,METAR SBSC 182100Z 33003KT CAVOK 24/17 Q1018=
18/05/2025 22:00,METAR SBSC 182200Z 33004KT CAVOK 22/17 Q1018=
18/05/2025 23:00,METAR SBSC 182300Z 36003KT CAVOK 21/17 Q1019=
19/05/2025 00:00,METAR SBSC 190000Z 36005KT CAVOK 19/17 Q1019=
19/05/2025 01:00,METAR SBSC 190100Z 33004KT CAVOK 19/17 Q1018=
19/05/2025 02:00,METAR SBSC 190200Z 32005KT CAVOK 20/17 Q1018=
19/05/2025 03:00,METAR SBSC 190300Z 35006KT CAVOK 19/16 Q1018=
19/05/2025 04:00,METAR SBSC 190400Z 36005KT CAVOK 19/16 Q1018=
19/05/2025 05:00,METAR SBSC 190500Z 01006KT CAVOK 19/16 Q1018=
19/05/2025 06:00,METAR SBSC 190600Z 32007KT CAVOK 18/16 Q1017=
19/05/2025 07:00,METAR SBSC 190700Z 33008KT CAVOK 20/16 Q1017=
19/05/2025 08:00,METAR SBSC 190800Z 33008KT CAVOK 20/16 Q1017=
19/05/2025 09:00,METAR SBSC 190900Z 31006KT CAVOK 21/16 Q1017=
19/05/2025 10:00,METAR SBSC 191000Z 31007KT CAVOK 22/17 Q1018=
19/05/2025 11:00,METAR SBSC 191100Z 32008KT CAVOK 24/17 Q1019=
19/05/2025 12:00,METAR SBSC 191200Z 32010KT CAVOK 25/17 Q1019=
19/05/2025 13:00,METAR SBSC 191300Z 12012G22KT CAVOK 27/17 Q1019=
19/05/2025 14:00,METAR SBSC 191400Z 33013KT CAVOK 28/17 Q1018=
19/05/2025 15:00,METAR SBSC 191500Z 33010KT CAVOK 29/17 Q1017=
19/05/2025 16:00,METAR SBSC 191600Z 32008KT CAVOK 29/16 Q1017=
19/05/2025 17:00,METAR SBSC 191700Z 32008KT CAVOK 30/16 Q1016=
19/05/2025 18:00,METAR SBSC 191800Z 31007KT CAVOK 30/16 Q1016=
19/05/2025 19:00,METAR SBSC 191900Z 32005KT CAVOK 30/17 Q1016=
19/05/2025 20:00,METAR SBSC 192000Z 31003KT CAVOK 28/18 Q1016=
19/05/2025 21:00,METAR SBSC 192100Z 22002KT CAVOK 23/19 Q1017=
19/05/2025 22:00,METAR SBSC 192200Z 24002KT CAVOK 21/18 Q1017=
19/05/2025 23:00,METAR SBSC 192300Z 27003KT CAVOK 20/19 Q1018=
20/05/2025 00:00,METAR SBSC 200000Z 34003KT CAVOK 20/18 Q1018=
20/05/2025 01:00,METAR SBSC 200100Z 35004KT CAVOK 19/18 Q1018=
20/05/2025 02:00,METAR SBSC 200200Z 36006KT CAVOK 19/18 Q1018=
20/05/2025 03:00,METAR SBSC 200300Z 01005KT CAVOK 19/18 Q1018=
20/05/2025 04:00,METAR SBSC 200400Z 35006KT CAVOK 19/18 Q1017=
20/05/2025 05:00,METAR SBSC 200500Z 35004KT CAVOK 18/17 Q1017=
20/05/2025 06:00,METAR SBSC 200600Z 01005KT CAVOK 18/17 Q1017=
20/05/2025 07:00,METAR SBSC 200700Z 36006KT CAVOK 18/17 Q1017=
20/05/2025 08:00,METAR SBSC 200800Z 35004KT CAVOK 19/18 Q1017=
20/05/2025 09:00,METAR SBSC 200900Z 36005KT CAVOK 19/17 Q1017=
20/05/2025 10:00,METAR SBSC 201000Z 01005KT CAVOK 19/17 Q1017=
20/05/2025 11:00,METAR SBSC 201100Z 35005KT CAVOK 22/18 Q1019=
20/05/2025 12:00,METAR SBSC 201200Z 33008KT CAVOK 25/17 Q1019=
20/05/2025 13:00,METAR SBSC 201300Z 33011KT CAVOK 27/17 Q1019=
20/05/2025 14:00,METAR SBSC 201400Z 34011KT CAVOK 28/16 Q1018=
20/05/2025 15:00,METAR SBSC 201500Z 33010KT CAVOK 29/15 Q1017=
20/05/2025 16:00,METAR SBSC 201600Z 33010KT CAVOK 30/16 Q1016=
20/05/2025 17:00,METAR SBSC 201700Z 31007KT CAVOK 30/15 Q1016=
20/05/2025 18:00,METAR SBSC 201800Z 16007KT CAVOK 28/18 Q1015=
20/05/2025 19:00,METAR SBSC 201900Z 19002KT CAVOK 28/18 Q1015=
20/05/2025 20:00,METAR SBSC 202000Z 15002KT CAVOK 26/17 Q1015=
20/05/2025 21:00,METAR SBSC 202100Z 20002KT CAVOK 22/19 Q1016=
20/05/2025 22:00,METAR SBSC 202200Z 22003KT CAVOK 19/17 Q1016=
20/05/2025 23:00,METAR SBSC 202300Z 27003KT CAVOK 19/17 Q1016=
21/05/2025 00:00,METAR SBSC 210000Z 33002KT CAVOK 19/17 Q1017=
21/05/2025 01:00,METAR SBSC 210100Z 34004KT CAVOK 18/17 Q1017=
21/05/2025 02:00,METAR SBSC 210200Z 35003KT CAVOK 18/17 Q1017=
21/05/2025 03:00,METAR SBSC 210300Z 35003KT CAVOK 18/16 Q1017=
21/05/2025 04:00,METAR SBSC 210400Z 36004KT CAVOK 18/15 Q1016=
21/05/2025 05:00,METAR SBSC 210500Z 35003KT CAVOK 18/15 Q1016=
21/05/2025 06:00,METAR SBSC 210600Z 01005KT CAVOK 18/15 Q1016=
21/05/2025 07:00,METAR SBSC 210700Z 36006KT CAVOK 19/15 Q1016=
21/05/2025 08:00,METAR SBSC 210800Z 02005KT CAVOK 19/15 Q1015=
21/05/2025 09:00,METAR SBSC 210900Z 36006KT CAVOK 19/15 Q1016=
21/05/2025 10:00,METAR SBSC 211000Z 35003KT CAVOK 18/15 Q1017=
21/05/2025 11:00,METAR SBSC 211100Z 36005KT CAVOK 21/17 Q1018=
21/05/2025 12:00,METAR SBSC 211200Z 35007KT CAVOK 25/17 Q1018=
21/05/2025 13:00,METAR SBSC 211300Z 20005KT 9999 FEW030 27/16 Q1019=
21/05/2025 14:00,METAR SBSC 211400Z 17006KT 9999 FEW030 26/19 Q1018=
21/05/2025 15:00,METAR SBSC 211500Z 17007KT 9999 FEW030 26/20 Q1018=
21/05/2025 16:00,METAR SBSC 211600Z 17009KT 9999 FEW030 26/21 Q1017=
21/05/2025 17:00,METAR SBSC 211700Z 17009KT 9999 FEW030 26/21 Q1016=
21/05/2025 18:00,METAR SBSC 211800Z 17009KT 9999 FEW030 26/21 Q1016=
21/05/2025 19:00,METAR SBSC 211900Z 15007KT CAVOK 25/21 Q1017=
21/05/2025 20:00,METAR SBSC 212000Z 15007KT 9999 FEW010 24/21 Q1017=
21/05/2025 21:00,METAR SBSC 212100Z 15005KT 9999 SCT010 23/20 Q1017=
21/05/2025 22:00,METAR SBSC 212200Z 16002KT 9999 SCT010 22/20 Q1018=
21/05/2025 23:00,METAR SBSC 212300Z 12003KT CAVOK 22/20 Q1018=
22/05/2025 00:00,METAR SBSC 220000Z 08002KT CAVOK 20/18 Q1019=
22/05/2025 01:00,METAR SBSC 220100Z 35001KT CAVOK 19/18 Q1019=
22/05/2025 02:00,METAR SBSC 220200Z 00000KT CAVOK 19/17 Q1019=
22/05/2025 03:00,METAR SBSC 220300Z 35002KT CAVOK 18/17 Q1018=
22/05/2025 04:00,METAR SBSC 220400Z 36002KT 9999 FEW020 18/17 Q1018=
22/05/2025 05:00,METAR SBSC 220500Z 36003KT 0100 R23/M0050 R05/M0050 FG VV010 20/19 Q1018=
22/05/2025 06:00,METAR SBSC 220600Z 36002KT 7000 FEW015 19/18 Q1017=
22/05/2025 07:00,METAR SBSC 220700Z 35002KT 7000 FEW015 19/18 Q1017=
22/05/2025 08:00,METAR SBSC 220800Z 36003KT 8000 FEW015 19/18 Q1017=
22/05/2025 09:00,METAR SBSC 220900Z 34002KT 8000 FEW015 20/19 Q1017=
22/05/2025 10:00,METAR SBSC 221000Z 35002KT 9999 FEW015 21/19 Q1017=
22/05/2025 11:00,METAR SBSC 221100Z 36004KT 9999 FEW015 20/19 Q1019=
22/05/2025 12:00,METAR SBSC 221200Z 35004KT 9999 FEW015 22/20 Q1020=
22/05/2025 13:00,METAR SBSC 221300Z 36005KT 9999 FEW020 24/19 Q1020=
22/05/2025 14:00,METAR SBSC 221400Z 32004KT 9999 FEW020 27/19 Q1019=
22/05/2025 15:00,METAR SBSC 221500Z 32005KT CAVOK 28/18 Q1018=
22/05/2025 16:00,METAR SBSC 221600Z 01005KT CAVOK 29/17 Q1017=
22/05/2025 17:00,METAR SBSC 221700Z 33004KT CAVOK 30/17 Q1016=
22/05/2025 18:00,METAR SBSC 221800Z 35005KT CAVOK 30/17 Q1015=
22/05/2025 19:00,METAR SBSC 221900Z 35004KT CAVOK 30/18 Q1015=
22/05/2025 20:00,METAR SBSC 222000Z 21006KT CAVOK 25/20 Q1016=
22/05/2025 21:00,METAR SBSC 222100Z 20006KT CAVOK 23/20 Q1017=
22/05/2025 22:00,METAR SBSC 222200Z 19007KT CAVOK 23/20 Q1018=
22/05/2025 23:00,METAR SBSC 222300Z 17006KT CAVOK 23/20 Q1019=
23/05/2025 00:00,METAR SBSC 230000Z 16004KT CAVOK 22/19 Q1019=
23/05/2025 01:00,METAR SBSC 230100Z 16004KT CAVOK 21/19 Q1018=
23/05/2025 02:00,METAR SBSC 230200Z 16003KT CAVOK 21/19 Q1019=
23/05/2025 03:00,METAR SBSC 230300Z 16005KT CAVOK 21/19 Q1019=
23/05/2025 04:00,METAR SBSC 230400Z 15004KT CAVOK 20/19 Q1018=
23/05/2025 05:00,METAR SBSC 230500Z 32005KT 7000 SCT020 20/19 Q1018=
23/05/2025 06:00,METAR SBSC 230600Z 32005KT 6000 SCT020 20/19 Q1018=
23/05/2025 07:00,METAR SBSC 230700Z 35004KT 6000 SCT020 20/19 Q1018=
23/05/2025 08:00,METAR SBSC 230800Z 35004KT 6000 SCT020 20/19 Q1018=
23/05/2025 09:00,METAR SBSC 230900Z 33005KT 6000 SCT020 20/19 Q1018=
23/05/2025 10:00,METAR SBSC 231000Z 34003KT 4000 BR SCT020 BKN060 19/18 Q1019=
23/05/2025 11:00,METAR SBSC 231100Z 34003KT 4000 BR FEW020 SCT060 21/20 Q1020=
23/05/2025 12:00,METAR SBSC 231200Z 34004KT 6000 FEW020 23/20 Q1020=
23/05/2025 13:00,METAR SBSC 231300Z 03002KT 8000 FEW015 SCT025 BKN030 25/20 Q1020=
23/05/2025 14:00,METAR SBSC 231400Z 16008KT 5000 BR BKN008 BKN025 OVC030 22/21 Q1020 RERA=
23/05/2025 15:00,METAR SBSC 231500Z 17006KT 5000 BR SCT008 BKN025 OVC030 22/21 Q1020=
23/05/2025 16:00,METAR SBSC 231600Z 17006KT 5000 BR SCT008 BKN020 OVC030 23/21 Q1019=
23/05/2025 17:00,METAR SBSC 231700Z 12006KT 5000 BR BKN008 BKN020 OVC030 23/20 Q1019=
23/05/2025 18:00,METAR SBSC 231800Z 12008KT 3000 -RA BR BKN008 BKN020 OVC030 22/20 Q1019=
23/05/2025 19:00,METAR SBSC 231900Z 12007KT 6000 -RA SCT011 BKN025 OVC100 22/20 Q1019=
23/05/2025 20:00,METAR SBSC 232000Z 11004KT 8000 SCT020 BKN045 22/20 Q1020=
23/05/2025 21:00,METAR SBSC 232100Z 11005KT 9999 FEW013 BKN024 BKN055 22/20 Q1020=
23/05/2025 22:00,METAR SBSC 232200Z 12007KT 9999 FEW018 BKN040 OVC100 22/19 Q1021=
23/05/2025 23:00,METAR SBSC 232300Z 12006KT 9999 FEW020 BKN060 OVC100 22/19 Q1021=
24/05/2025 00:00,METAR SBSC 240000Z 09004KT 9999 FEW022 OVC100 22/19 Q1022=
24/05/2025 01:00,METAR SBSC 240100Z 12003KT 5000 BR FEW005 BKN015 OVC050 22/19 Q1022=
24/05/2025 02:00,METAR SBSC 240200Z 13005KT 5000 BR FEW005 BKN015 OVC050 22/19 Q1022=
24/05/2025 03:00,METAR SBSC 240300Z 10004KT 5000 BR FEW005 BKN015 OVC050 22/19 Q1022=
24/05/2025 04:00,METAR SBSC 240400Z 12003KT 5000 BR FEW005 BKN015 OVC050 21/18 Q1021=
24/05/2025 05:00,METAR SBSC 240500Z 09004KT 5000 BR FEW005 BKN015 OVC050 21/18 Q1021=
24/05/2025 06:00,METAR SBSC 240600Z 09006KT 5000 BR FEW005 BKN015 OVC050 21/18 Q1021=
24/05/2025 07:00,METAR SBSC 240700Z 10004KT 5000 BR FEW005 BKN015 OVC050 20/18 Q1021=
24/05/2025 08:00,METAR SBSC 240800Z 09006KT 5000 BR FEW005 BKN015 OVC050 20/18 Q1021=
24/05/2025 09:00,METAR SBSC 240900Z 07006KT 3000 -RA BR SCT005 BKN015 OVC050 20/18 Q1021=
24/05/2025 10:00,METAR SBSC 241000Z 09007KT 3000 -RA BR SCT005 BKN015 OVC050 20/18 Q1021=
24/05/2025 11:00,METAR SBSC 241100Z 31002KT 5000 BR SCT005 BKN015 OVC050 20/19 Q1023=
24/05/2025 12:00,METAR SBSC 241200Z 00000KT 5000 BR SCT005 BKN015 OVC050 20/19 Q1024=
24/05/2025 13:00,METAR SBSC 241300Z 29002KT 9999 BKN035 OVC100 21/19 Q1024=
24/05/2025 14:00,METAR SBSC 241400Z 36004KT 9999 SCT011 BKN045 22/19 Q1024=
24/05/2025 15:00,METAR SBSC 241500Z 33003KT 9999 SCT014 BKN050 23/18 Q1024=
24/05/2025 16:00,METAR SBSC 241600Z 20004KT 9999 SCT019 BKN050 21/18 Q1023=
24/05/2025 17:00,METAR SBSC 241700Z 20003KT 9999 FEW020 BKN050 22/18 Q1022=
24/05/2025 18:00,METAR SBSC 241800Z 18003KT 9999 FEW040 BKN055 22/18 Q1022=
24/05/2025 19:00,METAR SBSC 241900Z 20003KT 9999 FEW040 BKN055 22/18 Q1022=
24/05/2025 20:00,METAR SBSC 242000Z 18002KT CAVOK 22/18 Q1023=
24/05/2025 21:00,METAR SBSC 242100Z 14002KT CAVOK 22/16 Q1023=
24/05/2025 22:00,METAR SBSC 242200Z 13002KT CAVOK 22/16 Q1024=
24/05/2025 23:00,METAR SBSC 242300Z 00000KT CAVOK 21/17 Q1024=
25/05/2025 00:00,METAR SBSC 250000Z 33001KT CAVOK 20/18 Q1024=
25/05/2025 01:00,METAR SBSC 250100Z 00000KT 9999 FEW010 BKN067 20/18 Q1024=
25/05/2025 02:00,METAR SBSC 250200Z 00000KT 9999 FEW010 BKN070 19/18 Q1024=
25/05/2025 03:00,METAR SBSC 250300Z 16002KT 9999 FEW015 BKN080 18/17 Q1023=
25/05/2025 04:00,METAR SBSC 250400Z 33003KT 9999 FEW015 BKN100 18/17 Q1023=
25/05/2025 05:00,METAR SBSC 250500Z 33003KT 9999 SCT020 18/17 Q1023=
25/05/2025 06:00,METAR SBSC 250600Z 35004KT 9999 SCT015 17/16 Q1022=
25/05/2025 07:00,METAR SBSC 250700Z 02005KT 9999 SCT015 17/16 Q1022=
25/05/2025 08:00,METAR SBSC 250800Z 01004KT 9999 SCT015 17/16 Q1022=
25/05/2025 09:00,METAR SBSC 250900Z 36005KT CAVOK 17/16 Q1022=
25/05/2025 10:00,METAR SBSC 251000Z 35005KT CAVOK 17/16 Q1022=
25/05/2025 11:00,METAR SBSC 251100Z 01007KT CAVOK 20/17 Q1023=
25/05/2025 12:00,METAR SBSC 251200Z 35007KT CAVOK 22/17 Q1023=
25/05/2025 13:00,METAR SBSC 251300Z 35008KT CAVOK 24/16 Q1023=
25/05/2025 14:00,METAR SBSC 251400Z 34007KT CAVOK 25/17 Q1022=
25/05/2025 15:00,METAR SBSC 251500Z 35006KT CAVOK 26/17 Q1022=
25/05/2025 16:00,METAR SBSC 251600Z 01006KT CAVOK 27/16 Q1020=
25/05/2025 17:00,METAR SBSC 251700Z 36005KT CAVOK 28/17 Q1019=
25/05/2025 18:00,METAR SBSC 251800Z 02006KT CAVOK 28/16 Q1019=
25/05/2025 19:00,METAR SBSC 251900Z 03006KT CAVOK 27/18 Q1019=
25/05/2025 20:00,METAR SBSC 252000Z 09006KT CAVOK 25/18 Q1019=
25/05/2025 21:00,METAR SBSC 252100Z 08005KT CAVOK 23/18 Q1020=
25/05/2025 22:00,METAR SBSC 252200Z 08003KT CAVOK 21/18 Q1020=
25/05/2025 23:00,METAR SBSC 252300Z 00000KT CAVOK 19/18 Q1021=
26/05/2025 00:00,METAR SBSC 260000Z 30003KT CAVOK 19/18 Q1021=
26/05/2025 01:00,METAR SBSC 260100Z 02004KT CAVOK 19/17 Q1021=
26/05/2025 02:00,METAR SBSC 260200Z 34005KT CAVOK 18/17 Q1021=
26/05/2025 03:00,METAR SBSC 260300Z 35004KT CAVOK 18/16 Q1020=
26/05/2025 04:00,METAR SBSC 260400Z 34004KT CAVOK 17/16 Q1020=
26/05/2025 05:00,METAR SBSC 260500Z 01005KT CAVOK 16/15 Q1020=
26/05/2025 06:00,METAR SBSC 260600Z 36003KT CAVOK 16/15 Q1019=
26/05/2025 07:00,METAR SBSC 260700Z 35004KT 9999 FEW020 16/15 Q1019=
26/05/2025 08:00,METAR SBSC 260800Z 02005KT 9999 FEW020 17/16 Q1019=
26/05/2025 09:00,METAR SBSC 260900Z 36004KT 9999 FEW015 18/16 Q1019=
26/05/2025 10:00,METAR SBSC 261000Z 35004KT 9999 FEW015 19/17 Q1019=
26/05/2025 11:00,METAR SBSC 261100Z 35008KT CAVOK 21/17 Q1021=
26/05/2025 12:00,METAR SBSC 261200Z 34011KT CAVOK 24/17 Q1021=
26/05/2025 13:00,METAR SBSC 261300Z 32010KT CAVOK 25/17 Q1021=
26/05/2025 14:00,METAR SBSC 261400Z 33008KT CAVOK 27/17 Q1020=
26/05/2025 15:00,METAR SBSC 261500Z 33010KT CAVOK 27/17 Q1020=
26/05/2025 16:00,METAR SBSC 261600Z 34008KT CAVOK 28/17 Q1019=
26/05/2025 17:00,METAR SBSC 261700Z 33007KT CAVOK 29/18 Q1018=
26/05/2025 18:00,METAR SBSC 261800Z 32005KT CAVOK 27/18 Q1017=
26/05/2025 19:00,METAR SBSC 261900Z 35006KT CAVOK 26/18 Q1017=
26/05/2025 20:00,METAR SBSC 262000Z 01004KT CAVOK 26/18 Q1017=
26/05/2025 21:00,METAR SBSC 262100Z 36004KT CAVOK 22/17 Q1018=
26/05/2025 22:00,METAR SBSC 262200Z 32004KT CAVOK 22/18 Q1018=
26/05/2025 23:00,METAR SBSC 262300Z 35003KT CAVOK 20/17 Q1019=
27/05/2025 00:00,METAR SBSC 270000Z 36003KT CAVOK 19/17 Q1019=
27/05/2025 01:00,METAR SBSC 270100Z 36005KT CAVOK 20/18 Q1020=
27/05/2025 02:00,METAR SBSC 270200Z 01005KT CAVOK 20/18 Q1019=
27/05/2025 03:00,METAR SBSC 270300Z 35006KT CAVOK 20/18 Q1019=
27/05/2025 04:00,METAR SBSC 270400Z 36006KT CAVOK 20/18 Q1019=
27/05/2025 05:00,METAR SBSC 270500Z 01005KT CAVOK 19/17 Q1018=
27/05/2025 06:00,METAR SBSC 270600Z 01007KT CAVOK 19/17 Q1018=
27/05/2025 07:00,METAR SBSC 270700Z 36005KT CAVOK 18/16 Q1018=
27/05/2025 08:00,METAR SBSC 270800Z 36008KT CAVOK 18/16 Q1018=
27/05/2025 09:00,METAR SBSC 270900Z 01007KT CAVOK 20/18 Q1018=
27/05/2025 10:00,METAR SBSC 271000Z 36007KT CAVOK 20/18 Q1018=
27/05/2025 11:00,METAR SBSC 271100Z 34005KT CAVOK 23/19 Q1019=
27/05/2025 12:00,METAR SBSC 271200Z 31010KT CAVOK 25/19 Q1019=
27/05/2025 13:00,METAR SBSC 271300Z 32013G24KT CAVOK 27/19 Q1019=
27/05/2025 14:00,METAR SBSC 271400Z 32013G24KT CAVOK 28/19 Q1018=
27/05/2025 15:00,METAR SBSC 271500Z 33013G25KT 9999 FEW021 SCT083 29/18 Q1017=
27/05/2025 16:00,METAR SBSC 271600Z 34012KT 9999 FEW020 30/18 Q1017=
27/05/2025 17:00,METAR SBSC 271700Z 34013G23KT 9999 FEW020 30/19 Q1016=
27/05/2025 18:00,METAR SBSC 271800Z 34012G23KT 9999 FEW020 30/17 Q1016=
27/05/2025 19:00,METAR SBSC 271900Z 33010KT CAVOK 29/18 Q1016=
27/05/2025 20:00,METAR SBSC 272000Z 32005KT CAVOK 27/18 Q1016=
27/05/2025 21:00,METAR SBSC 272100Z 32004KT CAVOK 25/18 Q1017=
27/05/2025 22:00,METAR SBSC 272200Z 32004KT CAVOK 24/19 Q1018=
27/05/2025 23:00,METAR SBSC 272300Z 03002KT CAVOK 22/18 Q1018=
28/05/2025 00:00,METAR SBSC 280000Z 30003KT CAVOK 21/19 Q1018=
28/05/2025 01:00,METAR SBSC 280100Z 31006KT CAVOK 24/19 Q1018=
28/05/2025 02:00,METAR SBSC 280200Z 29005KT CAVOK 24/18 Q1018=
28/05/2025 03:00,METAR SBSC 280300Z 30005KT CAVOK 24/18 Q1018=
28/05/2025 04:00,METAR SBSC 280400Z 36006KT CAVOK 20/18 Q1017=
28/05/2025 05:00,METAR SBSC 280500Z 34004KT CAVOK 21/18 Q1016=
28/05/2025 06:00,METAR SBSC 280600Z 36004KT CAVOK 20/18 Q1015=
28/05/2025 07:00,METAR SBSC 280700Z 32008KT CAVOK 22/18 Q1015=
28/05/2025 08:00,METAR SBSC 280800Z 32008KT CAVOK 23/19 Q1014=
28/05/2025 09:00,METAR SBSC 280900Z 31013G23KT CAVOK 24/19 Q1015=
28/05/2025 10:00,METAR SBSC 281000Z 32010G23KT CAVOK 24/19 Q1016=
28/05/2025 11:00,METAR SBSC 281100Z 34010KT CAVOK 25/19 Q1016=
28/05/2025 12:00,METAR SBSC 281200Z 34011KT CAVOK 27/19 Q1016=
28/05/2025 13:00,METAR SBSC 281300Z 33011KT CAVOK 28/19 Q1017=
28/05/2025 14:00,METAR SBSC 281400Z 32011KT CAVOK 28/18 Q1017=
28/05/2025 15:00,METAR SBSC 281500Z 33011KT CAVOK 29/18 Q1016=
28/05/2025 16:00,METAR SBSC 281600Z 33009KT CAVOK 29/19 Q1015=
28/05/2025 17:00,METAR SBSC 281700Z 33008KT CAVOK 30/19 Q1015=
28/05/2025 18:00,METAR SBSC 281800Z 33008KT CAVOK 31/19 Q1014=
28/05/2025 19:00,METAR SBSC 281900Z 34008KT CAVOK 30/18 Q1014=
28/05/2025 20:00,METAR SBSC 282000Z 35007KT CAVOK 28/18 Q1014=
28/05/2025 21:00,METAR SBSC 282100Z 34004KT CAVOK 25/18 Q1014=
28/05/2025 22:00,METAR SBSC 282200Z 33004KT CAVOK 25/18 Q1014=
28/05/2025 23:00,METAR SBSC 282300Z 36004KT CAVOK 22/18 Q1015=
29/05/2025 00:00,METAR SBSC 290000Z 31003KT CAVOK 24/18 Q1015=
29/05/2025 01:00,METAR SBSC 290100Z 30005KT CAVOK 25/18 Q1015=
29/05/2025 02:00,METAR SBSC 290200Z 36007KT CAVOK 25/18 Q1014=
29/05/2025 03:00,METAR SBSC 290300Z 01008KT CAVOK 24/17 Q1014=
29/05/2025 04:00,METAR SBSC 290400Z 36008KT CAVOK 24/17 Q1014=
29/05/2025 05:00,METAR SBSC 290500Z 35007KT CAVOK 23/16 Q1013=
29/05/2025 06:00,METAR SBSC 290600Z 01007KT CAVOK 23/16 Q1013=
29/05/2025 07:00,METAR SBSC 290700Z 36008KT CAVOK 23/16 Q1014=
29/05/2025 08:00,METAR SBSC 290800Z 35008KT CAVOK 24/16 Q1014=
29/05/2025 09:00,METAR SBSC 290900Z 01007KT CAVOK 24/16 Q1015=
29/05/2025 10:00,METAR SBSC 291000Z 26002KT 9999 FEW020 BKN070 23/18 Q1015=
29/05/2025 11:00,METAR SBSC 291100Z 20005KT 8000 FEW015 SCT020 OVC070 24/18 Q1017=
29/05/2025 12:00,METAR SBSC 291200Z 18010KT 8000 FEW015 SCT020 OVC070 23/20 Q1018=
29/05/2025 13:00,METAR SBSC 291300Z 17009KT 9999 FEW010 SCT030 BKN100 23/19 Q1018=
29/05/2025 14:00,METAR SBSC 291400Z 17010KT 8000 FEW010 SCT030 BKN100 24/19 Q1019=
29/05/2025 15:00,METAR SBSC 291500Z 17009KT 8000 SCT010 SCT030 BKN100 22/19 Q1018=
29/05/2025 16:00,METAR SBSC 291600Z 16011KT 8000 FEW011 BKN025 OVC090 22/19 Q1018=
29/05/2025 17:00,METAR SBSC 291700Z 16009KT 9999 FEW010 BKN020 22/18 Q1017=
29/05/2025 18:00,METAR SBSC 291800Z 14006KT 9999 FEW010 BKN020 23/17 Q1017=
29/05/2025 19:00,METAR SBSC 291900Z 15006KT 9999 FEW010 SCT020 BKN040 22/18 Q1017=
29/05/2025 20:00,METAR SBSC 292000Z 16006KT 9999 FEW010 SCT020 BKN040 22/17 Q1018=
29/05/2025 21:00,METAR SBSC 292100Z 15004KT 9999 FEW010 SCT020 BKN040 21/17 Q1019=
29/05/2025 22:00,METAR SBSC 292200Z 16005KT 9999 FEW010 SCT020 BKN040 21/17 Q1019=
29/05/2025 23:00,METAR SBSC 292300Z 18004KT 9999 FEW010 SCT020 BKN040 21/17 Q1020=
30/05/2025 00:00,METAR SBSC 300000Z 18006KT 9999 FEW010 SCT020 BKN040 21/18 Q1020=
30/05/2025 01:00,METAR SBSC 300100Z 17007KT 9999 BKN015 21/17 Q1021=
30/05/2025 02:00,METAR SBSC 300200Z 17007KT 9999 BKN020 20/16 Q1021=
30/05/2025 03:00,METAR SBSC 300300Z 19005KT 9999 BKN020 20/16 Q1021=
30/05/2025 04:00,METAR SBSC 300400Z 19006KT 9999 SCT010 BKN040 20/16 Q1020=
30/05/2025 05:00,METAR SBSC 300500Z 18005KT 9999 SCT010 BKN040 20/16 Q1020=
30/05/2025 06:00,METAR SBSC 300600Z 21005KT 9999 FEW015 BKN060 19/15 Q1020=
30/05/2025 07:00,METAR SBSC 300700Z 18006KT 9999 FEW015 BKN060 19/15 Q1020=
30/05/2025 08:00,METAR SBSC 300800Z 22005KT 9999 SCT015 BKN060 19/15 Q1020=
30/05/2025 09:00,METAR SBSC 300900Z 21003KT 9999 BKN035 19/16 Q1020=
30/05/2025 10:00,METAR SBSC 301000Z 23002KT 9999 BKN035 BKN045 19/16 Q1021=
30/05/2025 18:00,METAR SBSC 301800Z 18004KT 9999 BKN038 21/15 Q1020=
30/05/2025 19:00,METAR SBSC 301900Z 19004KT 8000 FEW010 SCT030 BKN050 20/15 Q1021=
30/05/2025 20:00,METAR SBSC 302000Z 19003KT 8000 FEW010 SCT030 BKN050 20/15 Q1021=
30/05/2025 21:00,METAR SBSC 302100Z 19003KT 8000 FEW010 SCT030 BKN050 20/15 Q1021=
30/05/2025 22:00,METAR SBSC 302200Z 00000KT 8000 FEW010 SCT030 BKN050 19/16 Q1021=
30/05/2025 23:00,METAR SBSC 302300Z 00000KT 8000 FEW010 SCT030 BKN050 19/16 Q1021=
31/05/2025 00:00,METAR SBSC 310000Z 33002KT 8000 FEW010 SCT030 BKN050 19/16 Q1022=
31/05/2025 01:00,METAR SBSC 310100Z 31002KT 8000 FEW010 SCT030 BKN050 19/16 Q1022=
31/05/2025 02:00,METAR SBSC 310200Z 31002KT 8000 FEW010 SCT030 BKN050 19/16 Q1022=
31/05/2025 03:00,METAR SBSC 310300Z 31002KT 8000 FEW015 SCT030 BKN050 19/16 Q1021=
31/05/2025 04:00,METAR SBSC 310400Z 33002KT 8000 FEW015 SCT030 BKN050 18/16 Q1021=
31/05/2025 05:00,METAR SBSC 310500Z 34002KT 8000 FEW015 SCT030 BKN050 18/16 Q1021=
31/05/2025 06:00,METAR SBSC 310600Z 36002KT 8000 FEW015 SCT030 BKN050 18/16 Q1020=
31/05/2025 07:00,METAR SBSC 310700Z 34003KT 8000 FEW015 SCT030 BKN050 18/16 Q1020=
31/05/2025 08:00,METAR SBSC 310800Z 34002KT 8000 FEW015 SCT030 BKN050 18/16 Q1020=
31/05/2025 09:00,METAR SBSC 310900Z 36002KT 8000 FEW015 SCT030 BKN050 18/16 Q1020=
31/05/2025 10:00,METAR SBSC 311000Z 01004KT 9999 BKN040 19/16 Q1021=
31/05/2025 11:00,METAR SBSC 311100Z 36003KT 9999 BKN040 19/17 Q1022=
31/05/2025 12:00,METAR SBSC 311200Z 36004KT 9999 BKN040 20/16 Q1022=
31/05/2025 13:00,METAR SBSC 311300Z 35004KT 9999 FEW020 BKN040 23/15 Q1022=
31/05/2025 14:00,METAR SBSC 311400Z 33004KT 9999 FEW020 BKN040 23/16 Q1021=
31/05/2025 15:00,METAR SBSC 311500Z 13003KT 9999 FEW020 BKN040 25/15 Q1020=
31/05/2025 16:00,METAR SBSC 311600Z 12008KT 9999 FEW020 BKN040 24/16 Q1019=
31/05/2025 17:00,METAR SBSC 311700Z 12008KT 9999 FEW020 BKN040 24/16 Q1019=
31/05/2025 18:00,METAR SBSC 311800Z 13008KT 9999 FEW040 24/17 Q1018=
31/05/2025 19:00,METAR SBSC 311900Z 16008KT CAVOK 23/16 Q1019=
31/05/2025 20:00,METAR SBSC 312000Z 15005KT 9999 FEW020 21/17 Q1019=
31/05/2025 21:00,METAR SBSC 312100Z 15004KT 9999 FEW020 20/17 Q1020=
31/05/2025 22:00,METAR SBSC 312200Z 15004KT 9999 FEW020 21/18 Q1020=
31/05/2025 23:00,METAR SBSC 312300Z 16003KT 9999 FEW020 SCT035 21/18 Q1020=
01/06/2025 00:00,METAR SBSC 010000Z 19002KT 9999 FEW020 SCT035 21/18 Q1020=
01/06/2025 01:00,METAR SBSC 010100Z 19003KT 9999 BKN040 21/18 Q1021=
01/06/2025 02:00,METAR SBSC 010200Z 01002KT 9999 BKN040 20/18 Q1020=
01/06/2025 03:00,METAR SBSC 010300Z 36004KT 9999 SCT040 20/18 Q1020=
01/06/2025 04:00,METAR SBSC 010400Z 35004KT 9999 SCT020 19/17 Q1020=
01/06/2025 05:00,METAR SBSC 010500Z 01003KT 9999 SCT020 19/17 Q1019=
01/06/2025 06:00,METAR SBSC 010600Z 34004KT 8000 FEW010 18/17 Q1019=
01/06/2025 07:00,METAR SBSC 010700Z 36004KT 6000 FEW010 18/17 Q1019=
01/06/2025 08:00,METAR SBSC 010800Z 02003KT 9999 SCT015 SCT040 18/17 Q1019=
01/06/2025 09:00,METAR SBSC 010900Z 16003KT 9999 FEW015 SCT040 18/17 Q1020=
01/06/2025 10:00,METAR SBSC 011000Z 36002KT 9999 FEW040 18/17 Q1020=
01/06/2025 11:00,METAR SBSC 011100Z 32004KT 9000 FEW010 20/18 Q1021=
01/06/2025 12:00,METAR SBSC 011200Z 21001KT 9999 FEW011 SCT045 23/19 Q1022=
01/06/2025 13:00,METAR SBSC 011300Z 21002KT 9999 FEW010 SCT030 BKN050 23/18 Q1022=
01/06/2025 14:00,METAR SBSC 011400Z 15005KT 9999 FEW030 SCT050 24/18 Q1022=
01/06/2025 15:00,METAR SBSC 011500Z 16007KT CAVOK 24/18 Q1022=
01/06/2025 16:00,METAR SBSC 011600Z 16010KT CAVOK 24/18 Q1021=
01/06/2025 17:00,METAR SBSC 011700Z 16012KT 9999 SCT020 23/18 Q1021=
01/06/2025 18:00,METAR SBSC 011800Z 17011KT 9999 SCT015 SCT025 23/18 Q1021=
01/06/2025 19:00,METAR SBSC 011900Z 15008KT 9999 SCT015 BKN025 23/18 Q1021=
01/06/2025 20:00,METAR SBSC 012000Z 16009KT 9999 SCT015 BKN025 22/18 Q1022=
01/06/2025 21:00,METAR SBSC 012100Z 17006KT 9999 SCT015 BKN025 22/18 Q1023=
01/06/2025 22:00,METAR SBSC 012200Z 18004KT 9999 SCT015 BKN025 22/19 Q1023=
01/06/2025 23:00,METAR SBSC 012300Z 18005KT 9999 SCT020 BKN040 22/19 Q1024=
02/06/2025 00:00,METAR SBSC 020000Z 18004KT 9999 SCT020 BKN040 22/19 Q1024=
02/06/2025 01:00,METAR SBSC 020100Z 18004KT 9999 SCT020 BKN040 22/19 Q1024=
02/06/2025 02:00,METAR SBSC 020200Z 20003KT 9999 SCT030 BKN040 21/19 Q1024=
02/06/2025 03:00,METAR SBSC 020300Z 21004KT 9999 FEW030 BKN050 21/19 Q1024=
02/06/2025 04:00,METAR SBSC 020400Z 20004KT 9999 FEW030 BKN050 20/18 Q1024=
02/06/2025 05:00,METAR SBSC 020500Z 18004KT 9999 FEW025 BKN050 20/17 Q1024=
02/06/2025 06:00,METAR SBSC 020600Z 18003KT 9999 FEW025 BKN050 19/17 Q1023=
02/06/2025 07:00,METAR SBSC 020700Z 16003KT 9999 FEW020 SCT040 18/16 Q1023=
02/06/2025 08:00,METAR SBSC 020800Z 20005KT 9999 FEW020 SCT040 18/16 Q1023=
02/06/2025 09:00,METAR SBSC 020900Z 21004KT 9999 FEW020 SCT040 19/17 Q1023=
02/06/2025 10:00,METAR SBSC 021000Z 17004KT 9999 FEW020 BKN060 21/18 Q1023=
02/06/2025 11:00,METAR SBSC 021100Z 00000KT 9999 FEW015 SCT040 21/20 Q1024=
02/06/2025 12:00,METAR SBSC 021200Z 33001KT 9999 FEW010 BKN040 23/19 Q1026=
02/06/2025 13:00,METAR SBSC 021300Z 00000KT 9999 SCT013 BKN018 BKN040 23/19 Q1026=
02/06/2025 14:00,METAR SBSC 021400Z 33005KT 9999 FEW008 BKN019 BKN100 23/19 Q1025=
02/06/2025 15:00,METAR SBSC 021500Z 02005KT 9999 SCT011 BKN022 BKN050 23/19 Q1025=
02/06/2025 16:00,METAR SBSC 021600Z 34004KT 9999 FEW015 BKN028 26/18 Q1023=
02/06/2025 17:00,METAR SBSC 021700Z 15008KT 9999 FEW011 BKN030 BKN040 24/19 Q1023=
02/06/2025 18:00,METAR SBSC 021800Z 12008KT 9999 FEW020 BKN035 24/20 Q1022=
02/06/2025 19:00,METAR SBSC 021900Z 12007KT 9999 FEW020 SCT050 24/19 Q1022=
02/06/2025 20:00,METAR SBSC 022000Z 10004KT 9999 SCT045 23/18 Q1022=
02/06/2025 21:00,METAR SBSC 022100Z 08003KT 9999 SCT045 22/18 Q1022=
02/06/2025 22:00,METAR SBSC 022200Z 00000KT 9999 FEW040 20/17 Q1023=
02/06/2025 23:00,METAR SBSC 022300Z 00000KT 9999 FEW040 19/17 Q1023=
03/06/2025 00:00,METAR SBSC 030000Z 02006KT 9999 FEW035 20/18 Q1023=
03/06/2025 01:00,METAR SBSC 030100Z 34002KT CAVOK 21/17 Q1023=
03/06/2025 02:00,METAR SBSC 030200Z 36003KT 8000 FEW010 19/16 Q1022=
03/06/2025 03:00,METAR SBSC 030300Z 01005KT 8000 FEW010 19/16 Q1022=
03/06/2025 04:00,METAR SBSC 030400Z 35006KT 8000 FEW010 19/16 Q1022=
03/06/2025 05:00,METAR SBSC 030500Z 36007KT 8000 FEW010 19/16 Q1022=
03/06/2025 06:00,METAR SBSC 030600Z 36006KT 8000 FEW010 18/15 Q1021=
03/06/2025 07:00,METAR SBSC 030700Z 01006KT 8000 FEW010 18/15 Q1021=
03/06/2025 08:00,METAR SBSC 030800Z 35005KT 8000 FEW010 18/15 Q1021=
03/06/2025 09:00,METAR SBSC 030900Z 36006KT 8000 FEW010 19/17 Q1021=
03/06/2025 10:00,METAR SBSC 031000Z 01004KT CAVOK 19/17 Q1021=
03/06/2025 11:00,METAR SBSC 031100Z 01004KT CAVOK 21/19 Q1021=
03/06/2025 12:00,METAR SBSC 031200Z 35007KT CAVOK 23/18 Q1022=
03/06/2025 13:00,METAR SBSC 031300Z 34006KT 9999 FEW020 26/19 Q1022=
03/06/2025 14:00,METAR SBSC 031400Z 34009KT 9999 FEW025 27/18 Q1021=
03/06/2025 15:00,METAR SBSC 031500Z 34012KT 9999 FEW040 29/18 Q1019=
03/06/2025 16:00,METAR SBSC 031600Z 34008KT 9999 FEW040 29/17 Q1018=
03/06/2025 17:00,METAR SBSC 031700Z 33008KT 9999 FEW040 29/18 Q1018=
03/06/2025 18:00,METAR SBSC 031800Z 35009KT 9999 FEW040 28/16 Q1017=
03/06/2025 19:00,METAR SBSC 031900Z 20004KT 9999 FEW040 24/18 Q1017=
03/06/2025 20:00,METAR SBSC 032000Z 20006KT 9999 FEW040 23/20 Q1017=
03/06/2025 21:00,METAR SBSC 032100Z 21005KT 9999 FEW040 22/20 Q1017=
03/06/2025 22:00,METAR SBSC 032200Z 21005KT 9999 FEW040 22/19 Q1017=
03/06/2025 23:00,METAR SBSC 032300Z 19003KT 9999 FEW040 21/19 Q1018=
04/06/2025 00:00,METAR SBSC 040000Z 04001KT 9999 FEW040 20/18 Q1018=
04/06/2025 01:00,METAR SBSC 040100Z 09002KT 9999 FEW040 20/18 Q1018=
04/06/2025 02:00,METAR SBSC 040200Z 00000KT 9999 FEW045 19/18 Q1018=
04/06/2025 03:00,METAR SBSC 040300Z 35002KT 9999 FEW045 19/18 Q1018=
04/06/2025 04:00,METAR SBSC 040400Z 36003KT CAVOK 19/17 Q1017=
04/06/2025 05:00,METAR SBSC 040500Z 36004KT CAVOK 18/17 Q1017=
04/06/2025 06:00,METAR SBSC 040600Z 02004KT CAVOK 18/16 Q1016=
04/06/2025 07:00,METAR SBSC 040700Z 34005KT CAVOK 17/16 Q1016=
04/06/2025 08:00,METAR SBSC 040800Z 02006KT 9999 FEW015 17/16 Q1016=
04/06/2025 09:00,METAR SBSC 040900Z 31001KT CAVOK 18/16 Q1016=
04/06/2025 10:00,METAR SBSC 041000Z 00000KT 8000 NSC 17/15 Q1017=
04/06/2025 11:00,METAR SBSC 041100Z 34004KT 9999 FEW008 22/18 Q1017=
04/06/2025 12:00,METAR SBSC 041200Z 32006KT 9999 FEW011 25/16 Q1018=
04/06/2025 13:00,METAR SBSC 041300Z 33006KT CAVOK 27/16 Q1018=
04/06/2025 14:00,METAR SBSC 041400Z 33006KT CAVOK 28/16 Q1017=
04/06/2025 15:00,METAR SBSC 041500Z 32006KT CAVOK 29/16 Q1016=
04/06/2025 16:00,METAR SBSC 041600Z 29004KT CAVOK 30/16 Q1015=
04/06/2025 17:00,METAR SBSC 041700Z 18006KT CAVOK 29/19 Q1015=
04/06/2025 18:00,METAR SBSC 041800Z 18006KT CAVOK 27/18 Q1015=
04/06/2025 19:00,METAR SBSC 041900Z 15006KT CAVOK 26/19 Q1015=
04/06/2025 20:00,METAR SBSC 042000Z 18007KT CAVOK 24/19 Q1015=
04/06/2025 21:00,METAR SBSC 042100Z 21004KT CAVOK 22/19 Q1016=
04/06/2025 22:00,METAR SBSC 042200Z 20004KT CAVOK 21/19 Q1016=
04/06/2025 23:00,METAR SBSC 042300Z 21002KT CAVOK 20/18 Q1017=
05/06/2025 00:00,METAR SBSC 050000Z 33003KT CAVOK 20/18 Q1017=
05/06/2025 01:00,METAR SBSC 050100Z 32004KT CAVOK 20/19 Q1017=
05/06/2025 02:00,METAR SBSC 050200Z 32002KT CAVOK 20/19 Q1017=
05/06/2025 03:00,METAR SBSC 050300Z 01003KT CAVOK 20/18 Q1017=
05/06/2025 04:00,METAR SBSC 050400Z 35006KT CAVOK 20/18 Q1016=
05/06/2025 05:00,METAR SBSC 050500Z 36005KT CAVOK 19/18 Q1016=
05/06/2025 06:00,METAR SBSC 050600Z 36006KT CAVOK 20/18 Q1015=
05/06/2025 07:00,METAR SBSC 050700Z 36005KT CAVOK 20/17 Q1014=
05/06/2025 08:00,METAR SBSC 050800Z 35005KT CAVOK 19/17 Q1014=
05/06/2025 09:00,METAR SBSC 050900Z 35006KT CAVOK 20/17 Q1015=
05/06/2025 10:00,METAR SBSC 051000Z 35006KT CAVOK 20/17 Q1015=
05/06/2025 11:00,METAR SBSC 051100Z 33006KT CAVOK 24/18 Q1016=
05/06/2025 12:00,METAR SBSC 051200Z 32007KT CAVOK 26/19 Q1016=
05/06/2025 13:00,METAR SBSC 051300Z 33011KT CAVOK 28/18 Q1016=
05/06/2025 14:00,METAR SBSC 051400Z 33010KT CAVOK 29/18 Q1015=
05/06/2025 15:00,METAR SBSC 051500Z 32010KT CAVOK 30/18 Q1014=
05/06/2025 16:00,METAR SBSC 051600Z 33012KT CAVOK 32/18 Q1013=
05/06/2025 20:00,METAR SBSC 052000Z 19010G22KT 9999 FEW025 25/18 Q1015=
05/06/2025 21:00,METAR SBSC 052100Z 19010KT 9999 FEW025 23/20 Q1016=
05/06/2025 22:00,METAR SBSC 052200Z 18011KT 9999 FEW025 23/21 Q1017=
05/06/2025 23:00,METAR SBSC 052300Z 18010KT 9999 FEW040 23/20 Q1018=
06/06/2025 00:00,METAR SBSC 060000Z 19008KT 9999 FEW040 22/19 Q1019=
06/06/2025 02:00,METAR SBSC 060200Z 21002KT 9999 SCT040 BKN100 22/19 Q1018=
06/06/2025 03:00,METAR SBSC 060300Z 21003KT 9999 SCT040 BKN100 21/19 Q1017=
06/06/2025 04:00,METAR SBSC 060400Z 22004KT 9999 FEW040 BKN100 21/19 Q1017=
06/06/2025 05:00,METAR SBSC 060500Z 21004KT 9999 FEW040 BKN100 21/18 Q1017=
06/06/2025 06:00,METAR SBSC 060600Z 23003KT 9999 FEW040 BKN100 20/18 Q1017=
06/06/2025 07:00,METAR SBSC 060700Z 06002KT 9999 FEW040 BKN100 20/18 Q1017=
06/06/2025 08:00,METAR SBSC 060800Z 03003KT 9999 FEW040 BKN100 20/18 Q1016=
06/06/2025 09:00,METAR SBSC 060900Z 01002KT 9999 FEW015 BKN100 20/18 Q1016=
06/06/2025 10:00,METAR SBSC 061000Z 35003KT 9999 FEW015 BKN100 21/18 Q1017=
06/06/2025 11:00,METAR SBSC 061100Z 35001KT 9999 FEW015 SCT100 22/19 Q1017=
06/06/2025 12:00,METAR COR SBSC 061200Z 33002KT 9999 FEW015 SCT100 22/19 Q1018=
06/06/2025 13:00,METAR SBSC 061300Z 19007KT CAVOK 26/18 Q1018=
06/06/2025 14:00,METAR SBSC 061400Z 18011KT 9999 FEW025 SCT070 25/18 Q1018=
06/06/2025 15:00,METAR SBSC 061500Z 18011KT 9999 FEW025 SCT070 25/19 Q1018=
06/06/2025 16:00,METAR SBSC 061600Z 18006KT 9999 SCT025 BKN070 24/20 Q1017=
06/06/2025 17:00,METAR SBSC 061700Z 17009KT 9999 SCT025 BKN070 25/19 Q1016=
06/06/2025 18:00,METAR SBSC 061800Z 17009KT 9999 FEW025 SCT070 25/19 Q1016=
06/06/2025 19:00,METAR SBSC 061900Z 16011KT 9999 SCT020 BKN050 23/19 Q1017=
06/06/2025 20:00,METAR SBSC 062000Z 16010KT 9999 FEW010 SCT020 BKN050 23/20 Q1017=
06/06/2025 21:00,METAR SBSC 062100Z 16010KT 9999 FEW010 SCT020 BKN050 23/19 Q1018=
06/06/2025 22:00,METAR SBSC 062200Z 15008KT 9999 FEW010 SCT020 BKN050 23/19 Q1018=
06/06/2025 23:00,METAR SBSC 062300Z 15005KT 9999 FEW010 SCT020 BKN050 22/20 Q1019=
07/06/2025 00:00,METAR SBSC 070000Z 19004KT 9999 FEW010 SCT020 BKN050 22/19 Q1019=
07/06/2025 01:00,METAR SBSC 070100Z 18004KT 9999 FEW015 SCT020 BKN066 22/19 Q1019=
07/06/2025 02:00,METAR SBSC 070200Z 19004KT 9999 SCT020 BKN032 BKN066 22/20 Q1019=
07/06/2025 03:00,METAR SBSC 070300Z 18004KT 9999 FEW011 SCT020 BKN032 22/20 Q1018=
07/06/2025 04:00,METAR SBSC 070400Z 16003KT 9999 FEW011 SCT020 BKN032 22/20 Q1018=
07/06/2025 05:00,METAR SBSC 070500Z 17003KT 9999 FEW011 SCT020 BKN032 22/20 Q1018=
07/06/2025 06:00,METAR SBSC 070600Z 15002KT 9999 FEW011 SCT020 BKN032 22/20 Q1017=
07/06/2025 07:00,METAR SBSC 070700Z 13002KT 9999 FEW011 SCT020 BKN032 21/20 Q1017=
07/06/2025 08:00,METAR SBSC 070800Z 23002KT 9999 SCT032 BKN050 21/19 Q1017=
07/06/2025 09:00,METAR SBSC 070900Z 28002KT 9999 FEW011 SCT032 BKN050 21/19 Q1017=
07/06/2025 10:00,METAR SBSC 071000Z 00000KT 9999 FEW011 BKN043 BKN055 20/19 Q1018=
07/06/2025 11:00,METAR SBSC 071100Z 35002KT 9999 FEW011 BKN023 BKN051 21/19 Q1019=
07/06/2025 12:00,METAR SBSC 071200Z 34004KT 9999 FEW011 SCT023 BKN051 21/19 Q1019=
07/06/2025 13:00,METAR SBSC 071300Z 33003KT 9999 FEW010 SCT020 BKN050 22/19 Q1019=
07/06/2025 14:00,METAR SBSC 071400Z 33003KT 9999 FEW010 SCT020 BKN050 23/19 Q1019=
07/06/2025 15:00,METAR SBSC 071500Z 31003KT 9999 FEW010 SCT020 BKN050 23/18 Q1018=
07/06/2025 16:00,METAR SBSC 071600Z 30003KT 9999 FEW010 SCT020 BKN050 24/19 Q1017=
07/06/2025 17:00,METAR SBSC 071700Z 05003KT 9999 SCT025 BKN050 24/18 Q1016=
07/06/2025 18:00,METAR SBSC 071800Z 15003KT 9999 SCT025 BKN050 24/19 Q1016=
07/06/2025 19:00,METAR SBSC 071900Z 12003KT 9999 SCT025 BKN050 24/18 Q1016=
07/06/2025 20:00,METAR SBSC 072000Z 07004KT 9999 SCT025 BKN050 23/18 Q1016=
07/06/2025 21:00,METAR SBSC 072100Z 12003KT 9999 SCT025 BKN050 23/18 Q1017=
07/06/2025 22:00,METAR SBSC 072200Z 06002KT 9999 SCT025 BKN050 23/18 Q1017=
07/06/2025 23:00,METAR SBSC 072300Z 00000KT 9999 SCT030 BKN070 21/18 Q1017=
08/06/2025 00:00,METAR SBSC 080000Z 34002KT 9999 SCT030 BKN070 20/18 Q1017=
08/06/2025 01:00,METAR SBSC 080100Z 30003KT 9999 FEW045 BKN080 21/19 Q1017=
08/06/2025 02:00,METAR SBSC 080200Z 34003KT 9999 FEW035 20/18 Q1017=
08/06/2025 03:00,METAR SBSC 080300Z 36004KT 9999 FEW030 21/19 Q1016=
08/06/2025 04:00,METAR SBSC 080400Z 01005KT 9999 FEW030 21/19 Q1016=
08/06/2025 05:00,METAR SBSC 080500Z 35005KT 9999 FEW025 21/19 Q1016=
08/06/2025 06:00,METAR SBSC 080600Z 35004KT 9999 FEW025 20/18 Q1015=
08/06/2025 07:00,METAR SBSC 080700Z 36007KT 9999 FEW015 19/17 Q1015=
08/06/2025 08:00,METAR SBSC 080800Z 02006KT 9999 FEW008 19/17 Q1015=
08/06/2025 09:00,METAR SBSC 080900Z 01006KT 9999 FEW008 19/18 Q1014=
08/06/2025 10:00,METAR SBSC 081000Z 01006KT 9999 FEW015 20/18 Q1014=
08/06/2025 11:00,METAR SBSC 081100Z 31006KT CAVOK 23/19 Q1014=
08/06/2025 12:00,METAR SBSC 081200Z 32008KT CAVOK 25/19 Q1014=
08/06/2025 13:00,METAR SBSC 081300Z 30013KT CAVOK 25/18 Q1014=
08/06/2025 14:00,METAR SBSC 081400Z 29008KT CAVOK 26/19 Q1014=
08/06/2025 15:00,METAR SBSC 081500Z 18010KT CAVOK 25/19 Q1014=
08/06/2025 16:00,METAR SBSC 081600Z 17006KT CAVOK 24/19 Q1012=
08/06/2025 17:00,METAR SBSC 081700Z 21003KT 9999 FEW020 BKN083 24/19 Q1012=
08/06/2025 18:00,METAR SBSC 081800Z 34004KT 9999 FEW020 SCT040 BKN083 23/20 Q1010=
08/06/2025 19:00,METAR SBSC 081900Z 03003KT 9999 FEW020 BKN083 24/20 Q1011=
08/06/2025 20:00,METAR SBSC 082000Z 16003KT 9999 FEW030 BKN083 23/20 Q1011=
08/06/2025 21:00,METAR SBSC 082100Z 20003KT 9999 FEW030 BKN076 22/20 Q1011=
08/06/2025 22:00,METAR SBSC 082200Z 00000KT 9999 FEW030 SCT100 21/20 Q1012=
08/06/2025 23:00,METAR SBSC 082300Z 13001KT 9999 FEW030 SCT100 21/19 Q1013=
09/06/2025 00:00,METAR SBSC 090000Z 16003KT 9999 FEW030 SCT093 21/19 Q1014=
09/06/2025 01:00,METAR SBSC 090100Z 17005KT 5000 BR FEW010 SCT015 BKN050 22/20 Q1014=
09/06/2025 02:00,METAR SBSC 090200Z 19007KT 5000 BR FEW010 SCT015 BKN050 22/20 Q1014=
09/06/2025 03:00,METAR SBSC 090300Z 18006KT 5000 BR FEW010 SCT015 BKN050 22/20 Q1014=
09/06/2025 04:00,METAR SBSC 090400Z 17005KT 5000 BR FEW010 SCT015 BKN050 22/20 Q1014=
09/06/2025 05:00,METAR SBSC 090500Z 18007KT 5000 BR FEW010 SCT015 BKN050 21/19 Q1013=
09/06/2025 06:00,METAR SBSC 090600Z 16006KT 5000 BR FEW010 SCT015 BKN050 21/19 Q1013=
09/06/2025 07:00,METAR SBSC 090700Z 17006KT 3000 -RA BR FEW010 SCT015 BKN050 21/18 Q1013=
09/06/2025 08:00,METAR SBSC 090800Z 18007KT 5000 BR FEW010 SCT015 BKN050 20/18 Q1013=
09/06/2025 09:00,METAR SBSC 090900Z 16007KT 5000 BR FEW010 SCT015 BKN050 20/18 Q1014=
09/06/2025 10:00,METAR SBSC 091000Z 19003KT 5000 BR FEW010 SCT015 BKN050 20/18 Q1015=
09/06/2025 11:00,METAR SBSC 091100Z 17003KT 8000 FEW010 SCT015 BKN050 20/18 Q1016=
09/06/2025 12:00,METAR SBSC 091200Z 16004KT 8000 FEW015 SCT030 OVC070 21/19 Q1017=
09/06/2025 13:00,METAR SBSC 091300Z 32004KT 9999 SCT015 BKN100 21/19 Q1017=
09/06/2025 14:00,METAR SBSC 091400Z 32002KT 9999 SCT025 BKN100 21/19 Q1017=
09/06/2025 15:00,METAR SBSC 091500Z 20001KT 9999 SCT030 BKN100 21/18 Q1016=
09/06/2025 16:00,METAR SBSC 091600Z 19003KT 9999 SCT014 BKN020 BKN090 21/18 Q1015=
09/06/2025 17:00,METAR SBSC 091700Z 17008KT 9999 SCT015 BKN020 BKN100 21/18 Q1015=
09/06/2025 18:00,METAR SBSC 091800Z 16009KT 9999 FEW008 BKN024 BKN100 21/18 Q1015=
09/06/2025 19:00,METAR SBSC 091900Z 15006KT 9999 SCT010 BKN025 BKN100 21/17 Q1015=
09/06/2025 20:00,METAR SBSC 092000Z 15003KT 9999 VCSH BKN015 BKN025 BKN100 21/18 Q1015=
09/06/2025 21:00,METAR SBSC 092100Z 12004KT 9999 SCT020 BKN030 20/18 Q1016=
09/06/2025 22:00,METAR SBSC 092200Z 15002KT 9999 SCT020 BKN030 20/18 Q1016=
09/06/2025 23:00,NO DATA AVAILABLE
10/06/2025 00:00,NO DATA AVAILABLE
10/06/2025 01:00,NO DATA AVAILABLE
10/06/2025 02:00,NO DATA AVAILABLE
10/06/2025 03:00,NO DATA AVAILABLE
10/06/2025 04:00,NO DATA AVAILABLE
10/06/2025 05:00,NO DATA AVAILABLE
10/06/2025 06:00,NO DATA AVAILABLE
10/06/2025 07:00,NO DATA AVAILABLE
10/06/2025 08:00,NO DATA AVAILABLE
10/06/2025 09:00,NO DATA AVAILABLE
10/06/2025 10:00,NO DATA AVAILABLE
10/06/2025 11:00,NO DATA AVAILABLE
10/06/2025 12:00,METAR SBSC 101200Z 20005KT 9999 SCT007 BKN035 21/18 Q1019=
10/06/2025 13:00,METAR SBSC 101300Z 13010KT 3000 -RA BR BKN007 BKN015 OVC050 19/18 Q1019=
10/06/2025 14:00,METAR SBSC 101400Z 11009KT 5000 BR BKN007 BKN015 OVC050 20/18 Q1019=
10/06/2025 15:00,METAR SBSC 101500Z 12010KT 3000 -RA BR BKN007 BKN015 OVC050 19/17 Q1019=
10/06/2025 16:00,METAR SBSC 101600Z 18005KT 8000 SCT007 BKN015 OVC050 20/18 Q1019=
10/06/2025 17:00,METAR SBSC 101700Z 20007KT 8000 SCT007 BKN015 OVC050 20/17 Q1018=
10/06/2025 18:00,METAR SBSC 101800Z 20007KT 8000 SCT015 BKN050 21/15 Q1018=
10/06/2025 19:00,METAR SBSC 101900Z 18005KT 9999 SCT020 BKN050 21/15 Q1019=
10/06/2025 20:00,METAR SBSC 102000Z 17003KT 9999 FEW020 SCT050 19/16 Q1019=
10/06/2025 21:00,METAR SBSC 102100Z 17005KT 9999 FEW020 SCT050 18/15 Q1019=
10/06/2025 22:00,METAR SBSC 102200Z 11003KT 9999 FEW020 SCT050 19/16 Q1020=
10/06/2025 23:00,METAR SBSC 102300Z 24002KT 9999 FEW020 SCT050 18/16 Q1020=
11/06/2025 00:00,METAR SBSC 110000Z 00000KT 9999 FEW020 SCT050 16/14 Q1020=
11/06/2025 01:00,METAR SBSC 110100Z 33004KT 9999 FEW020 SCT050 17/15 Q1020=
11/06/2025 02:00,METAR SBSC 110200Z 35004KT 9999 FEW020 SCT050 17/15 Q1020=
11/06/2025 03:00,METAR SBSC 110300Z 32002KT 9999 FEW020 SCT050 17/15 Q1019=
11/06/2025 04:00,METAR SBSC 110400Z 31004KT 9000 FEW015 SCT040 16/15 Q1019=
11/06/2025 05:00,METAR SBSC 110500Z 33003KT 6000 -RA SCT015 BKN040 16/15 Q1019=
11/06/2025 06:00,METAR SBSC 110600Z 31002KT 6000 -RA SCT015 BKN040 16/15 Q1019=
11/06/2025 07:00,METAR SBSC 110700Z 29004KT 7000 SCT015 BKN040 16/15 Q1019=
11/06/2025 08:00,METAR SBSC 110800Z 28004KT 7000 SCT015 BKN040 16/15 Q1018=
11/06/2025 09:00,METAR SBSC 110900Z 35002KT 9000 SCT015 BKN040 16/15 Q1019=
11/06/2025 10:00,METAR SBSC 111000Z 35004KT 9999 FEW015 BKN040 17/16 Q1020=
11/06/2025 11:00,METAR SBSC 111100Z 34003KT 9999 FEW015 BKN050 18/17 Q1020=
11/06/2025 12:00,METAR SBSC 111200Z 23002KT 9999 FEW015 BKN050 20/18 Q1021=
11/06/2025 13:00,METAR SBSC 111300Z 21008KT 9999 FEW015 BKN020 22/16 Q1021=
11/06/2025 14:00,METAR SBSC 111400Z 20008KT 9999 FEW020 BKN030 22/16 Q1021=
11/06/2025 15:00,METAR SBSC 111500Z 20010KT 9999 FEW020 SCT030 21/16 Q1021=
11/06/2025 16:00,METAR SBSC 111600Z 20010KT 9999 FEW010 SCT025 BKN030 20/16 Q1021=
11/06/2025 17:00,METAR SBSC 111700Z 20012G23KT 9999 FEW010 BKN030 BKN060 20/15 Q1020=
11/06/2025 18:00,METAR SBSC 111800Z 20009KT 9999 VCSH FEW015 BKN035 BKN070 20/15 Q1021=
11/06/2025 19:00,METAR SBSC 111900Z 20008G19KT 9999 FEW012 BKN030 BKN080 20/14 Q1021 RERA=
11/06/2025 20:00,METAR SBSC 112000Z 20009G19KT 9999 VCSH BKN014 BKN035 BKN070 19/15 Q1021=
11/06/2025 21:00,METAR SBSC 112100Z 23009KT 9999 BKN014 BKN035 BKN070 18/15 Q1021=
11/06/2025 22:00,METAR SBSC 112200Z 20009KT 9999 BKN014 BKN035 19/15 Q1022=
11/06/2025 23:00,METAR SBSC 112300Z 18010KT 9999 BKN014 BKN035 20/12 Q1022=
12/06/2025 00:00,METAR SBSC 120000Z 19010KT 9999 BKN014 19/12 Q1023=
12/06/2025 01:00,METAR SBSC 120100Z 17011KT 8000 SCT015 BKN050 19/12 Q1023=
12/06/2025 02:00,METAR SBSC 120200Z 18010KT 8000 FEW010 SCT015 BKN050 19/11 Q1023=
12/06/2025 03:00,METAR SBSC 120300Z 18008KT 8000 FEW015 SCT050 19/11 Q1023=
12/06/2025 04:00,METAR SBSC 120400Z 19009KT 8000 FEW005 SCT015 BKN050 18/14 Q1023=
12/06/2025 05:00,METAR SBSC 120500Z 16012KT 3000 -RA BR SCT005 BKN015 OVC050 16/14 Q1023=
12/06/2025 06:00,METAR SBSC 120600Z 17012KT 5000 BR SCT005 BKN015 OVC050 16/14 Q1023=
12/06/2025 07:00,METAR SBSC 120700Z 18010KT 3000 -RA BR SCT005 BKN015 OVC050 16/14 Q1023=
12/06/2025 08:00,METAR SBSC 120800Z 16012KT 3000 -RA BR SCT005 BKN015 OVC050 16/14 Q1023=
12/06/2025 09:00,METAR SBSC 120900Z 17013KT 5000 BR SCT005 BKN015 OVC050 16/14 Q1023=
12/06/2025 10:00,METAR SBSC 121000Z 20005KT 3000 -RA BR BKN005 BKN015 OVC050 15/14 Q1023=
12/06/2025 11:00,METAR SBSC 121100Z 30003KT 3000 -RA BR FEW005 BKN010 OVC050 16/15 Q1024=
12/06/2025 12:00,METAR SBSC 121200Z 35004KT 3000 -RA BR FEW005 BKN010 OVC050 16/15 Q1025=
12/06/2025 13:00,METAR SBSC 121300Z 29004KT 8000 BKN014 BKN080 16/15 Q1025=
12/06/2025 14:00,METAR SBSC 121400Z 22002KT 9999 SCT010 SCT022 BKN100 18/15 Q1025=
12/06/2025 15:00,METAR SBSC 121500Z 18007KT 9999 FEW010 SCT020 BKN100 18/14 Q1024=
12/06/2025 16:00,METAR SBSC 121600Z 21003KT 9999 FEW009 SCT030 BKN100 19/14 Q1023=
12/06/2025 17:00,METAR SBSC 121700Z 22002KT 9999 FEW011 SCT030 BKN100 20/14 Q1023=
12/06/2025 18:00,METAR SBSC 121800Z 17005KT 9999 FEW011 BKN025 BKN070 20/14 Q1023=
12/06/2025 19:00,METAR SBSC 121900Z 11006KT 6000 SCT013 BKN025 BKN070 16/14 Q1023=
12/06/2025 20:00,METAR SBSC 122000Z 36003KT 9999 FEW013 SCT020 BKN100 16/15 Q1023=
12/06/2025 21:00,METAR SBSC 122100Z 36003KT 9999 SCT035 BKN100 16/14 Q1024=
12/06/2025 22:00,METAR SBSC 122200Z 32003KT 9999 SCT045 BKN100 16/14 Q1024=
12/06/2025 23:00,METAR SBSC 122300Z 35004KT 9999 SCT045 BKN100 15/14 Q1024=
13/06/2025 00:00,METAR SBSC 130000Z 36003KT 9999 SCT045 15/13 Q1024=
13/06/2025 01:00,METAR SBSC 130100Z 36002KT 9999 SCT045 14/13 Q1025=
13/06/2025 02:00,METAR SBSC 130200Z 35003KT 9999 SCT045 15/14 Q1025=
13/06/2025 03:00,METAR SBSC 130300Z 34004KT 9999 SCT040 15/13 Q1024=
13/06/2025 04:00,METAR SBSC 130400Z 35005KT 9999 SCT040 15/13 Q1024=
13/06/2025 05:00,METAR SBSC 130500Z 36005KT 8000 SCT040 14/13 Q1024=
13/06/2025 06:00,METAR SBSC 130600Z 02004KT 8000 SCT035 14/13 Q1024=
13/06/2025 07:00,METAR SBSC 130700Z 03003KT 8000 FEW020 14/13 Q1024=
13/06/2025 08:00,METAR SBSC 130800Z 36004KT 8000 FEW020 15/14 Q1024=
13/06/2025 09:00,METAR SBSC 130900Z 03005KT 9999 FEW015 15/14 Q1024=
13/06/2025 10:00,METAR SBSC 131000Z 02005KT 9999 FEW015 15/14 Q1024=
13/06/2025 11:00,METAR SBSC 131100Z 35005KT CAVOK 15/14 Q1026=
13/06/2025 12:00,METAR SBSC 131200Z 34004KT CAVOK 18/15 Q1027=
13/06/2025 13:00,METAR SBSC 131300Z 33005KT CAVOK 20/14 Q1027=
13/06/2025 14:00,METAR SBSC 131400Z 34005KT CAVOK 21/14 Q1026=
13/06/2025 15:00,METAR SBSC 131500Z 36005KT 9999 FEW017 22/14 Q1025=
13/06/2025 16:00,METAR SBSC 131600Z 01009KT 9999 SCT017 23/11 Q1025=
13/06/2025 17:00,METAR SBSC 131700Z 02009KT 9999 SCT020 24/11 Q1024=
13/06/2025 18:00,METAR SBSC 131800Z 04008KT 9999 FEW023 24/10 Q1024=
13/06/2025 19:00,METAR SBSC 131900Z 09010KT 9999 FEW030 22/13 Q1024=
13/06/2025 20:00,METAR SBSC 132000Z 08007KT 9999 FEW030 SCT040 21/13 Q1024=
13/06/2025 21:00,METAR SBSC 132100Z 07005KT 9999 FEW030 SCT050 20/13 Q1025=
13/06/2025 22:00,METAR SBSC 132200Z 06004KT 9999 SCT030 BKN055 19/13 Q1025=
13/06/2025 23:00,METAR SBSC 132300Z 04004KT 9999 SCT030 BKN055 18/13 Q1026=
14/06/2025 00:00,METAR SBSC 140000Z 36005KT 9999 SCT030 BKN055 18/12 Q1026=
14/06/2025 01:00,METAR SBSC 140100Z 34005KT 9999 FEW040 BKN080 17/13 Q1026=
14/06/2025 02:00,METAR SBSC 140200Z 35005KT CAVOK 16/12 Q1026=
14/06/2025 03:00,METAR SBSC 140300Z 35005KT CAVOK 16/12 Q1026=
14/06/2025 04:00,METAR SBSC 140400Z 33005KT CAVOK 15/12 Q1026=
14/06/2025 05:00,METAR SBSC 140500Z 35004KT CAVOK 15/12 Q1026=
14/06/2025 06:00,METAR SBSC 140600Z 01005KT CAVOK 14/12 Q1025=
14/06/2025 07:00,METAR SBSC 140700Z 36005KT 8000 FEW008 14/12 Q1025=
14/06/2025 08:00,METAR SBSC 140800Z 34004KT 8000 FEW008 14/12 Q1026=
14/06/2025 09:00,METAR SBSC 140900Z 35005KT CAVOK 13/12 Q1026=
14/06/2025 10:00,METAR SBSC 141000Z 35006KT CAVOK 13/12 Q1026=
14/06/2025 11:00,METAR SBSC 141100Z 01006KT CAVOK 15/14 Q1027=
14/06/2025 12:00,METAR SBSC 141200Z 34006KT CAVOK 19/14 Q1027=
14/06/2025 13:00,METAR SBSC 141300Z 35007KT 9999 FEW020 21/12 Q1027=
14/06/2025 14:00,METAR SBSC 141400Z 35008KT 9999 FEW025 22/12 Q1026=
14/06/2025 15:00,METAR SBSC 141500Z 01011KT 9999 FEW030 24/11 Q1025=
14/06/2025 16:00,METAR SBSC 141600Z 01010KT 9999 FEW040 25/11 Q1024=
14/06/2025 17:00,METAR SBSC 141700Z 01009KT 9999 FEW040 24/11 Q1023=
14/06/2025 18:00,METAR SBSC 141800Z 03008KT 9999 FEW040 24/10 Q1022=
14/06/2025 19:00,METAR SBSC 141900Z 04005KT 9999 FEW040 23/10 Q1023=
14/06/2025 20:00,METAR SBSC 142000Z 03004KT CAVOK 21/11 Q1023=
14/06/2025 21:00,METAR SBSC 142100Z 03004KT CAVOK 19/11 Q1023=
14/06/2025 22:00,METAR SBSC 142200Z 04005KT CAVOK 18/12 Q1023=
14/06/2025 23:00,METAR SBSC 142300Z 35005KT CAVOK 17/12 Q1023=
15/06/2025 00:00,METAR SBSC 150000Z 34005KT CAVOK 17/13 Q1023=
15/06/2025 01:00,METAR SBSC 150100Z 35006KT CAVOK 16/13 Q1023=
15/06/2025 02:00,METAR SBSC 150200Z 01005KT CAVOK 16/13 Q1023=
15/06/2025 03:00,METAR SBSC 150300Z 34004KT CAVOK 15/12 Q1023=
15/06/2025 04:00,METAR SBSC 150400Z 34005KT CAVOK 15/13 Q1023=
15/06/2025 05:00,METAR SBSC 150500Z 02006KT CAVOK 15/13 Q1022=
15/06/2025 06:00,METAR SBSC 150600Z 35006KT CAVOK 15/12 Q1021=
15/06/2025 07:00,METAR SBSC 150700Z 35005KT CAVOK 15/12 Q1021=
15/06/2025 08:00,METAR SBSC 150800Z 34007KT CAVOK 17/13 Q1021=
15/06/2025 09:00,METAR SBSC 150900Z 34006KT CAVOK 16/12 Q1021=
15/06/2025 10:00,METAR SBSC 151000Z 35007KT CAVOK 16/12 Q1021=
15/06/2025 11:00,METAR SBSC 151100Z 32010KT CAVOK 19/13 Q1022=
15/06/2025 12:00,METAR SBSC 151200Z 32010G23KT CAVOK 21/12 Q1022=
15/06/2025 13:00,METAR SBSC 151300Z 32011G23KT CAVOK 22/12 Q1022=
15/06/2025 14:00,METAR SBSC 151400Z 33016KT CAVOK 23/12 Q1021=
15/06/2025 15:00,METAR SBSC 151500Z 33013KT CAVOK 24/12 Q1020=
15/06/2025 16:00,METAR SBSC 151600Z 32012KT CAVOK 25/11 Q1020=
15/06/2025 17:00,METAR SBSC 151700Z 33012KT CAVOK 26/12 Q1020=
15/06/2025 18:00,METAR SBSC 151800Z 33011KT CAVOK 26/12 Q1020=
15/06/2025 19:00,METAR SBSC 151900Z 34008KT CAVOK 26/12 Q1020=
15/06/2025 20:00,METAR SBSC 152000Z 36006KT CAVOK 23/13 Q1020=
15/06/2025 21:00,METAR SBSC 152100Z 35007KT CAVOK 21/13 Q1019=
15/06/2025 22:00,METAR SBSC 152200Z 34007KT CAVOK 21/13 Q1019=
15/06/2025 23:00,METAR SBSC 152300Z 32007KT CAVOK 22/11 Q1019=
16/06/2025 00:00,METAR SBSC 160000Z 33009KT CAVOK 22/12 Q1020=
16/06/2025 01:00,METAR SBSC 160100Z 31005KT CAVOK 21/12 Q1020=
16/06/2025 02:00,METAR SBSC 160200Z 31007KT CAVOK 21/12 Q1020=
16/06/2025 03:00,METAR SBSC 160300Z 32007KT CAVOK 20/12 Q1020=
16/06/2025 04:00,METAR SBSC 160400Z 35008KT CAVOK 20/12 Q1020=
16/06/2025 05:00,METAR SBSC 160500Z 36008KT CAVOK 19/12 Q1020=
16/06/2025 06:00,METAR SBSC 160600Z 34009KT CAVOK 18/12 Q1019=
16/06/2025 07:00,METAR SBSC 160700Z 34010KT CAVOK 18/12 Q1020=
16/06/2025 08:00,METAR SBSC 160800Z 02008KT CAVOK 18/12 Q1020=
16/06/2025 09:00,METAR SBSC 160900Z 33007KT CAVOK 19/12 Q1021=
16/06/2025 10:00,METAR SBSC 161000Z 33008KT CAVOK 20/12 Q1021=
16/06/2025 11:00,METAR SBSC 161100Z 32004KT CAVOK 22/13 Q1022=
16/06/2025 12:00,METAR SBSC 161200Z 31003KT 9999 FEW011 24/14 Q1023=
16/06/2025 13:00,METAR SBSC 161300Z 34006KT CAVOK 26/13 Q1023=
16/06/2025 14:00,METAR SBSC 161400Z 36005KT CAVOK 27/13 Q1023=
16/06/2025 15:00,METAR SBSC 161500Z 04002KT CAVOK 27/13 Q1023=
16/06/2025 16:00,METAR SBSC 161600Z 15004KT CAVOK 27/12 Q1022=
16/06/2025 17:00,METAR SBSC 161700Z 16006KT CAVOK 26/13 Q1022=
16/06/2025 18:00,METAR SBSC 161800Z 15007KT CAVOK 26/14 Q1022=
16/06/2025 19:00,METAR SBSC 161900Z 15006KT CAVOK 25/15 Q1022=
16/06/2025 20:00,METAR SBSC 162000Z 15004KT CAVOK 23/15 Q1022=
16/06/2025 21:00,METAR SBSC 162100Z 14003KT CAVOK 19/15 Q1022=
16/06/2025 22:00,METAR SBSC 162200Z 17002KT CAVOK 18/15 Q1023=
16/06/2025 23:00,METAR SBSC 162300Z 23002KT CAVOK 17/15 Q1023=
17/06/2025 00:00,METAR SBSC 170000Z 25002KT CAVOK 16/15 Q1023=
17/06/2025 01:00,METAR SBSC 170100Z 35004KT CAVOK 15/14 Q1023=
17/06/2025 02:00,METAR SBSC 170200Z 35004KT CAVOK 16/15 Q1023=
17/06/2025 03:00,METAR SBSC 170300Z 36004KT CAVOK 15/14 Q1023=
17/06/2025 04:00,METAR SBSC 170400Z 36004KT CAVOK 14/14 Q1023=
17/06/2025 05:00,METAR SBSC 170500Z 35004KT CAVOK 14/13 Q1023=
17/06/2025 06:00,METAR SBSC 170600Z 02005KT CAVOK 14/13 Q1022=
17/06/2025 07:00,METAR SBSC 170700Z 03004KT CAVOK 14/13 Q1022=
17/06/2025 08:00,METAR SBSC 170800Z 36005KT 9999 FEW020 15/13 Q1022=
17/06/2025 09:00,METAR SBSC 170900Z 02006KT 9999 FEW020 16/14 Q1023=
17/06/2025 10:00,METAR SBSC 171000Z 03005KT 9999 FEW020 17/14 Q1023=
17/06/2025 11:00,METAR SBSC 171100Z 35005KT CAVOK 19/15 Q1023=
17/06/2025 12:00,METAR SBSC 171200Z 36006KT CAVOK 22/16 Q1023=
17/06/2025 13:00,METAR SBSC 171300Z 32008KT 9999 FEW025 24/15 Q1024=
17/06/2025 14:00,METAR SBSC 171400Z 32008KT 9999 FEW040 26/16 Q1023=
17/06/2025 15:00,METAR SBSC 171500Z 33011KT 9999 FEW040 27/15 Q1023=
17/06/2025 16:00,METAR SBSC 171600Z 34009KT 9999 FEW040 29/14 Q1022=
17/06/2025 17:00,METAR SBSC 171700Z 34008KT 9999 FEW045 29/12 Q1021=
17/06/2025 18:00,METAR SBSC 171800Z 33010KT CAVOK 29/12 Q1020=
17/06/2025 19:00,METAR SBSC 171900Z 36008KT CAVOK 28/13 Q1020=
17/06/2025 20:00,METAR SBSC 172000Z 02007KT CAVOK 26/14 Q1020=
17/06/2025 21:00,METAR SBSC 172100Z 02005KT CAVOK 23/13 Q1020=
17/06/2025 22:00,METAR SBSC 172200Z 30004KT CAVOK 21/14 Q1021=
17/06/2025 23:00,METAR SBSC 172300Z 31005KT CAVOK 21/14 Q1021=
18/06/2025 00:00,METAR SBSC 180000Z 02002KT CAVOK 19/14 Q1021=
18/06/2025 01:00,METAR SBSC 180100Z 36004KT CAVOK 18/15 Q1022=
18/06/2025 02:00,METAR SBSC 180200Z 35005KT CAVOK 17/14 Q1022=
18/06/2025 03:00,METAR SBSC 180300Z 36005KT CAVOK 17/14 Q1022=
18/06/2025 04:00,METAR SBSC 180400Z 35006KT CAVOK 17/14 Q1022=
18/06/2025 05:00,METAR SBSC 180500Z 01005KT CAVOK 17/14 Q1022=
18/06/2025 06:00,METAR SBSC 180600Z 35005KT CAVOK 16/14 Q1021=
18/06/2025 07:00,METAR SBSC 180700Z 36005KT CAVOK 16/14 Q1021=
18/06/2025 08:00,METAR SBSC 180800Z 36006KT CAVOK 16/14 Q1021=
18/06/2025 09:00,METAR SBSC 180900Z 01007KT CAVOK 18/15 Q1021=
18/06/2025 10:00,METAR SBSC 181000Z 35007KT CAVOK 19/16 Q1022=
18/06/2025 11:00,METAR SBSC 181100Z 34006KT CAVOK 21/17 Q1023=
18/06/2025 12:00,METAR SBSC 181200Z 33010KT CAVOK 23/16 Q1023=
18/06/2025 13:00,METAR SBSC 181300Z 32012G24KT 280V360 CAVOK 25/16 Q1022=
18/06/2025 14:00,METAR SBSC 181400Z 32011G22KT 290V360 CAVOK 26/15 Q1021=
18/06/2025 15:00,METAR SBSC 181500Z 33012G22KT 290V360 CAVOK 28/14 Q1021=
18/06/2025 16:00,METAR SBSC 181600Z 33011G21KT CAVOK 29/15 Q1020=
18/06/2025 17:00,METAR COR SBSC 181700Z 35011G21KT 320V020 CAVOK 29/14 Q1019=
18/06/2025 18:00,METAR SBSC 181800Z 34011G21KT CAVOK 29/14 Q1018=
18/06/2025 19:00,METAR SBSC 181900Z 35009KT CAVOK 29/14 Q1018=
18/06/2025 20:00,METAR SBSC 182000Z 34006KT CAVOK 26/14 Q1018=
18/06/2025 21:00,METAR SBSC 182100Z 32005KT CAVOK 25/14 Q1019=
18/06/2025 22:00,METAR SBSC 182200Z 01003KT CAVOK 21/15 Q1019=
18/06/2025 23:00,METAR SBSC 182300Z 30004KT CAVOK 23/15 Q1019=
19/06/2025 00:00,METAR SBSC 190000Z 34003KT CAVOK 21/15 Q1020=
19/06/2025 01:00,METAR SBSC 190100Z 29003KT CAVOK 22/15 Q1020=
19/06/2025 02:00,METAR SBSC 190200Z 28003KT CAVOK 22/16 Q1020=
19/06/2025 03:00,METAR SBSC 190300Z 33003KT CAVOK 19/15 Q1020=
19/06/2025 04:00,METAR SBSC 190400Z 36005KT CAVOK 19/16 Q1020=
19/06/2025 05:00,METAR SBSC 190500Z 33004KT CAVOK 19/16 Q1020=
19/06/2025 06:00,METAR SBSC 190600Z 33006KT CAVOK 19/16 Q1019=
19/06/2025 07:00,METAR SBSC 190700Z 36006KT CAVOK 19/16 Q1020=
19/06/2025 08:00,METAR SBSC 190800Z 02007KT CAVOK 20/16 Q1020=
19/06/2025 09:00,METAR SBSC 190900Z 31007KT CAVOK 21/16 Q1020=
19/06/2025 10:00,METAR SBSC 191000Z 31008KT CAVOK 21/16 Q1020=
19/06/2025 11:00,METAR SBSC 191100Z 32006KT CAVOK 23/16 Q1021=
19/06/2025 12:00,METAR SBSC 191200Z 32009KT CAVOK 25/16 Q1022=
19/06/2025 13:00,METAR SBSC 191300Z 32010KT CAVOK 26/17 Q1022=
19/06/2025 14:00,METAR SBSC 191400Z 32009KT CAVOK 27/16 Q1021=
19/06/2025 15:00,METAR SBSC 191500Z 32007KT CAVOK 28/16 Q1021=
19/06/2025 16:00,METAR SBSC 191600Z 34007KT CAVOK 30/16 Q1019=
19/06/2025 17:00,METAR SBSC 191700Z 32005KT CAVOK 30/15 Q1019=
19/06/2025 18:00,METAR SBSC 191800Z 35002KT CAVOK 31/13 Q1018=
19/06/2025 19:00,METAR SBSC 191900Z 33003KT CAVOK 29/15 Q1019=
19/06/2025 20:00,METAR SBSC 192000Z 36003KT CAVOK 26/16 Q1019=
19/06/2025 21:00,METAR SBSC 192100Z 22003KT CAVOK 22/18 Q1019=
19/06/2025 22:00,METAR SBSC 192200Z 25002KT CAVOK 21/18 Q1019=
19/06/2025 23:00,METAR SBSC 192300Z 27003KT CAVOK 20/19 Q1020=
20/06/2025 00:00,METAR SBSC 200000Z 01003KT CAVOK 18/17 Q1021=
20/06/2025 01:00,METAR SBSC 200100Z 36004KT CAVOK 19/17 Q1021=
20/06/2025 02:00,METAR SBSC 200200Z 34002KT CAVOK 18/17 Q1021=
20/06/2025 03:00,METAR SBSC 200300Z 36004KT CAVOK 18/16 Q1020=
20/06/2025 04:00,METAR SBSC 200400Z 36005KT CAVOK 18/16 Q1020=
20/06/2025 05:00,METAR SBSC 200500Z 34001KT CAVOK 18/15 Q1020=
20/06/2025 06:00,METAR SBSC 200600Z 35004KT CAVOK 17/15 Q1019=
20/06/2025 07:00,METAR SBSC 200700Z 36006KT CAVOK 17/15 Q1019=
20/06/2025 08:00,METAR SBSC 200800Z 01004KT CAVOK 17/15 Q1019=
20/06/2025 09:00,METAR SBSC 200900Z 02006KT CAVOK 18/16 Q1019=
20/06/2025 10:00,METAR SBSC 201000Z 35005KT CAVOK 18/15 Q1019=
20/06/2025 11:00,METAR SBSC 201100Z 33005KT CAVOK 21/17 Q1019=
20/06/2025 12:00,METAR SBSC 201200Z 31008KT CAVOK 25/16 Q1020=
20/06/2025 13:00,METAR SBSC 201300Z 32009KT CAVOK 26/15 Q1020=
20/06/2025 14:00,METAR SBSC 201400Z 32008KT CAVOK 27/16 Q1019=
20/06/2025 15:00,METAR SBSC 201500Z 33009KT CAVOK 28/16 Q1018=
20/06/2025 16:00,METAR SBSC 201600Z 33009KT CAVOK 29/14 Q1016=
20/06/2025 17:00,METAR SBSC 201700Z 32007KT CAVOK 30/14 Q1015=
20/06/2025 18:00,METAR SBSC 201800Z 33005KT CAVOK 29/15 Q1015=
20/06/2025 19:00,METAR SBSC 201900Z 33005KT CAVOK 29/14 Q1014=
20/06/2025 20:00,METAR SBSC 202000Z 01002KT CAVOK 28/16 Q1014=
20/06/2025 21:00,METAR SBSC 202100Z 19001KT CAVOK 21/18 Q1015=
20/06/2025 22:00,METAR SBSC 202200Z 00000KT CAVOK 20/18 Q1015=
20/06/2025 23:00,METAR SBSC 202300Z 36003KT CAVOK 21/17 Q1016=
21/06/2025 00:00,METAR SBSC 210000Z 32003KT CAVOK 20/17 Q1016=
21/06/2025 01:00,METAR SBSC 210100Z 32008KT CAVOK 22/15 Q1016=
21/06/2025 02:00,METAR SBSC 210200Z 32007KT CAVOK 22/15 Q1016=
21/06/2025 03:00,METAR SBSC 210300Z 31006KT CAVOK 22/15 Q1016=
21/06/2025 04:00,METAR SBSC 210400Z 33007KT CAVOK 21/14 Q1016=
21/06/2025 05:00,METAR SBSC 210500Z 29006KT CAVOK 21/14 Q1015=
21/06/2025 06:00,METAR SBSC 210600Z 34004KT CAVOK 21/14 Q1015=
21/06/2025 07:00,METAR SBSC 210700Z 01006KT CAVOK 20/13 Q1015=
21/06/2025 08:00,METAR SBSC 210800Z 35012KT CAVOK 20/13 Q1013=
21/06/2025 09:00,METAR SBSC 210900Z 35007KT CAVOK 21/14 Q1013=
21/06/2025 10:00,METAR SBSC 211000Z 34008KT CAVOK 22/14 Q1013=
21/06/2025 11:00,METAR COR SBSC 211100Z 35009KT 9999 FEW015 23/14 Q1013=
21/06/2025 12:00,METAR SBSC 211200Z 34009KT 9999 FEW015 25/15 Q1014=
21/06/2025 13:00,METAR SBSC 211300Z 33009KT CAVOK 27/14 Q1014=
21/06/2025 14:00,METAR SBSC 211400Z 20008KT CAVOK 26/18 Q1015=
21/06/2025 15:00,METAR SBSC 211500Z 18007KT 9999 FEW015 25/20 Q1015=
21/06/2025 16:00,METAR SBSC 211600Z 17008KT 9999 FEW015 SCT080 24/20 Q1014=
21/06/2025 17:00,METAR SBSC 211700Z 16010KT CAVOK 25/19 Q1013=
21/06/2025 18:00,METAR SBSC 211800Z 16010KT 9999 FEW015 24/18 Q1013=
21/06/2025 19:00,METAR SBSC 211900Z 15010KT 9999 SCT015 23/18 Q1014=
21/06/2025 20:00,METAR SBSC 212000Z 15007KT 9999 SCT015 22/18 Q1014=
21/06/2025 21:00,METAR SBSC 212100Z 14004KT 9999 SCT015 21/18 Q1015=
21/06/2025 22:00,METAR SBSC 212200Z 13004KT 9999 SCT015 21/18 Q1015=
21/06/2025 23:00,METAR SBSC 212300Z 10002KT 9999 SCT015 21/18 Q1015=
22/06/2025 00:00,METAR SBSC 220000Z 02002KT 9999 SCT015 20/18 Q1015=
22/06/2025 01:00,METAR SBSC 220100Z 32002KT 9999 SCT020 19/17 Q1016=
22/06/2025 02:00,METAR SBSC 220200Z 31002KT 9999 FEW020 18/16 Q1015=
22/06/2025 03:00,METAR SBSC 220300Z 33002KT 9999 FEW020 18/16 Q1015=
22/06/2025 04:00,METAR SBSC 220400Z 36004KT CAVOK 17/16 Q1015=
22/06/2025 05:00,METAR SBSC 220500Z 36004KT CAVOK 17/16 Q1014=
22/06/2025 06:00,METAR SBSC 220600Z 36004KT CAVOK 17/16 Q1013=
22/06/2025 07:00,METAR SBSC 220700Z 01003KT CAVOK 17/16 Q1013=
22/06/2025 08:00,METAR SBSC 220800Z 01004KT CAVOK 17/16 Q1013=
22/06/2025 09:00,METAR SBSC 220900Z 36005KT CAVOK 17/16 Q1013=
22/06/2025 10:00,METAR SBSC 221000Z 36005KT CAVOK 17/16 Q1014=
22/06/2025 11:00,METAR SBSC 221100Z 35006KT CAVOK 19/17 Q1014=
22/06/2025 12:00,METAR SBSC 221200Z 35008KT CAVOK 20/17 Q1014=
22/06/2025 13:00,METAR SBSC 221300Z 33005KT 9999 FEW030 BKN070 23/18 Q1015=
22/06/2025 14:00,METAR SBSC 221400Z 18007KT 9999 FEW030 BKN070 23/19 Q1015=
22/06/2025 15:00,METAR SBSC 221500Z 19007KT 9999 SCT030 BKN070 23/19 Q1014=
22/06/2025 16:00,METAR SBSC 221600Z 17007KT 9999 SCT030 BKN070 24/19 Q1013=
22/06/2025 17:00,METAR COR SBSC 221700Z 16007KT 9999 SCT030 BKN070 24/18 Q1013=
22/06/2025 18:00,METAR SBSC 221800Z 15005KT 9999 SCT030 BKN070 23/18 Q1013=
22/06/2025 19:00,METAR SBSC 221900Z 15006KT 9999 FEW030 BKN100 23/18 Q1013=
22/06/2025 20:00,METAR SBSC 222000Z 15004KT 9999 FEW030 BKN100 22/18 Q1013=
22/06/2025 21:00,METAR SBSC 222100Z 16002KT CAVOK 20/18 Q1013=
22/06/2025 22:00,METAR SBSC 222200Z VRB01KT CAVOK 19/17 Q1013=
22/06/2025 23:00,METAR SBSC 222300Z 33001KT CAVOK 19/17 Q1013=
23/06/2025 00:00,METAR SBSC 230000Z 34004KT 9999 FEW040 BKN100 18/17 Q1013=
23/06/2025 01:00,METAR SBSC 230100Z 35004KT 9999 FEW040 BKN100 18/17 Q1013=
23/06/2025 02:00,METAR SBSC 230200Z 36005KT 8000 SCT015 BKN050 19/18 Q1013=
23/06/2025 03:00,METAR SBSC 230300Z 01005KT 8000 SCT015 BKN050 19/18 Q1013=
23/06/2025 04:00,METAR SBSC 230400Z 36006KT 8000 SCT015 BKN050 19/18 Q1012=
23/06/2025 05:00,METAR SBSC 230500Z 35007KT 8000 SCT015 BKN050 19/18 Q1012=
23/06/2025 06:00,METAR SBSC 230600Z 36006KT 8000 SCT015 BKN050 18/17 Q1011=
23/06/2025 07:00,METAR SBSC 230700Z 01007KT 8000 SCT015 BKN050 18/17 Q1011=
23/06/2025 08:00,METAR SBSC 230800Z 01008KT 8000 SCT015 BKN050 18/17 Q1011=
23/06/2025 09:00,METAR SBSC 230900Z 36006KT 8000 SCT015 BKN050 19/17 Q1011=
23/06/2025 10:00,METAR SBSC 231000Z 36006KT 8000 SCT015 BKN050 21/16 Q1012=
23/06/2025 11:00,METAR SBSC 231100Z 30008KT 9999 FEW030 BKN070 24/16 Q1012=
23/06/2025 12:00,METAR SBSC 231200Z 31009KT 9999 FEW030 BKN070 25/16 Q1012=
23/06/2025 13:00,METAR SBSC 231300Z 32012G22KT 9999 FEW030 BKN065 26/16 Q1012=
23/06/2025 14:00,METAR SBSC 231400Z 34010KT 9999 FEW030 BKN070 28/16 Q1011=
23/06/2025 15:00,METAR SBSC 231500Z 35011KT 9999 FEW030 BKN070 30/15 Q1009=
23/06/2025 16:00,METAR SBSC 231600Z 35011G22KT CAVOK 31/15 Q1007=
23/06/2025 17:00,METAR SBSC 231700Z 35009KT CAVOK 32/15 Q1007=
23/06/2025 18:00,METAR SBSC 231800Z 33011KT CAVOK 31/16 Q1007=
23/06/2025 19:00,METAR SBSC 231900Z 35005KT CAVOK 32/16 Q1007=
23/06/2025 20:00,METAR SBSC 232000Z 29005KT CAVOK 30/16 Q1008=
23/06/2025 21:00,METAR SBSC 232100Z 32004KT CAVOK 28/17 Q1009=
23/06/2025 22:00,METAR SBSC 232200Z 19004KT CAVOK 24/18 Q1011=
23/06/2025 23:00,METAR SBSC 232300Z 12003KT CAVOK 23/18 Q1012=
24/06/2025 00:00,METAR SBSC 240000Z 04004KT 9999 FEW035 SCT081 22/18 Q1012=
24/06/2025 01:00,METAR SBSC 240100Z 36005KT 9999 FEW020 SCT070 21/18 Q1012=
24/06/2025 02:00,METAR SBSC 240200Z 36007KT 9999 FEW020 SCT070 21/18 Q1011=
24/06/2025 03:00,METAR SBSC 240300Z 35008KT 9999 FEW020 BKN060 21/18 Q1010=
24/06/2025 04:00,METAR SBSC 240400Z 32008KT 9999 FEW020 BKN060 21/18 Q1010=
24/06/2025 05:00,METAR SBSC 240500Z 30007KT 9999 FEW020 BKN060 21/18 Q1010=
24/06/2025 06:00,METAR SBSC 240600Z 28006KT 9999 FEW020 BKN030 21/18 Q1010=
24/06/2025 07:00,METAR SBSC 240700Z 27007KT 8000 FEW020 BKN030 21/18 Q1010=
24/06/2025 08:00,METAR SBSC 240800Z 24007KT 8000 FEW015 BKN030 21/18 Q1010=
24/06/2025 09:00,METAR SBSC 240900Z 18011KT 9000 FEW012 BKN030 21/19 Q1012=
24/06/2025 10:00,METAR SBSC 241000Z 18012G24KT 9000 SCT010 BKN020 20/17 Q1014=
24/06/2025 11:00,METAR COR SBSC 241100Z 17012G22KT 9000 FEW007 SCT015 BKN025 20/17 Q1016=
24/06/2025 12:00,METAR SBSC 241200Z 18009KT 9999 FEW010 SCT020 BKN030 20/17 Q1016=
24/06/2025 13:00,METAR SBSC 241300Z 17011KT 9999 FEW010 SCT020 BKN030 20/17 Q1017=
24/06/2025 14:00,METAR SBSC 241400Z 18012G23KT 7000 SCT008 BKN020 19/16 Q1018=
24/06/2025 15:00,METAR SBSC 241500Z 17013G25KT 9999 SCT015 BKN025 18/13 Q1018=
24/06/2025 16:00,METAR SBSC 241600Z 18014G26KT 9999 SCT015 BKN025 18/15 Q1018=
24/06/2025 17:00,METAR SBSC 241700Z 17014G27KT 9999 SCT015 BKN025 18/14 Q1018=
24/06/2025 18:00,METAR SBSC 241800Z 17011G22KT 9999 SCT015 SCT023 BKN030 18/14 Q1018=
24/06/2025 20:00,METAR SBSC 242000Z 17009KT 6000 SCT010 BKN020 OVC030 18/13 Q1020=
24/06/2025 21:00,METAR SBSC 242100Z 17008KT 6000 SCT010 BKN020 OVC030 18/13 Q1020=
24/06/2025 22:00,METAR SBSC 242200Z 17007KT 6000 SCT010 BKN020 OVC030 18/13 Q1021=
24/06/2025 23:00,METAR SBSC 242300Z 18006KT 5000 BR SCT010 BKN020 OVC030 17/14 Q1022=
25/06/2025 00:00,METAR SBSC 250000Z 17005KT 5000 BR SCT010 BKN020 OVC030 17/14 Q1022=
25/06/2025 01:00,METAR SBSC 250100Z 24002KT 6000 SCT010 BKN020 OVC030 18/13 Q1023=
25/06/2025 02:00,METAR SBSC 250200Z 33004KT 6000 SCT010 BKN020 OVC030 16/14 Q1023=
25/06/2025 03:00,METAR SBSC 250300Z 33003KT 6000 SCT010 BKN020 OVC030 16/15 Q1023=
25/06/2025 04:00,METAR SBSC 250400Z 01002KT 6000 SCT010 BKN020 OVC030 16/14 Q1023=
25/06/2025 05:00,METAR SBSC 250500Z 03002KT 7000 SCT010 BKN020 OVC030 15/13 Q1023=
25/06/2025 06:00,METAR SBSC 250600Z 35003KT 7000 SCT010 BKN020 OVC030 15/14 Q1023=
25/06/2025 07:00,METAR SBSC 250700Z 00000KT 7000 SCT010 BKN020 OVC030 15/13 Q1022=
25/06/2025 08:00,METAR SBSC 250800Z 06001KT 7000 SCT010 BKN020 OVC030 13/12 Q1022=
25/06/2025 09:00,METAR SBSC 250900Z 32002KT 9999 FEW010 SCT020 12/11 Q1023=
25/06/2025 10:00,METAR SBSC 251000Z 35003KT 9999 FEW010 SCT071 12/11 Q1024=
25/06/2025 11:00,METAR SBSC 251100Z 36003KT 9000 4000N FEW020 SCT071 15/14 Q1024=
25/06/2025 12:00,METAR SBSC 251200Z 36003KT 9999 FEW010 17/15 Q1025=
25/06/2025 13:00,METAR SBSC 251300Z 02002KT 9999 SCT010 20/11 Q1025=
25/06/2025 14:00,METAR SBSC 251400Z 32002KT 9999 SCT030 21/10 Q1025=
25/06/2025 15:00,METAR SBSC 251500Z 05004KT 9999 SCT030 21/10 Q1024=
25/06/2025 16:00,METAR SBSC 251600Z 03006KT 9999 SCT030 23/11 Q1023=
25/06/2025 17:00,METAR SBSC 251700Z 35005KT 9999 SCT040 22/11 Q1022=
25/06/2025 18:00,METAR SBSC 251800Z 01006KT 9999 FEW040 23/10 Q1021=
25/06/2025 19:00,METAR SBSC 251900Z 03007KT CAVOK 22/11 Q1021=
25/06/2025 20:00,METAR SBSC 252000Z 07007KT 9999 SCT030 21/11 Q1021=
25/06/2025 21:00,METAR SBSC 252100Z 07004KT CAVOK 19/12 Q1021=
25/06/2025 22:00,METAR SBSC 252200Z 07003KT CAVOK 16/11 Q1022=
25/06/2025 23:00,METAR SBSC 252300Z 01003KT CAVOK 15/12 Q1022=
26/06/2025 00:00,METAR SBSC 260000Z 36003KT CAVOK 15/12 Q1022=
26/06/2025 01:00,METAR SBSC 260100Z 01003KT CAVOK 14/12 Q1023=
26/06/2025 02:00,METAR SBSC 260200Z 36004KT CAVOK 14/12 Q1022=
26/06/2025 03:00,METAR SBSC 260300Z 35004KT CAVOK 14/12 Q1022=
26/06/2025 04:00,METAR SBSC 260400Z 31005KT CAVOK 14/12 Q1021=
26/06/2025 05:00,METAR SBSC 260500Z 33003KT CAVOK 13/11 Q1021=
26/06/2025 06:00,METAR SBSC 260600Z 01005KT CAVOK 13/11 Q1021=
26/06/2025 07:00,METAR SBSC 260700Z 33004KT CAVOK 13/11 Q1020=
26/06/2025 08:00,METAR SBSC 260800Z 34012KT CAVOK 16/12 Q1019=
26/06/2025 09:00,METAR SBSC 260900Z 35010KT CAVOK 16/13 Q1019=
26/06/2025 10:00,METAR SBSC 261000Z 34008KT CAVOK 17/13 Q1019=
26/06/2025 11:00,METAR SBSC 261100Z 33011KT CAVOK 20/13 Q1020=
26/06/2025 12:00,METAR SBSC 261200Z 33013KT CAVOK 22/13 Q1020=
26/06/2025 13:00,METAR SBSC 261300Z 33014G24KT CAVOK 24/14 Q1020=
26/06/2025 14:00,METAR SBSC 261400Z 33015G26KT CAVOK 25/14 Q1019=
26/06/2025 15:00,METAR SBSC 261500Z 33017G27KT CAVOK 26/14 Q1018=
26/06/2025 16:00,METAR SBSC 261600Z 33012G23KT CAVOK 27/14 Q1017=
26/06/2025 17:00,METAR SBSC 261700Z 33012KT CAVOK 27/15 Q1016=
26/06/2025 18:00,NO DATA AVAILABLE
26/06/2025 19:00,METAR SBSC 261900Z 33008KT CAVOK 28/15 Q1015=
26/06/2025 20:00,METAR SBSC 262000Z 32005KT CAVOK 26/16 Q1015=
26/06/2025 21:00,METAR SBSC 262100Z 32006KT CAVOK 25/16 Q1015=
26/06/2025 22:00,METAR SBSC 262200Z 30006KT CAVOK 24/16 Q1016=
26/06/2025 23:00,METAR SBSC 262300Z 31004KT CAVOK 23/16 Q1016=
27/06/2025 00:00,METAR SBSC 270000Z 30005KT CAVOK 23/16 Q1016=
27/06/2025 01:00,METAR SBSC 270100Z 32009KT CAVOK 24/16 Q1017=
27/06/2025 02:00,METAR SBSC 270200Z 31010KT CAVOK 23/16 Q1017=
27/06/2025 03:00,METAR SBSC 270300Z 32008KT CAVOK 23/16 Q1016=
27/06/2025 04:00,METAR SBSC 270400Z 33010KT CAVOK 22/15 Q1016=
27/06/2025 05:00,METAR SBSC 270500Z 34009KT CAVOK 22/15 Q1016=
27/06/2025 06:00,METAR SBSC 270600Z 36008KT 9999 FEW020 21/14 Q1016=
27/06/2025 07:00,METAR SBSC 270700Z 02008KT 9999 FEW020 21/15 Q1016=
27/06/2025 08:00,METAR SBSC 270800Z 35010KT 9999 FEW015 22/15 Q1015=
27/06/2025 09:00,METAR SBSC 270900Z 01009KT 9999 FEW015 23/16 Q1015=
27/06/2025 10:00,METAR SBSC 271000Z 02009KT 9999 FEW015 24/16 Q1015=
27/06/2025 11:00,METAR SBSC 271100Z 20003KT CAVOK 23/18 Q1017=
27/06/2025 12:00,METAR SBSC 271200Z 23006KT CAVOK 24/18 Q1019=
27/06/2025 13:00,METAR SBSC 271300Z 20007KT CAVOK 25/17 Q1021=
27/06/2025 14:00,METAR SBSC 271400Z 21005KT 9999 FEW030 BKN070 27/17 Q1020=
27/06/2025 15:00,METAR SBSC 271500Z 18005KT CAVOK 27/17 Q1020=
27/06/2025 16:00,METAR SBSC 271600Z 31002KT CAVOK 29/16 Q1018=
27/06/2025 17:00,METAR COR SBSC 271700Z 15005KT CAVOK 29/15 Q1018=
27/06/2025 18:00,METAR SBSC 271800Z 31003KT 9999 FEW020 BKN070 27/17 Q1018=
27/06/2025 19:00,METAR SBSC 271900Z 14009KT 9999 FEW030 BKN080 26/18 Q1018=
27/06/2025 20:00,METAR SBSC 272000Z 18008KT 9999 FEW030 SCT100 23/19 Q1020=
27/06/2025 21:00,METAR SBSC 272100Z 16008KT 9999 FEW030 SCT100 22/19 Q1020=
27/06/2025 22:00,METAR SBSC 272200Z 17007KT 9999 FEW030 SCT100 22/19 Q1021=
27/06/2025 23:00,METAR SBSC 272300Z 15003KT 9999 FEW030 BKN080 22/20 Q1021=
28/06/2025 00:00,METAR SBSC 280000Z 18003KT 9999 FEW015 BKN040 21/19 Q1022=
28/06/2025 02:00,METAR SBSC 280200Z 13002KT 8000 SCT007 BKN015 OVC040 21/20 Q1022=
28/06/2025 02:00,METAR SBSC 280200Z 13002KT 8000 SCT007 BKN015 OVC040 21/20 Q1022=
28/06/2025 03:00,METAR SBSC 280300Z 12003KT 8000 SCT007 BKN015 OVC040 21/19 Q1022=
28/06/2025 04:00,METAR SBSC 280400Z 13005KT 8000 SCT007 BKN015 OVC040 21/19 Q1022=
28/06/2025 05:00,METAR SBSC 280500Z 15005KT 8000 SCT007 BKN015 OVC040 20/19 Q1022=
28/06/2025 06:00,METAR SBSC 280600Z 14006KT 8000 SCT007 BKN015 OVC040 20/19 Q1022=
28/06/2025 07:00,METAR SBSC 280700Z 13006KT 8000 SCT007 BKN015 OVC040 19/17 Q1021=
28/06/2025 08:00,METAR SBSC 280800Z 18005KT 8000 SCT007 BKN015 OVC040 19/17 Q1021=
28/06/2025 09:00,METAR SBSC 280900Z 18006KT 8000 SCT007 BKN015 OVC040 20/18 Q1022=
28/06/2025 10:00,METAR SBSC 281000Z 00000KT 5000 BR SCT007 BKN015 OVC040 21/19 Q1022=
28/06/2025 11:00,METAR SBSC 281100Z 33002KT 8000 FEW007 SCT015 BKN040 22/20 Q1023=
28/06/2025 12:00,METAR SBSC 281200Z 34004KT 9999 FEW040 SCT070 24/20 Q1023=
28/06/2025 13:00,METAR SBSC 281300Z 35008KT 8000 FEW030 25/20 Q1023=
28/06/2025 14:00,METAR SBSC 281400Z 35007KT 300V040 9999 FEW020 27/19 Q1022=
28/06/2025 15:00,METAR SBSC 281500Z 34008KT 280V050 9999 FEW015 SCT025 28/18 Q1021=
28/06/2025 16:00,METAR SBSC 281600Z 33007KT 270V030 9999 FEW015 SCT025 28/17 Q1020=
28/06/2025 17:00,METAR SBSC 281700Z 34005KT 270V030 9999 FEW015 SCT025 28/16 Q1019=
28/06/2025 18:00,METAR SBSC 281800Z 10010KT 9999 FEW040 29/19 Q1018=
28/06/2025 19:00,METAR SBSC 281900Z 08009KT CAVOK 27/20 Q1018=
28/06/2025 20:00,METAR SBSC 282000Z 07008KT CAVOK 27/18 Q1018=
28/06/2025 21:00,METAR SBSC 282100Z 06004KT CAVOK 24/19 Q1018=
28/06/2025 22:00,METAR SBSC 282200Z 36005KT CAVOK 23/19 Q1018=
28/06/2025 23:00,METAR SBSC 282300Z 01007KT CAVOK 22/19 Q1018=
29/06/2025 00:00,METAR SBSC 290000Z 36006KT CAVOK 22/19 Q1018=
29/06/2025 01:00,METAR SBSC 290100Z 36008KT CAVOK 21/19 Q1017=
29/06/2025 02:00,METAR COR SBSC 290200Z 33010G21KT CAVOK 23/17 Q1017=
29/06/2025 03:00,METAR SBSC 290300Z 34013KT CAVOK 23/17 Q1016=
29/06/2025 04:00,METAR SBSC 290400Z 33013KT CAVOK 23/17 Q1016=
29/06/2025 05:00,METAR SBSC 290500Z 34014KT CAVOK 23/17 Q1016=
29/06/2025 06:00,METAR SBSC 290600Z 33013KT CAVOK 22/17 Q1016=
29/06/2025 07:00,METAR SBSC 290700Z 34013KT CAVOK 22/17 Q1015=
29/06/2025 08:00,METAR SBSC 290800Z 34014KT CAVOK 22/17 Q1015=
29/06/2025 09:00,METAR SBSC 290900Z 33013KT CAVOK 23/16 Q1015=
29/06/2025 10:00,METAR SBSC 291000Z 33015G27KT CAVOK 23/16 Q1015=
29/06/2025 11:00,METAR SBSC 291100Z 33015KT CAVOK 24/16 Q1016=
29/06/2025 12:00,METAR SBSC 291200Z 32016G26KT CAVOK 26/16 Q1016=
29/06/2025 13:00,METAR SBSC 291300Z 32013G24KT 9999 FEW015 27/16 Q1016=
29/06/2025 14:00,METAR SBSC 291400Z 32013G23KT CAVOK 28/16 Q1017=
29/06/2025 15:00,METAR SBSC 291500Z 32010KT CAVOK 30/16 Q1016=
29/06/2025 16:00,METAR SBSC 291600Z 32009KT CAVOK 21/16 Q1015=
29/06/2025 17:00,METAR SBSC 291700Z 34008KT CAVOK 32/16 Q1015=
29/06/2025 18:00,METAR SBSC 291800Z 35007KT CAVOK 32/16 Q1014=
29/06/2025 19:00,METAR SBSC 291900Z 17007KT CAVOK 27/19 Q1015=
29/06/2025 20:00,METAR SBSC 292000Z 21003KT CAVOK 25/19 Q1015=
29/06/2025 21:00,METAR SBSC 292100Z 15003KT CAVOK 22/19 Q1016=
29/06/2025 22:00,METAR SBSC 292200Z 13002KT CAVOK 21/18 Q1016=
29/06/2025 23:00,METAR SBSC 292300Z 33005KT CAVOK 21/19 Q1016=
30/06/2025 00:00,METAR SBSC 300000Z 36004KT CAVOK 21/18 Q1016=
30/06/2025 01:00,METAR SBSC 300100Z 36006KT CAVOK 21/17 Q1017=
30/06/2025 02:00,METAR SBSC 300200Z 35007KT CAVOK 21/17 Q1017=
30/06/2025 03:00,METAR SBSC 300300Z 35006KT CAVOK 20/16 Q1017=
30/06/2025 04:00,METAR SBSC 300400Z 35005KT CAVOK 20/16 Q1016=
30/06/2025 05:00,METAR SBSC 300500Z 30005KT CAVOK 19/16 Q1016=
30/06/2025 06:00,METAR SBSC 300600Z 32007KT 9999 FEW025 19/16 Q1016=
30/06/2025 07:00,METAR SBSC 300700Z 27006KT 9999 FEW025 19/17 Q1016=
30/06/2025 08:00,METAR SBSC 300800Z 31005KT 9999 FEW020 20/17 Q1016=
30/06/2025 09:00,METAR SBSC 300900Z 30006KT 9999 FEW020 21/18 Q1016=
30/06/2025 10:00,METAR SBSC 301000Z 20009KT 9999 FEW025 22/19 Q1018=
30/06/2025 11:00,METAR SBSC 301100Z 18008KT 9999 FEW002 22/19 Q1020=
30/06/2025 12:00,METAR SBSC 301200Z 18008KT CAVOK 23/19 Q1021=
30/06/2025 13:00,METAR SBSC 301300Z 18009KT CAVOK 24/18 Q1022=
30/06/2025 14:00,METAR SBSC 301400Z 16009KT CAVOK 24/18 Q1021=
30/06/2025 15:00,METAR SBSC 301500Z 16009KT CAVOK 25/17 Q1021=
30/06/2025 16:00,METAR SBSC 301600Z 16008KT CAVOK 24/19 Q1020=
30/06/2025 17:00,METAR SBSC 301700Z 16009KT CAVOK 24/19 Q1020=
30/06/2025 18:00,METAR SBSC 301800Z 16008KT CAVOK 24/19 Q1019=
30/06/2025 19:00,METAR SBSC 301900Z 17007KT 9999 FEW015 SCT026 23/19 Q1019=
30/06/2025 20:00,METAR SBSC 302000Z 17006KT 9999 FEW015 BKN035 22/19 Q1020=
30/06/2025 21:00,METAR SBSC 302100Z 19006KT 9999 SCT010 BKN040 22/19 Q1020=
30/06/2025 22:00,METAR SBSC 302200Z 19005KT 9999 SCT011 BKN041 22/19 Q1021=
30/06/2025 23:00,METAR SBSC 302300Z 17005KT 8000 SCT006 BKN020 OVC041 21/19 Q1021=
01/07/2025 00:00,METAR SBSC 010000Z 19005KT 8000 FEW007 SCT012 OVC040 21/19 Q1022=
01/07/2025 01:00,METAR SBSC 010100Z 19004KT 5000 BR SCT005 BKN015 OVC050 21/19 Q1022=
01/07/2025 02:00,METAR SBSC 010200Z 19004KT 5000 BR SCT005 BKN015 OVC050 21/19 Q1022=
01/07/2025 03:00,METAR SBSC 010300Z 19006KT 5000 BR SCT005 BKN015 OVC050 21/19 Q1022=
01/07/2025 04:00,METAR SBSC 010400Z 20006KT 5000 BR SCT005 BKN015 OVC050 21/19 Q1022=
01/07/2025 05:00,METAR SBSC 010500Z 18006KT 5000 BR SCT005 BKN015 OVC050 20/19 Q1021=
01/07/2025 06:00,METAR SBSC 010600Z 19007KT 5000 BR SCT005 BKN015 OVC050 20/19 Q1021=
01/07/2025 07:00,METAR SBSC 010700Z 20007KT 5000 BR SCT005 BKN015 OVC050 20/19 Q1021=
01/07/2025 08:00,METAR SBSC 010800Z 18006KT 5000 BR SCT005 BKN015 OVC050 19/18 Q1021=
01/07/2025 09:00,METAR SBSC 010900Z 19008KT 5000 BR SCT005 BKN015 OVC050 19/18 Q1021=
01/07/2025 10:00,METAR SBSC 011000Z 18005KT 8000 FEW005 BKN015 OVC050 21/19 Q1022=
01/07/2025 11:00,METAR SBSC 011100Z 18005KT 8000 FEW005 BKN015 OVC050 21/18 Q1023=
01/07/2025 12:00,METAR SBSC 011200Z 18006KT 8000 SCT007 BKN015 OVC050 21/19 Q1024=
01/07/2025 13:00,METAR SBSC 011300Z 20007KT 9999 FEW005 SCT010 BKN035 22/19 Q1024=
01/07/2025 14:00,METAR SBSC 011400Z 20008KT 9999 SCT005 BKN035 22/18 Q1024=
01/07/2025 15:00,METAR SBSC 011500Z 18007KT 9999 SCT005 BKN010 BKN035 22/18 Q1024=
01/07/2025 16:00,METAR SBSC 011600Z 18008KT 9999 FEW005 SCT010 BKN035 21/18 Q1023=
01/07/2025 17:00,METAR SBSC 011700Z 18007KT 9999 -DZ FEW004 BKN010 BKN035 21/19 Q1023=
01/07/2025 18:00,METAR SBSC 011800Z 19009G19KT 9999 FEW004 BKN010 BKN040 21/18 Q1023=
01/07/2025 19:00,METAR SBSC 011900Z 19009KT 9999 FEW002 SCT030 BKN060 21/18 Q1023=
01/07/2025 20:00,METAR SBSC 012000Z 21013KT 9999 4500SE -RA FEW002 SCT015 BKN055 20/17 Q1024=
01/07/2025 21:00,METAR SBSC 012100Z 20013G25KT 3000 -RA BKN006 BKN025 19/18 Q1024=
01/07/2025 22:00,METAR SBSC 012200Z 19011KT 4000 -RA BKN006 BKN025 19/17 Q1025=
01/07/2025 23:00,METAR SBSC 012300Z 18010KT 9999 -RA BKN006 BKN030 19/17 Q1025=
02/07/2025 00:00,METAR SBSC 020000Z 18009KT 9999 BKN007 BKN040 19/17 Q1026=
02/07/2025 01:00,METAR SBSC 020100Z 17010KT 8000 SCT007 BKN012 OVC035 18/17 Q1026=
02/07/2025 02:00,METAR SBSC 020200Z 16009KT 8000 SCT007 BKN010 OVC030 18/17 Q1026=
02/07/2025 03:00,METAR SBSC 020300Z 19006KT 8000 SCT007 BKN010 OVC030 18/17 Q1026=
02/07/2025 04:00,METAR SBSC 020400Z 19008KT 6000 -RA SCT007 BKN010 OVC030 18/17 Q1026=
02/07/2025 05:00,METAR SBSC 020500Z 18008KT 5000 -RA BR FEW005 BKN009 OVC030 18/17 Q1025=
02/07/2025 06:00,METAR SBSC 020600Z 18007KT 8000 FEW005 BKN009 OVC030 18/17 Q1025=
02/07/2025 07:00,METAR SBSC 020700Z 18007KT 8000 FEW005 BKN009 OVC030 18/17 Q1025=
02/07/2025 08:00,METAR SBSC 020800Z 18008KT 6000 -RA FEW005 BKN009 OVC030 18/17 Q1025=
02/07/2025 10:00,METAR SBSC 021000Z 17005KT 2500 -RA BR FEW007 BKN010 OVC035 18/17 Q1026=
02/07/2025 11:00,METAR SBSC 021100Z 19003KT 3000 -RA BR FEW003 BKN005 OVC035 18/17 Q1026=
02/07/2025 12:00,METAR SBSC 021200Z 17008KT 2500 -RA BR BKN005 OVC020 18/17 Q1027=
02/07/2025 13:00,METAR SBSC 021300Z 17005KT 3000 -RA BR BKN005 BKN015 OVC030 19/17 Q1028=
02/07/2025 14:00,METAR SBSC 021400Z 15008KT 5000 BR SCT005 BKN010 OVC030 19/18 Q1028=
02/07/2025 15:00,METAR SBSC 021500Z 18006KT 3000 -RA BR SCT005 BKN010 OVC030 19/17 Q1027=
02/07/2025 16:00,METAR SBSC 021600Z 17009KT 3000 -RA BR SCT005 BKN010 OVC030 18/17 Q1027=
02/07/2025 17:00,METAR SBSC 021700Z 15009KT 5000 BR SCT005 BKN010 OVC030 18/17 Q1026=
02/07/2025 18:00,METAR SBSC 021800Z 15006KT 3000 -RA BR SCT005 BKN010 OVC030 18/17 Q1026=
02/07/2025 19:00,METAR SBSC 021900Z 15006KT 3000 -RA BR SCT005 BKN010 OVC030 18/16 Q1026=
02/07/2025 20:00,METAR SBSC 022000Z 15005KT 5000 BR SCT005 BKN012 OVC030 18/16 Q1027=
02/07/2025 21:00,METAR SBSC 022100Z 15006KT 3000 -RA BR SCT005 BKN012 OVC030 17/16 Q1027=
02/07/2025 22:00,METAR SBSC 022200Z 14007KT 5000 BR SCT005 BKN012 OVC030 18/16 Q1028=
02/07/2025 23:00,METAR SBSC 022300Z 15008KT 3000 -RA BR BKN005 BKN012 OVC030 17/16 Q1028=
03/07/2025 00:00,METAR SBSC 030000Z 13007KT 5000 BR BKN005 BKN012 OVC030 17/16 Q1028=
03/07/2025 01:00,METAR SBSC 030100Z 16006KT 8000 -DZ BKN005 BKN012 BKN020 17/16 Q1029=
03/07/2025 02:00,METAR SBSC 030200Z 13004KT 8000 -DZ BKN005 BKN012 BKN020 17/16 Q1028=
03/07/2025 03:00,METAR SBSC 030300Z 15005KT 7000 -DZ BKN005 BKN012 BKN020 17/16 Q1028=
03/07/2025 04:00,METAR SBSC 030400Z 15005KT 7000 BKN005 BKN012 BKN020 17/16 Q1028=
03/07/2025 05:00,METAR SBSC 030500Z 20006KT 7000 SCT006 BKN012 BKN025 16/15 Q1027=
03/07/2025 06:00,METAR SBSC 030600Z 19006KT 4000 -DZ SCT006 BKN012 BKN025 16/15 Q1027=
03/07/2025 07:00,METAR SBSC 030700Z 17007KT 4000 -DZ SCT006 BKN015 BKN025 16/15 Q1028=
03/07/2025 08:00,METAR SBSC 030800Z 19005KT 8000 -DZ FEW005 SCT015 BKN025 16/15 Q1028=
03/07/2025 09:00,METAR SBSC 030900Z 18006KT 8000 -DZ FEW005 SCT015 BKN025 17/16 Q1028=
03/07/2025 10:00,METAR SBSC 031000Z 19004KT 9999 BKN005 BKN010 BKN020 17/16 Q1028=
03/07/2025 11:00,METAR SBSC 031100Z 20004KT 9999 FEW005 BKN020 BKN060 17/16 Q1028=
03/07/2025 12:00,METAR SBSC 031200Z 20006KT 9999 SCT005 BKN025 BKN060 18/16 Q1028=
03/07/2025 13:00,METAR SBSC 031300Z 21005KT 9999 FEW010 BKN025 OVC050 19/16 Q1029=
03/07/2025 14:00,METAR SBSC 031400Z 21006KT 9999 FEW010 BKN035 OVC050 19/16 Q1028=
03/07/2025 15:00,METAR SBSC 031500Z 19005KT 9999 FEW012 SCT020 BKN050 21/16 Q1027=
03/07/2025 16:00,METAR SBSC 031600Z 19007KT 9999 SCT012 BKN020 BKN050 20/16 Q1026=
03/07/2025 17:00,METAR SBSC 031700Z 17007KT 9999 SCT012 BKN020 BKN050 20/16 Q1026=
03/07/2025 18:00,METAR SBSC 031800Z 18006KT 9999 SCT012 BKN024 BKN050 20/15 Q1026=
03/07/2025 19:00,METAR SBSC 031900Z 18007KT 130V230 9999 SCT015 BKN025 BKN050 19/15 Q1026=
03/07/2025 20:00,METAR SBSC 032000Z 18005KT 9999 SCT015 BKN050 19/15 Q1026=
03/07/2025 21:00,METAR SBSC 032100Z 19006KT 9999 SCT015 BKN030 18/16 Q1026=
03/07/2025 22:00,METAR SBSC 032200Z 23004KT 9999 FEW015 BKN040 17/16 Q1026=
03/07/2025 23:00,METAR SBSC 032300Z 21003KT 9999 FEW010 BKN020 17/16 Q1027=
04/07/2025 00:00,METAR SBSC 040000Z 23004KT 9999 FEW010 BKN030 17/16 Q1027=
04/07/2025 01:00,METAR SBSC 040100Z 20005KT 5000 BR SCT005 BKN015 OVC030 17/16 Q1027=
04/07/2025 02:00,METAR SBSC 040200Z 18005KT 5000 BR SCT005 BKN015 OVC030 17/16 Q1027=
04/07/2025 03:00,METAR SBSC 040300Z 19006KT 5000 BR SCT005 BKN015 OVC030 17/16 Q1027=
04/07/2025 04:00,METAR SBSC 040400Z 20007KT 5000 BR SCT005 BKN015 OVC030 17/16 Q1026=
04/07/2025 05:00,METAR SBSC 040500Z 18007KT 3000 -RA BR SCT005 BKN015 OVC030 16/15 Q1026=
04/07/2025 06:00,METAR SBSC 040600Z 19007KT 5000 BR SCT005 BKN015 OVC030 16/15 Q1026=
04/07/2025 07:00,METAR SBSC 040700Z 20008KT 5000 BR SCT005 BKN015 OVC030 16/15 Q1025=
04/07/2025 08:00,METAR SBSC 040800Z 18008KT 5000 BR SCT005 BKN015 OVC030 17/15 Q1025=
04/07/2025 09:00,METAR SBSC 040900Z 18006KT 3000 -RA BR SCT005 BKN010 OVC030 17/15 Q1026=
04/07/2025 10:00,METAR SBSC 041000Z 16002KT 5000 BR SCT005 BKN010 OVC030 17/14 Q1027=
04/07/2025 11:00,METAR SBSC 041100Z 13002KT 5000 BR SCT005 BKN010 OVC030 17/14 Q1027=
04/07/2025 12:00,METAR SBSC 041200Z 01005KT 5000 BR SCT005 BKN010 OVC030 17/16 Q1029=
04/07/2025 13:00,METAR SBSC 041300Z 35005KT 5000 BR SCT005 BKN010 OVC030 18/16 Q1029=
04/07/2025 14:00,METAR SBSC 041400Z 35006KT 7000 SCT010 BKN019 OVC032 19/15 Q1029=
04/07/2025 15:00,METAR SBSC 041500Z 01007KT 9999 FEW015 SCT021 OVC040 20/14 Q1028=
04/07/2025 16:00,METAR SBSC 041600Z 02004KT 9999 FEW021 SCT040 21/14 Q1027=
04/07/2025 17:00,METAR SBSC 041700Z 13008KT 9999 FEW023 SCT040 20/15 Q1026=
04/07/2025 18:00,METAR SBSC 041800Z 13006KT 9999 FEW023 21/15 Q1026=
04/07/2025 19:00,METAR SBSC 041900Z 15007KT 9999 FEW023 21/14 Q1025=
04/07/2025 20:00,METAR SBSC 042000Z 16004KT CAVOK 19/14 Q1026=
04/07/2025 21:00,METAR SBSC 042100Z 15003KT CAVOK 17/14 Q1026=
04/07/2025 22:00,METAR SBSC 042200Z 15003KT 9999 FEW030 16/14 Q1026=
04/07/2025 23:00,METAR SBSC 042300Z 13003KT 9999 FEW025 SCT039 15/13 Q1027=
05/07/2025 00:00,METAR SBSC 050000Z 16003KT 9999 FEW025 SCT041 15/14 Q1027=
05/07/2025 01:00,METAR SBSC 050100Z 17001KT 9999 SCT040 14/13 Q1027=
05/07/2025 02:00,METAR SBSC 050200Z 00000KT 9999 FEW040 14/13 Q1027=
05/07/2025 03:00,METAR SBSC 050300Z 35001KT 9999 FEW040 13/12 Q1027=
05/07/2025 04:00,METAR SBSC 050400Z 02003KT 9999 FEW040 13/12 Q1027=
05/07/2025 05:00,METAR SBSC 050500Z 01003KT 9999 FEW040 13/12 Q1026=
05/07/2025 06:00,METAR SBSC 050600Z 02004KT 9999 SCT020 13/12 Q1026=
05/07/2025 07:00,METAR SBSC 050700Z 02004KT 9999 SCT020 13/12 Q1026=
05/07/2025 08:00,METAR SBSC 050800Z 02004KT 8000 FEW010 SCT020 13/12 Q1025=
05/07/2025 09:00,METAR SBSC 050900Z 02004KT 8000 BKN035 13/12 Q1025=
05/07/2025 10:00,METAR SBSC 051000Z 36003KT 9999 FEW030 SCT040 14/13 Q1026=
05/07/2025 11:00,METAR SBSC 051100Z 35003KT CAVOK 16/15 Q1026=
05/07/2025 12:00,METAR SBSC 051200Z 36004KT CAVOK 18/15 Q1027=
05/07/2025 13:00,METAR SBSC 051300Z 01005KT 9999 FEW040 21/15 Q1026=
05/07/2025 14:00,METAR SBSC 051400Z 01005KT 9999 FEW040 23/14 Q1026=
05/07/2025 15:00,METAR SBSC 051500Z 31004KT 9999 FEW040 24/12 Q1025=
05/07/2025 16:00,METAR SBSC 051600Z 05005KT 9999 FEW040 24/13 Q1023=
05/07/2025 17:00,METAR SBSC 051700Z 12008KT 9999 FEW040 23/14 Q1023=
05/07/2025 18:00,METAR SBSC 051800Z 14007KT 9999 FEW040 22/14 Q1022=
05/07/2025 19:00,METAR SBSC 051900Z 13007KT 9999 FEW040 22/14 Q1022=
05/07/2025 20:00,METAR SBSC 052000Z 10004KT 9999 FEW005 21/15 Q1022=
05/07/2025 21:00,METAR SBSC 052100Z 13003KT 9999 FEW005 19/14 Q1022=
05/07/2025 22:00,METAR SBSC 052200Z 23002KT CAVOK 17/14 Q1023=
05/07/2025 23:00,METAR SBSC 052300Z 17004KT CAVOK 17/14 Q1023=
06/07/2025 00:00,METAR SBSC 060000Z 15002KT CAVOK 16/13 Q1023=
06/07/2025 01:00,METAR SBSC 060100Z 34003KT CAVOK 15/14 Q1023=
06/07/2025 02:00,METAR SBSC 060200Z 35004KT CAVOK 15/13 Q1023=
06/07/2025 03:00,METAR SBSC 060300Z 34003KT 7000 FEW010 SCT021 15/14 Q1023=
06/07/2025 04:00,METAR SBSC 060400Z 36004KT 7000 FEW010 SCT021 14/13 Q1022=
06/07/2025 05:00,METAR SBSC 060500Z 35004KT 7000 FEW010 14/13 Q1022=
06/07/2025 06:00,METAR SBSC 060600Z 01003KT 7000 FEW010 SCT021 13/13 Q1022=
06/07/2025 07:00,METAR SBSC 060700Z 01002KT 7000 FEW010 SCT021 14/13 Q1022=
06/07/2025 08:00,METAR SBSC 060800Z 35004KT 7000 FEW010 SCT021 13/13 Q1022=
06/07/2025 09:00,METAR SBSC 060900Z 34004KT 8000 FEW015 SCT030 13/12 Q1022=
06/07/2025 10:00,METAR SBSC 061000Z 35005KT 7000 NSC 14/13 Q1022=
06/07/2025 11:00,METAR SBSC 061100Z 36004KT CAVOK 16/15 Q1023=
06/07/2025 12:00,METAR SBSC 061200Z 36005KT CAVOK 19/16 Q1024=
06/07/2025 13:00,METAR SBSC 061300Z 33005KT CAVOK 21/15 Q1024=
06/07/2025 14:00,METAR SBSC 061400Z 29004KT CAVOK 22/14 Q1024=
06/07/2025 15:00,METAR SBSC 061500Z 32004KT 9999 SCT030 SCT070 22/14 Q1023=
06/07/2025 16:00,METAR SBSC 061600Z 20003KT 9999 SCT030 SCT070 21/15 Q1022=
06/07/2025 17:00,METAR SBSC 061700Z 19006KT 9999 SCT030 SCT070 22/15 Q1022=
06/07/2025 18:00,METAR SBSC 061800Z 17007KT 9999 SCT030 BKN070 21/16 Q1022=
06/07/2025 19:00,METAR SBSC 061900Z 17008KT 9999 SCT030 BKN070 21/16 Q1022=
06/07/2025 20:00,METAR SBSC 062000Z 17003KT 9999 SCT030 BKN070 20/16 Q1022=
06/07/2025 21:00,METAR SBSC 062100Z 16004KT 9999 SCT030 BKN070 19/16 Q1023=
06/07/2025 22:00,METAR SBSC 062200Z 16003KT 9999 SCT030 BKN070 19/16 Q1023=
06/07/2025 23:00,METAR SBSC 062300Z 18004KT 9999 SCT030 BKN070 19/16 Q1024=
07/07/2025 00:00,METAR SBSC 070000Z 18005KT 9999 SCT030 BKN070 19/16 Q1024=
07/07/2025 01:00,METAR SBSC 070100Z 16004KT 9999 FEW007 18/15 Q1024=
07/07/2025 02:00,METAR SBSC 070200Z 17004KT 9999 FEW007 SCT070 17/14 Q1025=
07/07/2025 03:00,METAR SBSC 070300Z 17003KT 9999 FEW010 SCT070 16/14 Q1024=
07/07/2025 04:00,METAR SBSC 070400Z 20004KT 9999 FEW010 SCT070 16/13 Q1024=
07/07/2025 05:00,METAR SBSC 070500Z 23003KT 9999 FEW010 SCT070 15/13 Q1024=
07/07/2025 06:00,METAR SBSC 070600Z 16004KT 9999 FEW010 SCT070 14/12 Q1024=
07/07/2025 07:00,METAR SBSC 070700Z 25005KT 9999 FEW012 15/12 Q1023=
07/07/2025 08:00,METAR SBSC 070800Z 23004KT 9999 FEW012 15/13 Q1023=
07/07/2025 09:00,METAR SBSC 070900Z 22003KT 9999 FEW010 16/13 Q1024=
07/07/2025 10:00,METAR SBSC 071000Z 35005KT 0500 R05/0500 R23/0600 FG FEW010 14/13 Q1025=
07/07/2025 11:00,METAR SBSC 071100Z 36003KT 9999 FEW010 16/15 Q1026=
07/07/2025 12:00,METAR SBSC 071200Z 36004KT 9999 FEW010 19/17 Q1026=
07/07/2025 13:00,METAR SBSC 071300Z 27002KT 9999 FEW015 21/15 Q1026=
07/07/2025 14:00,METAR SBSC 071400Z VRB04KT 9999 FEW015 21/13 Q1026=
07/07/2025 15:00,METAR SBSC 071500Z 16006KT 9999 FEW020 22/14 Q1025=
07/07/2025 16:00,METAR SBSC 071600Z 17006KT 9999 FEW020 SCT060 23/13 Q1024=
07/07/2025 17:00,METAR SBSC 071700Z 15008KT 9999 FEW010 SCT060 23/14 Q1024=
07/07/2025 18:00,METAR SBSC 071800Z 13009KT 9999 FEW020 SCT060 22/16 Q1023=
07/07/2025 19:00,METAR SBSC 071900Z 12008KT 9999 FEW030 21/15 Q1023=
07/07/2025 20:00,METAR SBSC 072000Z 12007KT 9999 FEW030 21/15 Q1023=
07/07/2025 21:00,METAR SBSC 072100Z 17003KT CAVOK 18/14 Q1024=
07/07/2025 22:00,METAR SBSC 072200Z 21002KT 9999 FEW030 16/13 Q1024=
07/07/2025 23:00,METAR SBSC 072300Z 00000KT 9999 FEW015 16/14 Q1025=
08/07/2025 00:00,METAR SBSC 080000Z 02002KT CAVOK 15/13 Q1025=
08/07/2025 01:00,METAR SBSC 080100Z 35003KT 5000 BR NSC 14/13 Q1025=
08/07/2025 02:00,METAR SBSC 080200Z 36005KT 5000 BR NSC 14/13 Q1025=
08/07/2025 03:00,METAR SBSC 080300Z 01006KT 5000 BR NSC 14/13 Q1024=
08/07/2025 04:00,METAR SBSC 080400Z 35004KT 5000 BR NSC 14/13 Q1024=
08/07/2025 05:00,METAR SBSC 080500Z 01003KT 5000 BR NSC 13/12 Q1023=
08/07/2025 06:00,METAR SBSC 080600Z 36005KT 5000 BR NSC 13/12 Q1023=
08/07/2025 07:00,METAR SBSC 080700Z 01003KT 5000 BR NSC 14/13 Q1023=
08/07/2025 08:00,METAR SBSC 080800Z 36003KT 5000 BR NSC 14/13 Q1023=
08/07/2025 09:00,METAR SBSC 080900Z 35003KT 5000 BR NSC 14/13 Q1022=
08/07/2025 10:00,METAR SBSC 081000Z 36003KT 5000 BR NSC 15/13 Q1022=
08/07/2025 11:00,METAR SBSC 081100Z 35005KT 8000 NSC 16/15 Q1023=
08/07/2025 12:00,METAR SBSC 081200Z 34004KT CAVOK 20/15 Q1024=
08/07/2025 13:00,METAR SBSC 081300Z 32007KT CAVOK 23/13 Q1024=
08/07/2025 14:00,METAR SBSC 081400Z 33010KT CAVOK 24/13 Q1023=
08/07/2025 15:00,METAR SBSC 081500Z 31007KT CAVOK 25/12 Q1022=
08/07/2025 16:00,METAR SBSC 081600Z 18005KT CAVOK 24/15 Q1021=
08/07/2025 17:00,METAR SBSC 081700Z 01002KT CAVOK 27/12 Q1020=
08/07/2025 18:00,METAR SBSC 081800Z 20005KT CAVOK 25/17 Q1019=
08/07/2025 19:00,METAR SBSC 081900Z 17004KT CAVOK 24/16 Q1019=
08/07/2025 20:00,METAR SBSC 082000Z 21003KT CAVOK 23/16 Q1020=
08/07/2025 21:00,METAR SBSC 082100Z 22004KT CAVOK 19/16 Q1020=
08/07/2025 22:00,METAR SBSC 082200Z 19009KT CAVOK 20/17 Q1021=
08/07/2025 23:00,METAR SBSC 082300Z 17008KT CAVOK 20/17 Q1022=
09/07/2025 00:00,METAR SBSC 090000Z 16006KT 9999 FEW015 19/16 Q1023=
09/07/2025 01:00,METAR SBSC 090100Z 18005KT 140V230 9999 FEW015 19/16 Q1023=
09/07/2025 02:00,METAR SBSC 090200Z 18004KT 9999 FEW015 19/16 Q1023=
09/07/2025 03:00,METAR SBSC 090300Z 19005KT CAVOK 19/16 Q1023=
09/07/2025 04:00,METAR SBSC 090400Z 18005KT CAVOK 18/16 Q1023=
09/07/2025 05:00,METAR SBSC 090500Z 19004KT 8000 NSC 18/16 Q1023=
09/07/2025 06:00,METAR SBSC 090600Z 17005KT 8000 FEW015 18/16 Q1023=
09/07/2025 07:00,METAR SBSC 090700Z 18006KT 7000 FEW015 18/16 Q1023=
09/07/2025 08:00,METAR SBSC 090800Z 19005KT 6000 SCT015 18/16 Q1023=
09/07/2025 09:00,METAR SBSC 090900Z 35003KT 6000 FEW012 BKN020 16/15 Q1023=
09/07/2025 10:00,METAR SBSC 091000Z 35002KT 9999 FEW015 BKN025 17/15 Q1024=
09/07/2025 11:00,METAR SBSC 091100Z 36002KT 9999 FEW015 BKN025 17/16 Q1025=
09/07/2025 12:00,METAR SBSC 091200Z 04001KT 9000 SCT015 BKN020 18/17 Q1026=
09/07/2025 13:00,METAR SBSC 091300Z 18007KT 9999 SCT015 BKN025 BKN040 20/16 Q1026=
09/07/2025 14:00,METAR SBSC 091400Z 17007KT 9999 SCT015 BKN025 BKN040 21/15 Q1026=
09/07/2025 15:00,METAR SBSC 091500Z 17008KT 9999 SCT012 BKN025 BKN040 21/15 Q1026=
09/07/2025 16:00,METAR SBSC 091600Z 16009KT 9999 FEW012 SCT030 BKN040 22/15 Q1025=
09/07/2025 17:00,METAR SBSC 091700Z 16008KT 9999 FEW010 SCT030 BKN050 21/15 Q1025=
09/07/2025 18:00,METAR SBSC 091800Z 17008KT 9999 FEW010 SCT030 21/15 Q1025=
09/07/2025 19:00,METAR SBSC 091900Z 17007KT 9999 FEW010 SCT030 BKN080 21/16 Q1025=
09/07/2025 20:00,METAR SBSC 092000Z 19006KT 9999 FEW010 SCT040 BKN060 20/16 Q1025=
09/07/2025 21:00,METAR SBSC 092100Z 18006KT 9999 FEW010 SCT040 BKN060 20/16 Q1025=
09/07/2025 22:00,METAR SBSC 092200Z 18005KT 9999 FEW010 BKN040 19/16 Q1026=
09/07/2025 23:00,METAR SBSC 092300Z 18005KT 9999 FEW010 BKN045 19/16 Q1027=
10/07/2025 00:00,METAR SBSC 100000Z 20003KT 9999 FEW010 BKN045 19/16 Q1027=
10/07/2025 01:00,METAR SBSC 100100Z 17002KT 9999 FEW010 BKN045 18/15 Q1027=
10/07/2025 02:00,METAR SBSC 100200Z 05001KT 8000 FEW010 SCT045 16/15 Q1027=
10/07/2025 03:00,METAR SBSC 100300Z 35002KT 8000 SCT023 BKN030 OVC083 16/15 Q1027=
10/07/2025 04:00,METAR SBSC 100400Z 33002KT 8000 SCT023 BKN030 OVC083 16/15 Q1027=
10/07/2025 05:00,METAR SBSC 100500Z 30002KT 8000 SCT023 BKN043 OVC083 16/15 Q1027=
10/07/2025 06:00,METAR SBSC 100600Z 35003KT 8000 FEW023 SCT043 BKN083 15/14 Q1026=
10/07/2025 07:00,METAR SBSC 100700Z 01003KT 8000 FEW023 BKN083 15/14 Q1026=
10/07/2025 08:00,METAR SBSC 100800Z 35003KT 8000 FEW023 OVC083 15/14 Q1026=
10/07/2025 09:00,METAR SBSC 100900Z 34003KT 8000 FEW020 OVC083 16/15 Q1027=
10/07/2025 10:00,METAR SBSC 101000Z 32002KT 6000 FEW020 SCT032 OVC083 16/15 Q1027=
10/07/2025 11:00,METAR SBSC 101100Z 36002KT 8000 FEW020 SCT032 OVC083 17/16 Q1028=
10/07/2025 12:00,METAR SBSC 101200Z 02002KT 9999 FEW020 OVC083 18/17 Q1029=
10/07/2025 13:00,METAR SBSC 101300Z 32001KT 9999 FEW020 OVC083 21/17 Q1029=
10/07/2025 16:00,METAR SBSC 101600Z 15004KT 9999 FEW020 SCT030 BKN080 22/16 Q1027=
10/07/2025 17:00,METAR SBSC 101700Z 13006KT 9999 FEW020 SCT030 BKN080 22/16 Q1026=
10/07/2025 18:00,METAR SBSC 101800Z 11007KT 9999 FEW020 23/17 Q1025=
10/07/2025 19:00,METAR SBSC 101900Z 12007KT 9999 FEW020 23/15 Q1025=
10/07/2025 20:00,METAR SBSC 102000Z 10007KT 9999 FEW020 22/15 Q1026=
10/07/2025 21:00,METAR SBSC 102100Z 10006KT 9999 FEW020 21/15 Q1026=
10/07/2025 22:00,METAR SBSC 102200Z 07005KT 9999 FEW020 SCT040 BKN090 20/15 Q1027=
10/07/2025 23:00,METAR SBSC 102300Z 09003KT 9999 SCT040 BKN090 20/15 Q1027=
11/07/2025 00:00,METAR SBSC 110000Z 07001KT 9999 SCT040 BKN090 19/15 Q1027=
11/07/2025 01:00,METAR SBSC 110100Z 22002KT 9999 FEW040 BKN090 18/15 Q1027=
11/07/2025 02:00,METAR SBSC 110200Z 21002KT 9999 FEW040 BKN090 18/15 Q1028=
11/07/2025 03:00,METAR SBSC 110300Z 23002KT 9999 FEW040 BKN090 17/15 Q1027=
11/07/2025 04:00,METAR SBSC 110400Z 00000KT 9999 FEW040 BKN090 17/15 Q1027=
11/07/2025 05:00,METAR SBSC 110500Z 06002KT 9999 FEW040 BKN090 16/14 Q1027=
11/07/2025 06:00,METAR SBSC 110600Z 01003KT CAVOK 15/14 Q1026=
11/07/2025 07:00,METAR SBSC 110700Z 35003KT CAVOK 16/14 Q1026=
11/07/2025 08:00,METAR SBSC 110800Z 01002KT CAVOK 15/14 Q1026=
11/07/2025 09:00,METAR SBSC 110900Z 01003KT CAVOK 15/13 Q1026=
11/07/2025 10:00,METAR SBSC 111000Z 36004KT CAVOK 15/14 Q1027=
11/07/2025 11:00,METAR SBSC 111100Z 36003KT CAVOK 17/16 Q1027=
11/07/2025 12:00,METAR SBSC 111200Z 36005KT 9999 FEW040 21/17 Q1028=
11/07/2025 13:00,METAR SBSC 111300Z 35007KT CAVOK 23/16 Q1028=
11/07/2025 14:00,METAR SBSC 111400Z 35005KT CAVOK 24/16 Q1028=
11/07/2025 15:00,METAR SBSC 111500Z 03005KT CAVOK 25/15 Q1027=
11/07/2025 16:00,METAR SBSC 111600Z 34003KT CAVOK 27/15 Q1025=
11/07/2025 17:00,METAR SBSC 111700Z 12009KT CAVOK 25/17 Q1025=
11/07/2025 18:00,METAR SBSC 111800Z 12010KT 9999 FEW045 25/17 Q1024=
11/07/2025 19:00,METAR SBSC 111900Z 13008KT 9999 FEW045 24/17 Q1024=
11/07/2025 20:00,METAR SBSC 112000Z 10005KT 9999 FEW046 BKN100 23/17 Q1024=
11/07/2025 21:00,METAR SBSC 112100Z 09004KT 9999 FEW046 BKN100 22/17 Q1025=
11/07/2025 22:00,METAR SBSC 112200Z 00000KT CAVOK 20/17 Q1025=
11/07/2025 23:00,METAR SBSC 112300Z 24002KT CAVOK 20/17 Q1026=
12/07/2025 00:00,METAR SBSC 120000Z 22002KT CAVOK 20/17 Q1026=
12/07/2025 01:00,METAR SBSC 120100Z 23002KT CAVOK 19/17 Q1026=
12/07/2025 02:00,METAR SBSC 120200Z 02003KT 9999 SCT030 17/16 Q1025=
12/07/2025 03:00,METAR SBSC 120300Z 02003KT 9999 SCT030 17/15 Q1025=
12/07/2025 04:00,METAR SBSC 120400Z 03003KT 9999 SCT030 17/15 Q1025=
12/07/2025 05:00,METAR SBSC 120500Z 02003KT 9999 SCT030 17/15 Q1025=
12/07/2025 06:00,METAR SBSC 120600Z 02003KT 9999 SCT030 17/15 Q1025=
12/07/2025 08:00,METAR SBSC 120800Z 02003KT 9999 SCT030 18/16 Q1027=
12/07/2025 09:00,METAR SBSC 120900Z 02004KT 9999 SCT030 21/16 Q1027=
12/07/2025 10:00,METAR SBSC 121000Z 36003KT 9999 SCT030 BKN100 19/17 Q1026=
12/07/2025 11:00,METAR SBSC 121100Z 35004KT 9999 SCT030 BKN100 20/17 Q1026=
12/07/2025 12:00,METAR SBSC 121200Z 34004KT 9999 FEW030 BKN100 21/18 Q1027=
12/07/2025 13:00,METAR SBSC 121300Z 36005KT 9999 FEW030 BKN100 23/17 Q1027=
12/07/2025 14:00,METAR SBSC 121400Z 34005KT 220V020 9999 FEW030 BKN100 24/16 Q1027=
12/07/2025 15:00,METAR SBSC 121500Z VRB04KT 9999 FEW030 BKN100 26/16 Q1026=
12/07/2025 16:00,METAR SBSC 121600Z VRB04KT 9999 FEW035 BKN100 26/16 Q1025=
12/07/2025 17:00,METAR SBSC 121700Z 13009KT 9999 FEW030 BKN100 25/17 Q1024=
12/07/2025 18:00,METAR SBSC 121800Z 11010KT 9999 FEW030 BKN100 24/18 Q1024=
12/07/2025 19:00,METAR SBSC 121900Z 12009KT CAVOK 24/17 Q1024=
12/07/2025 20:00,METAR SBSC 122000Z 12008KT CAVOK 23/17 Q1024=
12/07/2025 21:00,METAR SBSC 122100Z 10007KT CAVOK 22/16 Q1025=
12/07/2025 22:00,METAR SBSC 122200Z 08003KT CAVOK 21/16 Q1025=
12/07/2025 23:00,METAR SBSC 122300Z 21001KT CAVOK 18/15 Q1025=
13/07/2025 00:00,METAR SBSC 130000Z 21004KT CAVOK 17/14 Q1026=
13/07/2025 01:00,METAR SBSC 130100Z 15002KT CAVOK 18/16 Q1026=
13/07/2025 02:00,METAR SBSC 130200Z 20002KT CAVOK 17/15 Q1026=
13/07/2025 03:00,METAR SBSC 130300Z 16001KT CAVOK 16/14 Q1026=
13/07/2025 04:00,METAR SBSC 130400Z 00000KT CAVOK 15/13 Q1026=
13/07/2025 05:00,METAR SBSC 130500Z 04002KT 8000 NSC 15/14 Q1026=
13/07/2025 06:00,METAR SBSC 130600Z 36003KT 8000 SCT004 14/13 Q1025=
13/07/2025 07:00,METAR SBSC 130700Z 36004KT 7000 SCT003 14/13 Q1026=
13/07/2025 08:00,METAR SBSC 130800Z 34003KT 6000 SCT003 14/13 Q1026=
13/07/2025 09:00,METAR SBSC 130900Z 34003KT CAVOK 14/13 Q1026=
13/07/2025 10:00,METAR SBSC 131000Z 35004KT 7000 3000E SCT004 BKN100 14/13 Q1027=
13/07/2025 11:00,METAR SBSC 131100Z 36004KT 7000 FEW015 SCT100 16/16 Q1027=
13/07/2025 12:00,METAR SBSC 131200Z 34005KT CAVOK 19/16 Q1028=
13/07/2025 13:00,METAR SBSC 131300Z 33005KT CAVOK 22/14 Q1028=
13/07/2025 14:00,METAR SBSC 131400Z 36003KT CAVOK 24/12 Q1027=
13/07/2025 15:00,METAR SBSC 131500Z 29003KT CAVOK 25/11 Q1026=
13/07/2025 16:00,METAR SBSC 131600Z 12010KT CAVOK 24/13 Q1026=
13/07/2025 17:00,METAR SBSC 131700Z 11012KT CAVOK 24/14 Q1025=
13/07/2025 18:00,METAR SBSC 131800Z 12010KT CAVOK 24/14 Q1025=
13/07/2025 19:00,METAR SBSC 131900Z 12012KT CAVOK 22/16 Q1024=
13/07/2025 20:00,METAR SBSC 132000Z 13009KT CAVOK 21/16 Q1025=
13/07/2025 21:00,METAR SBSC 132100Z 12010KT CAVOK 20/16 Q1025=
13/07/2025 22:00,METAR SBSC 132200Z 10003KT CAVOK 20/16 Q1025=
13/07/2025 23:00,METAR SBSC 132300Z 09003KT CAVOK 19/16 Q1026=
14/07/2025 00:00,METAR SBSC 140000Z 30002KT CAVOK 17/15 Q1026=
14/07/2025 01:00,METAR SBSC 140100Z 35003KT 9999 SCT040 17/15 Q1026=
14/07/2025 02:00,METAR SBSC 140200Z VRB02KT 9999 SCT040 17/15 Q1026=
14/07/2025 03:00,METAR SBSC 140300Z 36003KT 9999 FEW040 16/14 Q1026=
14/07/2025 04:00,METAR SBSC 140400Z 01002KT 9999 FEW040 16/14 Q1026=
14/07/2025 05:00,METAR SBSC 140500Z 02002KT 9999 FEW040 15/14 Q1026=
14/07/2025 06:00,METAR SBSC 140600Z 01003KT 8000 FEW015 15/14 Q1025=
14/07/2025 07:00,METAR SBSC 140700Z 02003KT 7000 FEW015 15/14 Q1025=
14/07/2025 08:00,METAR SBSC 140800Z 03003KT 6000 FEW007 SCT015 15/14 Q1025=
14/07/2025 09:00,METAR SBSC 140900Z 02006KT CAVOK 15/14 Q1025=
14/07/2025 10:00,METAR COR SBSC 141000Z 02007KT CAVOK 16/14 Q1025=
14/07/2025 11:00,METAR SBSC 141100Z 02008KT CAVOK 17/15 Q1025=
14/07/2025 12:00,METAR SBSC 141200Z 35007KT CAVOK 20/15 Q1026=
14/07/2025 13:00,METAR SBSC 141300Z 33008KT CAVOK 22/14 Q1026=
14/07/2025 14:00,METAR SBSC 141400Z 33007KT CAVOK 24/14 Q1025=
14/07/2025 15:00,METAR SBSC 141500Z 33006KT CAVOK 25/14 Q1024=
14/07/2025 16:00,METAR SBSC 141600Z 36006KT CAVOK 26/13 Q1023=
14/07/2025 17:00,METAR SBSC 141700Z 33004KT CAVOK 27/11 Q1022=
14/07/2025 18:00,METAR SBSC 141800Z 17008KT 9999 FEW017 24/16 Q1022=
14/07/2025 19:00,METAR SBSC 141900Z 18009KT 9999 FEW017 22/17 Q1023=
14/07/2025 20:00,METAR SBSC 142000Z 16008KT 9999 FEW017 21/17 Q1023=
14/07/2025 21:00,METAR SBSC 142100Z 17006KT 9999 FEW040 20/17 Q1024=
14/07/2025 22:00,METAR SBSC 142200Z 18004KT 9999 FEW040 19/17 Q1024=
14/07/2025 23:00,METAR SBSC 142300Z 17003KT 9999 FEW040 19/16 Q1024=
15/07/2025 00:00,METAR SBSC 150000Z 18003KT 9999 FEW040 17/15 Q1024=
15/07/2025 01:00,METAR SBSC 150100Z 19003KT CAVOK 17/16 Q1025=
15/07/2025 02:00,METAR SBSC 150200Z 20003KT 8000 NSC 17/15 Q1025=
15/07/2025 03:00,METAR SBSC 150300Z 19002KT 5000 BR SCT020 SCT050 17/15 Q1024=
15/07/2025 04:00,METAR SBSC 150400Z 21003KT 5000 BR SCT020 SCT050 17/15 Q1024=
15/07/2025 05:00,METAR SBSC 150500Z 22002KT 5000 BR SCT020 SCT050 16/15 Q1023=
15/07/2025 06:00,METAR SBSC 150600Z 27005KT 5000 BR SCT020 SCT050 16/15 Q1023=
15/07/2025 07:00,METAR SBSC 150700Z 36006KT 5000 BR SCT020 SCT050 16/15 Q1023=
15/07/2025 08:00,METAR SBSC 150800Z 01004KT 5000 BR SCT020 SCT050 16/14 Q1022=
15/07/2025 09:00,METAR SBSC 150900Z 36003KT 5000 BR FEW010 SCT050 15/14 Q1022=
15/07/2025 10:00,METAR SBSC 151000Z 03003KT 5000 BR NSC 15/14 Q1023=
15/07/2025 11:00,METAR SBSC 151100Z 03003KT CAVOK 17/16 Q1024=
15/07/2025 12:00,METAR SBSC 151200Z 36003KT CAVOK 20/15 Q1024=
15/07/2025 13:00,METAR SBSC 151300Z 07002KT 9999 FEW020 21/15 Q1024=
15/07/2025 14:00,METAR SBSC 151400Z 16005KT 9999 FEW020 22/16 Q1024=
15/07/2025 15:00,METAR SBSC 151500Z 15006KT 9999 FEW020 22/16 Q1024=
15/07/2025 16:00,METAR SBSC 151600Z 14006KT 9999 FEW020 22/15 Q1023=
15/07/2025 17:00,METAR SBSC 151700Z 15007KT 9999 FEW020 22/16 Q1022=
15/07/2025 18:00,METAR SBSC 151800Z 15008KT 9999 FEW020 22/16 Q1022=
15/07/2025 19:00,METAR SBSC 151900Z 15008KT 9999 FEW020 SCT025 21/16 Q1022=
15/07/2025 20:00,METAR SBSC 152000Z 16005KT 9999 FEW020 20/15 Q1022=
15/07/2025 21:00,METAR SBSC 152100Z 14004KT 9999 FEW020 18/15 Q1022=
15/07/2025 22:00,METAR SBSC 152200Z 00000KT 9999 FEW020 16/14 Q1022=
15/07/2025 23:00,METAR SBSC 152300Z 36002KT 9999 FEW020 16/14 Q1022=
16/07/2025 00:00,METAR SBSC 160000Z 07002KT 9999 FEW025 15/13 Q1022=
16/07/2025 01:00,METAR SBSC 160100Z 07002KT 9999 FEW025 15/13 Q1022=
16/07/2025 02:00,METAR SBSC 160200Z 07002KT 9999 FEW025 15/13 Q1022=
16/07/2025 03:00,METAR SBSC 160300Z 36006KT 9999 SCT025 16/14 Q1022=
16/07/2025 04:00,METAR SBSC 160400Z 36007KT 9999 SCT025 15/14 Q1021=
16/07/2025 05:00,METAR SBSC 160500Z 36008KT 9999 SCT025 15/14 Q1021=
16/07/2025 06:00,METAR SBSC 160600Z 36008KT 9999 SCT025 14/14 Q1021=
16/07/2025 07:00,METAR SBSC 160700Z 02008KT 9999 SCT025 14/13 Q1021=
16/07/2025 08:00,METAR SBSC 160800Z 36008KT 9999 SCT025 14/13 Q1021=
16/07/2025 09:00,METAR SBSC 160900Z 36008KT 9999 SCT025 15/13 Q1022=
16/07/2025 10:00,METAR SBSC 161000Z 36005KT CAVOK 12/11 Q1023=
16/07/2025 11:00,METAR SBSC 161100Z 36007KT CAVOK 15/14 Q1022=
16/07/2025 12:00,METAR SBSC 161200Z 36008KT CAVOK 18/14 Q1023=
16/07/2025 13:00,METAR SBSC 161300Z 35010KT CAVOK 21/13 Q1023=
16/07/2025 14:00,METAR SBSC 161400Z 35011KT CAVOK 23/13 Q1023=
16/07/2025 15:00,METAR SBSC 161500Z 36008KT CAVOK 25/12 Q1022=
16/07/2025 16:00,METAR SBSC 161600Z 05004KT CAVOK 25/11 Q1021=
16/07/2025 17:00,METAR SBSC 161700Z 12008KT CAVOK 24/14 Q1020=
16/07/2025 18:00,METAR SBSC 161800Z 13009KT CAVOK 24/13 Q1020=
16/07/2025 19:00,METAR SBSC 161900Z 12007KT CAVOK 24/14 Q1020=
16/07/2025 20:00,METAR SBSC 162000Z 14005KT CAVOK 22/15 Q1021=
16/07/2025 21:00,METAR SBSC 162100Z 13004KT CAVOK 19/14 Q1021=
16/07/2025 22:00,METAR SBSC 162200Z 20002KT CAVOK 17/14 Q1021=
16/07/2025 23:00,METAR SBSC 162300Z 00000KT CAVOK 17/15 Q1022=
17/07/2025 00:00,METAR SBSC 170000Z 19002KT CAVOK 15/14 Q1022=
17/07/2025 01:00,METAR SBSC 170100Z 02003KT CAVOK 15/13 Q1022=
17/07/2025 02:00,METAR SBSC 170200Z 31003KT CAVOK 15/14 Q1022=
17/07/2025 18:00,METAR SBSC 171800Z 34006KT CAVOK 29/10 Q1016=
17/07/2025 19:00,METAR SBSC 171900Z 36005KT CAVOK 29/10 Q1016=
17/07/2025 20:00,METAR SBSC 172000Z 34003KT CAVOK 26/12 Q1016=
17/07/2025 21:00,METAR SBSC 172100Z 01003KT CAVOK 20/12 Q1016=
17/07/2025 22:00,METAR SBSC 172200Z 33005KT CAVOK 20/13 Q1017=
17/07/2025 23:00,METAR SBSC 172300Z 34005KT CAVOK 20/14 Q1017=
18/07/2025 00:00,METAR SBSC 180000Z 35004KT CAVOK 17/14 Q1017=
18/07/2025 01:00,METAR SBSC 180100Z 35004KT CAVOK 18/14 Q1017=
18/07/2025 02:00,METAR SBSC 180200Z 36004KT CAVOK 17/14 Q1017=
18/07/2025 03:00,METAR SBSC 180300Z 01005KT CAVOK 17/14 Q1017=
18/07/2025 04:00,METAR SBSC 180400Z 36006KT CAVOK 17/14 Q1016=
18/07/2025 05:00,METAR SBSC 180500Z 35006KT CAVOK 17/14 Q1016=
18/07/2025 06:00,METAR SBSC 180600Z 01005KT CAVOK 16/13 Q1015=
18/07/2025 07:00,METAR SBSC 180700Z 35005KT CAVOK 16/13 Q1015=
18/07/2025 08:00,METAR SBSC 180800Z 01006KT CAVOK 16/13 Q1015=
18/07/2025 09:00,METAR SBSC 180900Z 36005KT CAVOK 17/13 Q1015=
18/07/2025 10:00,METAR SBSC 181000Z 33006KT CAVOK 19/12 Q1016=
18/07/2025 11:00,METAR SBSC 181100Z 35007KT CAVOK 20/13 Q1016=
18/07/2025 12:00,METAR SBSC 181200Z 33009KT CAVOK 24/12 Q1016=
18/07/2025 13:00,METAR SBSC 181300Z 33012KT CAVOK 26/12 Q1016=
18/07/2025 14:00,METAR SBSC 181400Z 34012KT CAVOK 27/12 Q1016=
18/07/2025 15:00,METAR SBSC 181500Z 34009KT CAVOK 29/12 Q1015=
18/07/2025 16:00,METAR SBSC 181600Z 18013G24KT CAVOK 24/18 Q1016=
18/07/2025 17:00,METAR SBSC 181700Z 17010KT 9999 FEW015 23/18 Q1016=
18/07/2025 18:00,METAR SBSC 181800Z 17012KT 9999 FEW010 23/18 Q1016=
18/07/2025 19:00,METAR SBSC 181900Z 17012KT 9999 FEW012 BKN025 21/17 Q1016=
18/07/2025 20:00,METAR SBSC 182000Z 17012KT 9999 FEW012 BKN025 21/15 Q1017=
18/07/2025 21:00,METAR SBSC 182100Z 17010KT 9999 FEW012 BKN025 20/15 Q1018=
18/07/2025 22:00,METAR SBSC 182200Z 17010KT 9999 FEW012 BKN025 20/15 Q1019=
18/07/2025 23:00,METAR SBSC 182300Z 17009KT 9999 FEW012 BKN025 20/16 Q1020=
19/07/2025 00:00,METAR SBSC 190000Z 17009KT 9999 FEW012 BKN020 20/15 Q1020=
19/07/2025 01:00,METAR SBSC 190100Z 17010KT 9999 FEW010 BKN015 20/16 Q1021=
19/07/2025 02:00,METAR SBSC 190200Z 17008KT 9999 FEW008 BKN012 19/16 Q1021=
19/07/2025 03:00,METAR SBSC 190300Z 22005KT 9999 FEW008 BKN015 19/16 Q1021=
19/07/2025 04:00,METAR SBSC 190400Z 22005KT 9999 FEW008 BKN015 BKN040 19/16 Q1021=
19/07/2025 05:00,METAR SBSC 190500Z 22004KT 9999 FEW008 BKN020 19/16 Q1021=
19/07/2025 06:00,METAR SBSC 190600Z 21005KT 9999 FEW008 BKN020 18/16 Q1021=
19/07/2025 07:00,METAR SBSC 190700Z 22005KT 9999 FEW008 BKN020 18/16 Q1021=
19/07/2025 08:00,METAR SBSC 190800Z 22006KT 9999 FEW008 BKN020 17/16 Q1021=
19/07/2025 09:00,METAR SBSC 190900Z 17008KT 9999 FEW015 BKN040 19/13 Q1022=
19/07/2025 10:00,METAR SBSC 191000Z 18006KT 9999 FEW015 BKN050 19/13 Q1022=
19/07/2025 11:00,METAR SBSC 191100Z 18005KT CAVOK 20/13 Q1023=
19/07/2025 12:00,METAR SBSC 191200Z 18005KT 9999 FEW030 21/13 Q1023=
19/07/2025 13:00,METAR SBSC 191300Z 18006KT 9999 FEW030 21/13 Q1024=
19/07/2025 14:00,METAR SBSC 191400Z 16007KT 9999 SCT030 21/14 Q1023=
19/07/2025 15:00,METAR SBSC 191500Z 17007KT 9999 SCT030 22/12 Q1023=
19/07/2025 16:00,METAR SBSC 191600Z 15009KT 9999 FEW040 22/11 Q1022=
19/07/2025 17:00,METAR COR SBSC 191700Z 17008KT 9999 FEW040 23/11 Q1022=
19/07/2025 18:00,METAR SBSC 191800Z 16009KT CAVOK 22/12 Q1021=
19/07/2025 19:00,METAR SBSC 191900Z 15011KT 9999 FEW030 21/12 Q1021=
19/07/2025 20:00,METAR SBSC 192000Z 15011KT 9999 FEW030 21/12 Q1021=
19/07/2025 21:00,METAR SBSC 192100Z 17010KT 9999 FEW030 20/12 Q1022=
19/07/2025 22:00,METAR SBSC 192200Z 17005KT 9999 FEW030 18/14 Q1022=
19/07/2025 23:00,METAR SBSC 192300Z 17005KT 9999 FEW030 18/14 Q1023=
20/07/2025 00:00,METAR SBSC 200000Z 17004KT 9999 FEW030 18/14 Q1023=
20/07/2025 01:00,METAR SBSC 200100Z 17004KT 9999 SCT023 SCT040 17/14 Q1024=
20/07/2025 02:00,METAR SBSC 200200Z 18003KT 9999 SCT023 BKN040 18/14 Q1023=
20/07/2025 03:00,METAR SBSC 200300Z 24002KT 9999 SCT023 BKN040 16/14 Q1023=
20/07/2025 04:00,METAR SBSC 200400Z 36003KT 9999 SCT023 BKN040 16/14 Q1023=
20/07/2025 05:00,METAR SBSC 200500Z 35004KT 8000 SCT023 BKN040 14/13 Q1023=
20/07/2025 06:00,METAR SBSC 200600Z 36003KT 8000 FEW023 SCT040 14/13 Q1022=
20/07/2025 07:00,METAR SBSC 200700Z 35004KT 8000 FEW023 SCT040 13/12 Q1022=
20/07/2025 08:00,METAR SBSC 200800Z 36004KT 8000 FEW023 13/12 Q1022=
20/07/2025 09:00,METAR SBSC 200900Z 34004KT 6000 FEW019 13/12 Q1023=
20/07/2025 10:00,METAR SBSC 201000Z 36004KT 8000 FEW019 13/12 Q1023=
20/07/2025 11:00,METAR SBSC 201100Z 36004KT CAVOK 16/14 Q1023=
20/07/2025 12:00,METAR SBSC 201200Z 34004KT CAVOK 19/14 Q1024=
20/07/2025 13:00,METAR SBSC 201300Z 34003KT CAVOK 20/14 Q1024=
20/07/2025 14:00,METAR SBSC 201400Z 24010KT CAVOK 22/14 Q1023=
20/07/2025 15:00,METAR SBSC 201500Z 20010KT CAVOK 23/14 Q1023=
20/07/2025 16:00,METAR SBSC 201600Z 18011KT CAVOK 23/14 Q1022=
20/07/2025 17:00,METAR SBSC 201700Z 18014KT CAVOK 23/15 Q1021=
20/07/2025 18:00,METAR SBSC 201800Z 16015KT CAVOK 23/15 Q1021=
20/07/2025 19:00,METAR SBSC 201900Z 15008KT CAVOK 22/14 Q1021=
20/07/2025 20:00,METAR SBSC 202000Z 16007KT 9999 FEW015 21/15 Q1021=
20/07/2025 21:00,METAR SBSC 202100Z 15005KT 9999 FEW010 19/15 Q1021=
20/07/2025 22:00,METAR SBSC 202200Z 16003KT 9999 FEW010 18/15 Q1022=
20/07/2025 23:00,METAR SBSC 202300Z 14013KT 9999 FEW010 SCT035 18/15 Q1022=
21/07/2025 00:00,METAR SBSC 210000Z 16003KT 9999 FEW010 SCT035 18/15 Q1022=
21/07/2025 01:00,METAR SBSC 210100Z 07002KT 9999 FEW010 SCT035 17/15 Q1022=
21/07/2025 02:00,METAR SBSC 210200Z 07002KT 9999 FEW010 SCT035 17/15 Q1022=
21/07/2025 03:00,METAR SBSC 210300Z 02004KT 9999 FEW010 SCT035 17/16 Q1022=
21/07/2025 04:00,METAR SBSC 210400Z 36004KT 9999 FEW010 SCT035 17/16 Q1021=
21/07/2025 05:00,METAR SBSC 210500Z 36004KT 9999 FEW010 SCT035 17/16 Q1021=
21/07/2025 06:00,METAR SBSC 210600Z 02005KT 9999 FEW010 SCT035 17/15 Q1021=
21/07/2025 07:00,METAR SBSC 210700Z 02006KT 9999 FEW010 SCT035 16/15 Q1020=
21/07/2025 08:00,METAR SBSC 210800Z 02007KT 9999 FEW010 SCT035 16/15 Q1020=
21/07/2025 09:00,METAR SBSC 210900Z 02008KT 9999 FEW030 SCT040 16/15 Q1020=
21/07/2025 10:00,METAR SBSC 211000Z 01007KT 9999 FEW030 SCT040 17/15 Q1020=
21/07/2025 11:00,METAR SBSC 211100Z 01005KT 9999 FEW040 17/16 Q1021=
21/07/2025 12:00,METAR SBSC 211200Z 02007KT 9999 FEW040 20/15 Q1021=
21/07/2025 13:00,METAR SBSC 211300Z 34009KT CAVOK 23/15 Q1021=
21/07/2025 14:00,METAR SBSC 211400Z 34008KT CAVOK 24/15 Q1020=
21/07/2025 15:00,METAR SBSC 211500Z 35007KT 9999 FEW035 26/15 Q1019=
21/07/2025 16:00,METAR SBSC 211600Z 35008G18KT CAVOK 27/14 Q1018=
21/07/2025 17:00,METAR SBSC 211700Z 36006KT CAVOK 27/15 Q1017=
21/07/2025 18:00,METAR SBSC 211800Z 33007KT CAVOK 27/14 Q1017=
21/07/2025 20:00,METAR SBSC 212000Z 20003KT CAVOK 25/16 Q1017=
21/07/2025 21:00,METAR SBSC 212100Z 18003KT CAVOK 21/17 Q1017=
21/07/2025 22:00,METAR SBSC 212200Z 19004KT CAVOK 20/17 Q1017=
21/07/2025 23:00,METAR SBSC 212300Z 21003KT CAVOK 19/17 Q1018=
22/07/2025 00:00,METAR SBSC 220000Z 20002KT CAVOK 18/16 Q1018=
22/07/2025 01:00,METAR SBSC 220100Z 34002KT CAVOK 17/15 Q1018=
22/07/2025 02:00,METAR SBSC 220200Z 35004KT CAVOK 17/15 Q1018=
22/07/2025 03:00,METAR SBSC 220300Z 36003KT CAVOK 17/14 Q1018=
22/07/2025 04:00,METAR SBSC 220400Z 34004KT 9999 FEW025 16/14 Q1018=
22/07/2025 05:00,METAR SBSC 220500Z 02004KT 9999 FEW025 16/14 Q1017=
22/07/2025 06:00,METAR SBSC 220600Z 03002KT 9999 FEW025 15/14 Q1017=
22/07/2025 07:00,METAR SBSC 220700Z 36003KT 9999 FEW020 15/14 Q1017=
22/07/2025 08:00,METAR SBSC 220800Z 02002KT 9999 FEW020 16/14 Q1017=
22/07/2025 09:00,METAR SBSC 220900Z 35004KT 9999 FEW020 17/15 Q1017=
22/07/2025 10:00,METAR SBSC 221000Z 01005KT CAVOK 17/16 Q1017=
22/07/2025 11:00,METAR SBSC 221100Z 01005KT CAVOK 19/17 Q1018=
22/07/2025 12:00,METAR SBSC 221200Z 01007KT CAVOK 21/17 Q1018=
22/07/2025 13:00,METAR SBSC 221300Z 35007KT CAVOK 25/16 Q1018=
22/07/2025 14:00,METAR SBSC 221400Z 33010KT CAVOK 27/15 Q1017=
22/07/2025 15:00,METAR SBSC 221500Z 32008KT CAVOK 29/15 Q1016=
22/07/2025 16:00,METAR SBSC 221600Z 19006KT CAVOK 26/18 Q1016=
22/07/2025 17:00,METAR SBSC 221700Z 19007KT CAVOK 25/18 Q1016=
22/07/2025 18:00,METAR SBSC 221800Z 18008KT CAVOK 23/18 Q1016=
22/07/2025 19:00,METAR SBSC 221900Z 17009KT CAVOK 22/18 Q1016=
22/07/2025 20:00,METAR SBSC 222000Z 17007KT CAVOK 22/18 Q1016=
22/07/2025 21:00,METAR SBSC 222100Z 16006KT CAVOK 21/18 Q1016=
22/07/2025 22:00,METAR SBSC 222200Z 17003KT CAVOK 19/17 Q1017=
22/07/2025 23:00,METAR SBSC 222300Z 19003KT CAVOK 19/17 Q1017=
23/07/2025 00:00,METAR SBSC 230000Z 17004KT CAVOK 19/17 Q1018=
23/07/2025 01:00,METAR SBSC 230100Z 18006KT CAVOK 21/19 Q1018=
23/07/2025 02:00,METAR SBSC 230200Z 17005KT CAVOK 21/19 Q1019=
23/07/2025 03:00,METAR SBSC 230300Z 17003KT CAVOK 20/18 Q1019=
23/07/2025 04:00,METAR SBSC 230400Z 14003KT CAVOK 19/17 Q1019=
23/07/2025 05:00,METAR SBSC 230500Z 00000KT CAVOK 18/16 Q1019=
23/07/2025 06:00,METAR SBSC 230600Z 35004KT 8000 FEW011 17/16 Q1018=
23/07/2025 07:00,METAR SBSC 230700Z 32003KT 8000 SCT011 18/17 Q1018=
23/07/2025 08:00,METAR SBSC 230800Z 35004KT 6000 SCT010 16/15 Q1018=
23/07/2025 09:00,METAR SBSC 230900Z 36004KT 3000 BR SCT010 16/15 Q1018=
23/07/2025 10:00,METAR SBSC 231000Z 03002KT 2500 BR FEW010 17/16 Q1019=
23/07/2025 11:00,METAR SBSC 231100Z 02002KT 3000 BR NSC 19/18 Q1020=
23/07/2025 12:00,METAR SBSC 231200Z 07001KT 8000 FEW003 21/20 Q1021=
23/07/2025 13:00,METAR SBSC 231300Z 12005KT 090V190 7000 FEW010 23/19 Q1021=
23/07/2025 14:00,METAR COR SBSC 231400Z 15010KT 120V230 7000 SCT010 25/18 Q1021=
23/07/2025 15:00,METAR SBSC 231500Z 17011KT 8000 SCT012 BKN020 23/18 Q1022=
23/07/2025 16:00,METAR SBSC 231600Z 16014KT 7000 FEW012 BKN020 23/17 Q1021=
23/07/2025 17:00,METAR SBSC 231700Z 16015KT 8000 FEW015 23/17 Q1021=
23/07/2025 18:00,METAR SBSC 231800Z 16013KT 9999 4500W FEW015 23/17 Q1020=
23/07/2025 19:00,METAR SBSC 231900Z 16011KT 9999 FEW015 SCT070 21/17 Q1021=
23/07/2025 20:00,METAR SBSC 232000Z 16010KT 9999 FEW015 SCT070 21/16 Q1021=
23/07/2025 22:00,METAR SBSC 232200Z 16006KT 9999 SCT030 SCT070 20/16 Q1022=
23/07/2025 23:00,METAR SBSC 232300Z 16007KT 9999 SCT030 SCT070 20/16 Q1022=
24/07/2025 00:00,METAR SBSC 240000Z 16006KT 9999 FEW030 SCT070 20/16 Q1023=
24/07/2025 01:00,METAR SBSC 240100Z 18007KT 9999 FEW040 SCT080 20/16 Q1023=
24/07/2025 02:00,METAR SBSC 240200Z 18005KT CAVOK 20/16 Q1023=
24/07/2025 03:00,METAR SBSC 240300Z 21003KT 9999 SCT030 18/16 Q1023=
24/07/2025 04:00,METAR SBSC 240400Z 21003KT 9999 SCT030 17/16 Q1023=
24/07/2025 05:00,METAR SBSC 240500Z 21004KT 9999 SCT030 17/16 Q1022=
24/07/2025 06:00,METAR SBSC 240600Z 21004KT 9999 FEW010 SCT030 17/16 Q1022=
24/07/2025 07:00,METAR SBSC 240700Z 24004KT 8000 FEW010 SCT030 17/16 Q1022=
24/07/2025 08:00,METAR SBSC 240800Z 24003KT 6000 FEW010 SCT020 17/16 Q1022=
24/07/2025 09:00,METAR SBSC 240900Z 33002KT 8000 FEW012 BKN020 18/16 Q1022=
24/07/2025 10:00,METAR SBSC 241000Z 34002KT 8000 FEW012 BKN025 BKN050 18/16 Q1023=
24/07/2025 11:00,METAR SBSC 241100Z 34001KT 9000 FEW015 BKN030 BKN050 19/17 Q1023=
24/07/2025 12:00,METAR SBSC 241200Z 23003KT 9999 FEW015 BKN030 BKN050 21/17 Q1024=
24/07/2025 13:00,METAR SBSC 241300Z 19002KT 9999 SCT020 BKN036 BKN069 22/15 Q1024=
24/07/2025 14:00,METAR SBSC 241400Z 18003KT 9999 FEW020 SCT036 OVC065 21/16 Q1024=
24/07/2025 15:00,METAR SBSC 241500Z 17002KT 9999 FEW020 BKN040 OVC061 21/16 Q1023=
24/07/2025 16:00,METAR SBSC 241600Z 14004KT 9999 FEW020 SCT033 OVC050 21/16 Q1022=
24/07/2025 17:00,METAR SBSC 241700Z 14003KT 9999 FEW021 BKN046 OVC059 21/17 Q1021=
24/07/2025 18:00,METAR SBSC 241800Z 15004KT 9999 SCT021 SCT033 OVC040 21/17 Q1021=
24/07/2025 19:00,METAR SBSC 241900Z 10003KT 9999 SCT015 SCT033 OVC040 20/17 Q1021=
24/07/2025 20:00,METAR SBSC 242000Z 12005KT 9999 SCT015 SCT033 OVC040 19/17 Q1021=
24/07/2025 21:00,METAR SBSC 242100Z 12005KT 9999 SCT015 SCT033 OVC040 19/17 Q1021=
24/07/2025 22:00,METAR SBSC 242200Z 24002KT 9999 SCT015 SCT033 OVC040 19/17 Q1021=
24/07/2025 23:00,METAR SBSC 242300Z 24001KT 9999 FEW015 SCT033 OVC040 19/17 Q1021=
25/07/2025 00:00,METAR SBSC 250000Z 36002KT 9999 FEW015 SCT033 OVC040 19/17 Q1021=
25/07/2025 01:00,METAR SBSC 250100Z 32002KT 5000 BR FEW005 SCT015 OVC030 19/17 Q1022=
25/07/2025 02:00,METAR SBSC 250200Z 01002KT 5000 BR SCT005 BKN015 OVC030 19/17 Q1022=
25/07/2025 03:00,METAR SBSC 250300Z 36003KT 5000 BR SCT005 BKN015 OVC030 19/17 Q1021=
25/07/2025 04:00,METAR SBSC 250400Z 02004KT 5000 BR SCT005 BKN015 OVC030 19/17 Q1021=
25/07/2025 05:00,METAR SBSC 250500Z 01003KT 5000 BR SCT005 BKN015 OVC030 18/17 Q1020=
25/07/2025 06:00,METAR SBSC 250600Z 36003KT 5000 BR SCT005 BKN015 OVC030 18/17 Q1020=
25/07/2025 07:00,METAR SBSC 250700Z 01004KT 5000 BR SCT005 BKN015 OVC030 18/16 Q1020=
25/07/2025 08:00,METAR SBSC 250800Z 02004KT 5000 BR SCT005 BKN015 OVC030 18/16 Q1020=
25/07/2025 09:00,METAR SBSC 250900Z 01003KT 5000 BR SCT005 BKN015 OVC030 19/17 Q1020=
25/07/2025 10:00,METAR SBSC 251000Z 05003KT 3000 BR SCT005 BKN015 OVC030 19/17 Q1020=
25/07/2025 11:00,METAR SBSC 251100Z 36006KT 3000 BR FEW005 SCT015 OVC050 19/17 Q1020=
25/07/2025 12:00,METAR SBSC 251200Z 35007KT 8000 FEW015 SCT050 21/17 Q1020=
25/07/2025 13:00,METAR SBSC 251300Z 36007KT 9999 FEW015 SCT050 23/17 Q1020=
25/07/2025 14:00,METAR SBSC 251400Z 36007KT 9999 FEW015 SCT050 23/17 Q1020=
25/07/2025 15:00,METAR SBSC 251500Z 03005KT 9999 FEW015 SCT050 BKN100 26/17 Q1019=
25/07/2025 16:00,METAR SBSC 251600Z 13011KT 9999 SCT020 BKN050 24/17 Q1018=
25/07/2025 17:00,METAR SBSC 251700Z 13011KT 9999 SCT020 BKN050 24/17 Q1018=
25/07/2025 18:00,METAR SBSC 251800Z 11006KT 9999 SCT020 BKN050 23/18 Q1016=
25/07/2025 19:00,METAR SBSC 251900Z 11011KT 9999 SCT020 BKN035 22/18 Q1017=
25/07/2025 20:00,METAR SBSC 252000Z 10011KT 9999 SCT020 BKN035 21/18 Q1017=
25/07/2025 21:00,METAR COR SBSC 252100Z 11011KT 2500 +TSRA BR SCT006 SCT020 BKN030 FEW040CB 19/18 Q1018 RERA=
25/07/2025 22:00,METAR SBSC 252200Z 30005KT 9999 -TSRA FEW006 BKN030 FEW040CB 18/17 Q1019 RERA=
25/07/2025 23:00,METAR SBSC 252300Z 35006KT 9999 -RA FEW006 SCT015 BKN055 18/17 Q1019 RETSRA=
26/07/2025 01:00,METAR SBSC 260100Z 06008KT 9999 FEW015 SCT030 BKN050 18/16 Q1020=
26/07/2025 02:00,METAR SBSC 260200Z 04008KT 9999 FEW015 SCT030 BKN050 18/17 Q1020=
26/07/2025 03:00,METAR SBSC 260300Z 03008KT 9999 FEW015 SCT030 BKN050 18/17 Q1019=
26/07/2025 04:00,METAR SBSC 260400Z 02006KT 9999 FEW015 SCT030 BKN050 18/17 Q1019=
26/07/2025 05:00,METAR SBSC 260500Z 02006KT 9999 FEW015 SCT030 BKN050 17/17 Q1019=
26/07/2025 06:00,METAR SBSC 260600Z 02007KT 9999 FEW015 SCT030 BKN050 17/16 Q1018=
26/07/2025 07:00,METAR SBSC 260700Z 02007KT 9999 FEW015 SCT030 BKN050 17/16 Q1018=
26/07/2025 08:00,METAR SBSC 260800Z 03007KT 9999 FEW015 SCT030 BKN050 17/16 Q1018=
26/07/2025 09:00,METAR COR SBSC 260900Z 02007KT 9999 FEW020 17/16 Q1019=
26/07/2025 10:00,METAR SBSC 261000Z 04006KT 9999 FEW020 17/16 Q1019=
26/07/2025 11:00,METAR SBSC 261100Z 02006KT 9999 FEW020 19/18 Q1020=
26/07/2025 12:00,METAR SBSC 261200Z 36007KT CAVOK 20/17 Q1021=
26/07/2025 13:00,METAR SBSC 261300Z 36005KT CAVOK 22/17 Q1021=
26/07/2025 14:00,METAR SBSC 261400Z 34003KT 9999 FEW010 24/16 Q1021=
26/07/2025 15:00,METAR SBSC 261500Z 31003KT 9999 SCT026 25/16 Q1020=
26/07/2025 16:00,METAR SBSC 261600Z 17008KT 9999 FEW030 23/17 Q1019=
26/07/2025 17:00,METAR SBSC 261700Z 16005KT CAVOK 23/17 Q1018=
26/07/2025 18:00,METAR SBSC 261800Z 13006KT CAVOK 24/18 Q1018=
26/07/2025 19:00,METAR SBSC 261900Z 17005KT CAVOK 24/17 Q1017=
26/07/2025 20:00,METAR SBSC 262000Z 20004KT CAVOK 23/17 Q1018=
26/07/2025 21:00,METAR SBSC 262100Z 21004KT CAVOK 20/18 Q1018=
26/07/2025 22:00,METAR SBSC 262200Z 20003KT CAVOK 19/17 Q1019=
26/07/2025 23:00,METAR SBSC 262300Z 21003KT CAVOK 19/17 Q1019=
27/07/2025 00:00,METAR SBSC 270000Z 23002KT CAVOK 18/17 Q1019=
27/07/2025 01:00,METAR SBSC 270100Z 34005KT CAVOK 17/16 Q1019=
27/07/2025 02:00,METAR SBSC 270200Z 36004KT CAVOK 17/16 Q1019=
27/07/2025 03:00,METAR SBSC 270300Z 01004KT CAVOK 17/16 Q1019=
27/07/2025 04:00,METAR SBSC 270400Z 36004KT CAVOK 17/16 Q1019=
27/07/2025 05:00,METAR SBSC 270500Z 02006KT CAVOK 17/16 Q1018=
27/07/2025 06:00,METAR SBSC 270600Z 02005KT CAVOK 17/16 Q1018=
27/07/2025 08:00,METAR SBSC 270800Z 36006KT 8000 NSC 17/16 Q1017=
27/07/2025 09:00,METAR SBSC 270900Z 34005KT 7000 NSC 17/16 Q1017=
27/07/2025 10:00,METAR SBSC 271000Z 34004KT 8000 NSC 17/15 Q1018=
27/07/2025 11:00,METAR SBSC 271100Z 34005KT CAVOK 19/18 Q1018=
27/07/2025 12:00,METAR SBSC 271200Z 33014KT CAVOK 23/17 Q1018=
27/07/2025 13:00,METAR SBSC 271300Z 32012G25KT CAVOK 25/17 Q1018=
27/07/2025 14:00,METAR SBSC 271400Z 32012G25KT CAVOK 26/16 Q1017=
27/07/2025 15:00,METAR SBSC 271500Z 32011G25KT CAVOK 28/16 Q1016=
27/07/2025 16:00,METAR SBSC 271600Z 33011KT CAVOK 28/16 Q1015=
27/07/2025 17:00,METAR SBSC 271700Z 33012KT CAVOK 29/15 Q1014=
27/07/2025 18:00,METAR SBSC 271800Z 32009KT CAVOK 29/15 Q1014=
27/07/2025 19:00,METAR SBSC 271900Z 33008KT CAVOK 29/15 Q1013=
27/07/2025 20:00,METAR SBSC 272000Z 36005KT CAVOK 28/15 Q1013=
27/07/2025 21:00,METAR SBSC 272100Z 32006KT CAVOK 25/16 Q1013=
27/07/2025 22:00,METAR SBSC 272200Z 01005KT CAVOK 23/16 Q1013=
27/07/2025 23:00,METAR SBSC 272300Z 35005KT CAVOK 22/16 Q1013=
28/07/2025 00:00,METAR SBSC 280000Z 35005KT CAVOK 23/15 Q1014=
28/07/2025 01:00,METAR SBSC 280100Z 33007KT CAVOK 23/15 Q1013=
28/07/2025 02:00,METAR SBSC 280200Z 31008KT CAVOK 24/15 Q1014=
28/07/2025 03:00,METAR SBSC 280300Z 32009KT CAVOK 24/15 Q1013=
28/07/2025 04:00,METAR SBSC 280400Z 36010KT CAVOK 24/15 Q1013=
28/07/2025 05:00,METAR SBSC 280500Z 33009KT CAVOK 23/14 Q1012=
28/07/2025 06:00,METAR SBSC 280600Z 35008KT CAVOK 23/14 Q1012=
28/07/2025 07:00,METAR SBSC 280700Z 36009KT CAVOK 22/13 Q1012=
28/07/2025 08:00,METAR SBSC 280800Z 35010KT CAVOK 22/13 Q1012=
28/07/2025 09:00,METAR SBSC 280900Z 35008KT CAVOK 23/13 Q1013=
28/07/2025 10:00,METAR SBSC 281000Z 36010KT CAVOK 23/13 Q1013=
28/07/2025 11:00,METAR SBSC 281100Z 18008KT CAVOK 23/15 Q1015=
28/07/2025 12:00,METAR SBSC 281200Z 17006KT CAVOK 24/18 Q1017=
28/07/2025 13:00,METAR SBSC 281300Z 08003KT 9999 FEW040 BKN100 23/17 Q1016=
28/07/2025 14:00,METAR SBSC 281400Z 33007KT 9999 FEW040 BKN100 24/17 Q1016=
28/07/2025 15:00,METAR SBSC 281500Z 35008KT 9999 FEW040 BKN100 25/18 Q1013=
28/07/2025 16:00,METAR SBSC 281600Z 34012G22KT 9999 FEW040 BKN100 26/17 Q1012=
28/07/2025 17:00,METAR SBSC 281700Z 34011KT 9999 FEW040 BKN100 27/17 Q1010=
28/07/2025 18:00,METAR SBSC 281800Z 35010KT 9999 FEW040 BKN100 28/15 Q1010=
28/07/2025 19:00,METAR SBSC 281900Z 34005KT 9999 FEW030 BKN100 27/15 Q1010=
28/07/2025 20:00,METAR SBSC 282000Z 04006KT 9999 FEW021 BKN100 27/15 Q1010=
28/07/2025 21:00,METAR SBSC 282100Z 02005KT 9999 FEW023 BKN100 25/15 Q1010=
28/07/2025 22:00,METAR SBSC 282200Z 01005KT 9999 FEW023 BKN100 24/15 Q1011=
28/07/2025 23:00,METAR SBSC 282300Z 34008KT 9999 FEW028 BKN100 25/14 Q1011=
29/07/2025 00:00,METAR SBSC 290000Z 32005KT 9999 FEW021 SCT035 BKN100 26/13 Q1011=
29/07/2025 01:00,METAR SBSC 290100Z 34004KT 9999 FEW020 SCT040 BKN100 25/13 Q1012=
29/07/2025 02:00,METAR SBSC 290200Z 19006KT 9999 FEW020 SCT100 23/14 Q1013=
29/07/2025 03:00,METAR SBSC 290300Z 17002KT 9999 FEW020 SCT100 20/16 Q1014=
29/07/2025 04:00,METAR COR SBSC 290400Z 17009G19KT 9999 SCT020 BKN100 22/16 Q1014=
29/07/2025 05:00,METAR SBSC 290500Z 18010KT 9999 SCT020 BKN100 21/16 Q1014=
29/07/2025 06:00,METAR SBSC 290600Z 17011KT 9999 BKN025 20/16 Q1014=
29/07/2025 07:00,METAR SBSC 290700Z 19011G21KT 9999 FEW015 BKN030 21/14 Q1016=
29/07/2025 08:00,METAR SBSC 290800Z 19012KT 9999 FEW015 BKN030 21/14 Q1016=
29/07/2025 09:00,METAR SBSC 290900Z 19011G21KT 9999 FEW015 BKN030 20/14 Q1016=
29/07/2025 10:00,METAR SBSC 291000Z 19013G26KT 9999 FEW015 BKN028 19/13 Q1018=
29/07/2025 11:00,METAR SBSC 291100Z 19011G21KT 9999 VCSH FEW015 BKN028 19/13 Q1018=
29/07/2025 12:00,METAR SBSC 291200Z 19011G23KT 9999 FEW015 BKN030 20/12 Q1019=
29/07/2025 13:00,METAR SBSC 291300Z 18012G22KT 9999 FEW015 BKN032 OVC040 20/12 Q1019=
29/07/2025 14:00,METAR SBSC 291400Z 17012G22KT 9999 FEW017 BKN033 OVC040 20/12 Q1019=
29/07/2025 15:00,METAR SBSC 291500Z 18012G22KT 9999 FEW015 BKN036 OVC043 20/12 Q1019=
29/07/2025 16:00,METAR SBSC 291600Z 18011G22KT 9999 FEW021 BKN040 21/11 Q1018=
29/07/2025 17:00,METAR SBSC 291700Z 17010G20KT 9999 FEW021 BKN043 21/11 Q1018=
29/07/2025 18:00,METAR SBSC 291800Z 17011KT 9999 FEW021 SCT046 21/12 Q1018=
29/07/2025 19:00,METAR SBSC 291900Z 17011KT 9999 FEW021 SCT046 20/12 Q1018=
29/07/2025 20:00,METAR SBSC 292000Z 17011KT 9999 FEW021 SCT046 19/12 Q1019=
29/07/2025 21:00,METAR SBSC 292100Z 16011KT 9999 FEW021 SCT046 19/10 Q1019=
29/07/2025 22:00,METAR SBSC 292200Z 17010KT 9999 FEW040 SCT050 19/11 Q1020=
29/07/2025 23:00,METAR SBSC 292300Z 17010KT 9999 FEW040 SCT050 19/10 Q1021=
30/07/2025 00:00,METAR SBSC 300000Z 17010KT 9999 BKN044 19/11 Q1021=
30/07/2025 01:00,METAR SBSC 300100Z 17010KT 9999 FEW026 BKN043 18/12 Q1021=
30/07/2025 02:00,METAR SBSC 300200Z 17011G21KT 9999 FEW026 BKN043 18/11 Q1022=
30/07/2025 03:00,METAR SBSC 300300Z 17011G21KT 9999 FEW026 BKN043 18/10 Q1022=
30/07/2025 04:00,METAR SBSC 300400Z 20010G20KT 9999 FEW026 BKN043 18/10 Q1022=
30/07/2025 05:00,METAR SBSC 300500Z 19007KT 9999 FEW026 BKN043 17/10 Q1022=
30/07/2025 06:00,METAR SBSC 300600Z 18007KT 9999 FEW026 SCT043 17/10 Q1021=
30/07/2025 07:00,METAR SBSC 300700Z 22002KT 9999 FEW033 16/10 Q1021=
30/07/2025 08:00,METAR SBSC 300800Z 01002KT 9999 FEW043 14/10 Q1021=
30/07/2025 09:00,METAR SBSC 300900Z 36003KT 9999 FEW043 12/10 Q1022=
30/07/2025 10:00,METAR SBSC 301000Z 36004KT 9999 FEW035 11/10 Q1022=
30/07/2025 11:00,METAR SBSC 301100Z 36005KT 9999 FEW040 14/12 Q1023=
30/07/2025 12:00,METAR SBSC 301200Z 21005KT CAVOK 19/09 Q1023=
30/07/2025 13:00,METAR SBSC 301300Z 20007KT CAVOK 20/08 Q1024=
30/07/2025 14:00,METAR SBSC 301400Z 19007KT CAVOK 20/08 Q1024=
30/07/2025 15:00,METAR SBSC 301500Z 18008KT CAVOK 21/09 Q1024=
30/07/2025 16:00,METAR SBSC 301600Z 18008KT CAVOK 21/09 Q1024=
30/07/2025 17:00,METAR SBSC 301700Z 17011KT CAVOK 21/11 Q1022=
30/07/2025 18:00,METAR SBSC 301800Z 17010KT CAVOK 21/11 Q1022=
30/07/2025 19:00,METAR SBSC 301900Z 17010KT 9999 FEW025 20/11 Q1023=
30/07/2025 20:00,METAR SBSC 302000Z 18008KT 9999 FEW025 19/11 Q1023=
30/07/2025 21:00,METAR SBSC 302100Z 18006KT 9999 FEW025 SCT040 18/11 Q1023=
30/07/2025 22:00,METAR SBSC 302200Z 18006KT 9999 FEW025 SCT040 18/11 Q1024=
30/07/2025 23:00,METAR SBSC 302300Z 18005KT 9999 FEW030 17/11 Q1025=
31/07/2025 00:00,METAR SBSC 310000Z 18005KT 9999 FEW030 17/12 Q1025=
31/07/2025 01:00,METAR SBSC 310100Z 18004KT 9999 FEW030 16/11 Q1025=
31/07/2025 02:00,METAR SBSC 310200Z 23009KT 9999 FEW030 16/11 Q1026=
31/07/2025 03:00,METAR SBSC 310300Z 24008KT 9999 FEW030 15/12 Q1026=
31/07/2025 04:00,METAR SBSC 310400Z 24008KT 9999 FEW030 15/11 Q1026=
31/07/2025 05:00,METAR SBSC 310500Z 27006KT 9999 FEW030 14/11 Q1025=
31/07/2025 06:00,METAR SBSC 310600Z 29007KT 9999 FEW030 14/11 Q1025=
31/07/2025 07:00,METAR SBSC 310700Z 30006KT 9999 FEW030 13/11 Q1025=
31/07/2025 08:00,METAR SBSC 310800Z 33005KT 9999 FEW030 13/11 Q1025=
31/07/2025 09:00,METAR SBSC 310900Z 34007KT 9999 FEW030 13/11 Q1026=
31/07/2025 10:00,METAR SBSC 311000Z 36007KT 9999 FEW030 13/11 Q1027=
31/07/2025 11:00,METAR SBSC 311100Z 36007KT 9999 SCT030 15/12 Q1027=
31/07/2025 12:00,METAR SBSC 311200Z 34008KT 9999 SCT030 17/13 Q1028=
31/07/2025 13:00,METAR SBSC 311300Z 01004KT 9999 FEW030 BKN050 20/12 Q1028=
31/07/2025 14:00,METAR SBSC 311400Z 17004KT 9999 FEW030 BKN050 21/12 Q1028=
31/07/2025 15:00,METAR SBSC 311500Z 17007KT 9999 SCT030 22/13 Q1027=
31/07/2025 16:00,METAR SBSC 311600Z 16008KT 9999 SCT030 SCT060 21/13 Q1027=
31/07/2025 17:00,METAR SBSC 311700Z 15008KT 9999 FEW035 21/13 Q1026=
31/07/2025 18:00,METAR SBSC 311800Z 14008KT 9999 FEW025 21/13 Q1026=
31/07/2025 19:00,METAR SBSC 311900Z 15007KT 9999 FEW025 21/13 Q1026=
31/07/2025 20:00,METAR SBSC 312000Z 14006KT 9999 SCT025 20/13 Q1023=
31/07/2025 21:00,METAR SBSC 312100Z 13004KT 9999 SCT025 19/14 Q1026=
31/07/2025 22:00,METAR SBSC 312200Z 12006KT 9999 FEW025 SCT050 19/14 Q1027=
31/07/2025 23:00,METAR COR SBSC 312300Z 07002KT 9999 FEW025 SCT050 19/14 Q1027=
01/08/2025 00:00,METAR SBSC 010000Z 25002KT 9999 FEW025 SCT050 16/13 Q1028=
01/08/2025 01:00,METAR SBSC 010100Z 32002KT 9999 FEW025 14/12 Q1028=
01/08/2025 02:00,METAR SBSC 010200Z 34002KT 9999 FEW025 13/12 Q1028=
01/08/2025 03:00,METAR SBSC 010300Z 03001KT CAVOK 13/12 Q1028=
01/08/2025 04:00,METAR SBSC 010400Z 02003KT CAVOK 12/11 Q1028=
01/08/2025 05:00,METAR SBSC 010500Z 02004KT CAVOK 12/11 Q1028=
01/08/2025 06:00,METAR SBSC 010600Z 36002KT 9999 FEW020 11/10 Q1027=
01/08/2025 07:00,METAR SBSC 010700Z 01003KT 9999 FEW020 12/10 Q1027=
01/08/2025 08:00,METAR SBSC 010800Z 34001KT 9999 FEW015 12/11 Q1027=
01/08/2025 09:00,METAR SBSC 010900Z 03003KT 9999 FEW015 13/12 Q1028=
01/08/2025 10:00,METAR SBSC 011000Z 03002KT 9999 FEW015 15/12 Q1028=
01/08/2025 11:00,METAR SBSC 011100Z 35006KT CAVOK 15/13 Q1028=
01/08/2025 12:00,METAR SBSC 011200Z 34008KT CAVOK 18/14 Q1029=
01/08/2025 13:00,METAR SBSC 011300Z 35007KT CAVOK 21/13 Q1028=
01/08/2025 14:00,METAR SBSC 011400Z 35007KT 9999 FEW025 22/13 Q1028=
01/08/2025 15:00,METAR SBSC 011500Z 35007KT 9999 FEW030 22/13 Q1027=
01/08/2025 16:00,METAR SBSC 011600Z 33007KT 260V050 CAVOK 24/12 Q1025=
01/08/2025 17:00,METAR SBSC 011700Z 04006KT 290V090 CAVOK 25/12 Q1024=
01/08/2025 18:00,METAR SBSC 011800Z 01007KT 320V070 CAVOK 26/12 Q1023=
01/08/2025 19:00,METAR SBSC 011900Z 05010KT CAVOK 25/13 Q1023=
01/08/2025 20:00,METAR SBSC 012000Z 09008KT CAVOK 22/14 Q1023=
01/08/2025 21:00,METAR SBSC 012100Z 08006KT CAVOK 21/14 Q1024=
01/08/2025 22:00,METAR SBSC 012200Z 08004KT CAVOK 19/13 Q1024=
01/08/2025 23:00,METAR SBSC 012300Z VRB02KT CAVOK 16/14 Q1025=
02/08/2025 00:00,METAR SBSC 020000Z 36004KT CAVOK 17/13 Q1025=
02/08/2025 01:00,METAR SBSC 020100Z 31003KT CAVOK 17/13 Q1025=
02/08/2025 02:00,METAR SBSC 020200Z 34005KT CAVOK 17/13 Q1025=
02/08/2025 03:00,METAR SBSC 020300Z 35003KT CAVOK 17/13 Q1025=
02/08/2025 04:00,METAR SBSC 020400Z 31004KT CAVOK 16/12 Q1024=
02/08/2025 05:00,METAR SBSC 020500Z 34004KT CAVOK 16/12 Q1024=
02/08/2025 06:00,METAR SBSC 020600Z 36004KT CAVOK 15/12 Q1024=
02/08/2025 07:00,METAR SBSC 020700Z 01004KT CAVOK 15/12 Q1023=
02/08/2025 08:00,METAR SBSC 020800Z 36005KT CAVOK 14/11 Q1023=
02/08/2025 09:00,METAR SBSC 020900Z 01005KT CAVOK 14/11 Q1024=
02/08/2025 10:00,METAR SBSC 021000Z 36006KT CAVOK 15/11 Q1024=
02/08/2025 11:00,METAR SBSC 021100Z 32012G25KT CAVOK 18/12 Q1024=
02/08/2025 12:00,METAR SBSC 021200Z 33012G25KT CAVOK 20/12 Q1025=
02/08/2025 13:00,METAR SBSC 021300Z 33014G25KT CAVOK 23/12 Q1025=
02/08/2025 14:00,METAR SBSC 021400Z 36012KT CAVOK 24/12 Q1024=
02/08/2025 15:00,METAR SBSC 021500Z 02010KT CAVOK 26/12 Q1023=
02/08/2025 16:00,METAR SBSC 021600Z 03010KT CAVOK 26/12 Q1022=
02/08/2025 17:00,METAR SBSC 021700Z 04007KT CAVOK 27/11 Q1021=
02/08/2025 18:00,METAR SBSC 021800Z 06011KT CAVOK 28/10 Q1021=
02/08/2025 19:00,METAR SBSC 021900Z 36008KT CAVOK 28/12 Q1021=
02/08/2025 20:00,METAR SBSC 022000Z 01007KT CAVOK 26/12 Q1021=
02/08/2025 21:00,METAR SBSC 022100Z 22006KT CAVOK 21/16 Q1022=
02/08/2025 22:00,METAR SBSC 022200Z 20002KT CAVOK 19/16 Q1022=
02/08/2025 23:00,METAR SBSC 022300Z 03001KT CAVOK 17/15 Q1022=
03/08/2025 00:00,METAR SBSC 030000Z 35003KT CAVOK 16/15 Q1022=
03/08/2025 01:00,METAR SBSC 030100Z 36005KT CAVOK 16/15 Q1022=
03/08/2025 02:00,METAR SBSC 030200Z 36006KT CAVOK 16/14 Q1022=
03/08/2025 03:00,METAR SBSC 030300Z 35006KT CAVOK 16/14 Q1022=
03/08/2025 04:00,METAR SBSC 030400Z 01006KT CAVOK 16/14 Q1022=
03/08/2025 05:00,METAR SBSC 030500Z 02006KT CAVOK 16/14 Q1021=
03/08/2025 06:00,METAR SBSC 030600Z 35007KT CAVOK 16/14 Q1021=
03/08/2025 07:00,METAR SBSC 030700Z 01007KT CAVOK 16/14 Q1020=
03/08/2025 08:00,METAR SBSC 030800Z 01008KT CAVOK 16/14 Q1020=
03/08/2025 09:00,METAR SBSC 030900Z 33012KT CAVOK 18/14 Q1020=
03/08/2025 10:00,METAR SBSC 031000Z 33013KT CAVOK 20/15 Q1020=
03/08/2025 11:00,METAR SBSC 031100Z 34013KT CAVOK 22/15 Q1020=
03/08/2025 12:00,METAR SBSC 031200Z 33014G27KT CAVOK 23/14 Q1021=
03/08/2025 13:00,METAR SBSC 031300Z 32017G31KT CAVOK 24/14 Q1021=
03/08/2025 14:00,METAR SBSC 031400Z 31014G30KT CAVOK 25/13 Q1021=
03/08/2025 15:00,METAR SBSC 031500Z 32015G31KT CAVOK 27/12 Q1020=
03/08/2025 16:00,METAR SBSC 031600Z 33013G28KT CAVOK 28/11 Q1019=
03/08/2025 17:00,METAR SBSC 031700Z 33010KT CAVOK 29/11 Q1018=
03/08/2025 18:00,METAR SBSC 031800Z 34010KT CAVOK 29/11 Q1018=
03/08/2025 19:00,METAR SBSC 031900Z 33005KT CAVOK 29/10 Q1018=
03/08/2025 20:00,METAR SBSC 032000Z 35005KT CAVOK 28/10 Q1018=
03/08/2025 21:00,METAR SBSC 032100Z 21004KT CAVOK 22/16 Q1019=
03/08/2025 22:00,METAR SBSC 032200Z 08002KT CAVOK 20/15 Q1020=
03/08/2025 23:00,METAR SBSC 032300Z 09002KT CAVOK 18/15 Q1021=
04/08/2025 00:00,METAR SBSC 040000Z 12003KT CAVOK 18/15 Q1021=
04/08/2025 01:00,METAR COR SBSC 040100Z 04002KT CAVOK 16/15 Q1021=
04/08/2025 02:00,METAR SBSC 040200Z 04001KT CAVOK 15/13 Q1021=
04/08/2025 03:00,METAR SBSC 040300Z 01003KT 9999 FEW020 16/13 Q1020=
04/08/2025 04:00,METAR SBSC 040400Z 01004KT 9999 FEW020 17/13 Q1020=
04/08/2025 05:00,METAR SBSC 040500Z 01005KT 9999 FEW020 17/13 Q1019=
04/08/2025 06:00,METAR SBSC 040600Z 01007KT 9999 FEW020 18/12 Q1019=
04/08/2025 07:00,METAR SBSC 040700Z 01008KT 9999 FEW020 18/12 Q1018=
04/08/2025 08:00,METAR SBSC 040800Z 01008KT 9999 FEW020 18/13 Q1019=
04/08/2025 09:00,METAR SBSC 040900Z 01008KT 9999 FEW020 18/13 Q1020=
04/08/2025 10:00,METAR SBSC 041000Z 01008KT 9999 FEW020 19/13 Q1020=
04/08/2025 11:00,METAR SBSC 041100Z 01009KT 9999 FEW020 19/13 Q1020=
04/08/2025 12:00,METAR SBSC 041200Z 32008KT 9999 FEW020 23/13 Q1020=
04/08/2025 13:00,METAR SBSC 041300Z 31011G21KT CAVOK 25/12 Q1021=
04/08/2025 14:00,METAR SBSC 041400Z 31014G24KT CAVOK 26/11 Q1021=
04/08/2025 15:00,METAR SBSC 041500Z 33012KT CAVOK 27/10 Q1020=
04/08/2025 16:00,METAR SBSC 041600Z 31008KT CAVOK 29/11 Q1020=
04/08/2025 17:00,METAR SBSC 041700Z 18010KT CAVOK 24/18 Q1020=
04/08/2025 18:00,METAR SBSC 041800Z 17010KT CAVOK 22/18 Q1019=
04/08/2025 19:00,METAR SBSC 041900Z 16009KT 9999 FEW015 22/18 Q1020=
04/08/2025 20:00,METAR SBSC 042000Z 16009KT 9999 FEW010 22/18 Q1021=
04/08/2025 21:00,METAR SBSC 042100Z 16008KT 9999 FEW010 21/18 Q1021=
04/08/2025 22:00,METAR SBSC 042200Z 16008KT 9999 SCT010 21/18 Q1022=
04/08/2025 23:00,METAR SBSC 042300Z 16006KT 9999 SCT010 20/18 Q1023=
05/08/2025 00:00,METAR SBSC 050000Z 14003KT 9999 FEW010 20/18 Q1023=
05/08/2025 01:00,METAR SBSC 050100Z 03002KT 9999 FEW010 19/17 Q1023=
05/08/2025 02:00,METAR SBSC 050200Z 29002KT 9999 FEW010 18/17 Q1023=
05/08/2025 03:00,METAR SBSC 050300Z 33002KT CAVOK 18/16 Q1023=
05/08/2025 04:00,METAR SBSC 050400Z 33004KT CAVOK 18/16 Q1023=
05/08/2025 05:00,METAR SBSC 050500Z 31002KT CAVOK 17/16 Q1022=
05/08/2025 06:00,METAR SBSC 050600Z 29001KT CAVOK 17/16 Q1022=
05/08/2025 07:00,METAR SBSC 050700Z 28002KT CAVOK 17/15 Q1022=
05/08/2025 08:00,METAR SBSC 050800Z 34002KT CAVOK 17/15 Q1022=
05/08/2025 09:00,METAR SBSC 050900Z 33002KT 5000 BR FEW010 BKN080 16/15 Q1023=
05/08/2025 10:00,METAR COR SBSC 051000Z 03002KT 5000 BR FEW010 BKN100 16/15 Q1023=
05/08/2025 11:00,METAR SBSC 051100Z 36002KT 9999 FEW015 BKN070 17/16 Q1024=
05/08/2025 12:00,METAR SBSC 051200Z 34002KT 9999 FEW015 BKN020 19/17 Q1024=
05/08/2025 13:00,METAR SBSC 051300Z 21002KT 9999 FEW012 BKN025 OVC070 21/17 Q1025=
05/08/2025 14:00,METAR SBSC 051400Z 18004KT 9999 FEW012 BKN025 OVC070 22/18 Q1024=
05/08/2025 15:00,METAR SBSC 051500Z 14007KT 9999 FEW015 BKN025 OVC070 22/18 Q1024=
05/08/2025 16:00,METAR SBSC 051600Z 16006KT 9999 FEW015 BKN025 OVC070 22/17 Q1023=
05/08/2025 17:00,METAR SBSC 051700Z 15007KT 9999 SCT025 OVC070 22/17 Q1022=
05/08/2025 18:00,METAR SBSC 051800Z 15007KT 9999 SCT025 OVC070 21/17 Q1022=
05/08/2025 19:00,METAR SBSC 051900Z 16006KT 9999 SCT013 SCT025 OVC070 21/17 Q1022=
05/08/2025 20:00,METAR SBSC 052000Z 16007KT 9999 SCT013 SCT025 OVC070 21/17 Q1022=
05/08/2025 21:00,METAR SBSC 052100Z 17006KT 9999 SCT013 SCT025 OVC070 20/17 Q1023=
05/08/2025 22:00,METAR SBSC 052200Z 17005KT 9999 SCT013 SCT025 OVC070 20/17 Q1023=
05/08/2025 23:00,METAR SBSC 052300Z 17006KT 9999 SCT013 SCT025 OVC070 20/18 Q1024=
06/08/2025 00:00,METAR SBSC 060000Z 17005KT 9999 SCT013 SCT025 OVC070 20/18 Q1024=
06/08/2025 01:00,METAR SBSC 060100Z 18004KT 9999 SCT012 20/18 Q1024=
06/08/2025 02:00,METAR SBSC 060200Z 17007KT 9999 SCT012 20/18 Q1024=
06/08/2025 03:00,METAR SBSC 060300Z 16006KT 9999 SCT012 20/17 Q1024=
06/08/2025 04:00,METAR SBSC 060400Z 20007KT 9999 SCT012 19/16 Q1023=
06/08/2025 05:00,METAR SBSC 060500Z 24005KT 9999 FEW012 19/16 Q1023=
06/08/2025 06:00,METAR SBSC 060600Z 18007KT 9999 FEW012 18/16 Q1022=
06/08/2025 07:00,METAR SBSC 060700Z 27006KT 9999 FEW010 18/16 Q1023=
06/08/2025 08:00,METAR SBSC 060800Z 24006KT 9999 FEW010 19/16 Q1023=
06/08/2025 09:00,METAR SBSC 060900Z 22005KT 9999 FEW010 19/17 Q1023=
06/08/2025 10:00,METAR SBSC 061000Z 28005KT 9999 FEW010 20/17 Q1023=
06/08/2025 11:00,METAR SBSC 061100Z 03002KT 9999 FEW007 19/18 Q1023=
06/08/2025 12:00,METAR SBSC 061200Z 33003KT 9999 FEW007 22/17 Q1023=
06/08/2025 13:00,METAR SBSC 061300Z 18004KT 9999 FEW010 SCT020 22/16 Q1023=
06/08/2025 14:00,METAR SBSC 061400Z 16006KT 130V220 9999 FEW015 23/16 Q1023=
06/08/2025 15:00,METAR SBSC 061500Z 15007KT 090V200 9999 FEW025 23/17 Q1022=
06/08/2025 16:00,METAR SBSC 061600Z 15010KT 9999 FEW025 23/17 Q1021=
06/08/2025 17:00,METAR SBSC 061700Z 16009KT 9999 FEW015 23/17 Q1020=
06/08/2025 18:00,METAR SBSC 061800Z 16010KT 130V220 9999 FEW015 23/17 Q1020=
06/08/2025 19:00,METAR SBSC 061900Z 16008KT 9999 FEW020 22/18 Q1020=
06/08/2025 20:00,METAR SBSC 062000Z 14008KT 9999 FEW015 BKN080 22/18 Q1020=
06/08/2025 21:00,METAR SBSC 062100Z 16007KT 9999 FEW015 BKN080 21/18 Q1020=
06/08/2025 22:00,METAR SBSC 062200Z 15004KT 9999 FEW010 BKN040 OVC080 21/18 Q1021=
06/08/2025 23:00,METAR SBSC 062300Z 17005KT 9999 FEW010 SCT040 OVC080 20/18 Q1021=
07/08/2025 00:00,METAR SBSC 070000Z 17005KT 9999 FEW010 BKN035 21/18 Q1021=
07/08/2025 01:00,METAR SBSC 070100Z 17003KT 9999 FEW010 SCT015 BKN035 20/18 Q1021=
07/08/2025 02:00,METAR SBSC 070200Z 18002KT 5000 BR FEW010 SCT015 BKN035 20/18 Q1021=
07/08/2025 03:00,METAR SBSC 070300Z 31002KT 5000 BR FEW010 SCT015 BKN030 20/18 Q1020=
07/08/2025 04:00,METAR SBSC 070400Z 33003KT 5000 BR FEW010 SCT015 BKN030 20/18 Q1020=
07/08/2025 05:00,METAR SBSC 070500Z 35002KT 5000 BR FEW010 SCT015 BKN030 19/17 Q1020=
07/08/2025 06:00,METAR SBSC 070600Z 36004KT 5000 BR FEW010 SCT015 BKN030 19/17 Q1020=
07/08/2025 07:00,METAR SBSC 070700Z 35005KT 5000 BR FEW010 SCT015 BKN030 18/16 Q1019=
07/08/2025 08:00,METAR SBSC 070800Z 36005KT 5000 BR FEW010 SCT015 BKN030 18/16 Q1019=
07/08/2025 09:00,METAR SBSC 070900Z 01005KT 5000 BR FEW010 SCT015 BKN030 18/16 Q1020=
07/08/2025 10:00,METAR SBSC 071000Z 01004KT 3000 BR FEW015 SCT030 17/16 Q1020=
07/08/2025 11:00,METAR SBSC 071100Z 35004KT 8000 NSC 19/17 Q1020=
07/08/2025 12:00,METAR SBSC 071200Z 35005KT CAVOK 22/17 Q1020=
07/08/2025 13:00,METAR COR SBSC 071300Z 33007KT CAVOK 25/15 Q1019=
07/08/2025 14:00,METAR SBSC 071400Z 33008KT CAVOK 25/15 Q1019=
07/08/2025 15:00,METAR SBSC 071500Z 01007KT CAVOK 27/14 Q1018=
07/08/2025 16:00,METAR SBSC 071600Z 32004KT CAVOK 28/15 Q1017=
07/08/2025 17:00,METAR SBSC 071700Z 16008KT CAVOK 25/17 Q1016=
07/08/2025 18:00,METAR SBSC 071800Z 16012KT CAVOK 22/18 Q1016=
07/08/2025 19:00,METAR SBSC 071900Z 16010KT CAVOK 22/18 Q1016=
07/08/2025 20:00,METAR SBSC 072000Z 16009KT 9999 SCT013 21/17 Q1017=
07/08/2025 21:00,METAR SBSC 072100Z 16006KT 9999 SCT013 BKN020 21/17 Q1017=
07/08/2025 22:00,METAR SBSC 072200Z 15007KT 9999 SCT013 BKN020 21/18 Q1018=
07/08/2025 23:00,METAR SBSC 072300Z 14004KT 9999 FEW013 SCT016 BKN020 20/17 Q1018=
08/08/2025 00:00,METAR SBSC 080000Z 11006KT 9999 FEW013 SCT016 BKN020 20/17 Q1018=
08/08/2025 01:00,METAR SBSC 080100Z 11005KT 9999 FEW010 BKN025 21/17 Q1018=
08/08/2025 02:00,METAR SBSC 080200Z 13004KT 9999 FEW010 BKN025 20/17 Q1018=
08/08/2025 03:00,METAR SBSC 080300Z 32003KT 9999 FEW010 SCT030 18/16 Q1017=
08/08/2025 04:00,METAR SBSC 080400Z 33003KT 9999 SCT030 18/16 Q1017=
08/08/2025 05:00,METAR SBSC 080500Z 32004KT 9999 SCT030 18/16 Q1016=
08/08/2025 06:00,METAR SBSC 080600Z 31004KT 9999 SCT020 18/16 Q1016=
08/08/2025 07:00,METAR SBSC 080700Z 32005KT 9999 SCT020 18/16 Q1015=
08/08/2025 08:00,METAR SBSC 080800Z 32006KT 8000 FEW010 SCT020 18/16 Q1015=
08/08/2025 09:00,METAR SBSC 080900Z 34006KT 8000 FEW020 SCT080 18/16 Q1015=
08/08/2025 10:00,METAR SBSC 081000Z 35007KT CAVOK 19/16 Q1015=
08/08/2025 11:00,METAR SBSC 081100Z 34008KT CAVOK 21/17 Q1015=
08/08/2025 12:00,METAR COR SBSC 081200Z 33011G21KT CAVOK 24/15 Q1014=
08/08/2025 13:00,METAR SBSC 081300Z 31013G25KT CAVOK 26/15 Q1014=
08/08/2025 14:00,METAR SBSC 081400Z 31011KT CAVOK 28/15 Q1013=
08/08/2025 15:00,METAR SBSC 081500Z 31010KT CAVOK 30/15 Q1012=
08/08/2025 16:00,METAR SBSC 081600Z 32007KT CAVOK 31/14 Q1011=
08/08/2025 17:00,METAR SBSC 081700Z 32007KT CAVOK 32/14 Q1009=
08/08/2025 18:00,METAR SBSC 081800Z 34007KT CAVOK 33/14 Q1009=
08/08/2025 19:00,METAR SBSC 081900Z 18012KT 9999 FEW030 SCT070 23/19 Q1010=
08/08/2025 20:00,METAR SBSC 082000Z 17014G26KT 8000 FEW020 SCT030 BKN070 22/19 Q1011=
08/08/2025 21:00,METAR COR SBSC 082100Z 20011G25KT 1000 R23/0050N R05/0050N TSRA BR BKN010 FEW030CB BKN070 22/19 Q1014=
08/08/2025 22:00,METAR SBSC 082200Z 17009KT 5000 BR SCT010 BKN025 BKN070 20/18 Q1013 RETSRA=
08/08/2025 23:00,METAR SBSC 082300Z 16006KT 8000 SCT025 BKN070 20/18 Q1013=
09/08/2025 00:00,METAR SBSC 090000Z 11003KT 8000 SCT025 BKN070 20/18 Q1014=
09/08/2025 01:00,NO DATA AVAILABLE
09/08/2025 02:00,METAR SBSC 090200Z 33004KT 6000 FEW020 19/18 Q1014=
09/08/2025 03:00,METAR SBSC 090300Z 23007KT 6000 BKN010 19/18 Q1014=
09/08/2025 04:00,METAR SBSC 090400Z 23007KT 6000 BKN010 19/17 Q1014=
09/08/2025 05:00,METAR SBSC 090500Z 23009KT 6000 BKN010 20/17 Q1015=
09/08/2025 06:00,METAR SBSC 090600Z 23007KT 6000 BKN010 19/17 Q1014=
09/08/2025 07:00,METAR SBSC 090700Z 23014KT 6000 -RA BKN010 19/17 Q1014=
09/08/2025 08:00,METAR SBSC 090800Z 23014KT 6000 -RA BKN010 20/17 Q1015=
09/08/2025 09:00,METAR SBSC 090900Z 23014KT 6000 -RA BKN010 20/17 Q1015=
09/08/2025 10:00,METAR SBSC 091000Z 23007KT 6000 -RA BKN010 19/16 Q1016=
09/08/2025 11:00,METAR SBSC 091100Z 17006KT 6000 -RA BKN011 OVC030 18/16 Q1016=
09/08/2025 12:00,METAR SBSC 091200Z 18005KT 8000 BKN011 OVC030 18/17 Q1017=
09/08/2025 13:00,METAR SBSC 091300Z 20007KT 9999 BKN010 BKN035 19/16 Q1017=
09/08/2025 14:00,METAR SBSC 091400Z 19007KT 9999 FEW010 BKN025 BKN035 19/15 Q1017=
09/08/2025 15:00,METAR SBSC 091500Z 18007KT 9999 FEW010 BKN025 BKN040 19/15 Q1017=
09/08/2025 16:00,METAR SBSC 091600Z 18008KT 9999 FEW010 BKN025 BKN040 19/14 Q1016=
09/08/2025 17:00,METAR SBSC 091700Z 18008KT 9999 FEW010 BKN025 BKN040 19/14 Q1016=
09/08/2025 18:00,METAR SBSC 091800Z 18007KT 9999 FEW010 BKN025 BKN040 19/14 Q1016=
09/08/2025 19:00,METAR SBSC 091900Z 19007KT 9999 FEW010 BKN025 BKN040 19/14 Q1016=
09/08/2025 20:00,METAR SBSC 092000Z 18006KT 9999 SCT010 BKN025 BKN040 18/14 Q1016=
09/08/2025 21:00,METAR SBSC 092100Z 19006KT 9999 SCT010 BKN025 BKN040 18/15 Q1017=
09/08/2025 22:00,METAR SBSC 092200Z 19007KT 9999 SCT010 BKN020 BKN040 17/15 Q1017=
09/08/2025 23:00,METAR SBSC 092300Z 18008KT 9999 SCT010 BKN020 BKN040 17/14 Q1018=
10/08/2025 00:00,METAR SBSC 100000Z 19008KT 9999 FEW010 BKN020 BKN040 18/14 Q1019=
10/08/2025 01:00,METAR SBSC 100100Z 20008KT 9999 FEW010 BKN020 BKN040 18/14 Q1019=
10/08/2025 02:00,METAR SBSC 100200Z 19010KT 9999 BKN020 OVC030 17/14 Q1019=
10/08/2025 03:00,METAR SBSC 100300Z 18009KT 9999 BKN020 OVC030 17/14 Q1019=
10/08/2025 04:00,METAR SBSC 100400Z 21014KT 9999 BKN020 OVC030 17/14 Q1019=
10/08/2025 05:00,METAR SBSC 100500Z 20013KT 9999 FEW010 BKN020 OVC030 16/14 Q1019=
10/08/2025 06:00,METAR SBSC 100600Z 21006KT 9999 FEW010 BKN020 OVC030 16/13 Q1018=
10/08/2025 07:00,METAR SBSC 100700Z 29004KT 9999 FEW010 BKN020 OVC030 16/13 Q1018=
10/08/2025 08:00,METAR SBSC 100800Z 24005KT 9999 FEW010 BKN020 OVC030 16/13 Q1018=
10/08/2025 09:00,METAR SBSC 100900Z 22007KT 9999 FEW010 SCT030 16/12 Q1019=
10/08/2025 10:00,METAR SBSC 101000Z 21008KT 9999 FEW010 17/12 Q1020=
10/08/2025 11:00,METAR SBSC 101100Z 26004KT 9999 FEW010 18/12 Q1020=
10/08/2025 12:00,METAR SBSC 101200Z 22006KT 9999 FEW010 20/11 Q1021=
10/08/2025 13:00,METAR SBSC 101300Z 21007KT CAVOK 20/11 Q1021=
10/08/2025 14:00,METAR SBSC 101400Z 19008KT 9999 SCT030 21/11 Q1021=
10/08/2025 15:00,METAR SBSC 101500Z 19008KT 9999 SCT030 21/12 Q1021=
10/08/2025 16:00,METAR SBSC 101600Z 18009KT 9999 SCT030 21/12 Q1020=
10/08/2025 17:00,METAR SBSC 101700Z 18010KT 9999 SCT030 21/13 Q1020=
10/08/2025 18:00,METAR SBSC 101800Z 17012KT 9999 SCT030 BKN060 20/13 Q1020=
10/08/2025 19:00,METAR SBSC 101900Z 18011KT 9999 SCT030 BKN060 20/14 Q1020=
10/08/2025 20:00,METAR SBSC 102000Z 18010KT 9999 SCT030 BKN060 19/13 Q1020=
10/08/2025 21:00,METAR SBSC 102100Z 17008KT 9999 SCT020 BKN060 19/14 Q1020=
10/08/2025 22:00,METAR SBSC 102200Z 17011KT 9999 SCT020 BKN060 19/14 Q1021=
10/08/2025 23:00,METAR SBSC 102300Z 18011KT 9999 SCT020 BKN040 19/14 Q1021=
11/08/2025 00:00,METAR SBSC 110000Z 18012G25KT 9999 SCT020 BKN040 18/14 Q1021=
11/08/2025 01:00,METAR SBSC 110100Z 19008KT 9999 FEW020 BKN040 18/14 Q1022=
11/08/2025 02:00,METAR SBSC 110200Z 19009KT 9999 FEW020 BKN050 18/15 Q1022=
11/08/2025 03:00,METAR SBSC 110300Z 19009KT 9999 FEW020 BKN050 19/14 Q1022=
11/08/2025 04:00,METAR SBSC 110400Z 20008KT 9999 FEW020 BKN050 18/14 Q1021=
11/08/2025 05:00,METAR SBSC 110500Z 25009KT 9999 FEW020 SCT050 17/13 Q1021=
11/08/2025 06:00,METAR SBSC 110600Z 18006KT 9999 FEW020 SCT050 17/13 Q1021=
11/08/2025 07:00,METAR SBSC 110700Z 23007KT 9999 FEW020 SCT050 18/13 Q1021=
11/08/2025 08:00,METAR SBSC 110800Z 22007KT 9999 FEW020 19/14 Q1022=
11/08/2025 09:00,METAR SBSC 110900Z 20008KT 9999 FEW020 20/14 Q1022=
11/08/2025 10:00,METAR SBSC 111000Z 22006KT 9999 FEW020 17/14 Q1020=
11/08/2025 11:00,METAR SBSC 111100Z 20006KT 9999 SCT020 19/13 Q1021=
11/08/2025 12:00,METAR SBSC 111200Z 20008KT 9999 FEW025 SCT050 20/15 Q1021=
11/08/2025 13:00,METAR COR SBSC 111300Z 19007KT 8000 -DZ FEW020 BKN040 20/14 Q1021=
11/08/2025 14:00,METAR SBSC 111400Z 19005KT 9999 4500N -DZ FEW015 BKN025 19/16 Q1021=
11/08/2025 15:00,METAR SBSC 111500Z 17010KT 9999 FEW015 SCT025 21/14 Q1021=
11/08/2025 16:00,METAR SBSC 111600Z 16012KT 9999 FEW020 21/13 Q1020=
11/08/2025 17:00,METAR SBSC 111700Z 17011KT 9999 FEW020 22/14 Q1020=
11/08/2025 18:00,METAR SBSC 111800Z 17011KT 9999 FEW020 21/13 Q1020=
11/08/2025 19:00,METAR SBSC 111900Z 17011KT 9999 FEW020 20/12 Q1020=
11/08/2025 20:00,METAR SBSC 112000Z 17009KT 9999 FEW020 SCT030 19/13 Q1020=
11/08/2025 21:00,METAR SBSC 112100Z 17009KT 9999 FEW020 BKN030 19/13 Q1020=
11/08/2025 22:00,METAR SBSC 112200Z 17006KT 9999 FEW020 BKN030 BKN060 19/12 Q1021=
11/08/2025 23:00,METAR SBSC 112300Z 16008KT 9999 FEW020 BKN035 BKN060 18/13 Q1021=
12/08/2025 00:00,METAR SBSC 120000Z 16008KT 9999 FEW020 BKN035 BKN060 19/13 Q1021=
12/08/2025 01:00,METAR SBSC 120100Z 16008KT 9999 SCT020 BKN030 18/13 Q1021=
12/08/2025 02:00,METAR SBSC 120200Z 16008KT 9999 SCT020 BKN030 18/13 Q1022=
12/08/2025 03:00,METAR SBSC 120300Z 16008KT 9999 SCT020 BKN030 19/13 Q1021=
12/08/2025 04:00,METAR SBSC 120400Z 15007KT 9999 SCT020 BKN030 17/13 Q1021=
12/08/2025 05:00,METAR SBSC 120500Z 24005KT 9999 SCT020 BKN030 16/13 Q1021=
12/08/2025 06:00,METAR SBSC 120600Z 24004KT 9999 SCT020 BKN030 16/13 Q1020=
12/08/2025 07:00,METAR SBSC 120700Z 27004KT 9999 SCT020 BKN030 15/13 Q1020=
12/08/2025 08:00,METAR SBSC 120800Z 29003KT 9999 SCT020 BKN030 15/13 Q1020=
12/08/2025 09:00,METAR SBSC 120900Z 30003KT 9999 SCT020 BKN030 15/13 Q1021=
12/08/2025 10:00,METAR SBSC 121000Z 36004KT 9999 SCT020 15/13 Q1021=
12/08/2025 11:00,METAR SBSC 121100Z 31003KT 9999 SCT020 16/15 Q1021=
12/08/2025 12:00,METAR SBSC 121200Z 35004KT 9999 SCT020 18/15 Q1021=
12/08/2025 13:00,METAR SBSC 121300Z 15004KT 9999 SCT020 SCT030 20/13 Q1022=
12/08/2025 14:00,METAR SBSC 121400Z 18007KT 9999 SCT020 SCT030 21/14 Q1021=
12/08/2025 15:00,METAR SBSC 121500Z 17008KT 9999 SCT025 SCT030 21/14 Q1021=
12/08/2025 16:00,METAR SBSC 121600Z 15007KT 9999 SCT025 21/13 Q1020=
12/08/2025 17:00,METAR SBSC 121700Z 14009KT 9999 SCT025 21/13 Q1019=
12/08/2025 18:00,METAR SBSC 121800Z 16010KT 9999 SCT025 21/14 Q1019=
12/08/2025 19:00,METAR SBSC 121900Z 15008KT 9999 SCT025 20/14 Q1019=
12/08/2025 20:00,METAR SBSC 122000Z 15007KT 9999 SCT025 19/14 Q1020=
12/08/2025 21:00,METAR SBSC 122100Z 13005KT 9999 SCT030 18/14 Q1020=
12/08/2025 22:00,METAR SBSC 122200Z 13004KT 9999 SCT030 SCT050 19/14 Q1020=
12/08/2025 23:00,METAR SBSC 122300Z 09003KT 9999 SCT030 SCT050 19/14 Q1020=
13/08/2025 00:00,METAR SBSC 130000Z 10003KT 9999 SCT030 SCT050 19/14 Q1021=
13/08/2025 01:00,METAR SBSC 130100Z 20002KT 9999 FEW015 BKN035 18/15 Q1021=
13/08/2025 02:00,METAR SBSC 130200Z 18002KT 9999 FEW015 BKN030 18/15 Q1021=
13/08/2025 03:00,METAR SBSC 130300Z 07001KT 9999 FEW015 SCT025 BKN035 18/14 Q1021=
13/08/2025 04:00,METAR SBSC 130400Z 06002KT 9999 FEW015 BKN030 18/14 Q1020=
13/08/2025 05:00,METAR SBSC 130500Z 06002KT 9999 FEW015 BKN030 17/14 Q1020=
13/08/2025 06:00,METAR SBSC 130600Z 07003KT 8000 FEW015 SCT030 17/14 Q1020=
13/08/2025 07:00,METAR SBSC 130700Z 06003KT 8000 FEW015 SCT030 16/14 Q1019=
13/08/2025 08:00,METAR SBSC 130800Z 05004KT 8000 FEW015 SCT030 16/14 Q1019=
13/08/2025 09:00,METAR SBSC 130900Z 02005KT CAVOK 15/13 Q1020=
13/08/2025 10:00,METAR SBSC 131000Z 03005KT CAVOK 15/14 Q1020=
13/08/2025 11:00,METAR SBSC 131100Z 01006KT CAVOK 18/15 Q1021=
13/08/2025 12:00,METAR SBSC 131200Z 36007KT CAVOK 21/14 Q1021=
13/08/2025 13:00,METAR SBSC 131300Z 36007KT CAVOK 23/14 Q1021=
13/08/2025 14:00,METAR SBSC 131400Z 36009KT CAVOK 25/14 Q1020=
13/08/2025 15:00,METAR SBSC 131500Z 34008KT CAVOK 26/13 Q1019=
13/08/2025 16:00,METAR SBSC 131600Z 31007KT CAVOK 27/12 Q1018=
13/08/2025 17:00,METAR SBSC 131700Z 34007KT CAVOK 28/10 Q1017=
13/08/2025 18:00,METAR SBSC 131800Z 20007KT CAVOK 27/15 Q1016=
13/08/2025 19:00,METAR SBSC 131900Z 22006KT CAVOK 25/17 Q1016=
13/08/2025 20:00,METAR SBSC 132000Z 22006KT CAVOK 23/18 Q1016=
13/08/2025 21:00,METAR SBSC 132100Z 22005KT CAVOK 21/17 Q1017=
13/08/2025 22:00,METAR SBSC 132200Z 22005KT CAVOK 20/18 Q1018=
13/08/2025 23:00,METAR SBSC 132300Z 18004KT CAVOK 20/17 Q1018=
14/08/2025 00:00,METAR SBSC 140000Z 16003KT CAVOK 19/17 Q1018=
14/08/2025 01:00,METAR SBSC 140100Z 30003KT CAVOK 18/16 Q1019=
14/08/2025 02:00,METAR SBSC 140200Z 27003KT CAVOK 17/16 Q1018=
14/08/2025 03:00,METAR SBSC 140300Z 27003KT CAVOK 17/15 Q1018=
14/08/2025 04:00,METAR SBSC 140400Z 27004KT CAVOK 17/15 Q1018=
14/08/2025 05:00,METAR SBSC 140500Z 27003KT CAVOK 17/15 Q1019=
14/08/2025 06:00,METAR SBSC 140600Z 27004KT CAVOK 17/15 Q1020=
14/08/2025 07:00,METAR SBSC 140700Z 27004KT CAVOK 18/15 Q1020=
14/08/2025 08:00,METAR SBSC 140800Z 27004KT CAVOK 19/15 Q1020=
14/08/2025 09:00,METAR COR SBSC 140900Z 32001KT 3000 BR BKN010 17/16 Q1020=
14/08/2025 10:00,METAR COR SBSC 141000Z 20001KT 7000 FEW010 BKN020 17/16 Q1021=
14/08/2025 11:00,METAR SBSC 141100Z 20002KT 9999 FEW010 BKN020 19/18 Q1022=
14/08/2025 12:00,METAR SBSC 141200Z 19007KT 9999 FEW010 BKN030 21/17 Q1023=
14/08/2025 13:00,METAR SBSC 141300Z 20008KT 9999 FEW010 SCT018 BKN040 21/16 Q1023=
14/08/2025 14:00,METAR SBSC 141400Z 18008KT 9999 FEW010 SCT020 BKN045 22/16 Q1023=
14/08/2025 15:00,METAR SBSC 141500Z 19010KT 9999 SCT020 BKN050 23/16 Q1023=
14/08/2025 16:00,METAR SBSC 141600Z 18010KT 9999 FEW025 22/16 Q1022=
14/08/2025 17:00,METAR SBSC 141700Z 18010KT 9999 FEW040 22/15 Q1022=
14/08/2025 18:00,METAR SBSC 141800Z 18009KT 9999 FEW040 22/15 Q1022=
14/08/2025 19:00,METAR SBSC 141900Z 17009KT 9999 FEW040 21/15 Q1022=
14/08/2025 20:00,METAR SBSC 142000Z 18010KT 9999 FEW025 20/16 Q1023=
14/08/2025 21:00,METAR SBSC 142100Z 17008KT 9999 FEW025 19/15 Q1023=
14/08/2025 22:00,METAR SBSC 142200Z 17006KT 9999 FEW025 19/15 Q1024=
14/08/2025 23:00,METAR SBSC 142300Z 17005KT 9999 FEW025 19/15 Q1025=
15/08/2025 00:00,METAR SBSC 150000Z 18005KT 9999 FEW025 19/16 Q1025=
15/08/2025 01:00,METAR SBSC 150100Z 19004KT 9999 FEW025 BKN060 19/16 Q1026=
15/08/2025 02:00,METAR SBSC 150200Z 16004KT 9999 FEW025 BKN060 19/16 Q1026=
15/08/2025 03:00,METAR SBSC 150300Z 17005KT 9999 FEW025 BKN060 19/15 Q1025=
15/08/2025 04:00,METAR SBSC 150400Z 16003KT 9999 FEW025 BKN060 18/15 Q1025=
15/08/2025 05:00,METAR SBSC 150500Z 19003KT 9999 FEW025 BKN060 18/15 Q1025=
15/08/2025 06:00,METAR SBSC 150600Z 21002KT 9999 FEW025 BKN060 17/15 Q1025=
15/08/2025 07:00,METAR SBSC 150700Z 20004KT 9999 FEW025 BKN060 17/14 Q1024=
15/08/2025 08:00,METAR SBSC 150800Z 24004KT 9999 FEW025 BKN060 17/14 Q1024=
15/08/2025 09:00,METAR SBSC 150900Z 31002KT 9999 FEW025 SCT060 15/13 Q1025=
15/08/2025 10:00,METAR SBSC 151000Z 34002KT 9999 FEW025 BKN060 16/14 Q1025=
15/08/2025 11:00,METAR SBSC 151100Z 12001KT 7000 SCT025 BKN030 OVC060 17/16 Q1026=
15/08/2025 12:00,METAR SBSC 151200Z 29002KT 9999 FEW025 BKN060 18/16 Q1026=
15/08/2025 13:00,METAR SBSC 151300Z 20002KT 8000 SCT025 BKN060 19/17 Q1026=
15/08/2025 14:00,METAR SBSC 151400Z 18004KT 9999 SCT025 BKN060 21/16 Q1026=
15/08/2025 15:00,METAR SBSC 151500Z 19006KT 9999 SCT025 BKN060 22/15 Q1025=
15/08/2025 16:00,METAR SBSC 151600Z 18007KT 9999 SCT025 BKN060 22/16 Q1024=
15/08/2025 17:00,METAR SBSC 151700Z 17008KT 9999 SCT025 BKN060 22/17 Q1024=
15/08/2025 18:00,METAR SBSC 151800Z 16009KT 9999 SCT025 BKN060 21/16 Q1023=
15/08/2025 19:00,METAR SBSC 151900Z 12009KT 9999 SCT025 BKN060 22/15 Q1023=
15/08/2025 20:00,METAR SBSC 152000Z 09006KT 9999 SCT025 BKN060 21/15 Q1024=
15/08/2025 21:00,METAR SBSC 152100Z 09006KT 9999 SCT025 BKN060 20/15 Q1024=
15/08/2025 22:00,METAR SBSC 152200Z 08005KT 8000 SCT025 BKN040 20/15 Q1024=
15/08/2025 23:00,METAR SBSC 152300Z 06004KT 9999 SCT025 BKN040 20/15 Q1025=
16/08/2025 00:00,METAR SBSC 160000Z 07003KT 9999 SCT025 BKN040 20/15 Q1025=
16/08/2025 01:00,METAR SBSC 160100Z 09002KT 9999 BKN040 19/15 Q1025=
16/08/2025 02:00,METAR SBSC 160200Z 09002KT 9999 BKN040 19/15 Q1025=
16/08/2025 03:00,METAR SBSC 160300Z 04002KT 9999 BKN040 19/15 Q1025=
16/08/2025 04:00,METAR SBSC 160400Z 03002KT 9999 BKN040 18/15 Q1024=
16/08/2025 05:00,METAR SBSC 160500Z 02003KT 9999 BKN040 18/14 Q1024=
16/08/2025 06:00,METAR SBSC 160600Z 06001KT 9999 BKN040 17/13 Q1024=
16/08/2025 07:00,METAR SBSC 160700Z 07002KT 9999 FEW020 SCT040 16/13 Q1024=
16/08/2025 08:00,METAR SBSC 160800Z 05005KT 9999 FEW020 SCT040 17/14 Q1024=
16/08/2025 09:00,METAR SBSC 160900Z 07003KT 9999 FEW020 SCT040 18/14 Q1025=
16/08/2025 10:00,METAR SBSC 161000Z 06004KT 9999 FEW020 SCT040 19/15 Q1025=
16/08/2025 11:00,METAR SBSC 161100Z 34003KT 9999 FEW020 BKN040 19/16 Q1024=
16/08/2025 12:00,METAR SBSC 161200Z 34005KT 9999 FEW020 BKN060 20/16 Q1024=
16/08/2025 13:00,METAR SBSC 161300Z 36006KT 9999 FEW020 BKN060 22/15 Q1024=
16/08/2025 14:00,METAR SBSC 161400Z 35006KT 9999 SCT020 BKN050 22/15 Q1023=
16/08/2025 15:00,METAR SBSC 161500Z 35004KT 9999 FEW025 BKN050 23/15 Q1023=
16/08/2025 16:00,METAR SBSC 161600Z 11005KT 9999 FEW025 BKN050 24/15 Q1022=
16/08/2025 17:00,METAR SBSC 161700Z 10010KT 9999 FEW025 BKN050 23/16 Q1021=
16/08/2025 18:00,METAR SBSC 161800Z 08010KT 9999 FEW020 BKN040 OVC060 23/16 Q1021=
16/08/2025 19:00,METAR SBSC 161900Z 08009KT 9999 FEW030 BKN050 22/16 Q1020=
16/08/2025 20:00,METAR SBSC 162000Z 13006KT 9999 FEW030 BKN060 21/16 Q1021=
16/08/2025 21:00,METAR SBSC 162100Z 08006KT 9999 FEW030 BKN060 21/16 Q1021=
16/08/2025 22:00,METAR SBSC 162200Z 08006KT 9999 FEW030 BKN060 20/16 Q1021=
16/08/2025 23:00,METAR SBSC 162300Z 08005KT 9999 FEW030 BKN060 20/16 Q1022=
17/08/2025 00:00,METAR SBSC 170000Z 07004KT 9999 SCT030 BKN050 20/16 Q1022=
17/08/2025 01:00,METAR SBSC 170100Z 04004KT 8000 SCT030 BKN050 20/15 Q1022=
17/08/2025 02:00,METAR SBSC 170200Z 01006KT 8000 SCT030 BKN050 20/15 Q1022=
17/08/2025 03:00,METAR SBSC 170300Z 03006KT 8000 SCT030 BKN050 20/15 Q1022=
17/08/2025 04:00,METAR SBSC 170400Z 02005KT 8000 SCT030 BKN050 19/15 Q1022=
17/08/2025 05:00,METAR SBSC 170500Z 01006KT 8000 SCT030 BKN050 19/15 Q1021=
17/08/2025 06:00,METAR SBSC 170600Z 03006KT 8000 SCT030 BKN050 18/15 Q1021=
17/08/2025 07:00,METAR SBSC 170700Z 36006KT 8000 SCT030 BKN050 18/15 Q1021=
17/08/2025 08:00,METAR SBSC 170800Z 01005KT 8000 SCT030 BKN050 17/14 Q1021=
17/08/2025 09:00,METAR SBSC 170900Z 36005KT 8000 SCT030 BKN050 17/14 Q1021=
17/08/2025 10:00,METAR SBSC 171000Z 03004KT CAVOK 17/15 Q1021=
17/08/2025 11:00,METAR SBSC 171100Z 05004KT CAVOK 20/16 Q1022=
17/08/2025 12:00,METAR SBSC 171200Z 35004KT CAVOK 21/15 Q1022=
17/08/2025 13:00,METAR SBSC 171300Z 36007KT CAVOK 23/15 Q1021=
17/08/2025 14:00,METAR SBSC 171400Z 36007KT CAVOK 24/15 Q1021=
17/08/2025 15:00,METAR SBSC 171500Z 35006KT CAVOK 25/15 Q1020=
17/08/2025 16:00,METAR SBSC 171600Z 12011KT 9999 FEW040 24/16 Q1019=
17/08/2025 17:00,METAR SBSC 171700Z 11010KT 9999 FEW040 25/16 Q1018=
17/08/2025 18:00,METAR SBSC 171800Z 12012KT 9999 FEW040 24/16 Q1017=
17/08/2025 19:00,METAR SBSC 171900Z 16006KT CAVOK 24/16 Q1017=
17/08/2025 20:00,METAR SBSC 172000Z 14007KT CAVOK 23/16 Q1018=
17/08/2025 21:00,METAR SBSC 172100Z 13007KT CAVOK 22/17 Q1019=
17/08/2025 22:00,METAR SBSC 172200Z 16003KT CAVOK 20/16 Q1019=
17/08/2025 23:00,METAR SBSC 172300Z 17003KT CAVOK 19/16 Q1020=
18/08/2025 00:00,METAR SBSC 180000Z 16004KT CAVOK 19/16 Q1020=
18/08/2025 01:00,METAR SBSC 180100Z 00000KT 9999 BKN030 19/17 Q1021=
18/08/2025 02:00,METAR SBSC 180200Z 17002KT 9999 FEW030 SCT090 19/17 Q1021=
18/08/2025 03:00,METAR COR SBSC 180300Z 22003KT 9999 BKN040 20/18 Q1021=
18/08/2025 04:00,METAR SBSC 180400Z 21003KT 9999 BKN040 19/18 Q1021=
18/08/2025 05:00,METAR SBSC 180500Z 04002KT 9999 FEW010 BKN030 19/18 Q1020=
18/08/2025 06:00,METAR SBSC 180600Z 03003KT 9999 FEW010 BKN030 18/17 Q1020=
18/08/2025 07:00,METAR SBSC 180700Z 34003KT 9999 FEW020 BKN035 19/17 Q1020=
18/08/2025 08:00,METAR SBSC 180800Z 33003KT 9999 FEW020 BKN035 19/17 Q1020=
18/08/2025 09:00,METAR SBSC 180900Z 01003KT 9999 FEW035 17/16 Q1021=
18/08/2025 10:00,METAR SBSC 181000Z 36001KT 9999 4500SW BKN040 18/17 Q1021=
18/08/2025 11:00,METAR SBSC 181100Z 10004KT 8000 FEW010 BKN025 BKN040 20/17 Q1023=
18/08/2025 12:00,METAR SBSC 181200Z 12005KT 8000 FEW030 BKN035 21/17 Q1024=
18/08/2025 13:00,METAR SBSC 181300Z 13003KT 9999 SCT030 SCT050 23/17 Q1024=
18/08/2025 14:00,METAR SBSC 181400Z 31002KT 9999 SCT030 SCT050 25/16 Q1023=
18/08/2025 15:00,METAR SBSC 181500Z 17006KT 9999 SCT030 24/17 Q1022=
18/08/2025 16:00,METAR SBSC 181600Z 16009KT 9999 SCT030 24/17 Q1021=
18/08/2025 17:00,METAR SBSC 181700Z 15007KT 9999 SCT030 25/16 Q1021=
18/08/2025 18:00,METAR SBSC 181800Z 13009KT 9999 SCT030 25/17 Q1020=
18/08/2025 19:00,METAR SBSC 181900Z 09010KT 9999 FEW030 24/16 Q1021=
18/08/2025 20:00,METAR SBSC 182000Z 12006KT 9999 FEW030 23/16 Q1021=
18/08/2025 21:00,METAR SBSC 182100Z 09009KT 9999 FEW030 21/16 Q1021=
18/08/2025 22:00,METAR SBSC 182200Z 08006KT 9999 FEW030 21/16 Q1022=
18/08/2025 23:00,METAR SBSC 182300Z 08005KT 9999 SCT040 21/16 Q1023=
19/08/2025 00:00,METAR SBSC 190000Z 17002KT 9999 SCT040 19/16 Q1023=
19/08/2025 01:00,METAR SBSC 190100Z 06002KT 9999 SCT040 18/15 Q1023=
19/08/2025 02:00,METAR SBSC 190200Z 06002KT 9999 SCT040 19/16 Q1023=
19/08/2025 03:00,METAR SBSC 190300Z 03002KT 9999 SCT040 18/16 Q1022=
19/08/2025 04:00,METAR SBSC 190400Z 04003KT 9999 SCT040 18/16 Q1021=
19/08/2025 05:00,METAR SBSC 190500Z 02004KT 9999 SCT040 18/16 Q1020=
19/08/2025 06:00,METAR SBSC 190600Z 04004KT 9999 SCT040 18/16 Q1020=
21/08/2025 21:00,METAR SBSC 212100Z 14004KT CAVOK 23/18 Q1016=
21/08/2025 22:00,METAR SBSC 212200Z 16004KT CAVOK 22/18 Q1016=
21/08/2025 23:00,METAR SBSC 212300Z VRB02KT CAVOK 21/18 Q1017=
22/08/2025 00:00,METAR SBSC 220000Z 20003KT CAVOK 21/19 Q1018=
22/08/2025 01:00,METAR SBSC 220100Z 19004KT CAVOK 21/19 Q1018=
22/08/2025 02:00,METAR SBSC 220200Z 18003KT CAVOK 20/18 Q1017=
22/08/2025 03:00,METAR SBSC 220300Z 20005KT CAVOK 20/18 Q1017=
22/08/2025 04:00,METAR SBSC 220400Z 27005KT CAVOK 20/18 Q1017=
22/08/2025 05:00,METAR SBSC 220500Z 35003KT CAVOK 19/17 Q1016=
22/08/2025 06:00,METAR SBSC 220600Z 36003KT CAVOK 19/17 Q1016=
22/08/2025 07:00,METAR SBSC 220700Z 01003KT CAVOK 19/17 Q1016=
22/08/2025 08:00,METAR SBSC 220800Z 35003KT CAVOK 20/16 Q1016=
22/08/2025 09:00,METAR SBSC 220900Z 01005KT CAVOK 20/16 Q1016=
22/08/2025 10:00,METAR SBSC 221000Z 34003KT 3000 BR NSC 20/17 Q1017=
22/08/2025 11:00,METAR SBSC 221100Z 34008KT 8000 NSC 22/18 Q1017=
22/08/2025 12:00,METAR SBSC 221200Z 35010KT CAVOK 26/17 Q1017=
22/08/2025 13:00,METAR SBSC 221300Z 36009KT CAVOK 29/16 Q1017=
22/08/2025 14:00,METAR SBSC 221400Z 33008KT CAVOK 31/16 Q1016=
22/08/2025 15:00,METAR SBSC 221500Z 01007KT CAVOK 32/14 Q1015=
22/08/2025 16:00,METAR SBSC 221600Z 03007KT 290V050 CAVOK 34/14 Q1014=
22/08/2025 17:00,METAR SBSC 221700Z 01004KT CAVOK 34/14 Q1012=
22/08/2025 18:00,METAR SBSC 221800Z 11009KT CAVOK 32/18 Q1012=
22/08/2025 19:00,METAR SBSC 221900Z 36007KT CAVOK 33/14 Q1012=
22/08/2025 20:00,METAR SBSC 222000Z 22004KT CAVOK 29/20 Q1013=
22/08/2025 21:00,METAR SBSC 222100Z 19004KT CAVOK 24/20 Q1013=
22/08/2025 22:00,METAR SBSC 222200Z 16002KT CAVOK 23/19 Q1014=
22/08/2025 23:00,METAR SBSC 222300Z 07002KT CAVOK 21/19 Q1014=
23/08/2025 00:00,METAR SBSC 230000Z 31002KT CAVOK 21/19 Q1015=
23/08/2025 01:00,METAR SBSC 230100Z 01006KT CAVOK 21/18 Q1015=
23/08/2025 02:00,METAR SBSC 230200Z 36007KT CAVOK 22/18 Q1015=
23/08/2025 03:00,METAR SBSC 230300Z 35009KT CAVOK 22/18 Q1015=
23/08/2025 04:00,METAR SBSC 230400Z 34009KT CAVOK 21/18 Q1015=
23/08/2025 05:00,METAR SBSC 230500Z 35010G20KT CAVOK 21/18 Q1014=
23/08/2025 06:00,METAR SBSC 230600Z 34010G22KT CAVOK 21/18 Q1014=
23/08/2025 07:00,METAR SBSC 230700Z 34012KT CAVOK 21/18 Q1014=
23/08/2025 08:00,METAR SBSC 230800Z 34014KT CAVOK 21/18 Q1014=
23/08/2025 09:00,METAR SBSC 230900Z 32013G23KT CAVOK 24/14 Q1014=
23/08/2025 10:00,METAR SBSC 231000Z 32011G21KT CAVOK 24/14 Q1015=
23/08/2025 11:00,METAR COR SBSC 231100Z 33020G31KT CAVOK 25/14 Q1015=
23/08/2025 12:00,METAR SBSC 231200Z 33018G30KT CAVOK 27/14 Q1016=
23/08/2025 13:00,METAR SBSC 231300Z 34016G28KT CAVOK 29/13 Q1016=
23/08/2025 14:00,METAR SBSC 231400Z 34018KT CAVOK 30/13 Q1015=
23/08/2025 15:00,METAR SBSC 231500Z 30014G24KT CAVOK 32/13 Q1013=
23/08/2025 16:00,METAR SBSC 231600Z 33012G24KT CAVOK 33/14 Q1013=
23/08/2025 17:00,METAR SBSC 231700Z 34013G23KT CAVOK 34/13 Q1012=
23/08/2025 18:00,METAR SBSC 231800Z 35010G20KT CAVOK 35/13 Q1011=
23/08/2025 19:00,METAR SBSC 231900Z 34010KT CAVOK 34/14 Q1011=
23/08/2025 20:00,METAR SBSC 232000Z 33007KT CAVOK 33/14 Q1011=
23/08/2025 21:00,METAR SBSC 232100Z 35006KT CAVOK 30/14 Q1011=
23/08/2025 22:00,METAR SBSC 232200Z 29005KT CAVOK 28/14 Q1012=
23/08/2025 23:00,METAR SBSC 232300Z 29006KT CAVOK 28/13 Q1013=
24/08/2025 00:00,METAR SBSC 240000Z 29008KT CAVOK 28/13 Q1013=
24/08/2025 01:00,METAR COR SBSC 240100Z 29009G19KT CAVOK 28/13 Q1014=
24/08/2025 02:00,METAR SBSC 240200Z 29015KT CAVOK 27/13 Q1014=
24/08/2025 03:00,METAR SBSC 240300Z 34016KT CAVOK 26/13 Q1014=
24/08/2025 04:00,METAR SBSC 240400Z 34015KT CAVOK 24/14 Q1014=
24/08/2025 05:00,METAR SBSC 240500Z 34015KT CAVOK 23/14 Q1014=
24/08/2025 06:00,METAR SBSC 240600Z 34015KT CAVOK 23/14 Q1014=
24/08/2025 07:00,METAR SBSC 240700Z 34016KT CAVOK 23/14 Q1014=
24/08/2025 08:00,METAR SBSC 240800Z 29009G19KT CAVOK 22/15 Q1014=
24/08/2025 09:00,METAR SBSC 240900Z 35010G20KT CAVOK 22/15 Q1017=
24/08/2025 10:00,METAR SBSC 241000Z 35010G20KT CAVOK 23/18 Q1018=
24/08/2025 11:00,METAR SBSC 241100Z 35015KT CAVOK 23/19 Q1019=
24/08/2025 12:00,METAR SBSC 241200Z 15010KT CAVOK 24/19 Q1019=
24/08/2025 13:00,METAR SBSC 241300Z 18010KT CAVOK 24/19 Q1019=
24/08/2025 14:00,METAR COR SBSC 241400Z 18012G22KT CAVOK 24/19 Q1019=
24/08/2025 15:00,METAR SBSC 241500Z 18013G25KT CAVOK 24/19 Q1020=
24/08/2025 16:00,METAR SBSC 241600Z 18012G23KT 9999 FEW015 24/19 Q1020=
24/08/2025 17:00,METAR SBSC 241700Z 18011G21KT 9999 FEW015 BKN030 22/18 Q1019=
24/08/2025 18:00,METAR SBSC 241800Z 18010KT 9999 FEW015 BKN030 23/18 Q1019=
24/08/2025 19:00,METAR SBSC 241900Z 14010KT 9999 FEW012 BKN031 22/19 Q1019=
24/08/2025 20:00,METAR SBSC 242000Z 13008KT 9999 SCT010 BKN036 22/19 Q1019=
24/08/2025 21:00,METAR SBSC 242100Z 14006KT 9999 SCT011 BKN021 OVC034 22/19 Q1020=
24/08/2025 22:00,METAR SBSC 242200Z 15005KT 9999 SCT011 SCT020 OVC033 21/19 Q1020=
24/08/2025 23:00,METAR SBSC 242300Z 15004KT 9999 SCT009 BKN020 OVC030 21/19 Q1021=
25/08/2025 00:00,METAR SBSC 250000Z 15005KT 9999 FEW009 BKN023 OVC032 21/19 Q1021=
25/08/2025 01:00,METAR SBSC 250100Z 18004KT 9999 FEW020 OVC040 21/19 Q1021=
25/08/2025 02:00,METAR SBSC 250200Z 17005KT 9999 FEW020 OVC040 21/19 Q1021=
25/08/2025 03:00,METAR SBSC 250300Z 16006KT 9999 FEW020 OVC040 21/18 Q1021=
25/08/2025 04:00,METAR SBSC 250400Z 18004KT 9999 FEW020 OVC040 20/18 Q1021=
25/08/2025 05:00,METAR SBSC 250500Z 19005KT 9999 FEW020 OVC040 20/18 Q1020=
25/08/2025 06:00,METAR SBSC 250600Z 16005KT 9999 FEW020 BKN040 20/17 Q1020=
25/08/2025 07:00,METAR SBSC 250700Z 17004KT 9999 FEW020 BKN040 20/17 Q1020=
25/08/2025 08:00,METAR SBSC 250800Z 34004KT 9999 FEW020 BKN040 19/17 Q1020=
25/08/2025 09:00,METAR SBSC 250900Z 15002KT 9999 BKN020 20/18 Q1021=
25/08/2025 10:00,METAR SBSC 251000Z 05001KT 9999 OVC020 21/19 Q1022=
25/08/2025 11:00,METAR SBSC 251100Z 06002KT 9999 OVC020 22/19 Q1022=
25/08/2025 12:00,METAR SBSC 251200Z 36006KT 9999 BKN020 24/19 Q1022=
25/08/2025 13:00,METAR SBSC 251300Z 33007KT 9999 SCT021 26/18 Q1022=
25/08/2025 14:00,METAR SBSC 251400Z 33006KT 9999 FEW021 SCT030 27/18 Q1021=
25/08/2025 15:00,METAR SBSC 251500Z 18010KT 9999 FEW025 SCT042 28/19 Q1020=
25/08/2025 16:00,METAR SBSC 251600Z 14012KT 9999 BKN009 BKN040 24/20 Q1021=
25/08/2025 17:00,METAR SBSC 251700Z 13011KT 9999 SCT011 SCT025 BKN030 24/19 Q1020=
25/08/2025 18:00,METAR SBSC 251800Z 13010KT 9999 BKN011 BKN027 23/19 Q1019=
25/08/2025 19:00,METAR SBSC 251900Z 14010KT 9999 BKN011 BKN015 OVC070 22/19 Q1020=
25/08/2025 20:00,METAR SBSC 252000Z 14009KT 9999 BKN011 BKN015 OVC070 22/19 Q1020=
25/08/2025 21:00,METAR SBSC 252100Z 14009KT 5000 BR BKN011 BKN015 OVC070 21/19 Q1021=
25/08/2025 22:00,METAR SBSC 252200Z 13009KT 5000 BR BKN008 BKN015 OVC070 21/19 Q1022=
25/08/2025 23:00,METAR SBSC 252300Z 15006KT 5000 -RA BR BKN008 BKN015 OVC070 21/19 Q1022=
26/08/2025 00:00,METAR SBSC 260000Z 16006KT 5000 -RA BR BKN008 BKN015 OVC070 20/19 Q1023=
26/08/2025 01:00,METAR SBSC 260100Z 15006KT 5000 BR BKN005 BKN013 OVC070 20/19 Q1023=
26/08/2025 02:00,METAR SBSC 260200Z 15005KT 5000 BR BKN005 BKN013 OVC070 20/19 Q1023=
26/08/2025 03:00,METAR SBSC 260300Z 16006KT 5000 BR BKN007 BKN012 OVC045 20/19 Q1023=
26/08/2025 04:00,METAR SBSC 260400Z 15006KT 7000 BKN007 BKN015 OVC045 20/19 Q1023=
26/08/2025 05:00,METAR SBSC 260500Z 16006KT 7000 BKN007 BKN015 OVC040 20/19 Q1022=
26/08/2025 06:00,METAR SBSC 260600Z 15006KT 7000 BKN007 BKN017 OVC040 20/19 Q1022=
26/08/2025 07:00,METAR SBSC 260700Z 15005KT 7000 SCT010 BKN015 OVC030 20/19 Q1022=
26/08/2025 08:00,METAR SBSC 260800Z 15006KT 7000 SCT008 BKN016 OVC030 20/18 Q1022=
26/08/2025 09:00,METAR SBSC 260900Z 14006KT 5000 BR SCT005 BKN013 OVC030 20/18 Q1022=
26/08/2025 10:00,METAR SBSC 261000Z 16003KT 4000 BR BKN005 OVC019 20/19 Q1023=
26/08/2025 11:00,METAR SBSC 261100Z 14002KT 5000 BR BKN005 OVC019 20/19 Q1023=
26/08/2025 12:00,METAR SBSC 261200Z 13003KT 9999 SCT007 OVC012 21/19 Q1024=
26/08/2025 13:00,METAR SBSC 261300Z 14004KT 3000 -RA BR BKN007 OVC012 21/19 Q1024=
26/08/2025 14:00,METAR SBSC 261400Z 14006KT 3000 -RA BR BKN006 BKN012 OVC030 21/19 Q1024=
26/08/2025 15:00,METAR SBSC 261500Z 14004KT 3000 -RA BR BKN006 BKN012 OVC030 21/19 Q1023=
26/08/2025 16:00,METAR SBSC 261600Z 13005KT 8000 BKN006 BKN012 OVC030 22/19 Q1022=
26/08/2025 17:00,METAR SBSC 261700Z 13006KT 8000 BKN009 BKN012 OVC030 22/19 Q1022=
26/08/2025 18:00,METAR SBSC 261800Z 14007KT 8000 BKN009 BKN012 OVC030 22/19 Q1021=
26/08/2025 19:00,METAR SBSC 261900Z 18007KT 8000 BKN008 OVC025 21/19 Q1022=
26/08/2025 20:00,METAR SBSC 262000Z 19006KT 7000 BKN007 BKN012 OVC020 21/19 Q1022=
26/08/2025 21:00,METAR SBSC 262100Z 19006KT 7000 BKN007 BKN012 OVC020 21/19 Q1022=
26/08/2025 22:00,METAR SBSC 262200Z 19006KT 7000 BKN006 BKN012 OVC020 21/19 Q1023=
26/08/2025 23:00,METAR SBSC 262300Z 20006KT 130V250 8000 BKN006 BKN012 OVC020 21/19 Q1023=
27/08/2025 00:00,METAR SBSC 270000Z 21006KT 8000 BKN006 BKN015 OVC020 21/19 Q1023=
27/08/2025 01:00,METAR SBSC 270100Z 14004KT 5000 BR SCT006 BKN010 OVC030 21/19 Q1023=
27/08/2025 02:00,METAR SBSC 270200Z 18005KT 5000 BR SCT006 BKN010 OVC030 21/19 Q1023=
27/08/2025 03:00,METAR SBSC 270300Z 15004KT 5000 BR SCT006 BKN010 OVC030 21/19 Q1023=
27/08/2025 04:00,METAR SBSC 270400Z 14004KT 5000 BR SCT006 BKN010 OVC030 20/18 Q1022=
27/08/2025 05:00,METAR SBSC 270500Z 18005KT 5000 BR SCT006 BKN010 OVC030 20/18 Q1022=
27/08/2025 06:00,METAR SBSC 270600Z 09004KT 5000 BR SCT006 BKN010 OVC030 20/18 Q1021=
27/08/2025 07:00,METAR SBSC 270700Z 01006KT 5000 BR SCT006 BKN010 OVC030 20/18 Q1021=
27/08/2025 08:00,METAR SBSC 270800Z 01005KT 5000 BR SCT006 BKN010 OVC030 21/19 Q1022=
27/08/2025 09:00,METAR SBSC 270900Z 36005KT 5000 BR SCT006 BKN010 OVC030 21/19 Q1022=
27/08/2025 10:00,METAR SBSC 271000Z 32002KT 8000 FEW006 SCT010 OVC030 21/19 Q1023=
27/08/2025 11:00,METAR SBSC 271100Z 29003KT 9999 FEW030 22/19 Q1023=
27/08/2025 12:00,METAR SBSC 271200Z 32006KT 9999 FEW030 24/17 Q1024=
27/08/2025 13:00,METAR SBSC 271300Z 30005KT CAVOK 25/16 Q1024=
27/08/2025 14:00,METAR SBSC 271400Z 01003KT CAVOK 26/16 Q1023=
27/08/2025 15:00,METAR SBSC 271500Z 34004KT CAVOK 28/15 Q1022=
27/08/2025 16:00,METAR SBSC 271600Z 36009KT 9999 FEW040 28/17 Q1021=
27/08/2025 17:00,METAR SBSC 271700Z 09009KT 9999 FEW040 27/19 Q1020=
27/08/2025 18:00,METAR SBSC 271800Z 09009KT 9999 FEW040 26/18 Q1020=
27/08/2025 19:00,METAR SBSC 271900Z 09007KT 9999 FEW040 25/17 Q1020=
27/08/2025 20:00,METAR SBSC 272000Z 13005KT 9999 FEW040 24/18 Q1021=
27/08/2025 21:00,METAR SBSC 272100Z 18006KT 9999 FEW040 22/19 Q1021=
27/08/2025 22:00,METAR SBSC 272200Z 17005KT 9999 FEW040 22/19 Q1022=
27/08/2025 23:00,METAR SBSC 272300Z 17006KT 9999 FEW040 22/19 Q1022=
28/08/2025 00:00,METAR SBSC 280000Z 16005KT 9999 SCT010 22/19 Q1023=
28/08/2025 01:00,METAR SBSC 280100Z 21006KT 140V240 9999 FEW012 21/19 Q1023=
28/08/2025 02:00,METAR SBSC 280200Z 20006KT 150V240 9999 FEW012 21/19 Q1023=
28/08/2025 03:00,METAR SBSC 280300Z 19004KT 9999 FEW012 21/18 Q1023=
28/08/2025 04:00,METAR SBSC 280400Z 20003KT 9999 FEW015 21/18 Q1023=
28/08/2025 05:00,METAR SBSC 280500Z 19003KT 9999 FEW015 20/18 Q1022=
28/08/2025 06:00,METAR SBSC 280600Z 30003KT 9999 FEW015 20/18 Q1022=
28/08/2025 07:00,METAR SBSC 280700Z 30003KT 9999 FEW010 20/18 Q1021=
28/08/2025 08:00,METAR SBSC 280800Z 31003KT 9999 SCT010 20/18 Q1021=
28/08/2025 09:00,METAR SBSC 280900Z 36003KT 8000 FEW012 18/16 Q1022=
28/08/2025 10:00,METAR SBSC 281000Z VRB02KT CAVOK 20/18 Q1023=
28/08/2025 11:00,METAR SBSC 281100Z 01003KT CAVOK 22/19 Q1023=
28/08/2025 12:00,METAR SBSC 281200Z 32006KT 9999 FEW012 24/17 Q1023=
28/08/2025 13:00,METAR SBSC 281300Z 31008KT 9999 FEW012 SCT033 27/16 Q1023=
28/08/2025 14:00,METAR SBSC 281400Z 15007KT 9999 FEW033 SCT040 26/19 Q1022=
28/08/2025 15:00,METAR SBSC 281500Z 13010KT 9999 FEW014 24/19 Q1022=
28/08/2025 16:00,METAR SBSC 281600Z 13012KT 9999 SCT011 SCT033 24/19 Q1021=
28/08/2025 17:00,METAR SBSC 281700Z 13013KT 9999 BKN011 BKN021 23/19 Q1021=
28/08/2025 18:00,METAR SBSC 281800Z 13009KT 9999 BKN011 OVC021 23/19 Q1021=
28/08/2025 19:00,METAR SBSC 281900Z 13008KT 8000 BKN011 OVC021 22/19 Q1021=
28/08/2025 20:00,METAR SBSC 282000Z 13007KT 8000 BKN011 OVC025 22/19 Q1021=
28/08/2025 21:00,METAR SBSC 282100Z 12005KT 8000 BKN011 OVC025 22/19 Q1022=
28/08/2025 22:00,METAR SBSC 282200Z 13004KT 8000 BKN011 BKN025 OVC040 22/19 Q1022=
28/08/2025 23:00,METAR SBSC 282300Z 12005KT 8000 SCT011 BKN025 OVC040 22/19 Q1022=
29/08/2025 00:00,METAR SBSC 290000Z 14004KT 8000 BKN025 OVC040 21/18 Q1022=
29/08/2025 01:00,METAR COR SBSC 290100Z 15003KT 9999 BKN008 OVC040 22/19 Q1022=
29/08/2025 02:00,METAR SBSC 290200Z 20003KT 9999 BKN010 21/19 Q1021=
29/08/2025 03:00,METAR SBSC 290300Z 22003KT 9999 BKN010 21/19 Q1020=
29/08/2025 04:00,METAR SBSC 290400Z 24003KT 9999 BKN010 21/19 Q1020=
29/08/2025 05:00,METAR SBSC 290500Z 27003KT 9999 BKN010 20/19 Q1019=
29/08/2025 06:00,METAR SBSC 290600Z 31002KT 9999 SCT010 20/19 Q1019=
29/08/2025 07:00,METAR SBSC 290700Z 34002KT 9999 SCT010 20/19 Q1019=
29/08/2025 08:00,METAR SBSC 290800Z 02002KT 9999 SCT010 20/18 Q1020=
29/08/2025 09:00,METAR COR SBSC 290900Z 11002KT 9999 BKN008 BKN020 19/18 Q1020=
29/08/2025 10:00,METAR SBSC 291000Z 11002KT 9999 BKN008 BKN020 20/19 Q1021=
29/08/2025 11:00,METAR SBSC 291100Z 15003KT 9999 BKN008 BKN020 21/20 Q1021=
29/08/2025 12:00,METAR SBSC 291200Z 19002KT 9999 SCT010 BKN020 23/20 Q1021=
29/08/2025 13:00,METAR SBSC 291300Z 19004KT 9999 FEW010 SCT020 BKN050 24/20 Q1022=
29/08/2025 15:00,METAR SBSC 291500Z 14006KT 9999 SCT020 BKN050 25/19 Q1020=
29/08/2025 16:00,METAR SBSC 291600Z 14008KT 9999 SCT020 BKN050 24/19 Q1020=
29/08/2025 17:00,METAR SBSC 291700Z 13010KT 9999 FEW012 SCT020 BKN050 24/19 Q1019=
29/08/2025 18:00,METAR SBSC 291800Z 14010KT 9999 BKN010 BKN025 OVC050 23/19 Q1019=
29/08/2025 19:00,METAR SBSC 291900Z 14008KT 9999 BKN010 BKN018 OVC030 23/19 Q1019=
29/08/2025 20:00,METAR SBSC 292000Z 12006KT 9999 BKN010 BKN020 OVC030 22/19 Q1020=
29/08/2025 21:00,METAR SBSC 292100Z 09006KT 9999 BKN014 BKN021 OVC040 22/19 Q1020=
29/08/2025 22:00,METAR SBSC 292200Z 10006KT 9999 SCT018 BKN025 OVC050 22/19 Q1020=
29/08/2025 23:00,METAR SBSC 292300Z 35003KT 9999 SCT017 BKN025 OVC050 22/18 Q1021=
30/08/2025 00:00,METAR SBSC 300000Z 36001KT 9999 SCT017 BKN025 OVC056 22/19 Q1021=
30/08/2025 01:00,METAR SBSC 300100Z 03004KT 9999 FEW030 OVC060 22/17 Q1021=
30/08/2025 02:00,METAR SBSC 300200Z 04004KT 9999 FEW030 OVC060 22/17 Q1021=
30/08/2025 03:00,METAR SBSC 300300Z 02006KT 9999 SCT030 OVC060 21/17 Q1021=
30/08/2025 04:00,METAR SBSC 300400Z 03007KT 9000 -RA SCT030 OVC060 21/17 Q1020=
30/08/2025 05:00,METAR SBSC 300500Z 06008KT 8000 -RA SCT030 OVC060 21/16 Q1020=
30/08/2025 06:00,METAR COR SBSC 300600Z 03005KT 9999 SCT030 OVC060 20/16 Q1020=
30/08/2025 07:00,METAR SBSC 300700Z 31004KT 9999 FEW030 OVC060 20/16 Q1020=
30/08/2025 08:00,METAR SBSC 300800Z 29004KT 9999 FEW030 BKN060 20/16 Q1020=
30/08/2025 09:00,METAR SBSC 300900Z 03005KT 9999 FEW030 BKN100 19/16 Q1021=
30/08/2025 10:00,METAR SBSC 301000Z 04005KT 9999 FEW030 BKN100 21/16 Q1022=
30/08/2025 11:00,METAR SBSC 301100Z 01004KT 9999 FEW030 SCT100 21/17 Q1022=
30/08/2025 12:00,METAR SBSC 301200Z 36003KT 9999 FEW030 SCT100 22/17 Q1023=
30/08/2025 13:00,METAR SBSC 301300Z 21003KT 130V270 9999 FEW020 BKN080 24/17 Q1023=
30/08/2025 14:00,METAR SBSC 301400Z 20006KT 9999 FEW020 BKN080 24/17 Q1023=
30/08/2025 15:00,METAR SBSC 301500Z 17008KT 9999 FEW020 SCT100 25/17 Q1022=
30/08/2025 16:00,METAR SBSC 301600Z 13010KT 9999 VCSH FEW020 FEW030TCU BKN050 24/18 Q1022=
30/08/2025 17:00,METAR SBSC 301700Z 03003KT 9999 FEW020 BKN060 23/18 Q1021=
30/08/2025 18:00,METAR SBSC 301800Z 12007KT 9999 FEW020 BKN080 24/18 Q1021=
30/08/2025 19:00,METAR SBSC 301900Z 14004KT 9999 SCT020 FEW031TCU BKN080 25/18 Q1021=
30/08/2025 20:00,METAR SBSC 302000Z 09005KT 9999 SCT020 FEW031TCU BKN080 24/17 Q1021=
30/08/2025 21:00,METAR SBSC 302100Z 06004KT 9999 SCT025 FEW031TCU BKN080 22/18 Q1022=
30/08/2025 22:00,METAR SBSC 302200Z 07004KT 9999 SCT025 SCT050 22/18 Q1022=
30/08/2025 23:00,METAR SBSC 302300Z 10004KT 9999 SCT025 SCT050 21/18 Q1023=
31/08/2025 00:00,METAR SBSC 310000Z 33003KT 9999 FEW025 SCT050 20/17 Q1023=
31/08/2025 01:00,METAR SBSC 310100Z 33003KT CAVOK 19/17 Q1023=
31/08/2025 02:00,METAR SBSC 310200Z 23003KT 7000 NSC 19/17 Q1023=
31/08/2025 03:00,METAR SBSC 310300Z 28002KT 8000 NSC 18/17 Q1023=
31/08/2025 04:00,METAR SBSC 310400Z 29002KT 8000 FEW036 18/16 Q1023=
31/08/2025 05:00,METAR SBSC 310500Z 33005KT 8000 FEW036 17/16 Q1023=
31/08/2025 06:00,METAR SBSC 310600Z 34004KT 8000 NSC 17/16 Q1022=
31/08/2025 07:00,METAR SBSC 310700Z 35003KT 7000 FEW002 17/16 Q1022=
31/08/2025 08:00,METAR SBSC 310800Z 33004KT 0800 R23/0900U FG VV001 17/16 Q1022=
31/08/2025 09:00,METAR SBSC 310900Z 31004KT 7000 FEW005 SCT013 17/16 Q1022=
31/08/2025 10:00,METAR SBSC 311000Z 01005KT 8000 FEW013 19/18 Q1023=
31/08/2025 11:00,METAR SBSC 311100Z 33006KT CAVOK 21/19 Q1024=
31/08/2025 12:00,METAR SBSC 311200Z 32006KT CAVOK 23/18 Q1024=
31/08/2025 13:00,METAR SBSC 311300Z 01004KT 9999 SCT030 25/17 Q1024=
31/08/2025 14:00,METAR SBSC 311400Z 03004KT 9999 SCT030 SCT050 25/17 Q1024=
31/08/2025 15:00,METAR SBSC 311500Z 09004KT 9999 SCT030 BKN050 24/17 Q1024=
31/08/2025 16:00,METAR SBSC 311600Z 10009KT 9999 SCT030 BKN050 26/18 Q1023=
31/08/2025 17:00,METAR SBSC 311700Z 08009KT 9999 SCT030 BKN050 25/18 Q1023=
31/08/2025 18:00,METAR SBSC 311800Z 10011KT 9999 SCT030 FEW032TCU BKN050 25/18 Q1023=
31/08/2025 19:00,METAR SBSC 311900Z 09013KT 9999 SCT025 FEW030TCU BKN050 25/17 Q1022=
31/08/2025 20:00,METAR SBSC 312000Z 08012KT 9999 VCSH SCT025 FEW030TCU BKN050 24/18 Q1023=
31/08/2025 21:00,METAR SBSC 312100Z 08006KT 8000 SCT025 FEW030TCU BKN040 23/18 Q1023=
31/08/2025 22:00,METAR SBSC 312200Z 34005KT 9999 FEW015 SCT025 BKN040 23/18 Q1024=
31/08/2025 23:00,METAR SBSC 312300Z 33004KT 9999 FEW015 SCT025 BKN050 22/19 Q1024=
01/09/2025 00:00,METAR SBSC 010000Z 35008KT 9999 FEW025 BKN060 22/18 Q1024=
01/09/2025 01:00,METAR SBSC 010100Z 35005KT 9999 FEW025 BKN060 22/17 Q1025=
01/09/2025 02:00,METAR SBSC 010200Z 32003KT 8000 SCT025 SCT040 21/17 Q1025=
01/09/2025 03:00,METAR SBSC 010300Z 34004KT 8000 SCT025 SCT040 BKN070 21/18 Q1025=
01/09/2025 04:00,METAR SBSC 010400Z 35004KT 8000 SCT025 SCT040 BKN070 20/17 Q1024=
01/09/2025 05:00,METAR SBSC 010500Z 33004KT 8000 SCT025 SCT040 BKN070 20/17 Q1024=
01/09/2025 06:00,METAR SBSC 010600Z 01005KT 8000 SCT025 SCT040 BKN070 20/17 Q1024=
01/09/2025 07:00,METAR SBSC 010700 01005KT 8000 SCT025 SCT040 BKN070 20/17 Q1024=
01/09/2025 08:00,METAR SBSC 010800Z 35004KT 8000 SCT025 SCT040 BKN070 19/18 Q1024=
01/09/2025 09:00,METAR SBSC 010900Z 01005KT 8000 SCT025 SCT040 BKN070 19/18 Q1025=
01/09/2025 10:00,METAR SBSC 011000Z 02007KT 8000 SCT025 SCT040 BKN070 20/18 Q1025=
01/09/2025 11:00,METAR SBSC 011100Z 29002KT 9999 SCT025 SCT040 BKN070 21/18 Q1026=
01/09/2025 12:00,METAR SBSC 011200Z 01007KT 9999 SCT015 SCT020 BKN070 23/18 Q1026=
01/09/2025 13:00,METAR SBSC 011300Z 33008KT 9999 SCT015 SCT020 BKN070 24/17 Q1026=
01/09/2025 14:00,METAR SBSC 011400Z 01008KT 9999 SCT020 SCT045 BKN051 25/17 Q1026=
01/09/2025 15:00,METAR SBSC 011500Z 05007KT 9999 SCT020 SCT045 BKN051 25/18 Q1025=
01/09/2025 16:00,METAR SBSC 011600Z 10008KT 9999 SCT020 SCT045 BKN051 24/18 Q1024=
01/09/2025 17:00,METAR SBSC 011700Z 06009KT 9999 SCT020 SCT030 BKN045 24/18 Q1024=
01/09/2025 18:00,METAR SBSC 011800Z 06008KT 9999 SCT020 SCT030 BKN045 25/18 Q1023=
01/09/2025 19:00,METAR SBSC 011900Z 10010KT 9999 SCT020 SCT030 BKN045 25/17 Q1023=
01/09/2025 20:00,METAR SBSC 012000Z 03006KT 9999 SCT020 SCT030 BKN045 25/18 Q1024=
01/09/2025 21:00,METAR SBSC 012100Z 01012KT 9999 SCT020 SCT030 BKN045 24/17 Q1024=
01/09/2025 22:00,METAR SBSC 012200Z 01009KT 9999 SCT020 SCT030 BKN045 24/17 Q1025=
01/09/2025 23:00,METAR SBSC 012300Z 10008KT 9999 SCT020 SCT045 BKN051 23/17 Q1025=
02/09/2025 00:00,METAR SBSC 020000Z 36008KT 9999 SCT020 SCT045 BKN051 23/17 Q1025=
02/09/2025 01:00,METAR SBSC 020100Z 01008KT 9999 FEW025 BKN045 22/17 Q1026=
02/09/2025 02:00,METAR SBSC 020200Z 35008KT 9999 FEW020 BKN040 22/17 Q1026=
02/09/2025 03:00,METAR SBSC 020300Z 35006KT 9999 FEW020 BKN030 22/17 Q1026=
02/09/2025 04:00,METAR SBSC 020400Z 01006KT 9999 FEW020 BKN030 22/17 Q1026=
02/09/2025 05:00,METAR SBSC 020500Z 35005KT 9999 FEW020 BKN030 21/17 Q1025=
02/09/2025 06:00,METAR SBSC 020600Z 03005KT 9999 FEW020 BKN030 21/17 Q1025=
02/09/2025 07:00,METAR SBSC 020700Z 03005KT 9999 FEW015 BKN025 20/17 Q1024=
02/09/2025 08:00,METAR SBSC 020800Z 02005KT 9999 FEW015 BKN025 20/17 Q1024=
02/09/2025 09:00,METAR SBSC 020900Z 33002KT 8000 FEW020 BKN030 19/18 Q1025=
02/09/2025 10:00,METAR SBSC 021000Z 01005KT 9999 FEW015 BKN025 20/18 Q1023=
02/09/2025 11:00,METAR SBSC 021100Z 36005KT 9999 FEW010 BKN025 BKN050 21/19 Q1026=
02/09/2025 12:00,METAR SBSC 021200Z 02009KT 9999 SCT015 BKN030 23/17 Q1027=
02/09/2025 13:00,METAR SBSC 021300Z 35009KT 9999 SCT020 SCT040 BKN058 24/17 Q1027=
02/09/2025 14:00,METAR SBSC 021400Z 34009KT 9999 SCT027 SCT040 BKN050 25/17 Q1026=
02/09/2025 15:00,METAR SBSC 021500Z 35006KT 9999 FEW028 SCT040 BKN066 25/16 Q1025=
02/09/2025 16:00,METAR SBSC 021600Z 09008KT 9999 SCT025 BKN036 24/17 Q1024=
02/09/2025 17:00,METAR SBSC 021700Z 07007KT 9999 FEW025 BKN036 BKN050 25/17 Q1023=
02/09/2025 18:00,METAR SBSC 021800Z 07007KT 9999 FEW025 BKN032 BKN041 25/17 Q1022=
02/09/2025 19:00,METAR SBSC 021900Z 01009KT 9999 BKN036 BKN051 26/16 Q1022=
02/09/2025 20:00,METAR SBSC 022000Z 36011KT 9999 FEW036 SCT051 25/16 Q1022=
02/09/2025 21:00,METAR SBSC 022100Z 35010KT 9999 FEW036 SCT050 24/16 Q1022=
02/09/2025 22:00,METAR SBSC 022200Z 36011KT 9999 FEW040 SCT056 23/15 Q1023=
02/09/2025 23:00,METAR SBSC 022300Z 35010KT 9999 FEW040 SCT056 22/15 Q1023=
03/09/2025 00:00,METAR SBSC 030000Z 35010KT CAVOK 21/15 Q1024=
03/09/2025 01:00,METAR SBSC 030100Z 33008KT CAVOK 20/15 Q1025=
03/09/2025 02:00,METAR SBSC 030200Z 31008KT CAVOK 19/15 Q1024=
03/09/2025 03:00,METAR SBSC 030300Z 31004KT CAVOK 18/15 Q1024=
03/09/2025 04:00,METAR SBSC 030400Z 02011KT CAVOK 18/15 Q1024=
03/09/2025 05:00,METAR SBSC 030500Z 02011KT CAVOK 18/15 Q1024=
03/09/2025 06:00,METAR SBSC 030600Z 02011KT CAVOK 18/15 Q1024=
03/09/2025 07:00,METAR SBSC 030700Z 02012KT CAVOK 19/15 Q1025=
03/09/2025 08:00,METAR SBSC 030800Z 36015KT CAVOK 21/16 Q1025=
03/09/2025 09:00,METAR SBSC 030900Z 36018KT CAVOK 23/15 Q1025=
03/09/2025 10:00,METAR SBSC 031000Z 32005KT CAVOK 18/14 Q1024=
03/09/2025 11:00,METAR SBSC 031100Z 30008KT CAVOK 21/14 Q1024=
03/09/2025 12:00,METAR SBSC 031200Z 30013KT CAVOK 23/12 Q1025=
03/09/2025 13:00,METAR SBSC 031300Z 32014G24KT CAVOK 25/13 Q1025=
03/09/2025 14:00,METAR SBSC 031400Z 33013G26KT CAVOK 26/13 Q1023=
03/09/2025 15:00,METAR SBSC 031500Z 33013G23KT CAVOK 27/12 Q1023=
03/09/2025 16:00,METAR SBSC 031600Z 33013G26KT CAVOK 28/12 Q1021=
03/09/2025 17:00,METAR SBSC 031700Z 34013KT CAVOK 29/12 Q1020=
03/09/2025 18:00,METAR SBSC 031800Z 34010KT CAVOK 29/11 Q1019=
03/09/2025 19:00,METAR SBSC 031900Z 36010KT CAVOK 29/11 Q1019=
03/09/2025 20:00,METAR SBSC 032000Z 35010KT CAVOK 28/10 Q1019=
03/09/2025 21:00,METAR SBSC 032100Z 36006KT CAVOK 25/10 Q1019=
04/09/2025 00:00,METAR SBSC 040000Z 34005KT CAVOK 22/12 Q1021=
04/09/2025 02:00,METAR SBSC 040200Z 32007KT CAVOK 20/15 Q1021=
04/09/2025 03:00,METAR SBSC 040300Z 33006KT CAVOK 19/14 Q1021=
04/09/2025 04:00,METAR SBSC 040400Z 32006KT CAVOK 18/15 Q1021=
04/09/2025 05:00,METAR SBSC 040500Z 33005KT CAVOK 18/15 Q1020=
04/09/2025 06:00,METAR SBSC 040600Z 32006KT CAVOK 18/15 Q1019=
04/09/2025 07:00,METAR SBSC 040700Z 31006KT CAVOK 17/14 Q1019=
04/09/2025 08:00,METAR SBSC 040800Z 33005KT CAVOK 16/14 Q1019=
04/09/2025 09:00,METAR SBSC 040900Z 29008KT CAVOK 19/14 Q1020=
04/09/2025 10:00,METAR SBSC 041000Z 32014G26KT CAVOK 20/14 Q1020=
04/09/2025 11:00,METAR SBSC 041100Z 29016G27KT CAVOK 22/14 Q1021=
04/09/2025 12:00,METAR SBSC 041200Z 30020G31KT CAVOK 24/14 Q1021=
04/09/2025 13:00,METAR SBSC 041300Z 30015G30KT CAVOK 25/13 Q1021=
04/09/2025 14:00,METAR SBSC 041400Z 30013G30KT CAVOK 28/13 Q1020=
04/09/2025 15:00,METAR SBSC 041500Z 31012G28KT CAVOK 29/12 Q1019=
04/09/2025 16:00,METAR SBSC 041600Z 31011G25KT CAVOK 30/12 Q1018=
04/09/2025 17:00,METAR COR SBSC 041700Z 32010KT CAVOK 31/11 Q1017=
04/09/2025 18:00,METAR SBSC 041800Z 30007KT CAVOK 31/11 Q1016=
04/09/2025 19:00,METAR SBSC 041900Z 31007KT CAVOK 31/10 Q1016=
04/09/2025 20:00,METAR SBSC 042000Z 33006KT CAVOK 30/10 Q1016=
04/09/2025 21:00,METAR SBSC 042100Z 33004KT CAVOK 26/11 Q1016=
04/09/2025 22:00,METAR SBSC 042200Z 33003KT CAVOK 24/11 Q1017=
04/09/2025 23:00,METAR SBSC 042300Z 17002KT CAVOK 22/16 Q1017=
05/09/2025 00:00,METAR SBSC 050000Z 00000KT CAVOK 19/16 Q1018=
05/09/2025 01:00,METAR SBSC 050100Z 36005KT CAVOK 20/14 Q1018=
05/09/2025 02:00,METAR SBSC 050200Z 36006KT CAVOK 20/13 Q1018=
05/09/2025 03:00,METAR SBSC 050300Z 35006KT CAVOK 20/13 Q1018=
05/09/2025 04:00,METAR SBSC 050400Z 33005KT CAVOK 20/13 Q1018=
05/09/2025 05:00,METAR SBSC 050500Z 32004KT CAVOK 19/13 Q1017=
05/09/2025 06:00,METAR SBSC 050600Z 29005KT CAVOK 19/12 Q1017=
05/09/2025 07:00,METAR SBSC 050700Z 31006KT CAVOK 19/12 Q1017=
05/09/2025 08:00,METAR SBSC 050800Z 36003KT CAVOK 18/12 Q1017=
05/09/2025 09:00,METAR SBSC 050900Z 33010KT CAVOK 21/13 Q1016=
05/09/2025 10:00,METAR SBSC 051000Z 34009KT CAVOK 23/13 Q1016=
05/09/2025 11:00,METAR SBSC 051100Z 32011KT CAVOK 25/13 Q1017=
05/09/2025 12:00,METAR SBSC 051200Z 33014KT CAVOK 27/12 Q1018=
05/09/2025 13:00,METAR SBSC 051300Z 33012G22KT CAVOK 29/13 Q1017=
05/09/2025 14:00,METAR SBSC 051400Z 18011KT CAVOK 27/17 Q1017=
05/09/2025 15:00,METAR SBSC 051500Z 14010KT CAVOK 26/18 Q1017=
05/09/2025 16:00,METAR SBSC 051600Z 14012KT CAVOK 25/18 Q1016=
05/09/2025 17:00,METAR SBSC 051700Z 14013KT CAVOK 24/19 Q1016=
05/09/2025 18:00,METAR SBSC 051800Z 14014KT 9999 4500W FEW010 23/19 Q1016=
05/09/2025 19:00,METAR SBSC 051900Z 16014KT 9999 4500W FEW010 23/19 Q1017=
05/09/2025 20:00,METAR SBSC 052000Z 17012KT 9999 FEW015 22/18 Q1018=
05/09/2025 21:00,METAR SBSC 052100Z 13011KT 8000 BKN012 21/18 Q1018=
05/09/2025 22:00,METAR SBSC 052200Z 15008KT 9999 BKN012 BKN030 21/18 Q1019=
05/09/2025 23:00,METAR SBSC 052300Z 15006KT 9999 BKN012 22/19 Q1019=
06/09/2025 00:00,METAR SBSC 060000Z 17007KT 9999 FEW007 BKN012 BKN025 21/19 Q1019=
06/09/2025 01:00,METAR SBSC 060100Z 11004KT 5000 BR SCT007 BKN012 BKN025 21/19 Q1019=
06/09/2025 02:00,METAR SBSC 060200Z 12006KT 5000 BR SCT007 BKN012 BKN025 21/19 Q1020=
06/09/2025 03:00,METAR SBSC 060300Z 16006KT 5000 BR SCT007 BKN012 BKN025 21/19 Q1019=
06/09/2025 04:00,METAR SBSC 060400Z 18005KT 5000 BR SCT007 BKN012 BKN025 21/19 Q1018=
06/09/2025 05:00,METAR SBSC 060500Z 15005KT 5000 BR SCT007 BKN012 BKN025 20/18 Q1018=
06/09/2025 06:00,METAR SBSC 060600Z 16004KT 5000 BR SCT007 BKN012 BKN025 20/18 Q1018=
06/09/2025 07:00,METAR SBSC 060700Z 15007KT 5000 BR SCT007 BKN012 BKN025 20/18 Q1018=
06/09/2025 08:00,METAR SBSC 060800Z 16006KT 5000 BR SCT007 BKN012 BKN025 20/19 Q1018=
06/09/2025 09:00,METAR SBSC 060900Z 18007KT 5000 BR SCT007 BKN012 BKN025 20/19 Q1019=
06/09/2025 10:00,METAR SBSC 061000Z 11002KT 8000 FEW007 SCT012 BKN025 21/18 Q1020=
06/09/2025 11:00,METAR SBSC 061100Z 15004KT 9999 FEW010 SCT014 BKN030 22/18 Q1020=
06/09/2025 12:00,METAR SBSC 061200Z 14008KT 9999 FEW010 SCT014 BKN030 23/18 Q1021=
06/09/2025 13:00,METAR SBSC 061300Z 14008KT 9999 FEW010 SCT014 BKN030 23/18 Q1021=
06/09/2025 14:00,METAR SBSC 061400Z 17009KT 9999 FEW010 SCT014 BKN030 23/18 Q1022=
06/09/2025 15:00,METAR SBSC 061500Z 14011KT 9999 FEW010 SCT014 BKN030 22/18 Q1021=
06/09/2025 16:00,METAR SBSC 061600Z 14011KT 9999 FEW010 SCT014 BKN030 23/18 Q1021=
06/09/2025 17:00,METAR SBSC 061700Z 15010KT 9999 FEW010 SCT014 BKN030 23/18 Q1020=
06/09/2025 18:00,METAR SBSC 061800Z 14010KT 9999 FEW010 SCT014 BKN030 22/18 Q1021=
06/09/2025 19:00,METAR SBSC 061900Z 13009KT 9999 FEW010 SCT014 BKN030 22/18 Q1021=
06/09/2025 20:00,METAR SBSC 062000Z 14009KT 9999 FEW010 SCT014 BKN030 22/18 Q1021=
06/09/2025 21:00,METAR SBSC 062100Z 15005KT 9999 FEW010 SCT014 BKN030 21/18 Q1022=
06/09/2025 22:00,METAR SBSC 062200Z 12006KT 9999 FEW010 SCT014 BKN030 21/18 Q1022=
06/09/2025 23:00,METAR SBSC 062300Z 11008KT 9999 SCT005 BKN039 20/18 Q1023=
07/09/2025 00:00,METAR SBSC 070000Z 08006KT 9999 SCT005 BKN020 20/18 Q1023=
07/09/2025 01:00,METAR SBSC 070100Z 08005KT 9999 SCT010 BKN020 20/18 Q1023=
07/09/2025 02:00,METAR SBSC 070200Z 10003KT 5000 -DZ BR SCT005 BKN012 BKN020 20/18 Q1023=
07/09/2025 03:00,METAR SBSC 070300Z 12005KT 8000 BKN010 OVC030 20/18 Q1023=
07/09/2025 04:00,METAR SBSC 070400Z 09003KT 5000 -DZ BR FEW007 BKN010 OVC030 20/18 Q1023=
07/09/2025 05:00,METAR SBSC 070500Z 10004KT 8000 FEW007 BKN010 OVC030 19/18 Q1023=
07/09/2025 06:00,METAR SBSC 070600Z 10007KT 8000 BKN010 OVC030 19/17 Q1022=
07/09/2025 07:00,METAR SBSC 070700Z 11007KT 5000 -DZ BR FEW007 BKN010 OVC030 19/18 Q1022=
07/09/2025 08:00,METAR SBSC 070800Z 12007KT 5000 -DZ BR FEW007 BKN010 OVC030 19/18 Q1022=
07/09/2025 09:00,METAR SBSC 070900Z 10006KT 8000 FEW007 BKN012 OVC025 19/17 Q1023=
07/09/2025 10:00,METAR SBSC 071000Z 05004KT 8000 FEW007 BKN010 OVC025 19/17 Q1023=
07/09/2025 11:00,METAR SBSC 071100Z 09003KT 8000 FEW007 BKN010 OVC025 19/17 Q1024=
07/09/2025 12:00,METAR SBSC 071200Z 12003KT 8000 FEW007 BKN015 OVC030 20/18 Q1025=
07/09/2025 13:00,METAR SBSC 071300Z 06005KT 8000 SCT007 BKN015 OVC030 20/17 Q1025=
07/09/2025 14:00,METAR SBSC 071400Z 04005KT 8000 SCT007 BKN015 OVC030 20/17 Q1025=
07/09/2025 15:00,METAR SBSC 071500Z 03004KT 8000 SCT007 BKN015 OVC030 21/17 Q1024=
07/09/2025 16:00,METAR SBSC 071600Z 00000KT 8000 SCT007 BKN015 OVC030 20/18 Q1024=
07/09/2025 17:00,METAR SBSC 071700Z 07002KT 8000 SCT007 BKN015 OVC030 21/17 Q1022=
07/09/2025 18:00,METAR SBSC 071800Z 03008KT 8000 SCT007 BKN015 OVC030 21/18 Q1022=
07/09/2025 19:00,METAR SBSC 071900Z 03008KT 8000 SCT007 BKN015 OVC030 21/18 Q1022=
07/09/2025 20:00,METAR SBSC 072000Z 10005KT 8000 SCT007 BKN015 OVC030 21/17 Q1022=
07/09/2025 21:00,METAR SBSC 072100Z 07004KT 8000 SCT007 BKN015 OVC030 21/17 Q1022=
07/09/2025 22:00,METAR SBSC 072200Z 07005KT 8000 SCT007 BKN015 OVC030 21/17 Q1022=
07/09/2025 23:00,METAR SBSC 072300Z 06005KT 8000 SCT007 BKN015 OVC030 21/16 Q1023=
08/09/2025 00:00,METAR SBSC 080000Z 04003KT 8000 SCT010 BKN020 OVC030 20/17 Q1024=
08/09/2025 01:00,METAR SBSC 080100Z 04003KT 8000 SCT010 BKN020 OVC030 20/17 Q1024=
08/09/2025 02:00,METAR SBSC 080200Z 05002KT 8000 SCT010 BKN020 OVC030 20/17 Q1024=
08/09/2025 03:00,METAR SBSC 080300Z 09004KT 9999 OVC020 21/18 Q1023=
08/09/2025 04:00,METAR SBSC 080400Z 09006KT 9999 OVC020 21/18 Q1022=
08/09/2025 05:00,METAR SBSC 080500Z 06006KT 9999 OVC020 21/18 Q1022=
08/09/2025 06:00,METAR SBSC 080600Z 05005KT 9999 OVC020 20/18 Q1021=
08/09/2025 07:00,METAR SBSC 080700Z 06005KT 9999 OVC020 20/18 Q1021=
08/09/2025 08:00,METAR SBSC 080800Z 06004KT 9999 OVC020 20/18 Q1021=
08/09/2025 09:00,METAR SBSC 080900Z 30004KT 9999 SCT010 BKN020 OVC030 20/18 Q1021=
08/09/2025 10:00,METAR SBSC 081000Z 31003KT 9999 SCT010 BKN050 20/18 Q1022=
08/09/2025 11:00,METAR SBSC 081100Z 33005KT 9999 FEW010 BKN050 21/18 Q1023=
08/09/2025 12:00,METAR SBSC 081200Z 33008KT 9999 FEW010 BKN050 24/18 Q1023=
08/09/2025 13:00,METAR SBSC 081300Z 01007KT 9999 FEW020 25/18 Q1023=
08/09/2025 14:00,METAR SBSC 081400Z 36006KT 9999 FEW020 SCT025 26/18 Q1022=
08/09/2025 15:00,METAR SBSC 081500Z 36006KT 9999 FEW020 26/18 Q1021=
08/09/2025 16:00,METAR SBSC 081600Z 36007KT 9999 FEW020 27/18 Q1019=
08/09/2025 17:00,METAR SBSC 081700Z 35010KT 9999 FEW025 29/18 Q1018=
08/09/2025 18:00,METAR SBSC 081800Z 35009KT 9999 FEW035 29/18 Q1017=
08/09/2025 19:00,METAR SBSC 081900Z 35010KT 9999 FEW035 29/18 Q1017=
08/09/2025 20:00,METAR SBSC 082000Z 32009KT 9999 FEW035 29/16 Q1016=
08/09/2025 21:00,METAR SBSC 082100Z 32009KT 9999 FEW035 26/16 Q1016=
08/09/2025 22:00,METAR SBSC 082200Z 01007KT 9999 FEW035 25/19 Q1016=
08/09/2025 23:00,METAR SBSC 082300Z 36005KT CAVOK 23/19 Q1017=
09/09/2025 00:00,METAR SBSC 090000Z 02008KT CAVOK 23/19 Q1017=
09/09/2025 01:00,METAR SBSC 090100Z 01009KT CAVOK 22/20 Q1018=
09/09/2025 02:00,METAR SBSC 090200Z 01007KT CAVOK 22/19 Q1018=
09/09/2025 03:00,METAR SBSC 090300Z 02007KT CAVOK 21/19 Q1018=
09/09/2025 04:00,METAR SBSC 090400Z 35007KT CAVOK 21/19 Q1017=
09/09/2025 05:00,METAR SBSC 090500Z 32014KT CAVOK 21/18 Q1016=
09/09/2025 06:00,METAR SBSC 090600Z 33013KT CAVOK 20/18 Q1016=
09/09/2025 07:00,METAR SBSC 090700Z 32014KT CAVOK 20/18 Q1015=
09/09/2025 08:00,METAR SBSC 090800Z 01008KT CAVOK 20/18 Q1015=
09/09/2025 09:00,METAR SBSC 090900Z 32016G28KT CAVOK 23/17 Q1014=
09/09/2025 10:00,METAR SBSC 091000Z 31015G28KT CAVOK 25/16 Q1014=
09/09/2025 11:00,METAR SBSC 091100Z 33015G28KT CAVOK 26/16 Q1015=
09/09/2025 12:00,METAR SBSC 091200Z 32017G29KT CAVOK 27/16 Q1015=
09/09/2025 13:00,METAR SBSC 091300Z 31018G33KT CAVOK 30/16 Q1013=
09/09/2025 14:00,METAR SBSC 091400Z 30021G36KT CAVOK 31/16 Q1012=
09/09/2025 15:00,METAR SBSC 091500Z 30015G26KT CAVOK 33/15 Q1011=
09/09/2025 16:00,METAR SBSC 091600Z 17015G26KT CAVOK 30/16 Q1013=
09/09/2025 17:00,METAR SBSC 091700Z 17010KT CAVOK 30/17 Q1013=
09/09/2025 18:00,METAR SBSC 091800Z 16009KT CAVOK 28/17 Q1013=
09/09/2025 19:00,METAR SBSC 091900Z 15008KT CAVOK 26/18 Q1013=
09/09/2025 20:00,METAR SBSC 092000Z 16005KT CAVOK 25/18 Q1013=
09/09/2025 21:00,METAR SBSC 092100Z 12001KT CAVOK 24/17 Q1013=
09/09/2025 22:00,METAR SBSC 092200Z 35002KT CAVOK 23/18 Q1013=
09/09/2025 23:00,METAR SBSC 092300Z 14004KT CAVOK 23/18 Q1015=
10/09/2025 00:00,METAR SBSC 100000Z 14004KT CAVOK 23/19 Q1016=
10/09/2025 01:00,METAR SBSC 100100Z 19003KT CAVOK 22/19 Q1017=
10/09/2025 02:00,METAR SBSC 100200Z 00000KT 9999 FEW020 SCT100 22/18 Q1018=
10/09/2025 03:00,METAR SBSC 100300Z 15004KT 9999 FEW020 22/17 Q1018=
10/09/2025 04:00,METAR SBSC 100400Z 17005KT 9999 FEW020 21/17 Q1017=
10/09/2025 05:00,METAR SBSC 100500Z 16005KT 9999 FEW017 21/16 Q1017=
10/09/2025 06:00,METAR SBSC 100600Z 20004KT 9999 FEW017 20/16 Q1017=
10/09/2025 07:00,METAR SBSC 100700Z 15005KT 9999 FEW017 20/16 Q1016=
10/09/2025 08:00,METAR SBSC 100800Z 18006KT 9999 FEW015 21/16 Q1016=
10/09/2025 09:00,METAR SBSC 100900Z 17006KT 9999 FEW015 22/17 Q1017=
10/09/2025 10:00,METAR SBSC 101000Z 18005KT 9999 FEW015 23/17 Q1017=
10/09/2025 11:00,METAR SBSC 101100Z 15006KT 9999 FEW010 23/18 Q1019=
10/09/2025 12:00,METAR SBSC 101200Z 17008KT 9999 FEW005 23/18 Q1020=
10/09/2025 13:00,METAR SBSC 101300Z 14010KT 9999 FEW020 24/18 Q1021=
10/09/2025 14:00,METAR SBSC 101400Z 14010KT 9999 FEW015 24/18 Q1021=
10/09/2025 15:00,METAR SBSC 101500Z 14012KT 9999 SCT015 24/18 Q1020=
10/09/2025 16:00,METAR SBSC 101600Z 15011KT 9999 FEW015 24/16 Q1020=
10/09/2025 17:00,METAR SBSC 101700Z 12010KT 9999 FEW015 24/16 Q1019=
10/09/2025 18:00,METAR SBSC 101800Z 13011KT CAVOK 23/16 Q1019=
10/09/2025 19:00,METAR SBSC 101900Z 14010KT 9999 FEW030 SCT100 23/16 Q1019=
10/09/2025 20:00,METAR SBSC 102000Z 12008KT 9999 FEW030 BKN100 22/16 Q1020=
10/09/2025 21:00,METAR SBSC 102100Z 12008KT 9999 FEW015 21/17 Q1020=
10/09/2025 22:00,METAR SBSC 102200Z 14005KT 9999 FEW015 SCT030 21/16 Q1021=
10/09/2025 23:00,METAR SBSC 102300Z 07006KT 9999 FEW015 21/17 Q1022=
11/09/2025 00:00,METAR SBSC 110000Z 08008KT 9999 FEW015 21/16 Q1022=
11/09/2025 01:00,METAR SBSC 110100Z 07003KT CAVOK 20/16 Q1023=
11/09/2025 02:00,METAR SBSC 110200Z 03003KT CAVOK 19/16 Q1022=
11/09/2025 03:00,METAR SBSC 110300Z 04005KT CAVOK 19/16 Q1022=
11/09/2025 04:00,METAR SBSC 110400Z 09003KT CAVOK 19/16 Q1021=
11/09/2025 05:00,METAR SBSC 110500Z 06004KT CAVOK 19/16 Q1021=
11/09/2025 06:00,METAR SBSC 110600Z 07005KT CAVOK 18/15 Q1020=
11/09/2025 07:00,METAR COR SBSC 110700Z 33004KT 8000 FEW010 SCT030 17/16 Q1020=
11/09/2025 08:00,METAR SBSC 110800Z 35004KT 8000 FEW010 SCT030 17/16 Q1020=
11/09/2025 09:00,METAR SBSC 110900Z 01005KT 8000 FEW010 SCT030 17/16 Q1020=
11/09/2025 10:00,METAR SBSC 111000Z 32003KT 8000 FEW010 BKN030 19/17 Q1021=
11/09/2025 11:00,METAR SBSC 111100Z 29003KT 8000 FEW020 BKN035 21/17 Q1021=
11/09/2025 11:00,METAR SBSC 111100Z 29003KT 8000 FEW020 BKN035 21/17 Q1021=
11/09/2025 12:00,METAR SBSC 111200Z 32007KT 9999 FEW020 SCT035 23/16 Q1021=
11/09/2025 13:00,METAR SBSC 111300Z 35003KT 9999 FEW020 SCT035 24/16 Q1021=
11/09/2025 14:00,METAR SBSC 111400Z 31003KT 9999 FEW020 SCT035 26/16 Q1020=
11/09/2025 15:00,METAR SBSC 111500Z 35004KT CAVOK 28/16 Q1019=
11/09/2025 16:00,METAR SBSC 111600Z 12010KT CAVOK 27/17 Q1018=
11/09/2025 17:00,METAR SBSC 111700Z 14010KT CAVOK 25/16 Q1017=
11/09/2025 18:00,METAR SBSC 111800Z 16007KT CAVOK 26/16 Q1017=
11/09/2025 19:00,METAR SBSC 111900Z 13010KT CAVOK 25/16 Q1017=
11/09/2025 20:00,METAR SBSC 112000Z 12009KT CAVOK 23/16 Q1017=
11/09/2025 21:00,METAR SBSC 112100Z 12009KT CAVOK 21/16 Q1018=
11/09/2025 22:00,METAR SBSC 112200Z 12011KT CAVOK 21/17 Q1019=
11/09/2025 23:00,METAR SBSC 112300Z 09008KT CAVOK 21/16 Q1019=
12/09/2025 00:00,METAR SBSC 120000Z 09005KT CAVOK 21/16 Q1020=
12/09/2025 01:00,METAR SBSC 120100Z 12004KT 9999 FEW030 20/15 Q1020=
12/09/2025 02:00,METAR SBSC 120200Z 10003KT 9999 FEW020 19/15 Q1019=
12/09/2025 03:00,METAR SBSC 120300Z 30002KT CAVOK 17/15 Q1019=
12/09/2025 04:00,METAR SBSC 120400Z 34002KT CAVOK 17/15 Q1018=
12/09/2025 05:00,METAR SBSC 120500Z VRB02KT CAVOK 17/15 Q1018=
12/09/2025 06:00,METAR SBSC 120600Z VRB02KT CAVOK 17/15 Q1017=
12/09/2025 07:00,METAR SBSC 120700Z 14003KT 9999 SCT020 17/15 Q1017=
12/09/2025 08:00,METAR SBSC 120800Z 14004KT 9999 FEW010 SCT020 17/15 Q1018=
12/09/2025 09:00,METAR SBSC 120900Z 17006KT 9999 SCT015 BKN020 19/17 Q1020=
12/09/2025 10:00,METAR SBSC 121000Z 15007KT 9999 FEW015 BKN025 21/17 Q1021=
12/09/2025 11:00,METAR SBSC 121100Z 15007KT 9999 FEW015 BKN035 22/17 Q1021=
12/09/2025 12:00,METAR SBSC 121200Z 16008KT 9999 FEW020 SCT040 23/16 Q1022=
12/09/2025 13:00,METAR SBSC 121300Z 11007KT 9999 SCT020 SCT040 24/14 Q1021=
12/09/2025 14:00,METAR SBSC 121400Z 14008KT 9999 SCT020 SCT040 25/15 Q1021=
12/09/2025 15:00,METAR SBSC 121500Z 13010KT 9999 SCT030 SCT050 24/15 Q1021=
12/09/2025 16:00,METAR SBSC 121600Z 16007KT 9999 SCT030 SCT050 24/16 Q1020=
12/09/2025 17:00,METAR SBSC 121700Z 13008KT 9999 SCT030 SCT050 23/16 Q1019=
12/09/2025 18:00,METAR SBSC 121800Z 12008KT 9999 SCT030 SCT050 24/15 Q1019=
12/09/2025 19:00,METAR SBSC 121900Z 12009KT 9999 SCT030 SCT050 22/16 Q1019=
12/09/2025 20:00,METAR SBSC 122000Z 12008KT 9999 SCT030 SCT050 22/16 Q1020=
12/09/2025 21:00,METAR SBSC 122100Z 12007KT 9999 SCT025 BKN060 21/16 Q1020=
12/09/2025 22:00,METAR SBSC 122200Z 11006KT 9999 SCT025 BKN060 21/16 Q1021=
12/09/2025 23:00,METAR SBSC 122300Z 09006KT 9999 SCT025 BKN060 21/16 Q1021=
13/09/2025 00:00,METAR SBSC 130000Z 11003KT 9999 SCT025 BKN060 19/16 Q1021=
13/09/2025 01:00,METAR SBSC 130100Z 13004KT 9999 FEW020 BKN060 20/17 Q1022=
13/09/2025 02:00,METAR SBSC 130200Z 10004KT 9999 FEW020 BKN060 20/17 Q1022=
13/09/2025 03:00,METAR SBSC 130300Z 12004KT 9999 FEW020 BKN060 20/16 Q1022=
13/09/2025 04:00,METAR COR SBSC 130400Z 11006KT 9999 FEW020 BKN060 19/16 Q1022=
13/09/2025 05:00,METAR SBSC 130500Z 19004KT 9999 FEW020 BKN060 19/16 Q1021=
13/09/2025 06:00,METAR SBSC 130600Z 12002KT 9999 FEW015 BKN060 19/16 Q1021=
13/09/2025 07:00,METAR SBSC 130700Z 11004KT 9999 FEW015 BKN060 18/16 Q1021=
13/09/2025 08:00,METAR SBSC 130800Z 13003KT 9999 FEW015 BKN060 18/16 Q1021=
13/09/2025 09:00,METAR SBSC 130900Z 11003KT 9999 FEW015 BKN060 19/16 Q1021=
13/09/2025 10:00,METAR SBSC 131000Z 12004KT 9999 FEW015 BKN060 21/17 Q1021=
13/09/2025 11:00,METAR SBSC 131100Z 08004KT 9999 FEW015 BKN060 21/16 Q1022=
13/09/2025 12:00,METAR SBSC 131200Z 09007KT 9999 SCT020 BKN050 21/16 Q1023=
13/09/2025 13:00,METAR SBSC 131300Z 10005KT 9999 FEW015 BKN025 BKN050 22/15 Q1023=
13/09/2025 14:00,METAR SBSC 131400Z 07004KT 9999 FEW015 BKN025 BKN040 21/16 Q1023=
13/09/2025 15:00,METAR SBSC 131500Z 08004KT 9999 FEW015 SCT025 BKN040 21/16 Q1022=
13/09/2025 16:00,METAR SBSC 131600Z 35007KT 9999 FEW015 SCT025 BKN050 20/15 Q1021=
13/09/2025 17:00,METAR SBSC 131700Z 33003KT 9999 FEW015 SCT020 BKN050 20/15 Q1021=
13/09/2025 18:00,METAR SBSC 131800Z 00000KT 9999 FEW015 SCT020 BKN050 21/15 Q1020=
13/09/2025 19:00,METAR SBSC 131900Z 20001KT 9999 FEW015 SCT025 BKN050 20/15 Q1021=
13/09/2025 20:00,METAR SBSC 132000Z 32002KT 9999 FEW025 BKN050 20/16 Q1021=
13/09/2025 21:00,METAR SBSC 132100Z 30002KT 9999 FEW015 BKN050 19/16 Q1021=
13/09/2025 22:00,METAR SBSC 132200Z 29002KT 9999 FEW015 BKN050 19/16 Q1022=
13/09/2025 23:00,METAR SBSC 132300Z 28002KT 9999 FEW015 BKN050 19/16 Q1022=
14/09/2025 00:00,METAR SBSC 140000Z 08004KT 9999 FEW015 SCT025 BKN050 19/16 Q1022=
14/09/2025 01:00,METAR COR SBSC 140100Z 36005KT 8000 -DZ FEW015 BKN025 19/16 Q1023=
14/09/2025 02:00,METAR SBSC 140200Z 35002KT 8000 -DZ FEW015 BKN025 19/16 Q1023=
14/09/2025 04:00,METAR SBSC 140400Z 07001KT 9999 FEW015 BKN025 19/16 Q1022=
14/09/2025 05:00,METAR SBSC 140500Z 32003KT 9999 FEW015 BKN025 18/16 Q1021=
14/09/2025 06:00,METAR SBSC 140600Z 07002KT 9999 FEW010 BKN020 18/16 Q1021=
14/09/2025 07:00,METAR SBSC 140700Z 06002KT 9999 FEW010 BKN020 18/16 Q1021=
14/09/2025 08:00,METAR SBSC 140800Z 07002KT 8000 FEW010 BKN020 18/16 Q1021=
14/09/2025 09:00,METAR SBSC 140900Z 34001KT 9999 FEW015 BKN030 18/16 Q1022=
14/09/2025 10:00,METAR SBSC 141000Z 07002KT 9999 FEW015 BKN030 18/16 Q1022=
14/09/2025 11:00,METAR SBSC 141100Z 06002KT 9999 FEW015 BKN030 18/16 Q1022=
14/09/2025 12:00,METAR SBSC 141200Z 03001KT 9999 FEW015 BKN020 OVC035 21/15 Q1023=
14/09/2025 13:00,METAR SBSC 141300Z 30003KT 9999 FEW015 BKN025 OVC035 21/16 Q1023=
14/09/2025 14:00,METAR SBSC 141400Z 30005KT 9999 FEW015 BKN025 OVC035 22/15 Q1023=
14/09/2025 15:00,METAR SBSC 141500Z 10004KT 9999 FEW015 BKN025 OVC035 22/16 Q1022=
14/09/2025 16:00,METAR SBSC 141600Z 03003KT 9999 FEW015 BKN025 OVC035 23/15 Q1020=
14/09/2025 17:00,METAR SBSC 141700Z 04006KT 9999 FEW015 BKN025 OVC035 25/15 Q1019=
14/09/2025 18:00,METAR SBSC 141800Z 07008KT 9999 FEW020 SCT030 OVC050 24/15 Q1019=
14/09/2025 19:00,METAR SBSC 141900Z 07010KT 9999 FEW020 SCT030 OVC050 23/16 Q1019=
14/09/2025 20:00,METAR SBSC 142000Z 05009KT 9999 FEW020 SCT030 OVC050 22/16 Q1019=
14/09/2025 21:00,METAR SBSC 142100Z 06007KT 8000 FEW020 SCT030 OVC050 22/15 Q1020=
14/09/2025 22:00,METAR SBSC 142200Z 07006KT 8000 FEW020 SCT030 OVC050 22/15 Q1020=
14/09/2025 23:00,METAR SBSC 142300Z 05004KT 8000 FEW020 SCT030 OVC050 21/16 Q1020=
15/09/2025 00:00,METAR SBSC 150000Z 09002KT 8000 FEW020 SCT030 OVC050 21/16 Q1021=
15/09/2025 01:00,METAR SBSC 150100Z 07002KT 9999 FEW020 BKN050 20/16 Q1021=
15/09/2025 02:00,METAR SBSC 150200Z 04004KT 9999 FEW020 SCT050 20/16 Q1020=
15/09/2025 03:00,METAR SBSC 150300Z 03003KT 9999 FEW020 SCT050 20/15 Q1020=
15/09/2025 04:00,METAR SBSC 150400Z 03004KT 9999 FEW020 SCT050 19/15 Q1020=
15/09/2025 05:00,METAR SBSC 150500Z 05004KT 9999 FEW020 18/14 Q1020=
15/09/2025 06:00,METAR SBSC 150600Z 04003KT 9999 FEW015 17/14 Q1019=
15/09/2025 07:00,METAR SBSC 150700Z 36005KT 9999 FEW015 17/15 Q1019=
15/09/2025 08:00,METAR SBSC 150800Z 02004KT 9999 FEW015 18/15 Q1019=
15/09/2025 09:00,METAR SBSC 150900Z 03003KT 9999 FEW015 SCT050 17/15 Q1020=
15/09/2025 10:00,METAR SBSC 151000Z 03004KT 9999 FEW015 SCT050 18/15 Q1020=
15/09/2025 11:00,METAR SBSC 151100Z 01006KT 9999 FEW020 22/17 Q1020=
15/09/2025 12:00,METAR SBSC 151200Z 34007KT 9999 FEW030 25/17 Q1020=
15/09/2025 13:00,METAR SBSC 151300Z 28007KT 9999 FEW030 26/16 Q1019=
15/09/2025 14:00,METAR SBSC 151400Z 33006KT 9999 FEW040 28/15 Q1019=
15/09/2025 15:00,METAR SBSC 151500Z 36004KT 9999 FEW040 29/15 Q1018=
15/09/2025 16:00,METAR SBSC 151600Z 10011KT 9999 FEW040 28/18 Q1017=
15/09/2025 17:00,METAR SBSC 151700Z 09010KT CAVOK 27/18 Q1016=
15/09/2025 18:00,METAR SBSC 151800Z 08007KT CAVOK 27/17 Q1016=
15/09/2025 19:00,METAR SBSC 151900Z 09010KT CAVOK 25/18 Q1016=
15/09/2025 20:00,METAR SBSC 152000Z 10005KT CAVOK 25/18 Q1016=
15/09/2025 21:00,METAR SBSC 152100Z 14004KT CAVOK 23/18 Q1016=
15/09/2025 22:00,METAR SBSC 152200Z 19004KT CAVOK 21/17 Q1017=
15/09/2025 23:00,METAR SBSC 152300Z 18003KT CAVOK 21/19 Q1017=
16/09/2025 00:00,METAR SBSC 160000Z 18004KT CAVOK 21/19 Q1018=
16/09/2025 01:00,METAR SBSC 160100Z 18003KT CAVOK 21/19 Q1018=
16/09/2025 02:00,METAR SBSC 160200Z 00000KT CAVOK 19/18 Q1018=
16/09/2025 03:00,METAR SBSC 160300Z 36003KT CAVOK 19/18 Q1017=
16/09/2025 04:00,METAR SBSC 160400Z 01005KT CAVOK 19/18 Q1017=
16/09/2025 05:00,METAR SBSC 160500Z 36006KT CAVOK 19/18 Q1016=
16/09/2025 06:00,METAR SBSC 160600Z 02005KT CAVOK 19/17 Q1016=
16/09/2025 07:00,METAR SBSC 160700Z 01006KT CAVOK 19/17 Q1015=
16/09/2025 08:00,METAR SBSC 160800Z 36005KT CAVOK 19/17 Q1015=
16/09/2025 09:00,METAR COR SBSC 160900Z 34005KT 8000 NSC 19/17 Q1015=
16/09/2025 10:00,METAR SBSC 161000Z 35005KT 8000 NSC 20/16 Q1015=
16/09/2025 11:00,METAR COR SBSC 161100Z 29010G21KT CAVOK 23/17 Q1016=
16/09/2025 12:00,METAR SBSC 161200Z 30015G25KT CAVOK 26/16 Q1016=
16/09/2025 13:00,METAR SBSC 161300Z 34013G23KT CAVOK 28/16 Q1015=
16/09/2025 14:00,METAR SBSC 161400Z 28009KT CAVOK 29/16 Q1014=
16/09/2025 15:00,METAR SBSC 161500Z 27009KT CAVOK 30/15 Q1013=
16/09/2025 16:00,METAR COR SBSC 161600Z 27009KT CAVOK 30/15 Q1013=
16/09/2025 17:00,METAR SBSC 161700Z 14014KT 9999 FEW030 SCT100 23/19 Q1013=
16/09/2025 18:00,METAR SBSC 161800Z 14010KT 9999 FEW030 SCT100 23/18 Q1013=
16/09/2025 19:00,METAR SBSC 161900Z 14011KT 9999 SCT030 SCT100 22/18 Q1014=
16/09/2025 20:00,METAR SBSC 162000Z 17011KT 6000 -TSRA BKN010 FEW030CB 21/19 Q1015=
16/09/2025 21:00,METAR SBSC 162100Z 07004KT 4000 -TSRA BR BKN010 FEW030CB 21/19 Q1015=
16/09/2025 22:00,METAR SBSC 162200Z 33008KT 4000 -RA BR BKN010 21/19 Q1014 RETS=
16/09/2025 23:00,METAR SBSC 162300Z 31008KT 9999 BKN010 21/19 Q1014=
17/09/2025 00:00,METAR SBSC 170000Z 32006KT 9999 BKN010 21/19 Q1014=
17/09/2025 01:00,METAR SBSC 170100Z 36006KT CAVOK 20/19 Q1014=
17/09/2025 02:00,METAR SBSC 170200Z 35005KT CAVOK 21/18 Q1015=
17/09/2025 03:00,METAR SBSC 170300Z 20005KT CAVOK 22/18 Q1015=
17/09/2025 04:00,METAR SBSC 170400Z 18004KT CAVOK 21/19 Q1014=
17/09/2025 05:00,METAR SBSC 170500Z 19004KT CAVOK 21/19 Q1014=
17/09/2025 06:00,METAR SBSC 170600Z 22004KT CAVOK 21/19 Q1014=
17/09/2025 07:00,METAR SBSC 170700Z 23005KT 9999 FEW020 21/19 Q1013=
17/09/2025 08:00,METAR SBSC 170800Z 23005KT 9000 FEW020 20/19 Q1014=
17/09/2025 09:00,METAR SBSC 170900Z 20005KT 8000 SCT020 BKN030 21/19 Q1015=
17/09/2025 10:00,METAR SBSC 171000Z 20006KT 9999 BKN030 21/18 Q1016=
17/09/2025 11:00,METAR SBSC 171100Z 20004KT 9999 FEW020 BKN035 22/19 Q1017=
17/09/2025 12:00,METAR SBSC 171200Z 20007KT 9999 FEW020 BKN035 23/18 Q1017=
17/09/2025 13:00,METAR SBSC 171300Z 18006KT 9999 SCT025 SCT040 24/17 Q1017=
17/09/2025 14:00,METAR SBSC 171400Z 16005KT 9999 FEW030 26/16 Q1017=
17/09/2025 15:00,METAR SBSC 171500Z 14006KT 9999 FEW030 27/16 Q1016=
17/09/2025 16:00,METAR SBSC 171600Z 15005KT 9999 FEW030 27/16 Q1015=
17/09/2025 17:00,METAR SBSC 171700Z 13012KT 9999 FEW030 26/16 Q1015=
17/09/2025 18:00,METAR SBSC 171800Z 14014KT 9999 FEW030 24/19 Q1015=
17/09/2025 19:00,METAR SBSC 171900Z 14012G25KT 9999 FEW030 24/18 Q1015=
17/09/2025 20:00,METAR SBSC 172000Z 16015KT CAVOK 23/17 Q1016=
17/09/2025 21:00,METAR SBSC 172100Z 16012G25KT CAVOK 23/17 Q1016=
17/09/2025 22:00,METAR SBSC 172200Z 16012G25KT 9999 FEW020 SCT040 23/17 Q1017=
17/09/2025 23:00,METAR SBSC 172300Z 16011G25KT 9999 FEW020 SCT040 21/19 Q1017=
18/09/2025 00:00,METAR SBSC 180000Z 16008KT 9999 FEW011 SCT050 21/18 Q1018=
18/09/2025 01:00,METAR SBSC 180100Z 17010KT 9999 BKN010 21/18 Q1018=
18/09/2025 02:00,METAR SBSC 180200Z 16009KT 9999 BKN010 21/18 Q1019=
18/09/2025 03:00,METAR SBSC 180300Z 19008KT 9999 BKN010 20/17 Q1018=
18/09/2025 04:00,METAR SBSC 180400Z 16008KT 9999 FEW011 SCT050 21/18 Q1018=
18/09/2025 05:00,METAR SBSC 180500Z 17005KT CAVOK 20/17 Q1017=
18/09/2025 06:00,METAR SBSC 180600Z 18004KT CAVOK 20/16 Q1017=
18/09/2025 07:00,METAR SBSC 180700Z 17003KT CAVOK 20/17 Q1017=
18/09/2025 08:00,METAR SBSC 180800Z 18003KT 9999 SCT030 19/16 Q1017=
18/09/2025 09:00,METAR SBSC 180900Z 18003KT 9999 SCT030 18/16 Q1018=
18/09/2025 10:00,METAR SBSC 181000Z 34005KT 9999 SCT030 19/17 Q1018=
18/09/2025 11:00,METAR SBSC 181100Z 18003KT 9999 SCT030 21/18 Q1019=
18/09/2025 12:00,METAR SBSC 181200Z 32005KT 9999 SCT030 24/16 Q1019=
18/09/2025 13:00,METAR SBSC 181300Z 19005KT 9999 FEW035 25/15 Q1019=
18/09/2025 14:00,METAR SBSC 181400Z 18006KT 9999 FEW045 26/15 Q1019=
18/09/2025 15:00,METAR SBSC 181500Z 15010KT 9999 FEW045 25/17 Q1019=
18/09/2025 16:00,METAR SBSC 181600Z 17009KT 9999 FEW045 26/17 Q1018=
18/09/2025 17:00,METAR SBSC 181700Z 17010KT 9999 FEW045 25/16 Q1017=
18/09/2025 18:00,METAR COR SBSC 181800Z 17010KT 9999 FEW030 25/17 Q1016=
18/09/2025 19:00,METAR SBSC 181900Z 16010KT 9999 FEW030 24/18 Q1017=
18/09/2025 20:00,METAR SBSC 182000Z 15007KT CAVOK 23/18 Q1017=
18/09/2025 21:00,METAR SBSC 182100Z 14005KT CAVOK 22/19 Q1017=
18/09/2025 22:00,METAR SBSC 182200Z 12005KT 9999 FEW040 21/19 Q1018=
18/09/2025 23:00,METAR SBSC 182300Z 12005KT 9999 FEW040 21/18 Q1019=
19/09/2025 00:00,METAR SBSC 190000Z 13004KT 9999 FEW040 22/19 Q1019=
19/09/2025 01:00,METAR SBSC 190100Z 16003KT 9999 SCT040 21/19 Q1019=
19/09/2025 02:00,METAR SBSC 190200Z 13003KT 9999 BKN040 21/18 Q1019=
19/09/2025 03:00,METAR COR SBSC 190300Z 09003KT 9999 BKN040 21/18 Q1019=
19/09/2025 04:00,METAR SBSC 190400Z 07002KT 9999 BKN040 21/18 Q1019=
19/09/2025 05:00,METAR SBSC 190500Z 08003KT 9999 BKN030 20/18 Q1018=
19/09/2025 06:00,METAR SBSC 190600Z 07004KT 9999 BKN030 20/17 Q1018=
19/09/2025 07:00,METAR SBSC 190700Z 06003KT 9999 BKN030 20/17 Q1018=
19/09/2025 08:00,METAR COR SBSC 190800Z 06004KT 9999 BKN030 20/17 Q1018=
19/09/2025 09:00,METAR SBSC 190900Z 02006KT 9999 FEW030 19/17 Q1018=
19/09/2025 10:00,METAR SBSC 191000Z 36006KT 9999 FEW030 20/18 Q1018=
19/09/2025 11:00,METAR SBSC 191100Z 32010KT 9999 FEW030 24/17 Q1019=
19/09/2025 12:00,METAR SBSC 191200Z 33012KT 9999 FEW030 26/17 Q1019=
19/09/2025 13:00,METAR SBSC 191300Z 29015G31KT CAVOK 28/17 Q1018=
19/09/2025 14:00,METAR SBSC 191400Z 30012G30KT CAVOK 30/16 Q1017=
19/09/2025 15:00,METAR SBSC 191500Z 30015KT CAVOK 30/17 Q1016=
19/09/2025 16:00,METAR SBSC 191600Z 28015G26KT CAVOK 31/16 Q1015=
19/09/2025 17:00,METAR SBSC 191700Z 30011KT CAVOK 32/16 Q1014=
19/09/2025 18:00,METAR SBSC 191800Z 30008KT CAVOK 32/15 Q1013=
19/09/2025 19:00,METAR SBSC 191900Z 30008KT CAVOK 32/16 Q1013=
19/09/2025 20:00,METAR SBSC 192000Z 30004KT CAVOK 31/16 Q1013=
19/09/2025 21:00,METAR SBSC 192100Z 22003KT CAVOK 26/19 Q1013=
19/09/2025 22:00,METAR SBSC 192200Z 17002KT CAVOK 24/20 Q1014=
19/09/2025 23:00,METAR SBSC 192300Z 16002KT CAVOK 23/20 Q1014=
20/09/2025 00:00,METAR SBSC 200000Z 33003KT CAVOK 22/20 Q1015=
20/09/2025 01:00,METAR SBSC 200100Z 02005KT CAVOK 23/20 Q1014=
20/09/2025 02:00,METAR SBSC 200200Z 35005KT CAVOK 24/20 Q1014=
20/09/2025 03:00,METAR SBSC 200300Z 35006KT CAVOK 23/19 Q1014=
20/09/2025 04:00,METAR SBSC 200400Z 32009KT CAVOK 25/17 Q1013=
20/09/2025 05:00,METAR SBSC 200500Z 34008KT CAVOK 25/17 Q1013=
20/09/2025 06:00,METAR SBSC 200600Z 36009KT CAVOK 25/16 Q1013=
20/09/2025 07:00,METAR SBSC 200700Z 34009KT 9999 FEW020 26/16 Q1013=
20/09/2025 08:00,METAR SBSC 200800Z 35007KT 9999 FEW020 26/16 Q1014=
20/09/2025 09:00,METAR SBSC 200900Z 02012KT 9999 FEW020 27/17 Q1014=
20/09/2025 10:00,METAR SBSC 201000Z 36011KT 9999 FEW020 27/17 Q1014=
20/09/2025 11:00,METAR SBSC 201100Z 33012KT 9999 FEW020 27/18 Q1014=
20/09/2025 12:00,METAR SBSC 201200Z 31010KT CAVOK 29/17 Q1014=
20/09/2025 13:00,METAR SBSC 201300Z 18009KT CAVOK 26/20 Q1015=
20/09/2025 14:00,METAR SBSC 201400Z 17009KT CAVOK 26/20 Q1014=
20/09/2025 15:00,METAR SBSC 201500Z 17010KT CAVOK 26/20 Q1013=
20/09/2025 16:00,METAR SBSC 201600Z 16010KT CAVOK ///// Q1012=
20/09/2025 17:00,METAR SBSC 201700Z 13013KT 9999 FEW010 ///// Q1012=
20/09/2025 18:00,METAR SBSC 201800Z 12010KT CAVOK ///// Q1011=
20/09/2025 19:00,METAR SBSC 201900Z 12009KT 9999 FEW040 SCT100 ///// Q1011=
20/09/2025 20:00,METAR SBSC 202000Z 14008KT CAVOK ///// Q1011=
20/09/2025 21:00,METAR SBSC 202100Z 15005KT 9999 FEW040 SCT100 22/20 Q1011=
20/09/2025 22:00,METAR SBSC 202200Z 17003KT 9999 VCTS FEW030CB BKN080 ///// Q1012=
20/09/2025 23:00,METAR SBSC 202300Z VRB01KT 9999 VCTS FEW030CB BKN080 ///// Q1013=
21/09/2025 00:00,METAR SBSC 210000Z 31003KT 9999 FEW040 BKN100 ///// Q1014=
21/09/2025 01:00,METAR SBSC 210100Z 30004KT 8000 FEW020 SCT050 ///// Q1013=
21/09/2025 02:00,METAR SBSC 210200Z 33005KT CAVOK ///// Q1013=
21/09/2025 03:00,METAR SBSC 210300Z 32007KT CAVOK ///// Q1011=
21/09/2025 04:00,METAR SBSC 210400Z 01007KT CAVOK ///// Q1010=
21/09/2025 05:00,METAR SBSC 210500Z 36006KT CAVOK ///// Q1010=
21/09/2025 06:00,METAR SBSC 210600Z 01008KT CAVOK ///// Q1009=
21/09/2025 07:00,METAR SBSC 210700Z 35008KT CAVOK ///// Q1009=
21/09/2025 08:00,METAR SBSC 210800Z 01007KT CAVOK ///// Q1009=
21/09/2025 09:00,METAR SBSC 210900Z 36009KT CAVOK ///// Q1010=
21/09/2025 10:00,METAR SBSC 211000Z 01009KT CAVOK ///// Q1010=
21/09/2025 11:00,METAR SBSC 211100Z 30007KT CAVOK ///// Q1010=
21/09/2025 12:00,METAR SBSC 211200Z 29011KT CAVOK ///// Q1009=
21/09/2025 13:00,METAR SBSC 211300Z 33014KT CAVOK ///// Q1009=
21/09/2025 14:00,METAR SBSC 211400Z 33012KT CAVOK ///// Q1008=
21/09/2025 15:00,METAR SBSC 211500Z 34014KT CAVOK ///// Q1007=
21/09/2025 16:00,METAR SBSC 211600Z 33012KT CAVOK ///// Q1005=
21/09/2025 17:00,METAR SBSC 211700Z 33009KT CAVOK ///// Q1004=
21/09/2025 18:00,METAR SBSC 211800Z 31008KT CAVOK ///// Q1004=
21/09/2025 19:00,METAR SBSC 211900Z 26003KT CAVOK ///// Q1004=
21/09/2025 20:00,METAR SBSC 212000Z 08006KT CAVOK ///// Q1004=
21/09/2025 21:00,METAR SBSC 212100Z 05004KT CAVOK 34/16 Q1004=
21/09/2025 22:00,METAR SBSC 212200Z 22002KT CAVOK 29/20 Q1005=
21/09/2025 23:00,METAR SBSC 212300Z 29007KT CAVOK 32/18 Q1005=
22/09/2025 00:00,METAR SBSC 220000Z 30007KT CAVOK 31/18 Q1006=
22/09/2025 01:00,METAR SBSC 220100Z 33008KT CAVOK ///// Q1007=
22/09/2025 02:00,METAR SBSC 220200Z 33009KT CAVOK ///// Q1007=
22/09/2025 03:00,METAR SBSC 220300Z 21013G26KT CAVOK ///// Q1009=
22/09/2025 04:00,METAR SBSC 220400Z 16010KT CAVOK ///// Q1010=
22/09/2025 05:00,METAR SBSC 220500Z 18010KT CAVOK ///// Q1010=
22/09/2025 06:00,METAR SBSC 220600Z 20010KT CAVOK ///// Q1010=
22/09/2025 07:00,METAR COR SBSC 220700Z 18004KT CAVOK ///// Q1008=
22/09/2025 08:00,METAR SBSC 220800Z 20004KT CAVOK ///// Q1008=
22/09/2025 09:00,METAR SBSC 220900Z 36003KT CAVOK ///// Q1007=
22/09/2025 10:00,METAR SBSC 221000Z 01007KT CAVOK ///// Q1006=
22/09/2025 11:00,METAR SBSC 221100Z 36007KT CAVOK ///// Q1006=
22/09/2025 12:00,METAR SBSC 221200Z 36007KT CAVOK 31/18 Q1006=
22/09/2025 13:00,METAR SBSC 221300Z 35013KT CAVOK 34/16 Q1005=
22/09/2025 14:00,METAR SBSC 221400Z 35012KT CAVOK 35/17 Q1004=
22/09/2025 15:00,METAR SBSC 221500Z 31010KT 9999 FEW040 36/16 Q1003=
22/09/2025 16:00,METAR SBSC 221600Z 15011KT 9999 FEW040 BKN100 25/21 Q1005=
22/09/2025 17:00,METAR SBSC 221700Z 14013KT 9999 FEW040 BKN100 24/21 Q1005=
22/09/2025 18:00,METAR SBSC 221800Z 12009KT 9999 FEW040 BKN100 24/21 Q1005=
22/09/2025 19:00,METAR SBSC 221900Z 13010KT 3000 -RA BR SCT010 BKN020 OVC050 23/21 Q1009=
22/09/2025 20:00,METAR SBSC 222000Z 32002KT 3000 -RA BR SCT010 BKN020 OVC050 23/21 Q1009=
22/09/2025 21:00,METAR SBSC 222100Z 15006KT 5000 BR SCT010 BKN015 OVC050 23/21 Q1011=
22/09/2025 22:00,METAR SBSC 222200Z 35005KT 5000 BR SCT010 BKN015 OVC050 22/21 Q1012=
22/09/2025 23:00,METAR SBSC 222300Z 32005KT 3000 -RA BR BKN010 BKN015 OVC050 22/21 Q1012=
23/09/2025 00:00,METAR SBSC 230000Z 31011KT 3000 -RA BR BKN010 BKN015 OVC050 22/21 Q1011=
23/09/2025 01:00,METAR SBSC 230100Z 31011KT 3000 -RA BR BKN010 BKN015 OVC050 22/21 Q1011=
23/09/2025 02:00,METAR SBSC 230200Z 31011KT 3000 -RA BR BKN010 BKN015 OVC050 22/21 Q1011=
23/09/2025 03:00,METAR SBSC 230300Z 20020KT 3000 -RA BR OVC010 22/21 Q1012=
23/09/2025 04:00,METAR SBSC 230400Z 14014KT 3000 -RA BR OVC010 23/20 Q1013=
23/09/2025 05:00,METAR SBSC 230500Z 20020KT 3000 -RA BR OVC010 22/20 Q1013=
23/09/2025 06:00,METAR SBSC 230600Z 23023KT 3000 -RA BR OVC010 22/19 Q1014=
23/09/2025 07:00,METAR SBSC 230700Z 21021KT 3000 -RA BR OVC010 21/19 Q1015=
23/09/2025 08:00,METAR SBSC 230800Z 21019KT 3000 -RA BR OVC010 21/18 Q1016=
23/09/2025 09:00,METAR SBSC 230900Z 09008KT 7000 BKN010 20/18 Q1018=
23/09/2025 10:00,METAR SBSC 231000Z 11008KT 8000 BKN013 21/17 Q1018=
23/09/2025 11:00,METAR SBSC 231100Z 11009KT 8000 BKN020 22/17 Q1020=
23/09/2025 12:00,METAR SBSC 231200Z 11009KT 9999 BKN020 23/17 Q1020=
23/09/2025 13:00,METAR SBSC 231300Z 13009KT 9999 BKN020 OVC050 23/16 Q1021=
23/09/2025 14:00,METAR SBSC 231400Z 12008KT 9999 SCT020 BKN030 OVC050 22/15 Q1022=
23/09/2025 15:00,METAR SBSC 231500Z 20006KT 9999 SCT020 BKN030 OVC050 21/17 Q1022=
23/09/2025 16:00,METAR SBSC 231600Z 17007KT 9999 SCT020 BKN030 OVC050 22/16 Q1022=
23/09/2025 17:00,METAR SBSC 231700Z 10009KT 9999 SCT020 BKN030 OVC050 23/15 Q1021=
23/09/2025 18:00,METAR SBSC 231800Z 10009KT 9999 SCT020 BKN030 OVC050 23/14 Q1022=
23/09/2025 19:00,METAR SBSC 231900Z 13007KT 9999 FEW020 BKN035 BKN045 22/14 Q1022=
23/09/2025 20:00,METAR SBSC 232000Z 12008KT 9999 FEW020 SCT035 BKN045 22/14 Q1022=
23/09/2025 21:00,METAR SBSC 232100Z 12006KT 9999 FEW020 BKN050 22/14 Q1023=
23/09/2025 22:00,METAR SBSC 232200Z 09006KT CAVOK 21/14 Q1023=
23/09/2025 23:00,METAR SBSC 232300Z 09004KT 9999 BKN046 21/14 Q1024=
24/09/2025 00:00,METAR SBSC 240000Z 10004KT 9999 FEW020 BKN054 21/14 Q1024=
24/09/2025 01:00,METAR COR SBSC 240100Z 09004KT 9999 FEW020 BKN054 21/14 Q1025=
24/09/2025 02:00,METAR SBSC 240200Z 08002KT 9999 FEW020 BKN060 21/14 Q1025=
24/09/2025 03:00,METAR SBSC 240300Z 06002KT 9999 FEW020 BKN060 21/15 Q1025=
24/09/2025 04:00,METAR SBSC 240400Z 05004KT 9999 FEW020 BKN060 20/15 Q1025=
24/09/2025 05:00,METAR SBSC 240500Z 06003KT 9999 FEW020 BKN060 20/15 Q1025=
24/09/2025 06:00,METAR SBSC 240600Z 06004KT 9999 FEW020 OVC060 19/14 Q1024=
24/09/2025 07:00,METAR SBSC 240700Z 04004KT 9999 FEW020 OVC060 19/14 Q1024=
24/09/2025 08:00,METAR SBSC 240800Z 29003KT 9999 FEW020 OVC060 18/14 Q1024=
24/09/2025 09:00,METAR SBSC 240900Z 12002KT 9999 FEW020 BKN060 19/16 Q1025=
24/09/2025 10:00,METAR SBSC 241000Z 09003KT 9999 FEW020 BKN050 20/17 Q1025=
24/09/2025 11:00,METAR SBSC 241100Z 08002KT 9999 FEW020 BKN050 21/16 Q1027=
24/09/2025 12:00,METAR SBSC 241200Z 07005KT 9999 FEW020 BKN050 23/15 Q1027=
24/09/2025 13:00,METAR SBSC 241300Z 16003KT 9999 SCT015 BKN055 23/15 Q1027=
24/09/2025 14:00,METAR SBSC 241400Z 14007KT 9999 SCT015 SCT030 BKN055 23/16 Q1027=
24/09/2025 15:00,METAR SBSC 241500Z 13009KT 9999 SCT015 SCT030 BKN055 22/16 Q1027=
24/09/2025 16:00,METAR SBSC 241600Z 12008KT 9999 SCT012 BKN035 BKN055 22/16 Q1027=
24/09/2025 17:00,METAR SBSC 241700Z 13010KT 9999 SCT012 BKN035 BKN055 22/17 Q1027=
24/09/2025 18:00,METAR SBSC 241800Z 12011KT 9999 SCT012 BKN035 BKN045 22/17 Q1026=
24/09/2025 19:00,METAR SBSC 241900Z 11010G21KT 8000 SCT010 BKN030 OVC050 21/16 Q1027=
24/09/2025 20:00,METAR SBSC 242000Z 04005KT 3000 -RA BR BKN010 BKN030 OVC050 19/17 Q1027=
24/09/2025 21:00,METAR SBSC 242100Z 10006KT 5000 BR BKN010 BKN030 OVC050 19/16 Q1028=
24/09/2025 22:00,METAR SBSC 242200Z 10004KT 5000 BR SCT010 BKN025 OVC050 19/17 Q1028=
24/09/2025 23:00,METAR SBSC 242300Z 21003KT 5000 BR SCT010 BKN025 OVC050 19/17 Q1028=
25/09/2025 00:00,METAR SBSC 250000Z 14004KT 3000 -RA BR SCT010 BKN025 OVC050 19/17 Q1029=
25/09/2025 01:00,METAR SBSC 250100Z 10005KT 8000 FEW010 BKN025 OVC040 20/16 Q1029=
25/09/2025 02:00,METAR SBSC 250200Z 12004KT 8000 FEW010 BKN025 OVC040 19/16 Q1029=
25/09/2025 03:00,METAR SBSC 250300Z 06002KT 9999 BKN025 OVC040 19/15 Q1029=
25/09/2025 04:00,METAR SBSC 250400Z 16002KT 9999 BKN025 OVC040 19/15 Q1029=
25/09/2025 05:00,METAR SBSC 250500Z 14003KT 6000 -RA SCT010 BKN025 OVC040 19/15 Q1028=
25/09/2025 06:00,METAR SBSC 250600Z 13003KT 6000 -RA SCT010 BKN025 OVC040 19/16 Q1028=
25/09/2025 07:00,METAR SBSC 250700Z 14004KT 5000 -RA BR SCT010 BKN025 OVC040 19/16 Q1027=
25/09/2025 08:00,METAR SBSC 250800Z 12005KT 8000 FEW010 BKN025 OVC040 19/16 Q1027=
25/09/2025 09:00,METAR COR SBSC 250900Z 12003KT 7000 VCSH FEW015 BKN025 OVC040 18/16 Q1027=
25/09/2025 10:00,METAR SBSC 251000Z 09006KT 3000 -RA BR BKN008 OVC025 17/16 Q1028=
25/09/2025 11:00,METAR SBSC 251100Z 07005KT 8000 FEW015 BKN020 OVC035 18/16 Q1029=
25/09/2025 12:00,METAR SBSC 251200Z 10003KT 9999 FEW020 BKN035 OVC050 19/15 Q1029=
25/09/2025 13:00,METAR SBSC 251300Z 12003KT 9999 FEW020 BKN035 OVC050 19/15 Q1029=
25/09/2025 14:00,METAR SBSC 251400Z 08004KT 8000 FEW020 BKN035 OVC050 20/14 Q1029=
25/09/2025 15:00,METAR SBSC 251500Z 10008KT 5000 BR FEW010 BKN030 OVC050 19/16 Q1029=
25/09/2025 16:00,METAR SBSC 251600Z 07002KT 8000 FEW010 BKN030 OVC050 20/15 Q1029=
25/09/2025 17:00,METAR SBSC 251700Z 19005KT 8000 FEW025 BKN030 OVC050 20/16 Q1028=
25/09/2025 18:00,METAR SBSC 251800Z 17005KT 8000 FEW025 BKN030 OVC050 20/15 Q1027=
25/09/2025 19:00,METAR SBSC 251900Z 12009KT 9999 SCT015 BKN035 OVC060 20/15 Q1027=
25/09/2025 20:00,METAR SBSC 252000Z 12008KT 9999 SCT015 OVC055 20/15 Q1028=
25/09/2025 21:00,METAR SBSC 252100Z 12008KT 9999 SCT015 OVC050 20/14 Q1028=
25/09/2025 22:00,METAR SBSC 252200Z 12002KT 9999 FEW015 OVC060 19/13 Q1028=
25/09/2025 23:00,METAR SBSC 252300Z 08002KT 9999 FEW015 BKN070 19/13 Q1029=
26/09/2025 00:00,METAR SBSC 260000Z 10009KT 9999 FEW015 SCT030 BKN070 19/16 Q1029=
26/09/2025 01:00,METAR SBSC 260100Z 10009KT 8000 FEW010 BKN020 OVC050 18/15 Q1029=
26/09/2025 02:00,METAR SBSC 260200Z 11009KT 8000 FEW010 BKN020 OVC050 18/15 Q1029=
26/09/2025 03:00,METAR SBSC 260300Z 08002KT 8000 FEW010 BKN020 OVC050 18/14 Q1028=
26/09/2025 04:00,METAR SBSC 260400Z 32003KT 8000 FEW010 BKN020 OVC050 17/15 Q1028=
26/09/2025 05:00,METAR SBSC 260500Z 06006KT 3000 -RA BR BKN010 BKN020 OVC050 17/15 Q1027=
26/09/2025 06:00,METAR SBSC 260600Z 04006KT 5000 BR SCT010 BKN020 OVC050 17/14 Q1027=
26/09/2025 07:00,METAR SBSC 260700Z 28003KT 5000 BR SCT010 BKN020 OVC050 16/14 Q1027=
26/09/2025 08:00,METAR SBSC 260800Z 29002KT 3000 -RA BR BKN010 BKN020 OVC050 16/15 Q1027=
26/09/2025 09:00,METAR SBSC 260900Z 28003KT 8000 SCT010 BKN020 OVC050 16/15 Q1028=
26/09/2025 10:00,METAR SBSC 261000Z 31004KT 8000 SCT020 BKN040 OVC070 17/15 Q1028=
26/09/2025 11:00,METAR SBSC 261100Z 28005KT 9999 SCT020 SCT040 BKN070 18/16 Q1029=
26/09/2025 12:00,METAR SBSC 261200Z 32004KT 9999 FEW015 SCT050 BKN070 20/14 Q1029=
26/09/2025 13:00,METAR SBSC 261300Z 20001KT 9999 FEW015 BKN035 21/14 Q1028=
26/09/2025 14:00,METAR SBSC 261400Z 29003KT 9999 FEW020 BKN030 BKN050 21/13 Q1028=
26/09/2025 15:00,METAR SBSC 261500Z 33003KT 9999 FEW020 BKN030 BKN050 20/12 Q1027=
26/09/2025 16:00,METAR SBSC 261600Z 20005KT 9999 FEW020 BKN050 22/12 Q1026=
26/09/2025 17:00,METAR SBSC 261700Z 12010G20KT 9999 FEW025 BKN050 22/12 Q1025=
26/09/2025 18:00,METAR SBSC 261800Z 12013KT 9999 FEW030 SCT070 22/10 Q1024=
26/09/2025 19:00,METAR SBSC 261900Z 10011KT CAVOK 22/12 Q1024=
26/09/2025 20:00,METAR SBSC 262000Z 08007KT CAVOK 21/11 Q1024=
26/09/2025 21:00,METAR SBSC 262100Z 10005KT CAVOK 20/11 Q1024=
26/09/2025 22:00,METAR SBSC 262200Z 05007KT CAVOK 19/12 Q1025=
26/09/2025 23:00,METAR SBSC 262300Z 05004KT CAVOK 18/12 Q1025=
27/09/2025 00:00,METAR SBSC 270000Z 06003KT 9999 FEW040 19/12 Q1025=
27/09/2025 01:00,METAR SBSC 270100Z 20001KT 9999 FEW040 BKN060 17/14 Q1026=
27/09/2025 02:00,METAR SBSC 270200Z VRB01KT 9999 FEW040 BKN060 17/14 Q1026=
27/09/2025 03:00,METAR SBSC 270300Z 10002KT 9999 FEW040 BKN060 17/14 Q1026=
27/09/2025 04:00,METAR SBSC 270400Z VRB02KT 9999 FEW040 BKN060 16/14 Q1025=
27/09/2025 05:00,METAR SBSC 270500Z 05003KT 9999 FEW020 SCT050 16/14 Q1025=
27/09/2025 06:00,METAR SBSC 270600Z 04003KT 9999 FEW020 SCT050 16/14 Q1024=
27/09/2025 07:00,METAR SBSC 270700Z 03004KT 9999 FEW010 SCT020 15/14 Q1024=
27/09/2025 08:00,METAR SBSC 270800Z 02004KT 9999 FEW010 SCT020 15/14 Q1024=
27/09/2025 09:00,METAR SBSC 270900Z 35003KT 9999 FEW020 BKN040 15/12 Q1025=
27/09/2025 10:00,METAR SBSC 271000Z 34004KT 9999 FEW040 BKN060 18/13 Q1025=
27/09/2025 11:00,METAR SBSC 271100Z 34004KT CAVOK 20/13 Q1026=
27/09/2025 12:00,METAR SBSC 271200Z 35005KT CAVOK 22/12 Q1026=
27/09/2025 13:00,METAR SBSC 271300Z 32006KT 9999 FEW040 23/11 Q1025=
27/09/2025 14:00,METAR SBSC 271400Z 02004KT 9999 FEW040 23/11 Q1025=
27/09/2025 15:00,METAR SBSC 271500Z 31003KT 9999 FEW040 24/10 Q1024=
27/09/2025 16:00,METAR SBSC 271600Z 09014KT 9999 FEW040 24/11 Q1023=
27/09/2025 17:00,METAR SBSC 271700Z 09015KT 9999 FEW040 24/12 Q1022=
27/09/2025 18:00,METAR SBSC 271800Z 10013KT 9999 FEW040 24/12 Q1022=
27/09/2025 19:00,METAR SBSC 271900Z 09010KT CAVOK 23/12 Q1021=
27/09/2025 20:00,METAR SBSC 272000Z 10009KT CAVOK 22/12 Q1021=
27/09/2025 21:00,METAR SBSC 272100Z 08006KT CAVOK 20/12 Q1021=
27/09/2025 22:00,METAR SBSC 272200Z 06006KT CAVOK 20/11 Q1022=
27/09/2025 23:00,METAR SBSC 272300Z 06005KT CAVOK 19/12 Q1023=
28/09/2025 00:00,METAR SBSC 280000Z 00000KT CAVOK 16/12 Q1024=
28/09/2025 01:00,METAR SBSC 280100Z 25002KT CAVOK 16/12 Q1024=
28/09/2025 02:00,METAR SBSC 280200Z 24001KT CAVOK 16/12 Q1024=
28/09/2025 03:00,METAR SBSC 280300Z 25001KT CAVOK 15/11 Q1023=
28/09/2025 04:00,METAR SBSC 280400Z 04005KT CAVOK 16/11 Q1023=
28/09/2025 05:00,METAR SBSC 280500Z 04006KT CAVOK 15/11 Q1022=
28/09/2025 06:00,METAR SBSC 280600Z 02005KT CAVOK 15/11 Q1022=
28/09/2025 07:00,METAR SBSC 280700Z 02006KT 9999 SCT020 14/11 Q1022=
28/09/2025 08:00,METAR SBSC 280800Z 02005KT 9999 FEW010 14/11 Q1022=
28/09/2025 09:00,METAR SBSC 280900Z 02005KT 9999 FEW010 14/11 Q1023=
28/09/2025 10:00,METAR SBSC 281000Z 33006KT CAVOK 16/13 Q1023=
28/09/2025 11:00,METAR SBSC 281100Z 30008KT CAVOK 19/13 Q1023=
28/09/2025 12:00,METAR SBSC 281200Z 30008KT CAVOK 19/13 Q1023=
28/09/2025 13:00,METAR SBSC 281300Z 31013KT CAVOK 24/12 Q1021=
28/09/2025 14:00,METAR SBSC 281400Z 30013KT CAVOK 26/12 Q1020=
28/09/2025 15:00,METAR SBSC 281500Z 31011KT CAVOK 28/13 Q1018=
28/09/2025 16:00,METAR SBSC 281600Z 32012KT CAVOK 29/12 Q1017=
28/09/2025 17:00,METAR SBSC 281700Z 32008KT CAVOK 30/13 Q1016=
28/09/2025 18:00,METAR SBSC 281800Z 34008KT CAVOK 31/12 Q1015=
28/09/2025 19:00,METAR SBSC 281900Z 03006KT CAVOK 30/12 Q1015=
28/09/2025 20:00,METAR SBSC 282000Z 10008KT CAVOK 28/13 Q1015=
28/09/2025 21:00,METAR SBSC 282100Z 25003KT CAVOK 24/17 Q1017=
28/09/2025 22:00,METAR SBSC 282200Z 22006KT CAVOK 22/18 Q1018=
28/09/2025 23:00,METAR SBSC 282300Z 21008KT CAVOK 22/16 Q1019=
29/09/2025 00:00,METAR SBSC 290000Z 14001KT CAVOK 21/16 Q1019=
29/09/2025 01:00,METAR SBSC 290100Z 04002KT CAVOK 19/16 Q1019=
29/09/2025 02:00,METAR SBSC 290200Z 03003KT CAVOK 19/16 Q1018=
29/09/2025 03:00,METAR SBSC 290300Z 05004KT CAVOK 19/16 Q1018=
29/09/2025 04:00,METAR SBSC 290400Z 02003KT CAVOK 18/16 Q1018=
29/09/2025 05:00,METAR SBSC 290500Z 02003KT CAVOK 18/15 Q1018=
29/09/2025 06:00,METAR SBSC 290600Z 06007KT CAVOK 18/15 Q1017=
29/09/2025 07:00,METAR SBSC 290700Z 09007KT CAVOK 17/15 Q1017=
29/09/2025 08:00,METAR SBSC 290800Z 01008KT CAVOK 17/15 Q1017=
29/09/2025 09:00,METAR SBSC 290900Z 32010KT CAVOK 20/14 Q1017=
29/09/2025 10:00,METAR SBSC 291000Z 31012G23KT CAVOK 23/13 Q1018=
29/09/2025 11:00,METAR SBSC 291100Z 31010G21KT CAVOK 24/14 Q1018=
29/09/2025 12:00,METAR SBSC 291200Z 32012KT CAVOK 26/13 Q1019=
29/09/2025 13:00,METAR SBSC 291300Z 32010KT CAVOK 28/13 Q1019=
29/09/2025 14:00,METAR SBSC 291400Z 16008KT CAVOK 27/18 Q1018=
29/09/2025 15:00,METAR SBSC 291500Z 15012KT CAVOK 25/19 Q1018=
29/09/2025 16:00,METAR SBSC 291600Z 15010KT CAVOK 26/18 Q1017=
29/09/2025 17:00,METAR SBSC 291700Z 15009KT CAVOK 26/16 Q1017=
29/09/2025 18:00,METAR SBSC 291800Z 16009KT CAVOK 26/16 Q1017=
29/09/2025 19:00,METAR SBSC 291900Z 14011KT CAVOK 25/16 Q1017=
29/09/2025 20:00,METAR SBSC 292000Z 13010KT CAVOK 23/17 Q1018=
29/09/2025 21:00,METAR SBSC 292100Z 13009KT CAVOK 22/19 Q1018=
29/09/2025 22:00,METAR SBSC 292200Z 14006KT 9999 SCT010 21/19 Q1019=
29/09/2025 23:00,METAR SBSC 292300Z 14005KT 9999 SCT010 21/19 Q1019=
30/09/2025 00:00,METAR SBSC 300000Z 14003KT 9999 SCT010 20/19 Q1020=
30/09/2025 01:00,METAR SBSC 300100Z 17004KT 9999 FEW010 20/19 Q1020=
30/09/2025 02:00,METAR SBSC 300200Z 00000KT 9999 FEW010 19/18 Q1020=
30/09/2025 03:00,METAR SBSC 300300Z 34002KT 9999 FEW010 18/17 Q1020=
30/09/2025 04:00,METAR SBSC 300400Z 36003KT 9999 FEW010 17/16 Q1020=
30/09/2025 05:00,METAR SBSC 300500Z 02002KT 9999 FEW010 17/16 Q1019=
30/09/2025 06:00,METAR SBSC 300600Z 04004KT 9999 FEW012 17/16 Q1019=
30/09/2025 10:00,METAR SBSC 301000Z 01006KT 9999 FEW004 19/18 Q1020=
30/09/2025 13:00,METAR SBSC 301300Z 34009KT CAVOK 28/18 Q1019=
30/09/2025 14:00,METAR SBSC 301400Z 35006KT CAVOK 30/18 Q1018=
30/09/2025 15:00,METAR SBSC 301500Z 11013KT CAVOK 29/19 Q1018=
30/09/2025 18:00,METAR SBSC 301800Z 17010KT CAVOK 26/18 Q1016=
30/09/2025 19:00,METAR SBSC 301900Z 21009KT CAVOK 25/19 Q1016=
30/09/2025 20:00,METAR SBSC 302000Z 21008KT CAVOK 24/19 Q1016=
30/09/2025 21:00,METAR SBSC 302100Z 21006KT CAVOK 23/19 Q1016=
30/09/2025 22:00,METAR SBSC 302200Z 21005KT CAVOK 22/19 Q1017=
30/09/2025 23:00,METAR SBSC 302300Z 18003KT CAVOK 22/19 Q1017=
01/10/2025 00:00,METAR SBSC 010000Z 16003KT CAVOK 21/19 Q1018=
01/10/2025 01:00,METAR SBSC 010100Z 31001KT CAVOK 20/19 Q1018=
01/10/2025 02:00,METAR SBSC 010200Z 36004KT CAVOK 20/18 Q1018=
01/10/2025 03:00,METAR SBSC 010300Z 01003KT CAVOK 20/18 Q1018=
01/10/2025 04:00,METAR SBSC 010400Z 36005KT CAVOK 20/18 Q1017=
01/10/2025 05:00,METAR SBSC 010500Z 01005KT CAVOK 19/17 Q1017=
01/10/2025 06:00,METAR SBSC 010600Z 03004KT CAVOK 19/17 Q1016=
01/10/2025 07:00,METAR SBSC 010700Z 36004KT CAVOK 18/16 Q1016=
01/10/2025 08:00,METAR SBSC 010800Z 01006KT CAVOK 18/16 Q1017=
01/10/2025 09:00,METAR SBSC 010900Z 36004KT CAVOK 19/17 Q1017=
01/10/2025 10:00,METAR SBSC 011000Z 25006KT CAVOK 24/16 Q1018=
01/10/2025 11:00,METAR SBSC 011100Z 28008KT CAVOK 26/14 Q1018=
01/10/2025 12:00,METAR SBSC 011200Z 27005KT CAVOK 27/16 Q1019=
01/10/2025 13:00,METAR SBSC 011300Z 17005KT CAVOK 25/19 Q1019=
01/10/2025 14:00,METAR SBSC 011400Z 14011KT CAVOK 26/20 Q1019=
01/10/2025 15:00,METAR SBSC 011500Z 14011KT CAVOK 26/20 Q1019=
01/10/2025 16:00,METAR SBSC 011600Z 13013KT CAVOK 25/19 Q1019=
01/10/2025 17:00,METAR SBSC 011700Z 13013KT CAVOK 25/19 Q1018=
01/10/2025 18:00,METAR SBSC 011800Z 14011KT CAVOK 25/19 Q1019=
01/10/2025 19:00,METAR SBSC 011900Z 13011KT CAVOK 24/19 Q1019=
01/10/2025 20:00,METAR SBSC 012000Z 12011KT CAVOK 23/19 Q1019=
01/10/2025 21:00,METAR SBSC 012100Z 12007KT CAVOK 22/19 Q1020=
01/10/2025 22:00,METAR SBSC 012200Z 12005KT CAVOK 21/19 Q1020=
01/10/2025 23:00,METAR SBSC 012300Z 18003KT CAVOK 20/19 Q1021=
02/10/2025 00:00,METAR SBSC 020000Z 15004KT CAVOK 21/19 Q1021=
02/10/2025 01:00,METAR SBSC 020100Z 15004KT CAVOK 21/19 Q1021=
02/10/2025 02:00,METAR SBSC 020200Z VRB01KT CAVOK 20/18 Q1021=
02/10/2025 03:00,METAR SBSC 020300Z 12003KT CAVOK 20/19 Q1021=
02/10/2025 04:00,METAR SBSC 020400Z 21002KT 9999 FEW015 20/19 Q1021=
02/10/2025 05:00,METAR SBSC 020500Z 27002KT 9999 FEW015 20/19 Q1021=
02/10/2025 06:00,METAR SBSC 020600Z 30002KT 9999 FEW015 20/19 Q1020=
02/10/2025 07:00,METAR SBSC 020700Z 31002KT 9999 FEW010 SCT020 19/18 Q1020=
02/10/2025 08:00,METAR SBSC 020800Z 33002KT 9999 FEW010 SCT020 19/18 Q1020=
02/10/2025 09:00,METAR SBSC 020900Z 36004KT 6000 FEW015 SCT040 20/18 Q1021=
02/10/2025 10:00,METAR SBSC 021000Z 35004KT 6000 FEW020 21/19 Q1022=
02/10/2025 11:00,METAR SBSC 021100Z 36007KT 8000 FEW015 24/19 Q1022=
02/10/2025 12:00,METAR SBSC 021200Z 34011KT 9999 FEW020 BKN030 24/18 Q1022=
02/10/2025 13:00,METAR SBSC 021300Z 30006KT 9999 SCT020 BKN030 26/17 Q1021=
02/10/2025 14:00,METAR SBSC 021400Z 32004KT 9999 SCT020 BKN030 28/17 Q1021=
02/10/2025 15:00,METAR SBSC 021500Z 30004KT 9999 SCT020 BKN030 27/19 Q1020=
02/10/2025 16:00,METAR SBSC 021600Z 12010KT 9999 SCT020 BKN030 27/19 Q1020=
02/10/2025 17:00,METAR SBSC 021700Z 13010KT 9999 SCT030 SCT050 27/19 Q1019=
02/10/2025 18:00,METAR SBSC 021800Z 10007KT 9999 FEW030 SCT050 27/18 Q1019=
02/10/2025 19:00,METAR SBSC 021900Z 11011KT CAVOK 26/19 Q1019=
02/10/2025 20:00,METAR SBSC 022000Z 11008KT CAVOK 24/19 Q1020=
02/10/2025 21:00,METAR SBSC 022100Z 16004KT CAVOK 23/18 Q1020=
02/10/2025 22:00,METAR SBSC 022200Z 18005KT CAVOK 23/19 Q1021=
02/10/2025 23:00,METAR SBSC 022300Z 19003KT CAVOK 22/19 Q1021=
03/10/2025 00:00,METAR SBSC 030000Z 19005KT CAVOK 22/19 Q1022=
03/10/2025 01:00,METAR SBSC 030100Z 18003KT 9999 FEW040 22/19 Q1022=
03/10/2025 02:00,METAR COR SBSC 030200Z 18001KT 9999 FEW040 21/19 Q1022=
03/10/2025 03:00,METAR SBSC 030300Z 18001KT 9999 FEW040 22/19 Q1021=
03/10/2025 04:00,METAR SBSC 030400Z 18001KT 9999 FEW040 21/19 Q1021=
03/10/2025 05:00,METAR SBSC 030500Z 04004KT 9999 FEW040 21/18 Q1021=
03/10/2025 06:00,NO DATA AVAILABLE
03/10/2025 07:00,METAR SBSC 030700Z 02005KT 9999 FEW040 21/17 Q1020=
03/10/2025 08:00,METAR SBSC 030800Z 02005KT 9999 FEW040 21/17 Q1020=
03/10/2025 09:00,METAR SBSC 030900Z 01005KT CAVOK 20/17 Q1020=
03/10/2025 10:00,METAR SBSC 031000Z 01005KT CAVOK 23/17 Q1021=
03/10/2025 11:00,METAR SBSC 031100Z 35007KT CAVOK 24/17 Q1021=
03/10/2025 12:00,METAR SBSC 031200Z 35008KT CAVOK 26/18 Q1021=
03/10/2025 13:00,METAR SBSC 031300Z 01011KT 9999 FEW025 28/17 Q1020=
03/10/2025 14:00,METAR SBSC 031400Z 01010KT 9999 FEW025 29/17 Q1020=
03/10/2025 15:00,METAR SBSC 031500Z 01010KT 9999 FEW035 31/16 Q1019=
03/10/2025 16:00,METAR SBSC 031600Z 36010KT 9999 FEW040 31/16 Q1017=
03/10/2025 17:00,METAR SBSC 031700Z 36009KT 9999 FEW040 31/16 Q1016=
03/10/2025 18:00,METAR SBSC 031800Z 01009KT 9999 FEW040 32/15 Q1016=
03/10/2025 19:00,METAR SBSC 031900Z 09011KT CAVOK 32/15 Q1015=
03/10/2025 20:00,METAR SBSC 032000Z 09011KT CAVOK 28/17 Q1016=
03/10/2025 21:00,METAR SBSC 032100Z 10010KT CAVOK 26/18 Q1016=
03/10/2025 22:00,METAR SBSC 032200Z 02007KT CAVOK 26/18 Q1017=
03/10/2025 23:00,METAR SBSC 032300Z 02009KT CAVOK 25/18 Q1018=
04/10/2025 00:00,METAR SBSC 040000Z 03012KT CAVOK 24/18 Q1018=
04/10/2025 01:00,METAR SBSC 040100Z 02010KT CAVOK 23/18 Q1019=
04/10/2025 02:00,METAR SBSC 040200Z 01009KT CAVOK 23/18 Q1019=
04/10/2025 03:00,METAR SBSC 040300Z 03009KT CAVOK 22/18 Q1018=
04/10/2025 04:00,METAR SBSC 040400Z 01008KT CAVOK 22/17 Q1018=
04/10/2025 05:00,METAR SBSC 040500Z 03007KT CAVOK 21/17 Q1018=
04/10/2025 06:00,METAR SBSC 040600Z 06008KT CAVOK 21/17 Q1018=
04/10/2025 07:00,METAR SBSC 040700Z 09009KT CAVOK 20/16 Q1018=
04/10/2025 08:00,METAR SBSC 040800Z 11008KT CAVOK 20/16 Q1018=
04/10/2025 09:00,METAR SBSC 040900Z 35004KT CAVOK 19/17 Q1019=
04/10/2025 10:00,METAR SBSC 041000Z 33006KT CAVOK 21/17 Q1020=
04/10/2025 11:00,METAR SBSC 041100Z 34008KT CAVOK 24/17 Q1021=
04/10/2025 12:00,METAR SBSC 041200Z 33013KT CAVOK 27/17 Q1021=
04/10/2025 13:00,METAR SBSC 041300Z 35014G25KT CAVOK 30/16 Q1020=
04/10/2025 14:00,METAR SBSC 041400Z 33011KT 9999 SCT030 SCT050 30/16 Q1020=
04/10/2025 15:00,METAR SBSC 041500Z 32008KT 9999 SCT030 SCT050 30/16 Q1019=
04/10/2025 16:00,METAR SBSC 041600Z 33010KT 9999 SCT030 SCT050 31/16 Q1018=
04/10/2025 17:00,METAR SBSC 041700Z 31005KT 9999 SCT030 SCT050 BKN070 31/16 Q1018=
04/10/2025 18:00,METAR SBSC 041800Z 12011KT 9999 SCT030 SCT050 BKN070 30/17 Q1017=
04/10/2025 19:00,METAR SBSC 041900Z 14008KT 9999 SCT030 SCT050 BKN070 29/18 Q1017=
04/10/2025 20:00,METAR SBSC 042000Z 22006KT 9999 FEW030 BKN070 24/19 Q1017=
04/10/2025 21:00,METAR SBSC 042100Z 21006KT 9999 FEW030 BKN070 23/19 Q1018=
04/10/2025 22:00,METAR SBSC 042200Z 21003KT CAVOK 22/19 Q1018=
04/10/2025 23:00,METAR SBSC 042300Z 27005KT CAVOK 22/19 Q1019=
05/10/2025 00:00,METAR SBSC 050000Z 36008KT CAVOK 24/18 Q1019=
05/10/2025 01:00,METAR SBSC 050100Z 35007KT CAVOK 23/18 Q1019=
05/10/2025 02:00,METAR SBSC 050200Z 35005KT CAVOK 22/19 Q1018=
05/10/2025 03:00,METAR SBSC 050300Z 36005KT CAVOK 22/18 Q1018=
05/10/2025 04:00,METAR SBSC 050400Z 36005KT CAVOK 21/18 Q1018=
05/10/2025 05:00,METAR SBSC 050500Z 02009KT CAVOK 20/17 Q1017=
05/10/2025 06:00,METAR SBSC 050600Z 03008KT CAVOK 20/17 Q1017=
05/10/2025 07:00,METAR SBSC 050700Z 35010KT 9999 FEW020 20/17 Q1017=
05/10/2025 08:00,METAR SBSC 050800Z 03012G26KT 9999 FEW020 22/18 Q1017=
05/10/2025 09:00,METAR SBSC 050900Z 05013G24KT 9999 FEW020 24/18 Q1017=
05/10/2025 10:00,METAR SBSC 051000Z 33015G25KT 9999 FEW020 24/17 Q1018=
05/10/2025 11:00,METAR SBSC 051100Z 33017G27KT 9999 FEW020 26/18 Q1018=
05/10/2025 12:00,METAR SBSC 051200Z 33019G30KT 9999 FEW020 27/17 Q1017=
05/10/2025 13:00,METAR SBSC 051300Z 33020G30KT CAVOK 29/17 Q1017=
05/10/2025 14:00,METAR SBSC 051400Z 33017G29KT CAVOK 31/17 Q1016=
05/10/2025 15:00,METAR SBSC 051500Z 33015G25KT CAVOK 32/16 Q1016=
05/10/2025 16:00,METAR SBSC 051600Z 33013G24KT CAVOK 32/17 Q1014=
05/10/2025 17:00,METAR SBSC 051700Z 33013G25KT CAVOK 34/16 Q1013=
05/10/2025 18:00,METAR SBSC 051800Z 34011G21KT CAVOK 34/16 Q1013=
05/10/2025 19:00,METAR SBSC 051900Z 36009KT CAVOK 34/16 Q1012=
05/10/2025 20:00,METAR SBSC 052000Z 01008KT CAVOK 33/15 Q1012=
05/10/2025 21:00,METAR SBSC 052100Z 35006KT CAVOK 30/16 Q1012=
05/10/2025 22:00,METAR SBSC 052200Z 34006KT CAVOK 29/16 Q1013=
05/10/2025 23:00,METAR SBSC 052300Z 32004KT CAVOK 27/17 Q1013=
06/10/2025 00:00,METAR SBSC 060000Z 36005KT CAVOK 26/17 Q1014=
06/10/2025 01:00,METAR SBSC 060100Z 33005KT CAVOK 24/18 Q1014=
06/10/2025 02:00,METAR SBSC 060200Z 34005KT CAVOK 23/18 Q1014=
06/10/2025 03:00,METAR SBSC 060300Z 02007KT CAVOK 23/18 Q1014=
06/10/2025 04:00,METAR SBSC 060400Z 36005KT CAVOK 23/18 Q1013=
06/10/2025 05:00,METAR SBSC 060500Z 01006KT CAVOK 23/18 Q1013=
06/10/2025 06:00,METAR SBSC 060600Z 03005KT CAVOK 22/17 Q1012=
06/10/2025 07:00,METAR SBSC 060700Z 36006KT CAVOK 22/17 Q1012=
06/10/2025 08:00,METAR SBSC 060800Z 01007KT CAVOK 22/17 Q1012=
06/10/2025 09:00,METAR SBSC 060900Z 33013KT CAVOK 25/17 Q1011=
06/10/2025 10:00,METAR SBSC 061000Z 30011KT CAVOK 26/16 Q1011=
06/10/2025 11:00,METAR SBSC 061100Z 30014G25KT CAVOK 27/18 Q1011=
06/10/2025 12:00,METAR SBSC 061200Z 30013G25KT CAVOK 29/18 Q1012=
06/10/2025 13:00,METAR SBSC 061300Z 30014KT CAVOK 31/18 Q1011=
06/10/2025 14:00,METAR SBSC 061400Z 31013KT CAVOK 33/18 Q1010=
06/10/2025 15:00,METAR SBSC 061500Z 31012KT CAVOK 35/18 Q1010=
06/10/2025 16:00,METAR SBSC 061600Z 29009KT CAVOK 36/17 Q1008=
06/10/2025 17:00,METAR SBSC 061700Z 33008KT CAVOK 38/17 Q1007=
06/10/2025 18:00,METAR SBSC 061800Z 33005KT CAVOK 38/16 Q1007=
06/10/2025 19:00,METAR SBSC 061900Z 33004KT CAVOK 38/16 Q1006=
06/10/2025 20:00,METAR SBSC 062000Z 11004KT CAVOK 36/18 Q1007=
06/10/2025 21:00,METAR SBSC 062100Z 17007KT CAVOK 25/19 Q1008=
06/10/2025 22:00,METAR SBSC 062200Z 19005KT CAVOK 24/19 Q1008=
06/10/2025 23:00,METAR SBSC 062300Z 18004KT CAVOK 24/20 Q1009=
07/10/2025 00:00,METAR SBSC 070000Z 32001KT CAVOK 23/20 Q1010=
07/10/2025 02:00,METAR SBSC 070200Z 32005KT CAVOK 23/19 Q1010=
07/10/2025 03:00,METAR SBSC 070300Z 32006KT CAVOK 23/19 Q1009=
07/10/2025 04:00,METAR SBSC 070400Z 32005KT CAVOK 23/19 Q1009=
07/10/2025 05:00,METAR SBSC 070500Z 32005KT CAVOK 23/19 Q1008=
07/10/2025 06:00,METAR SBSC 070600Z 32005KT CAVOK 23/19 Q1008=
07/10/2025 07:00,METAR SBSC 070700Z 15008KT CAVOK 23/20 Q1010=
07/10/2025 08:00,METAR SBSC 070800Z 18012G24KT CAVOK 22/19 Q1011=
07/10/2025 09:00,METAR SBSC 070900Z 14010KT CAVOK 21/19 Q1012=
07/10/2025 10:00,METAR SBSC 071000Z 14009KT CAVOK 22/20 Q1013=
07/10/2025 11:00,METAR SBSC 071100Z 14010KT 9999 FEW008 23/20 Q1014=
07/10/2025 12:00,METAR SBSC 071200Z 15009KT CAVOK 25/21 Q1014=
07/10/2025 14:00,METAR SBSC 071400Z 19014G28KT 9999 FEW020 26/21 Q1015=
07/10/2025 15:00,METAR SBSC 071500Z 15016G26KT 9999 FEW020 26/21 Q1014=
07/10/2025 16:00,METAR SBSC 071600Z 19013G23KT 9999 SCT/// 24/21 Q1014=
07/10/2025 17:00,METAR COR SBSC 071700Z 16011G21KT 6000 SCT006 SCT020 BKN040 23/21 Q1015=
07/10/2025 18:00,METAR SBSC 071800Z 16011G21KT 6000 SCT004 BKN014 22/20 Q1015=
07/10/2025 19:00,METAR SBSC 071900Z 14013KT 6000 SCT004 BKN013 21/20 Q1015=
07/10/2025 20:00,METAR SBSC 072000Z 16010KT 9999 SCT005 BKN013 22/20 Q1016=
07/10/2025 23:00,METAR SBSC 072300Z 17009KT 3000 -RA BR BKN006 BKN010 20/19 Q1018=
08/10/2025 00:00,METAR SBSC 080000Z 17008KT 3000 -RA BR BKN006 BKN010 20/19 Q1019=
08/10/2025 01:00,METAR SBSC 080100Z 18008KT 3000 -RA BR BKN006 BKN015 OVC050 20/19 Q1019=
08/10/2025 02:00,METAR SBSC 080200Z 17007KT 3000 -RA BR BKN006 BKN015 OVC050 20/19 Q1019=
08/10/2025 03:00,METAR SBSC 080300Z 21008KT 3000 -RA BR BKN006 BKN015 OVC050 20/19 Q1018=
08/10/2025 04:00,METAR SBSC 080400Z 18009KT 5000 BR BKN006 BKN015 OVC050 20/19 Q1018=
08/10/2025 05:00,METAR SBSC 080500Z 18008KT 3000 -RA BR BKN006 BKN015 OVC050 19/18 Q1017=
08/10/2025 06:00,METAR SBSC 080600Z 20009KT 3000 -RA BR BKN006 BKN015 OVC050 19/18 Q1017=
08/10/2025 07:00,METAR SBSC 080700Z 21008KT 5000 BR BKN006 BKN015 OVC050 18/17 Q1018=
08/10/2025 08:00,METAR SBSC 080800Z 18009KT 3000 -RA BR BKN006 BKN015 OVC050 18/17 Q1018=
08/10/2025 09:00,METAR SBSC 080900Z 16006KT 3000 -RA BR BKN005 BKN015 OVC050 19/18 Q1019=
08/10/2025 10:00,METAR SBSC 081000Z 15005KT 3000 -RA BR BKN005 BKN015 OVC050 19/19 Q1020=
08/10/2025 11:00,METAR SBSC 081100Z 16005KT 3000 -RA BR BKN005 BKN015 OVC050 20/19 Q1020=
08/10/2025 12:00,METAR SBSC 081200Z 16007KT 3000 -RA BR BKN005 BKN015 OVC050 20/19 Q1021=
08/10/2025 13:00,METAR COR SBSC 081300Z 20007KT 3000 -RA BR BKN004 BKN010 OVC022 20/19 Q1021=
08/10/2025 14:00,METAR SBSC 081400Z 19008KT 2500 -RA BR BKN004 BKN010 OVC022 20/19 Q1021=
08/10/2025 15:00,METAR SBSC 081500Z 17009KT 2100 -RA BR BKN004 BKN008 OVC022 20/19 Q1021=
08/10/2025 16:00,METAR SBSC 081600Z 15011KT 2100 -RA BR BKN004 BKN008 OVC020 19/19 Q1021=
08/10/2025 17:00,METAR SBSC 081700Z 14011KT 2100 -RA BR BKN004 BKN008 OVC020 19/18 Q1020=
08/10/2025 18:00,METAR SBSC 081800Z 14010KT 2100 -RA BR BKN004 BKN008 OVC020 19/18 Q1020=
08/10/2025 19:00,METAR SBSC 081900Z 13008KT 2500 -RA BR BKN004 BKN008 OVC020 19/18 Q1020=
08/10/2025 20:00,METAR SBSC 082000Z 13007KT 2500 -RA BR BKN004 BKN008 OVC020 18/17 Q1021=
09/10/2025 00:00,METAR SBSC 090000Z 15008KT 2500 -RA BR BKN004 BKN010 BKN035 18/18 Q1024=
09/10/2025 01:00,METAR SBSC 090100Z 14005KT 5000 BR SCT004 BKN020 OVC050 18/17 Q1024=
09/10/2025 02:00,METAR SBSC 090200Z 13006KT 6000 -RA FEW004 BKN020 OVC050 18/17 Q1024=
09/10/2025 03:00,METAR SBSC 090300Z 12005KT 8000 FEW004 BKN020 OVC050 18/17 Q1024=
09/10/2025 04:00,METAR SBSC 090400Z 13003KT 9999 BKN020 OVC050 17/16 Q1023=
09/10/2025 05:00,METAR SBSC 090500Z 14004KT 9999 BKN020 OVC050 17/16 Q1023=
09/10/2025 06:00,METAR SBSC 090600Z 12005KT 5000 -RA BR FEW010 BKN020 OVC050 17/16 Q1023=
09/10/2025 07:00,METAR SBSC 090700Z 13005KT 5000 -RA BR FEW010 BKN020 OVC050 17/16 Q1023=
09/10/2025 08:00,METAR SBSC 090800Z 29006KT 6000 FEW010 BKN020 OVC050 17/16 Q1023=
09/10/2025 09:00,METAR SBSC 090900Z 10007KT 9999 FEW015 OVC030 18/17 Q1022=
09/10/2025 10:00,METAR SBSC 091000Z 09006KT 9000 -RA FEW015 SCT030 OVC050 18/17 Q1023=
09/10/2025 11:00,METAR SBSC 091100Z 09005KT 9999 FEW015 BKN030 OVC050 19/17 Q1024=
09/10/2025 12:00,METAR SBSC 091200Z 12002KT 9999 SCT030 OVC050 20/16 Q1024=
09/10/2025 13:00,METAR SBSC 091300Z 35003KT 9999 FEW012 SCT030 OVC050 20/18 Q1023=
09/10/2025 14:00,METAR SBSC 091400Z 29005KT 8000 BKN009 BKN030 OVC050 20/18 Q1023=
09/10/2025 15:00,METAR SBSC 091500Z 29003KT 8000 BKN009 BKN030 OVC050 20/18 Q1022=
09/10/2025 16:00,METAR SBSC 091600Z 35006KT 8000 BKN009 BKN025 OVC050 21/18 Q1022=
09/10/2025 17:00,METAR SBSC 091700Z 11007KT 8000 SCT009 BKN025 OVC050 21/18 Q1021=
09/10/2025 18:00,METAR SBSC 091800Z 05010KT 8000 SCT009 BKN025 OVC050 21/17 Q1021=
09/10/2025 19:00,METAR SBSC 091900Z 06009KT 8000 SCT009 BKN025 OVC050 20/17 Q1021=
09/10/2025 20:00,METAR SBSC 092000Z 06006KT 8000 SCT012 BKN025 OVC050 20/17 Q1022=
09/10/2025 21:00,METAR SBSC 092100Z 04003KT 8000 SCT012 BKN025 OVC050 20/17 Q1022=
09/10/2025 22:00,METAR SBSC 092200Z 28002KT 8000 SCT012 BKN025 OVC050 19/18 Q1023=
09/10/2025 23:00,METAR SBSC 092300Z 27002KT 8000 SCT012 BKN015 OVC030 19/17 Q1023=
10/10/2025 00:00,METAR SBSC 100000Z 25002KT 8000 SCT012 BKN015 OVC030 19/18 Q1024=
10/10/2025 01:00,METAR SBSC 100100Z 21001KT 9999 BKN025 BKN030 19/18 Q1023=
10/10/2025 02:00,METAR SBSC 100200Z 34002KT 9999 BKN030 BKN035 19/17 Q1023=
10/10/2025 03:00,METAR SBSC 100300Z 32003KT 9999 BKN040 BKN050 19/17 Q1022=
10/10/2025 04:00,METAR SBSC 100400Z 34003KT 9999 BKN040 BKN055 18/16 Q1022=
10/10/2025 05:00,METAR SBSC 100500Z 36002KT 9999 SCT040 BKN055 18/16 Q1021=
10/10/2025 06:00,METAR SBSC 100600Z 02004KT 9999 SCT045 SCT055 18/16 Q1021=
10/10/2025 07:00,METAR SBSC 100700Z 35002KT 9999 SCT045 SCT055 18/17 Q1022=
10/10/2025 08:00,METAR SBSC 100800Z 03004KT 9999 FEW015 SCT040 19/17 Q1022=
10/10/2025 09:00,METAR SBSC 100900Z 36003KT 9999 FEW015 BKN030 19/17 Q1021=
10/10/2025 10:00,METAR SBSC 101000Z 02004KT 9999 FEW015 BKN030 19/17 Q1021=
10/10/2025 11:00,METAR SBSC 101100Z 35011KT 9999 FEW030 SCT070 19/18 Q1020=
10/10/2025 12:00,METAR SBSC 101200Z 35007KT 9999 FEW005 20/18 Q1020=
10/10/2025 13:00,METAR SBSC 101300Z 34009KT 9999 FEW015 22/18 Q1019=
10/10/2025 14:00,METAR SBSC 101400Z 34008KT 9999 FEW016 23/18 Q1019=
10/10/2025 15:00,METAR SBSC 101500Z 36005KT 9999 FEW021 SCT040 24/18 Q1019=
10/10/2025 16:00,METAR SBSC 101600Z 11009KT 9999 SCT035 BKN043 23/19 Q1018=
10/10/2025 17:00,METAR SBSC 101700Z 10009KT 9999 SCT035 OVC043 22/18 Q1019=
10/10/2025 18:00,METAR SBSC 101800Z 11008KT 9999 SCT030 OVC043 21/18 Q1019=
10/10/2025 19:00,METAR SBSC 101900Z 14005KT 9999 SCT031 OVC038 21/18 Q1019=
10/10/2025 20:00,METAR SBSC 102000Z 07003KT 7000 -RA SCT028 SCT035 OVC045 20/19 Q1019=
10/10/2025 21:00,METAR SBSC 102100Z 19002KT 9999 FEW028 SCT033 OVC070 20/19 Q1018=
10/10/2025 22:00,METAR SBSC 102200Z 18003KT 9999 SCT021 BKN026 OVC070 20/19 Q1019=
10/10/2025 23:00,METAR SBSC 102300Z 16002KT 8000 BKN017 BKN020 OVC029 20/19 Q1019=
11/10/2025 00:00,METAR SBSC 110000Z 17004KT 6000 -RA BKN016 BKN020 OVC029 20/19 Q1020=
11/10/2025 01:00,METAR SBSC 110100Z 19003KT 3000 -RA BR BKN009 BKN015 OVC030 20/19 Q1020=
11/10/2025 02:00,METAR SBSC 110200Z 20005KT 3000 -RA BR BKN009 BKN015 OVC030 20/19 Q1020=
11/10/2025 03:00,METAR SBSC 110300Z 23004KT 3000 -RA BR BKN009 BKN015 OVC030 20/19 Q1019=
11/10/2025 04:00,METAR SBSC 110400Z 27006KT 3000 -RA BR BKN009 BKN015 OVC030 19/18 Q1019=
11/10/2025 05:00,METAR SBSC 110500Z 30005KT 5000 BR BKN009 BKN015 OVC030 19/18 Q1018=
11/10/2025 06:00,METAR SBSC 110600Z 35006KT 3000 -RA BR BKN009 BKN015 OVC030 18/17 Q1017=
11/10/2025 07:00,METAR SBSC 110700Z 01006KT 3000 -RA BR BKN009 BKN015 OVC030 18/17 Q1017=
11/10/2025 08:00,METAR SBSC 110800Z 36007KT 5000 BR BKN009 BKN015 OVC030 19/18 Q1016=
11/10/2025 09:00,METAR SBSC 110900Z 18006KT 5000 BR FEW009 BKN015 OVC030 20/19 Q1016=
11/10/2025 10:00,METAR SBSC 111000Z 20006KT 5000 BR FEW009 BKN015 OVC030 21/19 Q1016=
11/10/2025 11:00,METAR SBSC 111100Z 15002KT 8000 SCT008 BKN015 OVC030 21/20 Q1017=
11/10/2025 12:00,METAR SBSC 111200Z 15004KT 8000 SCT008 BKN025 OVC050 22/19 Q1017=
11/10/2025 13:00,METAR SBSC 111300Z 18004KT 9999 SCT014 BKN025 OVC050 23/19 Q1017=
11/10/2025 14:00,METAR SBSC 111400Z 15006KT 9999 SCT014 BKN025 OVC050 24/19 Q1017=
11/10/2025 15:00,METAR SBSC 111500Z 14008KT 9999 FEW025 SCT100 24/19 Q1016=
11/10/2025 16:00,METAR SBSC 111600Z 13007KT 9999 FEW025 SCT100 24/19 Q1016=
11/10/2025 17:00,METAR SBSC 111700Z 12009KT 9999 FEW025 SCT100 24/19 Q1015=
11/10/2025 18:00,METAR SBSC 111800Z 14010KT 9999 FEW025 SCT100 23/19 Q1014=
11/10/2025 19:00,METAR SBSC 111900Z 14010KT 7000 SCT007 BKN033 22/19 Q1014=
11/10/2025 20:00,METAR SBSC 112000Z 12008KT 6000 BKN005 BKN033 21/19 Q1015=
11/10/2025 21:00,METAR SBSC 112100Z 14005KT 9999 BKN005 BKN033 21/19 Q1015=
11/10/2025 22:00,METAR SBSC 112200Z 14004KT 9999 BKN005 BKN033 21/20 Q1016=
11/10/2025 23:00,METAR SBSC 112300Z 16005KT 9999 BKN014 BKN038 21/20 Q1016=
12/10/2025 00:00,METAR SBSC 120000Z 15004KT 9999 BKN014 BKN038 21/20 Q1016=
12/10/2025 01:00,METAR SBSC 120100Z 12004KT 9999 BKN011 OVC020 22/20 Q1016=
12/10/2025 02:00,METAR SBSC 120200Z 11002KT 9999 SCT012 BKN026 21/20 Q1016=
12/10/2025 03:00,METAR SBSC 120300Z 09003KT 9999 SCT012 OVC026 21/20 Q1016=
12/10/2025 04:00,METAR SBSC 120400Z 35001KT 9999 SCT012 OVC027 21/20 Q1015=
12/10/2025 05:00,METAR SBSC 120500Z 00000KT 9999 FEW005 OVC026 21/20 Q1015=
12/10/2025 06:00,METAR SBSC 120600Z 00000KT 9999 BKN008 OVC025 21/20 Q1014=
12/10/2025 07:00,METAR SBSC 120700Z 00000KT 9999 SCT009 OVC025 21/20 Q1015=
12/10/2025 08:00,METAR SBSC 120800Z 33005KT 9999 OVC021 21/20 Q1014=
12/10/2025 09:00,METAR SBSC 120900Z 36003KT 9999 SCT021 21/20 Q1015=
12/10/2025 10:00,METAR SBSC 121000Z 34005KT 9999 SCT015 22/20 Q1014=
12/10/2025 11:00,METAR SBSC 121100Z 35007KT 9999 FEW015 23/20 Q1015=
12/10/2025 12:00,METAR SBSC 121200Z 34008KT 9999 FEW020 25/21 Q1015=
12/10/2025 13:00,METAR SBSC 121300Z 36009KT 9999 FEW020 27/21 Q1014=
12/10/2025 14:00,METAR SBSC 121400Z 36012KT 9999 FEW020 29/21 Q1012=
12/10/2025 15:00,METAR SBSC 121500Z 36012KT 9999 FEW020 32/22 Q1010=
12/10/2025 16:00,METAR SBSC 121600Z 36012KT 9999 FEW025 33/21 Q1008=
12/10/2025 17:00,METAR SBSC 121700Z 36010KT 9999 FEW025 33/21 Q1007=
12/10/2025 18:00,METAR SBSC 121800Z 36007KT 9999 FEW025 34/20 Q1006=
12/10/2025 19:00,METAR SBSC 121900Z 10006KT 9999 FEW025 34/20 Q1006=
12/10/2025 20:00,METAR SBSC 122000Z 10006KT 9999 FEW025 34/21 Q1006=
12/10/2025 21:00,METAR SBSC 122100Z 04005KT 9999 FEW015 SCT025 BKN050 26/19 Q1007 RERA=
12/10/2025 22:00,METAR SBSC 122200Z 21005KT 9999 FEW015 BKN050 23/21 Q1009=
12/10/2025 23:00,METAR SBSC 122300Z 23002KT 9999 FEW015 SCT050 23/22 Q1009=
13/10/2025 00:00,METAR SBSC 130000Z 21003KT 9999 FEW015 SCT050 23/22 Q1010=
13/10/2025 01:00,METAR SBSC 130100Z 19002KT 9999 FEW015 SCT050 23/22 Q1010=
13/10/2025 02:00,METAR SBSC 130200Z 15005KT 9999 FEW015 SCT050 22/21 Q1010=
13/10/2025 03:00,METAR SBSC 130300Z 11003KT 9999 BKN014 22/21 Q1010=
13/10/2025 04:00,METAR SBSC 130400Z 33005KT 9999 BKN014 23/20 Q1009=
13/10/2025 05:00,METAR SBSC 130500Z 32005KT 9999 OVC020 22/20 Q1009=
13/10/2025 06:00,METAR SBSC 130600Z 33006KT 9999 OVC020 23/20 Q1008=
13/10/2025 07:00,METAR SBSC 130700Z 33006KT 9999 OVC010 23/20 Q1008=
13/10/2025 08:00,METAR SBSC 130800Z 33007KT 9999 BKN030 23/20 Q1009=
13/10/2025 09:00,METAR SBSC 130900Z 33008KT 9999 SCT030 25/19 Q1009=
13/10/2025 10:00,METAR SBSC 131000Z 33009KT 9999 FEW010 SCT100 22/21 Q1008=
13/10/2025 11:00,METAR SBSC 131100Z 30005KT 9999 FEW030 SCT100 24/21 Q1009=
13/10/2025 12:00,METAR SBSC 131200Z 30008KT 9999 FEW030 SCT100 27/21 Q1009=
13/10/2025 13:00,METAR SBSC 131300Z 34015KT 9999 FEW020 SCT100 30/20 Q1008=
13/10/2025 14:00,METAR SBSC 131400Z 34014KT 9999 FEW025 SCT090 31/20 Q1007=
13/10/2025 15:00,METAR SBSC 131500Z 33015KT 9999 FEW040 33/18 Q1007=
13/10/2025 16:00,METAR SBSC 131600Z 32011KT 9999 FEW025 34/18 Q1006=
13/10/2025 17:00,METAR SBSC 131700Z 32012KT 9999 FEW030 SCT050 33/18 Q1006=
13/10/2025 18:00,METAR SBSC 131800Z 33010KT 9999 FEW030 SCT050 BKN080 32/18 Q1006=
13/10/2025 19:00,METAR SBSC 131900Z 28006KT 9999 FEW030 SCT050 BKN080 31/19 Q1007=
13/10/2025 20:00,METAR SBSC 132000Z 14004KT 9999 FEW030 BKN080 25/21 Q1008=
13/10/2025 21:00,METAR SBSC 132100Z 17006KT 9999 FEW030 SCT050 BKN080 24/21 Q1009=
13/10/2025 22:00,METAR SBSC 132200Z 17005KT 9999 FEW030 SCT080 23/21 Q1010=
13/10/2025 23:00,METAR SBSC 132300Z 14002KT 9999 FEW030 SCT080 23/21 Q1010=
14/10/2025 00:00,METAR SBSC 140000Z 02002KT 9999 FEW030 SCT080 23/21 Q1010=
14/10/2025 01:00,METAR SBSC 140100Z 03002KT 9999 FEW030 SCT080 23/21 Q1010=
14/10/2025 02:00,METAR SBSC 140200Z 04003KT 9999 FEW030 BKN100 23/21 Q1010=
14/10/2025 03:00,METAR SBSC 140300Z 03003KT 9999 FEW030 BKN100 23/21 Q1010=
14/10/2025 04:00,METAR SBSC 140400Z 05004KT 9999 FEW030 BKN100 22/21 Q1009=
14/10/2025 05:00,METAR SBSC 140500Z 34011KT 8000 FEW030 SCT080 25/20 Q1009=
14/10/2025 06:00,METAR COR SBSC 140600Z 34007KT 8000 -RA FEW030 SCT100 25/20 Q1009=
14/10/2025 07:00,METAR SBSC 140700Z 35009KT 9000 -RA FEW030 BKN100 24/21 Q1010=
14/10/2025 08:00,METAR SBSC 140800Z 36007KT 9999 FEW030 BKN100 24/20 Q1010=
14/10/2025 09:00,METAR SBSC 140900Z 32005KT 9999 FEW030 BKN100 25/20 Q1011=
14/10/2025 10:00,METAR SBSC 141000Z 20003KT 9999 SCT030 BKN100 24/21 Q1012=
14/10/2025 11:00,METAR SBSC 141100Z 14003KT 9999 FEW030 SCT100 27/22 Q1013=
14/10/2025 12:00,METAR SBSC 141200Z 08002KT 9999 FEW030 SCT100 28/21 Q1013=
14/10/2025 13:00,METAR SBSC 141300Z 16006KT 9999 FEW030 SCT050 29/20 Q1014=
14/10/2025 14:00,METAR SBSC 141400Z 14013KT 9999 FEW030 SCT050 28/20 Q1014=
14/10/2025 15:00,METAR SBSC 141500Z 15010KT 9999 FEW030 SCT050 28/21 Q1014=
14/10/2025 16:00,METAR SBSC 141600Z 15013G25KT 9999 FEW030 SCT050 27/19 Q1014=
14/10/2025 17:00,METAR SBSC 141700Z 15013G25KT 9999 FEW030 SCT070 26/20 Q1014=
14/10/2025 18:00,METAR COR SBSC 141800Z 15013G25KT 9999 FEW030 SCT070 26/20 Q1014=
14/10/2025 19:00,METAR COR SBSC 141900Z 15015G25KT 9999 FEW030 SCT070 24/21 Q1015=
14/10/2025 20:00,METAR SBSC 142000Z 15011KT 9999 SCT020 SCT030 BKN060 24/21 Q1016=
14/10/2025 21:00,METAR SBSC 142100Z 15010KT 9999 SCT020 SCT030 BKN060 23/21 Q1016=
14/10/2025 22:00,METAR SBSC 142200Z 15007KT 9999 FEW007 SCT025 BKN060 22/21 Q1017=
14/10/2025 23:00,METAR SBSC 142300Z 13007KT 9999 FEW007 SCT025 BKN060 22/20 Q1018=
15/10/2025 00:00,METAR SBSC 150000Z 12008KT 9999 FEW007 SCT025 BKN060 22/20 Q1019=
15/10/2025 01:00,METAR SBSC 150100Z 14007KT 9999 BKN020 22/19 Q1020=
15/10/2025 02:00,METAR SBSC 150200Z 17006KT 9999 BKN025 22/19 Q1020=
15/10/2025 03:00,METAR SBSC 150300Z 16005KT 9999 BKN025 22/19 Q1019=
15/10/2025 04:00,METAR SBSC 150400Z 18006KT 9999 BKN025 22/19 Q1019=
15/10/2025 05:00,METAR SBSC 150500Z 19004KT 9999 BKN025 22/19 Q1019=
15/10/2025 06:00,METAR SBSC 150600Z 18004KT 9999 BKN022 21/18 Q1018=
15/10/2025 07:00,METAR SBSC 150700Z 16003KT 9999 BKN020 21/18 Q1018=
15/10/2025 08:00,METAR SBSC 150800Z 17005KT 9999 FEW010 SCT020 20/17 Q1018=
15/10/2025 09:00,METAR SBSC 150900Z 15005KT 9999 FEW010 SCT020 20/17 Q1018=
15/10/2025 10:00,METAR SBSC 151000Z 13004KT 9999 FEW015 22/18 Q1020=
15/10/2025 11:00,METAR SBSC 151100Z 15005KT 9999 SCT015 23/18 Q1020=
15/10/2025 12:00,METAR SBSC 151200Z 15006KT 9999 SCT017 24/19 Q1021=
15/10/2025 13:00,METAR SBSC 151300Z 12009KT 9999 FEW015 SCT020 25/18 Q1021=
15/10/2025 14:00,METAR SBSC 151400Z 12010KT 9999 FEW017 25/19 Q1021=
15/10/2025 15:00,METAR SBSC 151500Z 11011KT 9999 FEW015 SCT021 24/18 Q1020=
15/10/2025 16:00,METAR SBSC 151600Z 11011KT 9999 SCT021 25/19 Q1019=
15/10/2025 17:00,METAR SBSC 151700Z 09010KT 9999 SCT020 24/18 Q1019=
15/10/2025 18:00,METAR SBSC 151800Z 11011KT 9999 SCT020 25/18 Q1018=
15/10/2025 19:00,METAR SBSC 151900Z 11008KT 9999 SCT020 24/18 Q1018=
15/10/2025 20:00,METAR SBSC 152000Z 10009KT 9999 SCT023 BKN042 23/18 Q1018=
15/10/2025 21:00,METAR SBSC 152100Z 07005KT 9999 FEW023 BKN042 23/17 Q1018=
15/10/2025 22:00,METAR SBSC 152200Z 09006KT 9999 BKN040 23/18 Q1019=
15/10/2025 23:00,METAR SBSC 152300Z 10006KT 9999 FEW017 OVC036 22/18 Q1019=
16/10/2025 00:00,METAR SBSC 160000Z 35003KT 9999 FEW023 OVC036 22/19 Q1019=
16/10/2025 01:00,METAR SBSC 160100Z 07004KT 9999 FEW010 SCT030 OVC040 22/18 Q1019=
16/10/2025 02:00,METAR SBSC 160200Z 05003KT 9999 FEW010 SCT030 OVC040 21/18 Q1019=
16/10/2025 03:00,METAR SBSC 160300Z 05002KT 8000 FEW010 SCT030 OVC040 22/18 Q1019=
16/10/2025 04:00,METAR SBSC 160400Z 07003KT 8000 FEW010 SCT030 OVC040 22/18 Q1019=
16/10/2025 05:00,METAR SBSC 160500Z 06005KT 8000 FEW010 SCT030 OVC040 21/17 Q1018=
16/10/2025 06:00,METAR SBSC 160600Z 05004KT 8000 FEW010 SCT030 OVC040 21/17 Q1018=
16/10/2025 07:00,METAR SBSC 160700Z 03005KT 8000 FEW010 SCT030 OVC040 20/16 Q1017=
16/10/2025 08:00,METAR SBSC 160800Z 01006KT 8000 FEW010 SCT030 OVC040 20/16 Q1017=
16/10/2025 09:00,METAR SBSC 160900Z 36005KT 8000 FEW010 SCT030 OVC040 20/16 Q1018=
16/10/2025 10:00,METAR SBSC 161000Z 01007KT 8000 FEW010 SCT030 OVC040 22/18 Q1018=
16/10/2025 11:00,METAR SBSC 161100Z 34006KT 9999 FEW030 OVC070 23/19 Q1018=
16/10/2025 12:00,METAR SBSC 161200Z 33007KT 9999 SCT025 BKN070 26/19 Q1018=
16/10/2025 13:00,METAR SBSC 161300Z 34006KT 9999 SCT025 BKN070 26/18 Q1017=
16/10/2025 14:00,METAR SBSC 161400Z 30005KT 9999 SCT025 SCT070 28/19 Q1016=
16/10/2025 15:00,METAR SBSC 161500Z 34005KT 9999 SCT025 SCT070 29/19 Q1015=
16/10/2025 16:00,METAR SBSC 161600Z 11010KT 9999 SCT030 28/20 Q1014=
16/10/2025 17:00,METAR SBSC 161700Z 10010KT 9999 FEW030 28/19 Q1014=
16/10/2025 18:00,METAR SBSC 161800Z 15007KT 9999 FEW030 27/18 Q1013=
16/10/2025 19:00,METAR SBSC 161900Z 16006KT 9999 FEW030 27/19 Q1013=
16/10/2025 20:00,METAR SBSC 162000Z 17007KT 9999 FEW030 25/19 Q1014=
16/10/2025 21:00,METAR SBSC 162100Z 17005KT 9999 FEW040 23/19 Q1014=
16/10/2025 22:00,METAR SBSC 162200Z 17007KT 9999 FEW040 22/20 Q1015=
16/10/2025 23:00,METAR SBSC 162300Z 15006KT 9999 SCT010 22/20 Q1015=
17/10/2025 00:00,METAR SBSC 170000Z 15005KT 9999 SCT010 SCT038 22/20 Q1015=
17/10/2025 01:00,METAR SBSC 170100Z 15005KT 9999 SCT009 BKN034 BKN093 22/20 Q1016=
17/10/2025 02:00,METAR SBSC 170200Z 16003KT 9999 FEW015 SCT034 BKN083 21/20 Q1015=
17/10/2025 03:00,METAR SBSC 170300Z 16003KT 9999 FEW009 SCT034 BKN083 21/20 Q1015=
17/10/2025 04:00,METAR SBSC 170400Z 18003KT 9999 FEW009 SCT020 21/20 Q1015=
17/10/2025 05:00,METAR SBSC 170500Z 17002KT 9999 FEW009 SCT020 21/19 Q1014=
17/10/2025 06:00,METAR SBSC 170600Z 31003KT 9999 FEW015 SCT027 20/19 Q1013=
17/10/2025 07:00,METAR SBSC 170700Z 01001KT CAVOK 20/19 Q1013=
17/10/2025 08:00,METAR SBSC 170800Z 23002KT CAVOK 19/19 Q1013=
17/10/2025 09:00,METAR SBSC 170900Z 00000KT CAVOK 20/19 Q1013=
17/10/2025 10:00,METAR SBSC 171000Z 10002KT 9999 FEW020 23/20 Q1014=
17/10/2025 11:00,METAR SBSC 171100Z 27004KT CAVOK 25/20 Q1014=
17/10/2025 12:00,METAR SBSC 171200Z 30007KT CAVOK 28/20 Q1013=
17/10/2025 13:00,METAR SBSC 171300Z 30010G22KT CAVOK 30/20 Q1012=
17/10/2025 14:00,METAR SBSC 171400Z 21007KT CAVOK 29/21 Q1012=
17/10/2025 15:00,METAR SBSC 171500Z 18008KT CAVOK 27/21 Q1011=
17/10/2025 16:00,METAR SBSC 171600Z 18009KT CAVOK 26/21 Q1010=
17/10/2025 17:00,METAR SBSC 171700Z 15013KT CAVOK 24/20 Q1011=
17/10/2025 18:00,METAR SBSC 171800Z 15011KT CAVOK 24/20 Q1010=
17/10/2025 19:00,METAR SBSC 171900Z 14010KT CAVOK 24/20 Q1010=
17/10/2025 20:00,METAR SBSC 172000Z 12006KT CAVOK 24/20 Q1010=
17/10/2025 21:00,METAR SBSC 172100Z 15005KT CAVOK 23/20 Q1009=
17/10/2025 22:00,METAR SBSC 172200Z 14004KT CAVOK 23/21 Q1010=
17/10/2025 23:00,METAR SBSC 172300Z 12005KT CAVOK 22/21 Q1011=
18/10/2025 00:00,METAR SBSC 180000Z 12002KT CAVOK 22/21 Q1011=
18/10/2025 01:00,METAR SBSC 180100Z 13002KT CAVOK 22/21 Q1011=
18/10/2025 02:00,METAR SBSC 180200Z 14002KT CAVOK 22/21 Q1011=
18/10/2025 03:00,METAR SBSC 180300Z 11005KT CAVOK 22/21 Q1010=
18/10/2025 04:00,METAR SBSC 180400Z 00000KT 9999 BKN010 22/21 Q1010=
18/10/2025 05:00,METAR SBSC 180500Z 23003KT 9999 BKN010 22/21 Q1010=
18/10/2025 06:00,METAR SBSC 180600Z 24003KT 9999 BKN010 22/20 Q1009=
18/10/2025 07:00,METAR SBSC 180700Z 24004KT 9999 BKN010 22/20 Q1008=
18/10/2025 08:00,METAR SBSC 180800Z 23004KT 9999 BKN010 22/20 Q1008=
18/10/2025 09:00,METAR SBSC 180900Z 14009KT 9999 SCT010 BKN020 22/20 Q1009=
18/10/2025 10:00,METAR SBSC 181000Z 10002KT 9999 SCT016 SCT030 24/21 Q1011=
18/10/2025 11:00,METAR SBSC 181100Z 30006KT 9999 SCT016 SCT030 24/21 Q1010=
18/10/2025 12:00,METAR SBSC 181200Z 35014KT 9999 SCT046 SCT070 25/21 Q1009=
18/10/2025 13:00,METAR SBSC 181300Z 34013KT CAVOK 28/22 Q1008=
18/10/2025 14:00,METAR SBSC 181400Z 32010KT CAVOK 32/22 Q1007=
18/10/2025 15:00,METAR SBSC 181500Z 32010KT CAVOK 31/22 Q1006=
18/10/2025 16:00,METAR SBSC 181600Z 33005KT CAVOK 31/22 Q1006=
18/10/2025 17:00,METAR SBSC 181700Z 19005KT CAVOK 29/22 Q1006=
18/10/2025 18:00,METAR SBSC 181800Z 19008KT CAVOK 24/21 Q1008=
18/10/2025 19:00,METAR SBSC 181900Z 16008KT CAVOK 24/21 Q1008=
18/10/2025 20:00,METAR SBSC 182000Z 15007KT CAVOK 24/21 Q1008=
18/10/2025 21:00,METAR SBSC 182100Z 16005KT 9999 FEW030 SCT050 BKN080 24/21 Q1009=
18/10/2025 22:00,METAR SBSC 182200Z 19004KT 9999 FEW030 SCT050 BKN080 23/21 Q1010=
18/10/2025 23:00,METAR SBSC 182300Z 19006KT 9999 TSRA FEW010 BKN035 FEW040CB 22/21 Q1011=
19/10/2025 00:00,METAR SBSC 190000Z 13002KT 4500 TSRA BR FEW010 BKN030 FEW040CB 22/21 Q1011=
19/10/2025 01:00,METAR SBSC 190100Z 10002KT 5000 TSRA BR FEW010 BKN030 FEW040CB 22/21 Q1012=
19/10/2025 02:00,METAR SBSC 190200Z 13002KT 8000 -RA FEW010 BKN030 22/21 Q1011 RETSRA=
19/10/2025 03:00,METAR SBSC 190300Z 18005KT 8000 -RA FEW010 OVC025 22/21 Q1011=
19/10/2025 04:00,METAR SBSC 190400Z 18012G25KT 4000 -RA BR BKN010 OVC025 22/21 Q1011=
19/10/2025 05:00,METAR SBSC 190500Z 18013G26KT 5000 -RA BR SCT010 OVC025 22/21 Q1011=
19/10/2025 06:00,METAR SBSC 190600Z 16006KT 5000 -RA BR SCT010 OVC025 22/21 Q1011=
19/10/2025 07:00,METAR COR SBSC 190700Z 18014G28KT 4000 -RA BR SCT010 OVC025 21/20 Q1012=
19/10/2025 08:00,METAR SBSC 190800Z 16014G28KT 4000 -RA BR SCT010 OVC025 20/19 Q1013=
19/10/2025 09:00,METAR SBSC 190900Z 19015G27KT 3000 -RA BR BKN010 OVC015 19/18 Q1016=
19/10/2025 10:00,METAR SBSC 191000Z 20015G27KT 5000 -RA BR SCT010 BKN015 OVC040 18/17 Q1018=
19/10/2025 11:00,METAR SBSC 191100Z 22011G22KT 5000 -RA BR SCT010 BKN015 OVC040 19/17 Q1018=
19/10/2025 12:00,METAR SBSC 191200Z 21012G24KT 6000 -RA SCT010 BKN015 OVC040 20/17 Q1019=
19/10/2025 13:00,METAR SBSC 191300Z 16010G22KT 8000 SCT010 BKN015 OVC050 21/18 Q1019=
19/10/2025 14:00,METAR SBSC 191400Z 15011G25KT 3000 -RA BR BKN009 BKN015 OVC050 20/17 Q1019=
19/10/2025 15:00,METAR SBSC 191500Z 16009KT 5000 BR SCT009 BKN015 OVC050 19/18 Q1020=
19/10/2025 16:00,METAR SBSC 191600Z 16009KT 8000 SCT009 BKN015 OVC050 20/18 Q1019=
19/10/2025 17:00,METAR SBSC 191700Z 15011KT 5000 BR SCT009 BKN015 OVC050 19/17 Q1019=
19/10/2025 18:00,METAR SBSC 191800Z 15010KT 5000 BR SCT009 BKN015 OVC050 21/17 Q1019=
19/10/2025 19:00,METAR SBSC 191900Z 13015G25KT 3000 -RA BR BKN009 BKN015 OVC050 18/16 Q1019=
19/10/2025 20:00,METAR SBSC 192000Z 16008KT 5000 BR SCT009 BKN015 OVC050 18/16 Q1020=
19/10/2025 21:00,METAR SBSC 192100Z 16008G25KT 5000 BR SCT009 BKN015 OVC050 18/16 Q1021=
19/10/2025 22:00,METAR SBSC 192200Z 19004KT 5000 BR SCT009 BKN015 OVC050 18/15 Q1021=
19/10/2025 23:00,METAR SBSC 192300Z 17008KT 5000 BR SCT009 BKN015 OVC050 18/16 Q1022=
20/10/2025 00:00,METAR SBSC 200000Z 19008KT 5000 BR SCT009 BKN015 OVC050 18/16 Q1022=
20/10/2025 01:00,METAR SBSC 200100Z 24006KT 9999 FEW009 SCT015 BKN080 17/15 Q1022=
20/10/2025 18:00,METAR SBSC 201800Z 14009KT 9999 BKN040 22/12 Q1024=
20/10/2025 19:00,METAR SBSC 201900Z 09013KT 9999 BKN040 21/12 Q1025=
20/10/2025 20:00,METAR SBSC 202000Z 10012KT 9999 BKN040 20/12 Q1025=
20/10/2025 21:00,METAR SBSC 202100Z 10008KT 9999 FEW040 BKN050 20/11 Q1025=
20/10/2025 22:00,METAR SBSC 202200Z 09004KT 9999 FEW040 BKN050 20/12 Q1026=
20/10/2025 23:00,METAR SBSC 202300Z 09004KT 9999 FEW040 BKN050 20/12 Q1026=
21/10/2025 00:00,METAR SBSC 210000Z 05002KT 9999 FEW040 BKN080 19/12 Q1027=
21/10/2025 01:00,METAR SBSC 210100Z 00000KT 9999 FEW040 BKN080 15/14 Q1027=
21/10/2025 02:00,METAR SBSC 210200Z 00000KT 8000 FEW010 SCT040 BKN080 16/15 Q1027=
21/10/2025 03:00,METAR SBSC 210300Z 36003KT 8000 FEW010 SCT040 BKN080 15/14 Q1027=
21/10/2025 04:00,METAR SBSC 210400Z 01005KT 8000 FEW010 SCT040 BKN080 15/14 Q1027=
21/10/2025 05:00,METAR SBSC 210500Z 03003KT 8000 FEW010 SCT040 BKN080 15/14 Q1026=
21/10/2025 06:00,METAR SBSC 210600Z 05004KT 8000 FEW010 SCT040 BKN080 15/14 Q1026=
21/10/2025 07:00,METAR SBSC 210700Z 01003KT 8000 FEW010 SCT040 BKN080 15/13 Q1025=
21/10/2025 08:00,METAR SBSC 210800Z 36005KT 8000 FEW010 SCT040 BKN080 15/13 Q1025=
21/10/2025 09:00,METAR SBSC 210900Z 02005KT 8000 FEW040 SCT080 15/13 Q1026=
21/10/2025 10:00,METAR SBSC 211000Z 01006KT 8000 FEW040 SCT080 16/13 Q1027=
21/10/2025 11:00,METAR SBSC 211100Z 35002KT 9999 FEW040 SCT080 20/14 Q1028=
21/10/2025 12:00,METAR SBSC 211200Z 14002KT 9999 SCT030 SCT070 21/13 Q1028=
21/10/2025 13:00,METAR SBSC 211300Z 12006KT 9999 SCT020 BKN040 OVC049 20/13 Q1028=
21/10/2025 14:00,METAR SBSC 211400Z 15003KT 9999 -RA FEW020 BKN030 OVC041 20/15 Q1028=
21/10/2025 15:00,METAR SBSC 211500Z 13005KT 9999 FEW025 SCT031 OVC040 20/16 Q1028=
21/10/2025 17:00,METAR SBSC 211700Z 05009KT 9999 FEW026 BKN043 BKN090 22/13 Q1026=
21/10/2025 18:00,NO DATA AVAILABLE
21/10/2025 19:00,METAR SBSC 211900Z 04012KT 9999 FEW036 SCT058 BKN094 22/13 Q1026=
21/10/2025 20:00,METAR SBSC 212000Z 01008KT 9999 FEW036 OVC066 21/13 Q1026=
21/10/2025 21:00,METAR SBSC 212100Z 03005KT 9999 FEW036 OVC050 21/12 Q1026=
21/10/2025 22:00,METAR SBSC 212200Z 02004KT 9999 FEW031 BKN050 OVC063 20/12 Q1027=
21/10/2025 23:00,METAR SBSC 212300Z 03004KT 9999 FEW031 SCT066 OVC077 20/12 Q1027=
22/10/2025 00:00,METAR SBSC 220000Z 34003KT 9999 FEW031 SCT066 OVC077 19/12 Q1027=
22/10/2025 01:00,METAR SBSC 220100Z 30002KT 9999 FEW031 SCT066 OVC077 18/13 Q1028=
22/10/2025 02:00,METAR SBSC 220200Z 30003KT CAVOK 17/14 Q1027=
22/10/2025 03:00,METAR SBSC 220300Z 26003KT CAVOK 15/14 Q1027=
22/10/2025 04:00,METAR SBSC 220400Z 07003KT CAVOK 16/13 Q1026=
22/10/2025 05:00,METAR SBSC 220500Z 04003KT CAVOK 16/13 Q1026=
22/10/2025 06:00,METAR SBSC 220600Z 07003KT CAVOK 16/13 Q1026=
22/10/2025 07:00,METAR SBSC 220700Z 04003KT 9999 FEW040 15/13 Q1026=
22/10/2025 08:00,METAR SBSC 220800Z 04004KT 9999 FEW040 15/13 Q1027=
22/10/2025 09:00,METAR SBSC 220900Z 04003KT 9999 FEW040 15/13 Q1027=
22/10/2025 10:00,METAR SBSC 221000Z 04004KT 9999 FEW040 15/13 Q1027=
22/10/2025 11:00,METAR SBSC 221100Z 33004KT 9999 FEW040 18/15 Q1028=
22/10/2025 12:00,METAR SBSC 221200Z 33005KT 9999 FEW033 22/15 Q1028=
22/10/2025 13:00,METAR SBSC 221300Z 34009KT 9999 SCT033 SCT040 24/13 Q1028=
22/10/2025 14:00,METAR SBSC 221400Z 13009KT 9999 SCT031 SCT043 BKN064 22/15 Q1028=
22/10/2025 15:00,METAR SBSC 221500Z 11010KT 9999 FEW030 SCT065 BKN083 24/14 Q1027=
22/10/2025 16:00,METAR SBSC 221600Z 08008KT 9999 FEW021 SCT066 BKN083 24/13 Q1027=
22/10/2025 17:00,METAR SBSC 221700Z 17006KT 9999 FEW021 BKN083 24/14 Q1026=
22/10/2025 18:00,METAR SBSC 221800Z 12010KT 9999 FEW021 BKN083 23/13 Q1026=
22/10/2025 19:00,METAR SBSC 221900Z 12010KT 9999 FEW015 SCT025 BKN070 22/14 Q1025=
22/10/2025 20:00,METAR SBSC 222000Z 11010KT 9999 FEW015 SCT025 BKN070 21/13 Q1025=
22/10/2025 21:00,METAR SBSC 222100Z 11009KT 9999 FEW015 SCT025 BKN070 21/14 Q1026=
22/10/2025 22:00,METAR SBSC 222200Z 10007KT 9999 FEW015 SCT025 BKN070 20/14 Q1026=
22/10/2025 23:00,METAR SBSC 222300Z 10005KT 9999 FEW015 SCT025 BKN070 20/14 Q1027=
23/10/2025 00:00,METAR SBSC 230000Z 00000KT 9999 FEW015 SCT025 BKN070 19/14 Q1027=
23/10/2025 01:00,METAR SBSC 230100Z 04006KT 9999 FEW015 SCT030 BKN070 19/14 Q1027=
23/10/2025 02:00,METAR SBSC 230200Z 05008KT 9999 FEW030 BKN083 19/14 Q1027=
23/10/2025 03:00,METAR SBSC 230300Z 03006KT 9999 FEW030 BKN073 BKN083 18/14 Q1027=
23/10/2025 04:00,METAR SBSC 230400Z 03007KT 9999 FEW030 BKN083 18/15 Q1026=
23/10/2025 05:00,METAR SBSC 230500Z 06010KT 9999 FEW030 SCT043 19/14 Q1026=
23/10/2025 06:00,METAR SBSC 230600Z 04006KT 9999 FEW041 SCT089 18/14 Q1025=
23/10/2025 07:00,METAR SBSC 230700Z 01003KT 9999 FEW041 SCT089 17/15 Q1025=
23/10/2025 08:00,METAR SBSC 230800Z 35005KT 9999 FEW041 16/15 Q1025=
23/10/2025 09:00,METAR SBSC 230900Z 36003KT CAVOK 17/15 Q1026=
23/10/2025 10:00,METAR SBSC 231000Z 36004KT CAVOK 19/15 Q1026=
23/10/2025 11:00,METAR SBSC 231100Z 03007KT CAVOK 21/15 Q1027=
23/10/2025 12:00,METAR SBSC 231200Z 03008KT 9999 FEW021 24/15 Q1027=
23/10/2025 13:00,METAR SBSC 231300Z 07010KT 9999 SCT025 25/12 Q1026=
23/10/2025 14:00,METAR SBSC 231400Z 03010KT 9999 SCT025 26/11 Q1026=
23/10/2025 15:00,METAR SBSC 231500Z 14013KT 9999 SCT025 26/10 Q1025=
23/10/2025 16:00,METAR SBSC 231600Z 09015KT 9999 SCT025 25/14 Q1023=
23/10/2025 17:00,METAR SBSC 231700Z 09015G25KT 9999 SCT025 25/16 Q1023=
23/10/2025 18:00,METAR SBSC 231800Z 09015KT 9999 SCT025 24/15 Q1023=
23/10/2025 19:00,METAR SBSC 231900Z 09015KT 9999 FEW020 BKN030 23/14 Q1023=
23/10/2025 20:00,METAR SBSC 232000Z 09016KT 9999 FEW030 BKN040 23/15 Q1023=
23/10/2025 21:00,METAR SBSC 232100Z 09011KT 9999 FEW030 BKN050 21/15 Q1024=
23/10/2025 22:00,METAR SBSC 232200Z 09007KT 9999 FEW030 BKN050 21/15 Q1024=
23/10/2025 23:00,METAR SBSC 232300Z 08005KT 9999 FEW040 SCT060 20/15 Q1025=
24/10/2025 00:00,METAR SBSC 240000Z 04003KT CAVOK 21/15 Q1025=
24/10/2025 01:00,METAR SBSC 240100Z 04006KT CAVOK 20/14 Q1025=
24/10/2025 02:00,METAR SBSC 240200Z 03009KT CAVOK 20/14 Q1025=
24/10/2025 03:00,METAR SBSC 240300Z 02007KT CAVOK 20/14 Q1025=
24/10/2025 04:00,METAR SBSC 240400Z 01007KT CAVOK 19/14 Q1024=
24/10/2025 05:00,METAR SBSC 240500Z 36006KT CAVOK 19/14 Q1024=
24/10/2025 06:00,METAR SBSC 240600Z 02005KT CAVOK 18/13 Q1023=
24/10/2025 07:00,METAR SBSC 240700Z 36005KT CAVOK 18/13 Q1023=
24/10/2025 08:00,METAR SBSC 240800Z 01009KT CAVOK 17/14 Q1024=
24/10/2025 09:00,METAR SBSC 240900Z 02007KT CAVOK 17/15 Q1025=
24/10/2025 10:00,METAR COR SBSC 241000Z 36007KT CAVOK 19/15 Q1024=
24/10/2025 11:00,METAR SBSC 241100Z 34006KT CAVOK 22/15 Q1025=
24/10/2025 12:00,METAR SBSC 241200Z 34006KT CAVOK 24/14 Q1025=
24/10/2025 13:00,METAR SBSC 241300Z 02004KT 9999 FEW030 25/14 Q1025=
24/10/2025 14:00,METAR SBSC 241400Z 31003KT 9999 FEW025 26/14 Q1024=
24/10/2025 15:00,METAR SBSC 241500Z 14009KT 9999 FEW025 26/14 Q1023=
24/10/2025 16:00,METAR SBSC 241600Z 15013KT 9999 FEW025 26/16 Q1021=
24/10/2025 17:00,METAR SBSC 241700Z 10016KT 9999 FEW025 26/16 Q1021=
24/10/2025 18:00,METAR SBSC 241800Z 10014KT 9999 FEW030 26/17 Q1020=
29/10/2025 23:00,METAR SBSC 292300Z 16008KT 9999 FEW020 BKN100 23/20 Q1015=
29/10/2025 23:00,METAR SBSC 292300Z 16008KT 9999 FEW020 BKN100 23/20 Q1015=
29/10/2025 23:00,METAR SBSC 292300Z 16008KT 9999 FEW020 BKN100 23/20 Q1015=
29/10/2025 23:00,METAR SBSC 292300Z 16008KT 9999 FEW020 BKN100 23/20 Q1015=
29/10/2025 23:00,METAR SBSC 292300Z 16008KT 9999 FEW020 BKN100 23/20 Q1015=
29/10/2025 23:00,METAR SBSC 292300Z 16008KT 9999 FEW020 BKN100 23/20 Q1015=
29/10/2025 23:00,METAR SBSC 292300Z 16008KT 9999 FEW020 BKN100 23/20 Q1015=
29/10/2025 23:00,METAR SBSC 292300Z 16008KT 9999 FEW020 BKN100 23/20 Q1015=
29/10/2025 23:00,METAR SBSC 292300Z 16008KT 9999 FEW020 BKN100 23/20 Q1015=
29/10/2025 23:00,METAR SBSC 292300Z 16008KT 9999 FEW020 BKN100 23/20 Q1015=
29/10/2025 23:00,METAR SBSC 292300Z 16008KT 9999 FEW020 BKN100 23/20 Q1015=
29/10/2025 23:00,METAR SBSC 292300Z 16008KT 9999 FEW020 BKN100 23/20 Q1015=
29/10/2025 23:00,METAR SBSC 292300Z 16008KT 9999 FEW020 BKN100 23/20 Q1015=
29/10/2025 23:00,METAR SBSC 292300Z 16008KT 9999 FEW020 BKN100 23/20 Q1015=
29/10/2025 23:00,METAR SBSC 292300Z 16008KT 9999 FEW020 BKN100 23/20 Q1015=
29/10/2025 23:00,METAR SBSC 292300Z 16008KT 9999 FEW020 BKN100 23/20 Q1015=
29/10/2025 23:00,METAR SBSC 292300Z 16008KT 9999 FEW020 BKN100 23/20 Q1015=
29/10/2025 23:00,METAR SBSC 292300Z 16008KT 9999 FEW020 BKN100 23/20 Q1015=
29/10/2025 23:00,METAR SBSC 292300Z 16008KT 9999 FEW020 BKN100 23/20 Q1015=
29/10/2025 23:00,METAR SBSC 292300Z 16008KT 9999 FEW020 BKN100 23/20 Q1015=
29/10/2025 23:00,METAR SBSC 292300Z 16008KT 9999 FEW020 BKN100 23/20 Q1015=
29/10/2025 23:00,METAR SBSC 292300Z 16008KT 9999 FEW020 BKN100 23/20 Q1015=
29/10/2025 23:00,METAR SBSC 292300Z 16008KT 9999 FEW020 BKN100 23/20 Q1015=
29/10/2025 23:00,METAR SBSC 292300Z 16008KT 9999 FEW020 BKN100 23/20 Q1015=
30/10/2025 00:00,METAR SBSC 300000Z 17012KT 9999 FEW020 BKN100 23/20 Q1015=
30/10/2025 01:00,METAR SBSC 300100Z 17011KT 9999 FEW010 BKN100 22/20 Q1016=
30/10/2025 02:00,METAR SBSC 300200Z 16010KT 9999 SCT008 BKN020 22/20 Q1016=
30/10/2025 03:00,METAR SBSC 300300Z 15008KT 9999 FEW008 BKN020 22/20 Q1016=
30/10/2025 04:00,METAR SBSC 300400Z 15008KT 9999 FEW010 BKN025 21/20 Q1015=
30/10/2025 05:00,METAR SBSC 300500Z 16009KT 9999 FEW010 BKN025 21/20 Q1015=
30/10/2025 06:00,METAR SBSC 300600Z 16010KT 9999 FEW010 BKN025 21/20 Q1015=
30/10/2025 07:00,METAR SBSC 300700Z 16010KT 8000 FEW010 BKN020 21/20 Q1015=
30/10/2025 08:00,METAR SBSC 300800Z 16011KT 6000 FEW010 BKN020 21/20 Q1015=
30/10/2025 09:00,METAR SBSC 300900Z 20011KT 8000 FEW010 BKN025 21/19 Q1017=
30/10/2025 10:00,METAR SBSC 301000Z 20009KT 9999 FEW010 BKN025 21/19 Q1018=
30/10/2025 11:00,METAR SBSC 301100Z 19010KT 9999 FEW010 BKN025 22/19 Q1018=
30/10/2025 12:00,METAR SBSC 301200Z 19010KT 9999 FEW010 BKN025 22/19 Q1018=
30/10/2025 13:00,METAR SBSC 301300Z 20010KT 8000 FEW015 BKN030 22/19 Q1019=
30/10/2025 14:00,METAR SBSC 301400Z 20010KT 8000 FEW015 BKN030 22/18 Q1019=
30/10/2025 15:00,METAR SBSC 301500Z 20008KT 8000 FEW010 BKN020 OVC030 22/18 Q1019=
30/10/2025 16:00,METAR SBSC 301600Z 21008KT 3000 -RA BR SCT007 BKN010 OVC030 19/18 Q1019=
30/10/2025 17:00,METAR SBSC 301700Z 20006KT 5000 -RA BR BKN007 BKN010 OVC030 20/19 Q1018=
30/10/2025 18:00,METAR SBSC 301800Z 20007KT 5000 BR BKN007 BKN010 OVC030 20/19 Q1017=
30/10/2025 19:00,METAR SBSC 301900Z 20008KT 3000 BR BKN005 BKN010 OVC027 20/19 Q1017=
30/10/2025 20:00,METAR SBSC 302000Z 19008KT 3000 BR BKN005 OVC013 19/18 Q1018=
30/10/2025 21:00,METAR SBSC 302100Z 20004KT 6000 OVC008 19/19 Q1018=
30/10/2025 22:00,METAR SBSC 302200Z 19004KT 8000 SCT008 OVC025 19/18 Q1019=
30/10/2025 23:00,METAR SBSC 302300Z 21004KT 9999 SCT014 OVC035 19/18 Q1019=
31/10/2025 00:00,METAR SBSC 310000Z 00000KT 9999 SCT014 BKN040 OVC068 20/18 Q1020=
31/10/2025 01:00,METAR SBSC 310100Z 03002KT 8000 SCT007 BKN020 OVC040 19/19 Q1020=
31/10/2025 02:00,METAR SBSC 310200Z 20003KT 8000 SCT007 BKN020 OVC040 19/18 Q1019=
31/10/2025 03:00,METAR SBSC 310300Z 18005KT 8000 SCT007 BKN020 OVC040 19/18 Q1018=
31/10/2025 04:00,METAR SBSC 310400Z 19005KT 8000 SCT007 BKN020 OVC040 19/18 Q1018=
31/10/2025 05:00,METAR SBSC 310500Z 18006KT 8000 SCT007 BKN020 OVC040 18/17 Q1017=
31/10/2025 06:00,METAR SBSC 310600Z 20006KT 8000 SCT007 BKN020 OVC040 18/17 Q1017=
31/10/2025 07:00,METAR SBSC 310700Z 21004KT 8000 SCT007 BKN020 OVC040 19/18 Q1016=
31/10/2025 08:00,METAR SBSC 310800Z 22004KT 8000 SCT007 BKN020 OVC040 19/18 Q1016=
31/10/2025 09:00,METAR SBSC 310900Z 35003KT 3000 -RA BR SCT003 BKN010 OVC040 19/18 Q1017=
31/10/2025 10:00,METAR SBSC 311000Z 33003KT 3000 -RA BR SCT003 BKN010 OVC040 19/19 Q1018=
31/10/2025 11:00,METAR SBSC 311100Z 01005KT 5000 BR FEW003 SCT010 OVC030 20/19 Q1018=
31/10/2025 12:00,METAR SBSC 311200Z 22002KT 5000 BR FEW003 BKN010 OVC030 20/19 Q1019=
31/10/2025 13:00,METAR COR SBSC 311300Z 32005KT 5000 TSRA SCT008 FEW030CB OVC040 21/19 Q1017=
31/10/2025 14:00,METAR SBSC 311400Z 34002KT 9999 FEW010 SCT021 BKN026 21/19 Q1017 RETSRA=
31/10/2025 15:00,METAR SBSC 311500Z 31002KT 7000 -RA FEW010 SCT021 OVC039 21/20 Q1017=
31/10/2025 16:00,METAR SBSC 311600Z 36005KT 9999 SCT012 BKN060 22/20 Q1015=
31/10/2025 17:00,METAR SBSC 311700Z 34004KT 9999 BKN011 BKN033 22/20 Q1015=
31/10/2025 18:00,METAR SBSC 311800Z 06004KT 9999 BKN013 BKN027 23/19 Q1015=
31/10/2025 19:00,METAR SBSC 311900Z 08002KT 9999 BKN013 BKN027 23/19 Q1015=
31/10/2025 20:00,METAR SBSC 312000Z 15003KT 9999 BKN010 BKN030 22/19 Q1015=
31/10/2025 21:00,METAR SBSC 312100Z 11004KT 9999 BKN010 OVC025 21/19 Q1016=
31/10/2025 22:00,METAR SBSC 312200Z 13001KT 9999 BKN010 OVC025 20/19 Q1016=
31/10/2025 23:00,METAR SBSC 312300Z 06001KT 8000 -RA BKN010 OVC025 20/19 Q1017=
01/11/2025 00:00,METAR SBSC 010000Z 18002KT 6000 BKN010 OVC025 20/19 Q1017=
01/11/2025 01:00,METAR SBSC 010100Z 30002KT 5000 BR BKN010 BKN021 OVC040 20/20 Q1017=
01/11/2025 02:00,METAR SBSC 010200Z 00000KT 5000 BR BKN010 BKN021 OVC040 20/20 Q1017=
01/11/2025 03:00,METAR SBSC 010300Z 33003KT 6000 BKN011 BKN021 OVC040 20/20 Q1016=
01/11/2025 04:00,METAR SBSC 010400Z 35002KT 5000 BR BKN011 BKN021 OVC040 20/20 Q1016=
01/11/2025 05:00,METAR SBSC 010500Z 34004KT 7000 OVC011 20/20 Q1015=
01/11/2025 06:00,METAR SBSC 010600Z 02005KT 7000 BKN011 20/20 Q1015=
01/11/2025 07:00,METAR SBSC 010700Z 02005KT 7000 BKN010 20/19 Q1015=
01/11/2025 08:00,METAR SBSC 010800Z 01003KT 7000 SCT010 19/19 Q1015=
01/11/2025 09:00,METAR SBSC 010900Z 02006KT 8000 FEW010 20/19 Q1016=
01/11/2025 10:00,METAR SBSC 011000Z 01006KT 9999 FEW015 22/20 Q1017=
01/11/2025 11:00,METAR SBSC 011100Z 01007KT 9999 FEW012 24/21 Q1017=
01/11/2025 12:00,METAR SBSC 011200Z 36007KT 9999 FEW016 25/20 Q1017=
01/11/2025 13:00,METAR SBSC 011300Z 01006KT 9999 FEW018 26/20 Q1016=
01/11/2025 14:00,METAR SBSC 011400Z 04004KT 9999 SCT018 28/20 Q1016=
01/11/2025 15:00,METAR SBSC 011500Z 13008KT 9999 SCT018 28/20 Q1015=
01/11/2025 16:00,METAR SBSC 011600Z 20006KT 9999 FEW020 28/20 Q1014=
01/11/2025 17:00,METAR SBSC 011700Z 20008KT CAVOK 27/20 Q1014=
01/11/2025 18:00,METAR SBSC 011800Z 19007KT CAVOK 27/19 Q1013=
01/11/2025 19:00,METAR SBSC 011900Z 16007KT 9999 FEW030TCU 29/19 Q1013=
01/11/2025 20:00,METAR SBSC 012000Z 14007KT 9999 FEW030TCU 25/19 Q1013=
01/11/2025 21:00,METAR SBSC 012100Z 21004KT 9999 SCT017 FEW040TCU 23/20 Q1014=
01/11/2025 22:00,METAR SBSC 012200Z 20006KT 9999 BKN020 FEW030TCU 21/20 Q1015=
01/11/2025 23:00,METAR SBSC 012300Z 20006KT 9999 SCT008 BKN030 FEW040TCU 22/20 Q1015=
02/11/2025 00:00,METAR SBSC 020000Z 20005KT 9999 SCT008 BKN030 22/20 Q1016=
02/11/2025 01:00,METAR SBSC 020100Z 20002KT 5000 BR SCT008 BKN030 OVC050 22/20 Q1016=
02/11/2025 02:00,METAR SBSC 020200Z 21003KT 5000 BR SCT008 BKN030 OVC050 22/20 Q1015=
02/11/2025 03:00,METAR SBSC 020300Z 27004KT 5000 BR SCT008 BKN030 OVC050 22/20 Q1014=
02/11/2025 04:00,METAR SBSC 020400Z 36005KT 5000 BR SCT008 BKN030 OVC050 21/19 Q1014=
02/11/2025 05:00,METAR SBSC 020500Z 01004KT 5000 BR SCT008 BKN030 OVC050 21/19 Q1013=
02/11/2025 06:00,METAR SBSC 020600Z 05005KT 5000 BR SCT008 BKN030 OVC050 21/19 Q1012=
02/11/2025 07:00,METAR SBSC 020700Z 03006KT 5000 BR SCT008 BKN030 OVC050 22/21 Q1012=
02/11/2025 08:00,METAR SBSC 020800Z 01006KT 5000 BR SCT008 BKN030 OVC050 22/21 Q1012=
02/11/2025 09:00,METAR SBSC 020900Z 35003KT 8000 FEW008 SCT030 BKN070 22/21 Q1013=
02/11/2025 10:00,METAR SBSC 021000Z 36006KT 8000 FEW008 SCT030 BKN070 24/21 Q1013=
02/11/2025 11:00,METAR SBSC 021100Z 01007KT 8000 FEW008 SCT030 BKN070 26/22 Q1013=
02/11/2025 12:00,METAR SBSC 021200Z 19005KT 8000 BKN008 OVC030 24/21 Q1014=
02/11/2025 13:00,METAR SBSC 021300Z 18011KT 6000 BKN007 OVC030 23/21 Q1014=
02/11/2025 14:00,METAR SBSC 021400Z 18011KT 7000 BKN008 OVC020 23/20 Q1015=
02/11/2025 15:00,METAR SBSC 021500Z 17009KT 8000 SCT010 BKN030 OVC100 23/21 Q1014=
02/11/2025 16:00,METAR SBSC 021600Z 17008KT 9000 SCT010 BKN025 OVC080 23/21 Q1013=
02/11/2025 17:00,METAR SBSC 021700Z 14004KT 8000 -RA SCT010 BKN025 OVC080 23/21 Q1012=
02/11/2025 18:00,METAR SBSC 021800Z 05003KT 8000 -RA SCT015 BKN025 OVC080 23/21 Q1011=
02/11/2025 19:00,METAR COR SBSC 021900Z 02005KT 8000 FEW015 BKN035 OVC080 24/21 Q1011=
02/11/2025 20:00,METAR SBSC 022000Z 35007KT 8000 FEW015 BKN040 OVC100 23/21 Q1010=
02/11/2025 21:00,METAR SBSC 022100Z 36011KT 7000 FEW020 SCT050 OVC100 23/21 Q1009=
02/11/2025 22:00,METAR SBSC 022200Z 35006KT 7000 FEW020 SCT050 OVC100 23/22 Q1009=
02/11/2025 23:00,METAR SBSC 022300Z 34006KT 7000 FEW020 SCT050 OVC100 23/22 Q1009=
03/11/2025 00:00,METAR SBSC 030000Z 01007KT 7000 FEW010 SCT050 OVC100 23/22 Q1010=
03/11/2025 01:00,METAR SBSC 030100Z 35008KT 5000 BR FEW010 SCT050 OVC100 23/22 Q1010=
03/11/2025 02:00,METAR SBSC 030200Z 02007KT 6000 FEW010 SCT050 OVC100 23/22 Q1010=
03/11/2025 03:00,METAR SBSC 030300Z 04006KT 6000 FEW010 SCT050 OVC100 23/22 Q1010=
03/11/2025 04:00,METAR SBSC 030400Z 35006KT 5000 BR FEW010 SCT050 OVC100 23/21 Q1010=
03/11/2025 05:00,METAR SBSC 030500Z 34007KT 5000 BR FEW010 SCT050 OVC100 22/21 Q1010=
03/11/2025 06:00,METAR SBSC 030600Z 33007KT 4000 -RA BR FEW012 SCT040 OVC100 22/21 Q1009=
03/11/2025 07:00,METAR SBSC 030700Z 31005KT 5000 BR FEW012 SCT040 OVC100 22/21 Q1009=
03/11/2025 08:00,METAR SBSC 030800Z 35006KT 5000 BR FEW012 SCT040 OVC100 21/20 Q1009=
03/11/2025 09:00,METAR SBSC 030900Z 13002KT 8000 FEW012 BKN100 22/21 Q1009=
03/11/2025 10:00,METAR SBSC 031000Z 29002KT 9000 FEW012 BKN100 24/21 Q1009=
03/11/2025 11:00,METAR SBSC 031100Z 24004KT 9999 FEW012 BKN100 26/21 Q1010=
03/11/2025 12:00,METAR SBSC 031200Z 18005KT 9999 FEW012 BKN100 27/22 Q1011=
03/11/2025 13:00,METAR SBSC 031300Z 17009KT 9999 FEW012 BKN100 26/22 Q1011=
03/11/2025 14:00,METAR SBSC 031400Z 18012KT 9999 FEW030 BKN100 26/21 Q1011=
03/11/2025 15:00,NO DATA AVAILABLE
03/11/2025 16:00,METAR SBSC 031600Z 18011KT 9999 SCT030 BKN100 25/20 Q1010=
03/11/2025 18:00,METAR SBSC 031800Z 18008KT 9999 SCT030 BKN100 23/20 Q1010=
03/11/2025 19:00,METAR SBSC 031900Z 18007KT 9999 SCT030 BKN100 24/20 Q1010=
03/11/2025 20:00,METAR SBSC 032000Z 18008KT 9999 SCT030 BKN100 23/20 Q1010=
03/11/2025 21:00,METAR SBSC 032100Z 17007KT 9999 SCT030 BKN100 22/20 Q1011=
03/11/2025 22:00,METAR SBSC 032200Z 17004KT 9999 BKN025 BKN100 22/20 Q1012=
03/11/2025 23:00,METAR SBSC 032300Z 17003KT 9999 BKN025 BKN100 23/19 Q1012=
04/11/2025 00:00,METAR SBSC 040000Z 05003KT 3000 -TSRA BR BKN025 FEW030CB BKN100 22/20 Q1012=
04/11/2025 01:00,METAR SBSC 040100Z 13004KT 8000 -RA BKN020 BKN100 22/20 Q1013 RETS=
04/11/2025 02:00,METAR SBSC 040200Z 24002KT 9000 BKN020 BKN100 21/21 Q1013=
04/11/2025 03:00,METAR SBSC 040300Z 26002KT 9999 FEW010 BKN020 21/20 Q1013=
04/11/2025 04:00,METAR SBSC 040400Z 25002KT 9999 FEW010 BKN020 21/20 Q1012=
04/11/2025 05:00,METAR SBSC 040500Z 26001KT 9999 FEW010 BKN020 21/20 Q1012=
04/11/2025 06:00,METAR SBSC 040600Z 27002KT 9999 FEW010 BKN020 21/20 Q1011=
04/11/2025 07:00,METAR SBSC 040700Z 26002KT 9999 FEW010 SCT020 21/20 Q1011=
04/11/2025 08:00,METAR SBSC 040800Z 24003KT 9999 FEW010 SCT020 21/20 Q1011=
04/11/2025 09:00,METAR SBSC 040900Z 36009KT 9999 FEW030 BKN080 22/20 Q1010=
04/11/2025 10:00,METAR SBSC 041000Z 16005KT 8000 FEW010 BKN015 24/21 Q1013=
04/11/2025 11:00,METAR SBSC 041100Z 19007KT 8000 FEW010 BKN012 23/21 Q1014=
04/11/2025 12:00,METAR SBSC 041200Z 18007KT 9999 FEW007 BKN014 23/21 Q1014=
04/11/2025 13:00,NO DATA AVAILABLE
04/11/2025 14:00,METAR SBSC 041400Z 18011KT 9999 SCT010 SCT013 BKN031 25/21 Q1014=
04/11/2025 15:00,METAR SBSC 041500Z 19011KT 9999 FEW010 BKN021 BKN045 26/20 Q1014=
04/11/2025 16:00,METAR SBSC 041600Z 17012KT 9999 FEW021 SCT083 26/10 Q1013=
04/11/2025 17:00,METAR SBSC 041700Z 18011KT 9999 FEW026 BKN033 26/20 Q1013=
04/11/2025 18:00,METAR SBSC 041800Z 17009KT 9999 FEW025 OVC033 25/20 Q1012=
04/11/2025 19:00,METAR SBSC 041900Z 17009KT 9999 SCT021 OVC034 24/20 Q1012=
04/11/2025 20:00,METAR SBSC 042000Z 18005KT 9999 SCT021 OVC036 23/20 Q1012=
04/11/2025 21:00,METAR SBSC 042100Z 20006KT 9999 FEW025 OVC033 23/20 Q1013=
04/11/2025 22:00,METAR SBSC 042200Z 21004KT 9999 FEW025 OVC033 23/21 Q1014=
04/11/2025 23:00,NO DATA AVAILABLE
05/11/2025 00:00,METAR SBSC 050000Z 23002KT 9999 TS FEW025 FEW030CB SCT033 BKN083 23/21 Q1015=
05/11/2025 01:00,METAR SBSC 050100Z 35003KT 8000 FEW010 SCT030 BKN050 22/21 Q1014 RETS=
05/11/2025 02:00,METAR SBSC 050200Z 01004KT 8000 FEW010 SCT030 BKN050 22/21 Q1014=
05/11/2025 03:00,METAR SBSC 050300Z 36005KT 8000 FEW010 SCT030 BKN050 22/21 Q1014=
05/11/2025 04:00,METAR SBSC 050400Z 35003KT 8000 FEW010 SCT030 BKN050 22/20 Q1013=
05/11/2025 05:00,METAR SBSC 050500Z 01005KT 8000 FEW010 SCT030 BKN050 22/20 Q1013=
05/11/2025 06:00,METAR SBSC 050600Z 01006KT 8000 FEW010 SCT030 BKN050 22/20 Q1012=
05/11/2025 07:00,METAR SBSC 050700Z 35009KT 8000 FEW030 SCT050 22/20 Q1011=
05/11/2025 08:00,METAR SBSC 050800Z 03010KT 8000 FEW030 SCT050 23/21 Q1012=
05/11/2025 09:00,METAR SBSC 050900Z 36012KT CAVOK 24/21 Q1011=
05/11/2025 10:00,METAR SBSC 051000Z 01012KT CAVOK 25/22 Q1011=
05/11/2025 11:00,METAR SBSC 051100Z 36011KT CAVOK 26/22 Q1012=
05/11/2025 12:00,NO DATA AVAILABLE
05/11/2025 13:00,NO DATA AVAILABLE
05/11/2025 14:00,METAR SBSC 051400Z 33011KT CAVOK 33/21 Q1009=
05/11/2025 15:00,METAR SBSC 051500Z 20006KT CAVOK 34/22 Q1008=
05/11/2025 16:00,NO DATA AVAILABLE
05/11/2025 17:00,METAR SBSC 051700Z 18006KT 9999 FEW040 29/22 Q1008=
05/11/2025 18:00,METAR SBSC 051800Z 20005KT 9999 FEW040 28/22 Q1007=
05/11/2025 19:00,NO DATA AVAILABLE
05/11/2025 20:00,METAR SBSC 052000Z 18007KT 9999 SCT025 24/22 Q1008=
05/11/2025 21:00,METAR SBSC 052100Z 18007KT 9999 VCTS SCT025 SCT040 FEW045CB 24/22 Q1009=
05/11/2025 22:00,NO DATA AVAILABLE
05/11/2025 23:00,METAR SBSC 052300Z 02002KT 9999 VCTS SCT025 SCT040 FEW045CB 24/22 Q1009=
06/11/2025 00:00,METAR SBSC 060000Z 31002KT 9999 FEW025 SCT070 24/22 Q1010=
06/11/2025 01:00,METAR SBSC 060100Z 05001KT 9999 FEW025 BKN050 24/22 Q1010=
06/11/2025 02:00,METAR SBSC 060200Z 00000KT 9999 FEW025 SCT050 BKN076 24/22 Q1011=
06/11/2025 03:00,METAR SBSC 060300Z 17002KT 9999 FEW025 SCT050 24/22 Q1011=
06/11/2025 04:00,METAR SBSC 060400Z 23003KT 9999 FEW025 SCT050 24/22 Q1011=
06/11/2025 05:00,METAR SBSC 060500Z 21010KT 9999 FEW025 BKN032 24/21 Q1011=
06/11/2025 06:00,METAR SBSC 060600Z 21009KT 9999 SCT025 OVC032 23/21 Q1012=
06/11/2025 07:00,METAR SBSC 060700Z 20012KT 9999 SCT019 BKN025 23/21 Q1012=
06/11/2025 08:00,METAR SBSC 060800Z 21016G27KT 9999 SCT019 BKN025 24/19 Q1013=
06/11/2025 09:00,METAR SBSC 060900Z 20013G26KT 9999 FEW019 SCT025 BKN050 23/19 Q1014=
06/11/2025 10:00,METAR SBSC 061000Z 22012G24KT 9999 FEW025 SCT050 BKN067 23/19 Q1015=
06/11/2025 11:00,METAR SBSC 061100Z 20011G21KT 9999 SCT025 OVC040 22/19 Q1016=
06/11/2025 12:00,METAR SBSC 061200Z 20010KT 5000 BR SCT007 BKN016 OVC026 21/20 Q1017=
06/11/2025 13:00,METAR SBSC 061300Z 21010KT 3000 -RA BR BKN010 BKN015 OVC050 21/19 Q1017=
06/11/2025 14:00,NO DATA AVAILABLE
06/11/2025 15:00,NO DATA AVAILABLE
06/11/2025 16:00,METAR SBSC 061600Z 22008KT 5000 BR SCT008 BKN015 OVC030 22/19 Q1016=
06/11/2025 17:00,METAR SBSC 061700Z 22009KT 8000 SCT008 BKN015 OVC040 22/18 Q1016=
06/11/2025 18:00,METAR SBSC 061800Z 22008KT 8000 SCT008 BKN015 OVC040 23/18 Q1016=
06/11/2025 19:00,NO DATA AVAILABLE
06/11/2025 20:00,NO DATA AVAILABLE
06/11/2025 21:00,METAR SBSC 062100Z 21009KT 8000 FEW008 BKN020 OVC050 22/17 Q1016=
06/11/2025 22:00,METAR SBSC 062200Z 21009KT 8000 FEW010 BKN020 OVC050 21/16 Q1017=
06/11/2025 23:00,METAR SBSC 062300Z 23005KT 8000 FEW010 BKN020 OVC050 21/16 Q1017=
07/11/2025 00:00,METAR SBSC 070000Z 24004KT 8000 FEW010 BKN020 OVC050 20/17 Q1017=
07/11/2025 01:00,METAR SBSC 070100Z 24003KT 9999 SCT030 BKN035 20/17 Q1017=
07/11/2025 02:00,METAR SBSC 070200Z 16009KT 9999 SCT020 BKN035 20/17 Q1017=
07/11/2025 03:00,METAR SBSC 070300Z 18008KT 8000 -RA SCT017 BKN035 19/17 Q1017=
07/11/2025 04:00,METAR SBSC 070400Z 14006KT 7000 -RA SCT017 BKN035 19/17 Q1017=
07/11/2025 05:00,METAR SBSC 070500Z 16006KT 7000 -RA SCT017 BKN030 19/17 Q1017=
07/11/2025 06:00,METAR SBSC 070600Z 13007KT 8000 -RA SCT015 BKN030 19/18 Q1017=
07/11/2025 07:00,METAR SBSC 070700Z 10006KT 8000 FEW015 BKN030 19/18 Q1017=
07/11/2025 08:00,METAR SBSC 070800Z 12006KT 9999 FEW012 SCT030 20/18 Q1017=
07/11/2025 09:00,METAR SBSC 070900Z 12006KT 9999 FEW012 SCT030 20/19 Q1016=
07/11/2025 10:00,METAR SBSC 071000Z 11005KT 9999 FEW012 SCT030 21/19 Q1016=
07/11/2025 11:00,NO DATA AVAILABLE
07/11/2025 12:00,NO DATA AVAILABLE
07/11/2025 13:00,METAR SBSC 071300Z 36004KT 9999 FEW010 BKN018 BKN050 22/17 Q1016=
07/11/2025 14:00,NO DATA AVAILABLE
07/11/2025 15:00,NO DATA AVAILABLE
07/11/2025 16:00,METAR SBSC 071600Z 09010KT 9999 FEW015 BKN025 22/16 Q1013=
07/11/2025 17:00,NO DATA AVAILABLE
07/11/2025 18:00,METAR SBSC 071800Z 09007KT 9999 FEW015 BKN030 23/16 Q1010=
07/11/2025 19:00,METAR SBSC 071900Z 09008KT 9999 FEW015 BKN028 23/16 Q1009=
07/11/2025 20:00,METAR SBSC 072000Z 07009KT 9999 FEW015 BKN030 23/17 Q1010=
07/11/2025 21:00,METAR SBSC 072100Z 07010KT 9999 FEW015 BKN030 22/17 Q1009=
07/11/2025 22:00,NO DATA AVAILABLE
07/11/2025 23:00,METAR SBSC 072300Z 02006KT 9999 FEW015 BKN030 22/17 Q1009=
08/11/2025 00:00,METAR SBSC 080000Z 01007KT 9999 FEW020 BKN030 22/16 Q1009=
08/11/2025 01:00,METAR SBSC 080100Z 05007KT 9999 SCT020 BKN040 21/17 Q1008=
08/11/2025 02:00,METAR SBSC 080200Z 03008KT 9999 SCT020 BKN040 21/17 Q1008=
08/11/2025 03:00,METAR SBSC 080300Z 36010KT 9999 SCT020 BKN040 22/18 Q1007=
08/11/2025 04:00,METAR SBSC 080400Z 32015G30KT 9999 SCT020 BKN040 22/18 Q1005=
08/11/2025 05:00,METAR SBSC 080500Z 35017G30KT 9999 SCT020 BKN040 22/18 Q1004=
08/11/2025 06:00,METAR SBSC 080600Z 33021G32KT 9999 SCT020 BKN040 22/17 Q1003=
08/11/2025 07:00,METAR SBSC 080700Z 35017G30KT 9999 SCT020 BKN040 22/17 Q1002=
08/11/2025 08:00,METAR SBSC 080800Z 36018G30KT 9999 SCT020 BKN040 24/19 Q1002=
08/11/2025 09:00,METAR SBSC 080900Z 21009G21KT 3000 -RA BR BKN010 BKN020 OVC040 21/19 Q1008=
08/11/2025 10:00,METAR SBSC 081000Z 36013KT 5000 -RA BR BKN010 BKN020 OVC040 21/20 Q1007 RETSRA=
08/11/2025 11:00,METAR SBSC 081100Z 36006KT 8000 SCT015 BKN070 21/20 Q1006=
08/11/2025 12:00,METAR SBSC 081200Z 01013KT 8000 SCT015 BKN070 22/21 Q1005=
08/11/2025 13:00,METAR SBSC 081300Z 33017G30KT 9999 FEW015 BKN070 24/20 Q1005=
08/11/2025 14:00,METAR SBSC 081400Z 33012G22KT 9999 FEW023 SCT035 BKN070 24/21 Q1004=
08/11/2025 15:00,METAR SBSC 081500Z 33009G20KT 9999 FEW023 SCT035 BKN070 26/21 Q1004=
08/11/2025 16:00,METAR SBSC 081600Z 33017G28KT 9999 FEW020 SCT035 BKN083 27/21 Q1003=
08/11/2025 17:00,METAR SBSC 081700Z 33011G21KT 9999 FEW030 SCT045 BKN100 27/21 Q1002=
08/11/2025 18:00,METAR SBSC 081800Z 34016G26KT 9999 FEW030 SCT050 BKN100 27/21 Q1002=
08/11/2025 19:00,METAR SBSC 081900Z 32012G23KT 9999 FEW040 BKN100 27/20 Q1001=
08/11/2025 20:00,METAR SBSC 082000Z 18010KT 9999 FEW045 BKN100 26/20 Q1003=
08/11/2025 21:00,METAR SBSC 082100Z 20007KT CAVOK 25/20 Q1004=
08/11/2025 22:00,METAR SBSC 082200Z 20008G19KT CAVOK 24/19 Q1007=
08/11/2025 23:00,METAR SBSC 082300Z 19010KT 9999 BKN046 23/18 Q1009=
09/11/2025 00:00,METAR SBSC 090000Z 19011G22KT 9999 FEW020 SCT031 BKN050 24/17 Q1010=
09/11/2025 01:00,METAR SBSC 090100Z 20007KT 9999 FEW020 BKN050 24/18 Q1010=
09/11/2025 02:00,METAR SBSC 090200Z 19013G31KT 9999 FEW020 BKN050 OVC080 23/18 Q1011=
09/11/2025 03:00,METAR SBSC 090300Z 19010G22KT 9999 FEW020 BKN050 OVC080 23/18 Q1012=
09/11/2025 04:00,METAR SBSC 090400Z 19011G21KT 9999 FEW020 BKN050 OVC100 23/18 Q1012=
09/11/2025 05:00,METAR SBSC 090500Z 19013KT 9999 FEW020 BKN050 OVC100 23/18 Q1012=
09/11/2025 06:00,METAR SBSC 090600Z 19014G26KT 9999 FEW020 BKN030 OVC080 23/18 Q1013=
09/11/2025 07:00,METAR SBSC 090700Z 16013G28KT 9999 FEW007 BKN015 OVC040 21/18 Q1014=
09/11/2025 08:00,METAR SBSC 090800Z 16013G25KT 9999 FEW007 BKN015 OVC040 20/18 Q1014=
09/11/2025 09:00,METAR SBSC 090900Z 19008KT 9999 FEW010 BKN020 OVC035 20/18 Q1016=
09/11/2025 10:00,METAR SBSC 091000Z 21006KT 9999 FEW007 BKN012 OVC025 19/18 Q1016=
09/11/2025 11:00,METAR SBSC 091100Z 22007KT 9999 FEW007 SCT015 BKN030 21/18 Q1017=
09/11/2025 12:00,METAR SBSC 091200Z 20008KT 9999 FEW007 BKN017 22/18 Q1018=
09/11/2025 13:00,METAR SBSC 091300Z 19012KT 9999 SCT015 BKN030 BKN050 23/18 Q1018=
09/11/2025 14:00,METAR SBSC 091400Z 18012KT 9999 SCT015 BKN030 BKN050 23/19 Q1018=
09/11/2025 15:00,METAR SBSC 091500Z 17011KT 8000 SCT015 SCT030 BKN070 22/18 Q1018=
09/11/2025 16:00,METAR SBSC 091600Z 180P99KT 8000 SCT015 SCT030 BKN070 24/19 Q1018=
09/11/2025 17:00,METAR SBSC 091700Z 17013KT 8000 FEW015 SCT030 BKN070 23/17 Q1017=
09/11/2025 18:00,METAR SBSC 091800Z 17011KT 8000 SCT020 SCT030 BKN070 23/18 Q1018=
09/11/2025 19:00,METAR SBSC 091900Z 14011KT 8000 SCT020 BKN030 BKN070 21/17 Q1018=
09/11/2025 20:00,METAR SBSC 092000Z 14006KT 8000 SCT020 BKN030 BKN070 21/17 Q1018=
09/11/2025 21:00,METAR SBSC 092100Z 17004KT 8000 SCT020 BKN030 BKN070 21/17 Q1018=
09/11/2025 22:00,METAR SBSC 092200Z 20007KT 8000 SCT020 BKN040 BKN070 20/17 Q1019=
09/11/2025 23:00,METAR SBSC 092300Z 19007KT 8000 SCT020 BKN040 BKN070 20/16 Q1020=
10/11/2025 00:00,METAR SBSC 100000Z 22003KT 8000 SCT020 BKN040 BKN050 20/17 Q1020=
10/11/2025 01:00,METAR SBSC 100100Z 18004KT 9999 FEW015 BKN040 19/17 Q1020=
10/11/2025 02:00,METAR SBSC 100200Z 18006KT 9999 FEW015 SCT025 BKN030 19/18 Q1020=
10/11/2025 03:00,METAR SBSC 100300Z 23003KT 9999 FEW015 SCT025 BKN035 19/18 Q1020=
10/11/2025 04:00,METAR SBSC 100400Z 26002KT 9999 FEW015 SCT025 BKN060 19/18 Q1019=
10/11/2025 05:00,METAR SBSC 100500Z 23002KT 9999 FEW015 BKN025 18/17 Q1019=
10/11/2025 06:00,METAR SBSC 100600Z 20003KT 8000 -RA FEW015 BKN025 18/17 Q1019=
10/11/2025 07:00,METAR SBSC 100700Z 21003KT 8000 -RA FEW015 BKN025 18/17 Q1018=
10/11/2025 08:00,METAR SBSC 100800Z 24002KT 8000 FEW012 SCT025 19/17 Q1018=
10/11/2025 09:00,METAR SBSC 100900Z 21004KT 9999 FEW012 SCT025 19/17 Q1019=
10/11/2025 10:00,METAR SBSC 101000Z 18003KT 9999 FEW012 SCT027 19/18 Q1019=
10/11/2025 11:00,METAR SBSC 101100Z 19005KT 9999 SCT010 BKN025 21/17 Q1021=
10/11/2025 12:00,METAR SBSC 101200Z 17006KT 9999 FEW010 SCT025 22/16 Q1021=
10/11/2025 13:00,METAR SBSC 101300Z 18008KT 9999 FEW020 SCT030 23/15 Q1021=
10/11/2025 14:00,METAR SBSC 101400Z 18009KT 9999 SCT020 SCT050 23/15 Q1021=
10/11/2025 15:00,METAR SBSC 101500Z 19009KT 9999 SCT020 SCT050 24/15 Q1021=
10/11/2025 16:00,METAR SBSC 101600Z 18009KT 9999 SCT030 SCT070 24/15 Q1020=
10/11/2025 17:00,METAR SBSC 101700Z 17010KT 9999 SCT030 SCT070 24/16 Q1020=
10/11/2025 18:00,METAR SBSC 101800Z 17010KT 9999 SCT030 SCT070 23/14 Q1020=
10/11/2025 19:00,METAR SBSC 101900Z 17011KT 9999 SCT030 SCT070 22/16 Q1020=
10/11/2025 20:00,METAR SBSC 102000Z 17009KT 9999 SCT030 SCT070 22/17 Q1020=
10/11/2025 21:00,METAR SBSC 102100Z 18007KT 9999 SCT030 SCT070 21/16 Q1020=
10/11/2025 22:00,METAR SBSC 102200Z 18005KT 9999 SCT030 SCT070 21/15 Q1021=
10/11/2025 23:00,METAR SBSC 102300Z 18005KT 9999 SCT030 SCT070 21/15 Q1021=
11/11/2025 00:00,METAR SBSC 110000Z 19003KT 9999 SCT030 SCT070 20/15 Q1021=
11/11/2025 01:00,METAR SBSC 110100Z 18003KT 9999 SCT030 OVC050 20/15 Q1021=
11/11/2025 02:00,METAR SBSC 110200Z 18003KT 9999 SCT030 BKN050 19/15 Q1021=
11/11/2025 03:00,METAR SBSC 110300Z 00000KT 9999 SCT025 SCT066 18/16 Q1021=
11/11/2025 04:00,METAR SBSC 110400Z 17003KT 9999 FEW025 SCT066 17/15 Q1020=
11/11/2025 05:00,METAR SBSC 110500Z 00000KT CAVOK 16/15 Q1020=
11/11/2025 06:00,METAR SBSC 110600Z 02001KT 9999 FEW046 SCT073 16/15 Q1020=
11/11/2025 07:00,METAR SBSC 110700Z 18001KT 9999 FEW046 BKN073 16/16 Q1020=
11/11/2025 08:00,METAR SBSC 110800Z 34002KT 9999 FEW046 BKN064 16/16 Q1020=
11/11/2025 09:00,METAR SBSC 110900Z 35001KT 9999 FEW046 BKN064 18/17 Q1021=
11/11/2025 10:00,METAR SBSC 111000Z 04001KT CAVOK 20/17 Q1021=
11/11/2025 11:00,METAR SBSC 111100Z 02002KT 9999 FEW021 SCT050 22/16 Q1021=
11/11/2025 12:00,METAR SBSC 111200Z 31001KT 9999 FEW021 SCT034 BKN040 23/15 Q1022=
11/11/2025 13:00,METAR SBSC 111300Z 19007KT 9999 FEW020 SCT030 BKN040 23/17 Q1021=
11/11/2025 14:00,METAR SBSC 111400Z 17005KT 9999 FEW020 SCT030 BKN040 24/16 Q1021=
11/11/2025 15:00,METAR SBSC 111500Z 15009KT 9999 SCT030 25/15 Q1020=
11/11/2025 16:00,METAR SBSC 111600Z 16012KT 9999 SCT030 25/15 Q1019=
11/11/2025 17:00,METAR SBSC 111700Z 15012KT 9999 FEW030 25/15 Q1019=
11/11/2025 18:00,METAR SBSC 111800Z 16011KT 9999 FEW030 25/15 Q1018=
11/11/2025 19:00,METAR SBSC 111900Z 16010KT CAVOK 25/15 Q1019=
11/11/2025 20:00,METAR SBSC 112000Z 14010G22KT CAVOK 24/13 Q1019=
11/11/2025 21:00,METAR SBSC 112100Z 14005KT CAVOK 23/13 Q1019=
11/11/2025 22:00,METAR SBSC 112200Z 13007KT CAVOK 22/13 Q1020=
11/11/2025 23:00,METAR SBSC 112300Z 13004KT CAVOK 21/13 Q1020=
12/11/2025 00:00,METAR SBSC 120000Z 25004KT CAVOK 18/14 Q1021=
12/11/2025 01:00,METAR SBSC 120100Z 00000KT 9999 FEW030 17/15 Q1021=
12/11/2025 02:00,METAR SBSC 120200Z 00000KT 9999 FEW030 16/14 Q1020=
12/11/2025 03:00,METAR SBSC 120300Z 34003KT 9999 FEW030 16/14 Q1020=
12/11/2025 04:00,METAR SBSC 120400Z 33002KT 9999 FEW030 15/13 Q1019=
12/11/2025 05:00,METAR SBSC 120500Z 36002KT 9999 FEW030 15/13 Q1019=
12/11/2025 06:00,METAR SBSC 120600Z 02003KT 9999 FEW025 15/13 Q1019=
12/11/2025 07:00,METAR SBSC 120700Z 04004KT 9999 FEW025 16/13 Q1019=
12/11/2025 08:00,METAR SBSC 120800Z 02005KT 9999 FEW025 17/14 Q1020=
12/11/2025 09:00,METAR SBSC 120900Z 05006KT 9999 FEW020 17/14 Q1020=
12/11/2025 10:00,METAR SBSC 121000Z 04005KT 9999 FEW020 18/14 Q1020=
12/11/2025 11:00,METAR SBSC 121100Z 34013KT CAVOK 22/14 Q1019=
12/11/2025 12:00,METAR SBSC 121200Z 35014KT CAVOK 25/15 Q1018=
12/11/2025 13:00,METAR SBSC 121300Z 36013KT CAVOK 27/15 Q1017=
12/11/2025 14:00,METAR COR SBSC 121400Z 01010KT CAVOK 29/16 Q1017=
12/11/2025 15:00,METAR SBSC 121500Z 03010KT CAVOK 29/16 Q1016=
12/11/2025 16:00,METAR SBSC 121600Z 12006KT CAVOK 30/15 Q1015=
12/11/2025 17:00,METAR SBSC 121700Z 15013KT CAVOK 29/16 Q1015=
12/11/2025 18:00,METAR SBSC 121800Z 12009KT CAVOK 29/16 Q1015=
12/11/2025 19:00,METAR SBSC 121900Z 18008KT CAVOK 29/16 Q1014=
12/11/2025 20:00,METAR SBSC 122000Z 21007KT CAVOK 27/17 Q1015=
12/11/2025 21:00,METAR SBSC 122100Z 17006KT CAVOK 25/17 Q1015=
12/11/2025 22:00,METAR SBSC 122200Z 22003KT CAVOK 22/19 Q1014=
12/11/2025 23:00,METAR SBSC 122300Z 22006KT CAVOK 22/18 Q1015=
13/11/2025 00:00,METAR SBSC 130000Z VRB01KT CAVOK 21/18 Q1015=
13/11/2025 01:00,METAR COR SBSC 130100Z 33002KT CAVOK 20/18 Q1015=
13/11/2025 02:00,METAR SBSC 130200Z 01002KT CAVOK 19/18 Q1015=
13/11/2025 03:00,METAR SBSC 130300Z 02003KT CAVOK 19/18 Q1015=
13/11/2025 04:00,METAR SBSC 130400Z 04004KT CAVOK 19/18 Q1015=
13/11/2025 05:00,METAR SBSC 130500Z 03005KT CAVOK 19/18 Q1014=
13/11/2025 06:00,METAR SBSC 130600Z 36002KT CAVOK 18/17 Q1014=
13/11/2025 07:00,METAR SBSC 130700Z 33003KT CAVOK 18/17 Q1014=
13/11/2025 08:00,METAR SBSC 130800Z 32003KT CAVOK 18/17 Q1014=
13/11/2025 09:00,METAR SBSC 130900Z 26003KT CAVOK 21/15 Q1015=
13/11/2025 10:00,METAR SBSC 131000Z 25004KT CAVOK 24/15 Q1016=
13/11/2025 11:00,METAR SBSC 131100Z 15007KT CAVOK 25/18 Q1017=
13/11/2025 12:00,METAR SBSC 131200Z 15007KT CAVOK 25/20 Q1017=
13/11/2025 13:00,METAR SBSC 131300Z 18008KT CAVOK 26/20 Q1016=
13/11/2025 14:00,METAR SBSC 131400Z 18009KT CAVOK 26/19 Q1016=
13/11/2025 15:00,METAR SBSC 131500Z 20011KT CAVOK 26/19 Q1015=
13/11/2025 16:00,METAR SBSC 131600Z 19010KT CAVOK 26/20 Q1014=
13/11/2025 17:00,METAR SBSC 131700Z 19012KT CAVOK 26/19 Q1014=
13/11/2025 18:00,METAR SBSC 131800Z 20012KT CAVOK 25/20 Q1014=
13/11/2025 19:00,METAR SBSC 131900Z 20013KT CAVOK 24/20 Q1015=
13/11/2025 20:00,METAR SBSC 132000Z 19008KT CAVOK 24/20 Q1015=
13/11/2025 21:00,METAR SBSC 132100Z 19007KT CAVOK 22/20 Q1016=
13/11/2025 22:00,METAR SBSC 132200Z 19008KT CAVOK 22/20 Q1016=
13/11/2025 23:00,METAR SBSC 132300Z 18006KT CAVOK 22/20 Q1017=
14/11/2025 00:00,METAR SBSC 140000Z 21005KT CAVOK 22/20 Q1018=
14/11/2025 01:00,METAR SBSC 140100Z VRB02KT CAVOK 22/20 Q1017=
14/11/2025 02:00,METAR SBSC 140200Z 35002KT CAVOK 22/20 Q1017=
14/11/2025 03:00,METAR SBSC 140300Z 01003KT CAVOK 21/20 Q1016=
14/11/2025 04:00,METAR SBSC 140400Z 35004KT CAVOK 21/20 Q1016=
14/11/2025 05:00,METAR SBSC 140500Z 30001KT CAVOK 21/20 Q1015=
14/11/2025 06:00,METAR SBSC 140600Z 02002KT CAVOK 21/20 Q1015=
14/11/2025 07:00,METAR SBSC 140700Z 03002KT CAVOK 21/20 Q1016=
14/11/2025 08:00,METAR SBSC 140800Z 03003KT 9999 FEW015 BKN100 21/20 Q1016=
14/11/2025 09:00,METAR SBSC 140900Z VRB01KT 9999 FEW015 BKN100 22/20 Q1017=
14/11/2025 10:00,METAR COR SBSC 141000Z 18008KT 9999 SCT010 BKN100 23/20 Q1018=
14/11/2025 11:00,METAR SBSC 141100Z 20009KT 9999 SCT010 BKN080 23/21 Q1019=
14/11/2025 12:00,METAR SBSC 141200Z 16010KT 9999 FEW008 SCT012 BKN080 25/21 Q1019=
14/11/2025 13:00,METAR SBSC 141300Z 18010KT 9999 FEW008 SCT013 BKN099 25/21 Q1019=
14/11/2025 14:00,METAR SBSC 141400Z 18010KT 9999 SCT015 BKN099 26/21 Q1018=
14/11/2025 15:00,METAR SBSC 141500Z 19011KT 9999 SCT018 SCT099 25/20 Q1018=
14/11/2025 16:00,METAR SBSC 141600Z 20010KT 9999 FEW020 SCT099 26/20 Q1018=
14/11/2025 17:00,METAR SBSC 141700Z 19009KT 9999 FEW025 26/20 Q1017=
14/11/2025 18:00,METAR SBSC 141800Z 18012KT CAVOK 26/20 Q1017=
14/11/2025 19:00,METAR SBSC 141900Z 18011KT CAVOK 24/20 Q1017=
14/11/2025 20:00,METAR SBSC 142000Z 18009KT CAVOK 24/20 Q1017=
14/11/2025 21:00,METAR SBSC 142100Z 18009KT 9999 FEW015 BKN099 23/20 Q1018=
14/11/2025 22:00,METAR SBSC 142200Z 17008KT 9999 FEW015 SCT043 BKN099 23/20 Q1018=
14/11/2025 23:00,METAR SBSC 142300Z 17008KT 9999 SCT008 BKN047 OVC092 23/21 Q1019=
15/11/2025 00:00,METAR SBSC 150000Z 18006KT 9999 SCT008 BKN049 OVC097 23/21 Q1019=
15/11/2025 01:00,METAR SBSC 150100Z 18004KT 8000 SCT009 BKN015 OVC070 22/21 Q1019=
15/11/2025 02:00,METAR SBSC 150200Z 17005KT 8000 SCT009 BKN015 OVC070 22/21 Q1019=
15/11/2025 03:00,METAR SBSC 150300Z 19006KT 8000 SCT009 BKN015 OVC070 22/21 Q1018=
15/11/2025 04:00,METAR SBSC 150400Z 27006KT 8000 SCT009 BKN015 OVC070 21/20 Q1018=
15/11/2025 05:00,METAR SBSC 150500Z 30005KT 8000 SCT009 BKN015 OVC070 21/20 Q1017=
15/11/2025 06:00,METAR SBSC 150600Z 36005KT 8000 SCT009 BKN015 OVC070 21/20 Q1017=
15/11/2025 07:00,METAR SBSC 150700Z 09006KT 8000 SCT009 BKN015 OVC070 21/20 Q1016=
15/11/2025 08:00,METAR SBSC 150800Z 13005KT 8000 SCT009 BKN015 OVC070 21/20 Q1016=
15/11/2025 09:00,METAR SBSC 150900Z 19002KT 8000 SCT009 BKN015 OVC050 22/21 Q1017=
15/11/2025 10:00,METAR SBSC 151000Z 18005KT 8000 SCT009 BKN015 OVC050 23/20 Q1018=
15/11/2025 11:00,METAR SBSC 151100Z 20006KT 8000 SCT009 BKN015 OVC050 24/20 Q1018=
15/11/2025 12:00,METAR SBSC 151200Z 17004KT 8000 SCT009 BKN015 OVC050 23/21 Q1018=
15/11/2025 13:00,METAR SBSC 151300Z 14004KT 6000 -DZ BKN009 BKN015 BKN035 23/21 Q1018=
15/11/2025 14:00,METAR SBSC 151400Z 15005KT 6000 -DZ FEW005 BKN009 BKN015 23/21 Q1018=
15/11/2025 15:00,METAR SBSC 151500Z 16003KT 9999 FEW005 SCT020 BKN030 24/21 Q1017=
15/11/2025 16:00,METAR SBSC 151600Z 18005KT 9999 FEW005 SCT020 26/20 Q1016=
15/11/2025 17:00,METAR SBSC 151700Z 18007KT 9999 FEW005 SCT025 26/20 Q1015=
15/11/2025 18:00,METAR SBSC 151800Z 15009KT 9999 FEW030 26/20 Q1015=
15/11/2025 19:00,METAR SBSC 151900Z 13010KT 9999 FEW010 SCT030 25/20 Q1014=
15/11/2025 20:00,METAR SBSC 152000Z 13010KT 9999 FEW010 SCT040 24/20 Q1014=
15/11/2025 21:00,METAR SBSC 152100Z 12010KT 9999 FEW010 SCT040 24/20 Q1015=
15/11/2025 22:00,METAR SBSC 152200Z 09009KT 9999 FEW010 SCT040 24/20 Q1015=
15/11/2025 23:00,METAR SBSC 152300Z 08008KT 9999 FEW010 SCT040 24/20 Q1016=
16/11/2025 00:00,METAR SBSC 160000Z 05006KT 9999 FEW010 SCT025 24/20 Q1016=
16/11/2025 01:00,METAR SBSC 160100Z 05006KT 9999 SCT010 OVC033 23/20 Q1016=
16/11/2025 02:00,METAR SBSC 160200Z 34002KT 9999 SCT010 OVC032 23/21 Q1016=
16/11/2025 03:00,METAR SBSC 160300Z 36003KT 9999 SCT036 OVC053 23/21 Q1014=
16/11/2025 04:00,METAR SBSC 160400Z 03002KT 9999 BKN036 OVC053 23/20 Q1014=
16/11/2025 05:00,METAR SBSC 160500Z 02002KT 9999 BKN036 BKN053 OVC070 23/20 Q1013=
16/11/2025 06:00,METAR SBSC 160600Z 01004KT 9999 FEW036 SCT053 OVC070 22/21 Q1013=
16/11/2025 07:00,METAR SBSC 160700Z 02003KT 9999 FEW036 SCT070 22/20 Q1012=
16/11/2025 08:00,METAR SBSC 160800Z 03002KT CAVOK 22/20 Q1012=
16/11/2025 09:00,METAR SBSC 160900Z 36003KT CAVOK 22/20 Q1013=
16/11/2025 10:00,METAR SBSC 161000Z 01005KT 9999 FEW030 24/21 Q1013=
16/11/2025 11:00,METAR SBSC 161100Z 05006KT 9999 FEW025 25/21 Q1013=
16/11/2025 12:00,METAR SBSC 161200Z 04005KT 9999 FEW025 26/21 Q1014=
16/11/2025 13:00,METAR SBSC 161300Z 01003KT 9999 FEW025 BKN070 27/21 Q1014=
16/11/2025 14:00,METAR SBSC 161400Z 03003KT 9999 FEW025 BKN070 27/21 Q1014=
16/11/2025 15:00,METAR SBSC 161500Z 02006KT 9999 SCT030 BKN070 28/21 Q1012=
16/11/2025 16:00,METAR SBSC 161600Z 36005KT 9999 SCT030 BKN070 29/21 Q1011=
16/11/2025 17:00,METAR SBSC 161700Z 03004KT 9999 SCT030 BKN070 28/22 Q1010=
16/11/2025 18:00,METAR COR SBSC 161800Z 02006KT 9999 SCT030 BKN070 27/23 Q1009=
16/11/2025 19:00,METAR SBSC 161900Z 01007KT 9999 SCT030 BKN070 27/22 Q1009=
16/11/2025 20:00,METAR SBSC 162000Z 02007KT 9999 SCT030 BKN070 27/22 Q1009=
16/11/2025 21:00,METAR SBSC 162100Z 02004KT 8000 SCT030 BKN070 26/22 Q1010=
16/11/2025 22:00,METAR SBSC 162200Z 03005KT 8000 SCT030 BKN070 25/22 Q1010=
16/11/2025 23:00,METAR SBSC 162300Z 01005KT 8000 SCT030 BKN070 25/22 Q1010=
17/11/2025 00:00,METAR SBSC 170000Z 35006KT 9999 SCT030 BKN070 26/21 Q1010=
17/11/2025 01:00,METAR SBSC 170100Z 33009KT 9999 FEW030 SCT100 26/21 Q1010=
17/11/2025 02:00,METAR SBSC 170200Z 32008KT 9999 FEW030 SCT100 26/21 Q1010=
17/11/2025 03:00,METAR SBSC 170300Z 33012KT 9999 FEW030 26/21 Q1009=
17/11/2025 04:00,METAR SBSC 170400Z 32010KT 9999 FEW030 26/20 Q1009=
17/11/2025 05:00,METAR SBSC 170500Z 35012KT 9999 FEW030 26/20 Q1009=
17/11/2025 06:00,METAR SBSC 170600Z 36013KT 9999 FEW030 25/20 Q1009=
17/11/2025 07:00,METAR SBSC 170700Z 03011KT 9999 FEW025 25/20 Q1009=
17/11/2025 08:00,METAR SBSC 170800Z 02009KT 9999 FEW025 SCT070 26/21 Q1010=
17/11/2025 09:00,METAR SBSC 170900Z 35010KT 9999 FEW025 26/21 Q1010=
17/11/2025 10:00,METAR SBSC 171000Z 36010KT 9999 FEW025 27/21 Q1010=
17/11/2025 11:00,METAR SBSC 171100Z 34013KT 9999 FEW025 SCT100 27/21 Q1009=
17/11/2025 12:00,METAR SBSC 171200Z 34013KT 9999 FEW025 SCT100 30/21 Q1009=
17/11/2025 13:00,METAR SBSC 171300Z 33013KT 9999 FEW030 BKN080 29/21 Q1009=
17/11/2025 14:00,METAR SBSC 171400Z 35007KT 9999 FEW030 BKN080 29/21 Q1010=
17/11/2025 15:00,METAR SBSC 171500Z 33011KT 9999 FEW030 BKN080 30/22 Q1009=
17/11/2025 16:00,METAR SBSC 171600Z 33008KT 9999 FEW040 BKN100 32/22 Q1009=
17/11/2025 17:00,METAR SBSC 171700Z 35004KT 9999 FEW040 BKN100 33/21 Q1008=
17/11/2025 18:00,METAR SBSC 171800Z 16008KT 9999 FEW040 BKN080 31/22 Q1007=
17/11/2025 19:00,METAR COR SBSC 171900Z 22008KT 8000 3500SW -TSRA FEW030CB SCT040 BKN080 28/23 Q1008=
17/11/2025 20:00,METAR SBSC 172000Z 18005KT 9999 -RA FEW040 BKN100 26/23 Q1008 RETS=
17/11/2025 21:00,METAR SBSC 172100Z 20008KT 9999 FEW040 BKN090 26/22 Q1009=
17/11/2025 22:00,METAR SBSC 172200Z 20009KT 9999 FEW030 BKN050 24/22 Q1010=
17/11/2025 23:00,METAR SBSC 172300Z 22005KT 9999 FEW030 BKN060 24/21 Q1011=
18/11/2025 00:00,METAR SBSC 180000Z 20003KT 9999 FEW025 BKN100 23/22 Q1011=
18/11/2025 01:00,METAR SBSC 180100Z 04001KT 9999 FEW025 BKN100 23/22 Q1011=
18/11/2025 02:00,METAR SBSC 180200Z 33002KT 9999 FEW025 BKN100 23/22 Q1010=
18/11/2025 03:00,METAR COR SBSC 180300Z 30003KT 9999 FEW025 BKN100 23/22 Q1010=
18/11/2025 04:00,METAR SBSC 180400Z 32003KT 9999 FEW025 BKN100 23/21 Q1010=
18/11/2025 05:00,METAR SBSC 180500Z 34004KT 9999 FEW025 BKN100 22/21 Q1009=
18/11/2025 06:00,METAR SBSC 180600Z 33003KT 9999 FEW025 BKN100 22/21 Q1009=
18/11/2025 07:00,METAR SBSC 180700Z 31002KT 9999 FEW025 BKN100 21/20 Q1009=
18/11/2025 08:00,METAR SBSC 180800Z 29002KT 9999 FEW025 BKN100 21/20 Q1009=
18/11/2025 09:00,METAR SBSC 180900Z 00000KT 9999 BKN012 23/21 Q1009=
18/11/2025 10:00,METAR SBSC 181000Z 12003KT 9999 SCT012 BKN100 24/21 Q1010=
18/11/2025 11:00,METAR COR SBSC 181100Z 00000KT 9999 FEW012 BKN100 26/21 Q1010=
18/11/2025 12:00,METAR SBSC 181200Z 16002KT 9999 FEW012 BKN020 27/22 Q1010=
18/11/2025 13:00,METAR SBSC 181300Z 01007KT 9999 FEW012 BKN020 30/22 Q1008=
18/11/2025 14:00,METAR SBSC 181400Z 05003KT 9999 FEW030 BKN070 31/23 Q1007=
18/11/2025 15:00,METAR SBSC 181500Z 20007KT 9999 SCT030 BKN070 30/23 Q1006=
18/11/2025 16:00,METAR SBSC 181600Z 21010KT 9999 SCT030 BKN070 25/22 Q1005=
18/11/2025 17:00,METAR SBSC 181700Z 21009KT 9999 SCT030 BKN070 26/23 Q1004=
18/11/2025 18:00,METAR SBSC 181800Z 24006KT 9999 FEW010 SCT030 BKN070 26/23 Q1003=
18/11/2025 19:00,METAR SBSC 181900Z 21008KT 8000 BKN008 BKN030 OVC070 24/22 Q1003=
18/11/2025 20:00,METAR SBSC 182000Z 10005KT 8000 FEW008 SCT030 BKN070 25/22 Q1003 RETS=
18/11/2025 21:00,METAR SBSC 182100Z 36005KT 8000 FEW008 SCT030 BKN070 25/23 Q1002=
18/11/2025 22:00,METAR SBSC 182200Z 00000KT 8000 FEW008 SCT030 BKN070 25/22 Q1002=
18/11/2025 23:00,METAR SBSC 182300Z 22013G25KT 8000 FEW008 SCT015 BKN050 24/22 Q1005=
19/11/2025 00:00,METAR SBSC 190000Z 20005KT 3000 -RA BR BKN005 BKN015 OVC050 23/22 Q1005=
19/11/2025 01:00,METAR SBSC 190100Z 03002KT 4000 -RA BR BKN005 BKN010 OVC050 24/23 Q1006=
19/11/2025 02:00,METAR SBSC 190200Z 18003KT 7000 -RA SCT008 BKN012 OVC060 23/23 Q1005=
19/11/2025 03:00,METAR SBSC 190300Z 06001KT 8000 BKN008 OVC040 23/22 Q1005=
19/11/2025 04:00,METAR SBSC 190400Z 20003KT 7000 FEW005 BKN008 OVC040 23/22 Q1005=
19/11/2025 05:00,METAR SBSC 190500Z 19006KT 8000 SCT015 BKN060 22/21 Q1004=
19/11/2025 06:00,METAR SBSC 190600Z 24002KT 9999 SCT020 22/20 Q1004=
19/11/2025 07:00,METAR COR SBSC 190700Z 24005KT 9999 FEW010 SCT020 22/20 Q1006=
19/11/2025 08:00,METAR SBSC 190800Z 22004KT CAVOK 21/20 Q1006=
19/11/2025 09:00,METAR SBSC 190900Z 22004KT CAVOK 21/20 Q1007=
19/11/2025 10:00,METAR SBSC 191000Z 17010KT 9999 FEW012 23/21 Q1008=
19/11/2025 11:00,METAR SBSC 191100Z 18010KT 9999 FEW015 24/20 Q1009=
19/11/2025 12:00,METAR SBSC 191200Z 20013KT 9999 FEW015 25/20 Q1010=
19/11/2025 13:00,METAR SBSC 191300Z 20013KT 9999 FEW030 SCT070 26/20 Q1010=
19/11/2025 14:00,METAR SBSC 191400Z 21014G26KT 9999 SCT030 BKN070 24/19 Q1011=
19/11/2025 15:00,METAR SBSC 191500Z 21015KT 9999 SCT030 BKN070 26/19 Q1011=
19/11/2025 16:00,METAR SBSC 191600Z 22011KT 9999 SCT030 BKN070 26/19 Q1011=
19/11/2025 17:00,METAR SBSC 191700Z 21013KT 9999 SCT030 BKN070 26/19 Q1011=
19/11/2025 18:00,METAR SBSC 191800Z 20013G26KT 9999 FEW030 SCT070 26/19 Q1011=
19/11/2025 19:00,METAR SBSC 191900Z 20015KT 9999 FEW030 25/18 Q1011=
19/11/2025 20:00,METAR SBSC 192000Z 21012G22KT CAVOK 24/18 Q1011=
19/11/2025 21:00,METAR SBSC 192100Z 21009KT CAVOK 23/18 Q1012=
19/11/2025 22:00,METAR SBSC 192200Z 21006KT CAVOK 22/18 Q1012=
19/11/2025 23:00,METAR SBSC 192300Z 21006KT 9999 FEW030 22/17 Q1013=
20/11/2025 00:00,METAR SBSC 200000Z 21005KT 9999 SCT030 22/16 Q1014=
20/11/2025 01:00,METAR SBSC 200100Z 21006KT 8000 SCT030 21/17 Q1015=
20/11/2025 02:00,METAR SBSC 200200Z 18005KT 8000 SCT030 21/17 Q1015=
20/11/2025 03:00,METAR SBSC 200300Z 21007KT 8000 SCT030 21/17 Q1014=
20/11/2025 04:00,METAR SBSC 200400Z 19006KT 8000 SCT030 21/17 Q1014=
20/11/2025 05:00,METAR SBSC 200500Z 18007KT 8000 SCT030 20/18 Q1013=
20/11/2025 06:00,METAR SBSC 200600Z 21008KT 8000 SCT030 20/18 Q1014=
20/11/2025 07:00,METAR SBSC 200700Z 20006KT 8000 SCT030 20/18 Q1014=
20/11/2025 08:00,METAR SBSC 200800Z 18008KT 8000 SCT030 21/18 Q1015=
20/11/2025 09:00,METAR SBSC 200900Z 21007KT 8000 SCT030 21/18 Q1015=
20/11/2025 10:00,METAR SBSC 201000Z 01003KT 8000 SCT015 SCT030 BKN050 21/18 Q1016=
20/11/2025 11:00,METAR SBSC 201100Z 21007KT 8000 SCT015 SCT030 BKN050 24/19 Q1017=
20/11/2025 12:00,METAR SBSC 201200Z 19008KT 8000 SCT015 SCT030 BKN050 24/17 Q1018=
20/11/2025 13:00,METAR SBSC 201300Z 16010KT 9999 SCT030 25/18 Q1018=
20/11/2025 14:00,METAR SBSC 201400Z 16009KT 9999 SCT030 25/17 Q1018=
20/11/2025 15:00,METAR SBSC 201500Z 15009KT 9999 SCT030 26/16 Q1017=
20/11/2025 16:00,METAR SBSC 201600Z 14010KT 9999 FEW030 25/16 Q1017=
20/11/2025 17:00,METAR SBSC 201700Z 15011KT 9999 FEW030 25/16 Q1017=
20/11/2025 18:00,METAR SBSC 201800Z 16012KT 9999 FEW030 25/15 Q1017=
20/11/2025 19:00,METAR SBSC 201900Z 12010KT 9999 FEW030 25/16 Q1016=
20/11/2025 20:00,METAR SBSC 202000Z 13011KT 9999 FEW030 25/15 Q1016=
20/11/2025 21:00,METAR SBSC 202100Z 10008KT 9999 FEW030 23/15 Q1016=
20/11/2025 22:00,METAR SBSC 202200Z 10006KT 9999 FEW030 22/15 Q1016=
20/11/2025 23:00,METAR SBSC 202300Z 00000KT 9999 FEW030 21/15 Q1017=
21/11/2025 00:00,METAR SBSC 210000Z 07002KT 9999 FEW030 21/15 Q1017=
21/11/2025 01:00,METAR SBSC 210100Z 29001KT CAVOK 18/15 Q1018=
21/11/2025 02:00,METAR SBSC 210200Z 31002KT CAVOK 16/15 Q1017=
21/11/2025 03:00,METAR SBSC 210300Z 01002KT CAVOK 17/15 Q1017=
21/11/2025 04:00,METAR SBSC 210400Z 35003KT CAVOK 16/15 Q1016=
21/11/2025 05:00,METAR SBSC 210500Z 02003KT CAVOK 16/15 Q1015=
21/11/2025 06:00,METAR SBSC 210600Z 36004KT CAVOK 16/14 Q1015=
21/11/2025 07:00,METAR SBSC 210700Z 05003KT CAVOK 16/14 Q1015=
21/11/2025 08:00,METAR SBSC 210800Z 04005KT CAVOK 16/15 Q1015=
21/11/2025 09:00,METAR SBSC 210900Z 02006KT CAVOK 17/16 Q1016=
21/11/2025 10:00,METAR SBSC 211000Z 03007KT CAVOK 21/16 Q1016=
21/11/2025 11:00,METAR SBSC 211100Z 36012KT CAVOK 24/15 Q1016=
21/11/2025 12:00,METAR SBSC 211200Z 02011KT CAVOK 26/16 Q1017=
21/11/2025 13:00,METAR SBSC 211300Z 36010KT CAVOK 28/16 Q1016=
21/11/2025 14:00,METAR SBSC 211400Z 02008KT CAVOK 29/16 Q1016=
21/11/2025 15:00,METAR SBSC 211500Z 05005KT CAVOK 30/16 Q1015=
21/11/2025 16:00,METAR SBSC 211600Z 12013KT CAVOK 30/18 Q1014=
21/11/2025 17:00,METAR SBSC 211700Z 14011KT CAVOK 29/18 Q1013=
21/11/2025 18:00,METAR SBSC 211800Z 15008KT CAVOK 29/18 Q1013=
21/11/2025 19:00,METAR SBSC 211900Z 18005KT CAVOK 28/17 Q1012=
21/11/2025 20:00,METAR SBSC 212000Z 23006KT CAVOK 27/17 Q1012=
21/11/2025 21:00,METAR SBSC 212100Z 22004KT CAVOK 25/18 Q1012=
21/11/2025 22:00,METAR SBSC 212200Z 23005KT CAVOK 23/19 Q1013=
21/11/2025 23:00,METAR SBSC 212300Z 22005KT CAVOK 22/19 Q1013=
22/11/2025 00:00,METAR SBSC 220000Z 22004KT CAVOK 22/19 Q1013=
22/11/2025 01:00,METAR SBSC 220100Z 32003KT CAVOK 21/19 Q1013=
22/11/2025 02:00,METAR SBSC 220200Z 34004KT CAVOK 21/19 Q1013=
22/11/2025 03:00,METAR SBSC 220300Z 36003KT CAVOK 20/18 Q1012=
22/11/2025 04:00,METAR SBSC 220400Z 02003KT CAVOK 20/17 Q1012=
22/11/2025 05:00,METAR SBSC 220500Z 02004KT CAVOK 19/17 Q1012=
22/11/2025 06:00,METAR SBSC 220600Z 35006KT 9999 FEW025 18/16 Q1011=
22/11/2025 07:00,METAR SBSC 220700Z 04005KT 9999 FEW025 18/16 Q1011=
22/11/2025 08:00,METAR SBSC 220800Z 36007KT 9999 FEW025 19/17 Q1011=
22/11/2025 09:00,METAR SBSC 220900Z 04008KT 9999 FEW025 20/17 Q1011=
22/11/2025 10:00,METAR SBSC 221000Z 02008KT 9999 FEW025 22/18 Q1011=
22/11/2025 11:00,METAR SBSC 221100Z 33010KT 9999 FEW025 26/17 Q1012=
22/11/2025 12:00,METAR SBSC 221200Z 33013KT CAVOK 30/18 Q1011=
22/11/2025 13:00,METAR SBSC 221300Z 24008KT CAVOK 33/18 Q1011=
22/11/2025 14:00,METAR SBSC 221400Z 17008KT CAVOK 30/22 Q1011=
22/11/2025 15:00,METAR SBSC 221500Z 18012KT CAVOK 27/21 Q1011=
22/11/2025 16:00,METAR SBSC 221600Z 16013KT 9999 FEW030 27/20 Q1012=
22/11/2025 17:00,METAR SBSC 221700Z 16013KT 9999 FEW030 26/22 Q1012=
22/11/2025 18:00,METAR SBSC 221800Z 16013KT 9999 FEW030 26/21 Q1012=
22/11/2025 19:00,METAR SBSC 221900Z 19013KT 9999 FEW030 BKN100 24/21 Q1011=
22/11/2025 20:00,METAR SBSC 222000Z 16010KT 9999 FEW030 BKN100 24/21 Q1011=
22/11/2025 21:00,METAR SBSC 222100Z 18010KT 9999 FEW010 BKN100 23/21 Q1012=
22/11/2025 22:00,METAR SBSC 222200Z 20009KT 9999 SCT008 23/21 Q1012=
22/11/2025 23:00,METAR SBSC 222300Z 17009KT 9999 BKN008 23/21 Q1013=
23/11/2025 00:00,METAR SBSC 230000Z 20009KT 9999 FEW009 BKN040 BKN100 23/21 Q1013=
23/11/2025 01:00,METAR SBSC 230100Z 19004KT 9999 FEW009 BKN040 BKN100 23/21 Q1014=
23/11/2025 02:00,METAR SBSC 230200Z 17007KT 9999 BKN040 BKN100 23/21 Q1014=
23/11/2025 03:00,METAR SBSC 230300Z 18007KT 9999 SCT040 BKN100 23/21 Q1014=
23/11/2025 04:00,METAR SBSC 230400Z 21006KT 9999 SCT040 BKN100 23/21 Q1014=
23/11/2025 05:00,METAR SBSC 230500Z 19006KT 9999 SCT040 BKN100 22/21 Q1013=
23/11/2025 06:00,METAR SBSC 230600Z 16006KT 9999 FEW040 BKN100 22/21 Q1013=
23/11/2025 07:00,METAR SBSC 230700Z 15005KT 9999 FEW040 BKN100 21/20 Q1013=
23/11/2025 08:00,METAR SBSC 230800Z 16005KT 9999 FEW040 BKN100 21/20 Q1013=
23/11/2025 09:00,METAR SBSC 230900Z 31002KT 9999 FEW020 SCT040 BKN100 21/20 Q1013=
23/11/2025 10:00,METAR SBSC 231000Z 32004KT 9999 FEW020 SCT040 BKN100 23/21 Q1014=
23/11/2025 11:00,METAR SBSC 231100Z 17007KT 9999 SCT012 BKN030 25/21 Q1014=
23/11/2025 12:00,METAR SBSC 231200Z 17008KT 9999 SCT012 BKN025 BKN040 25/21 Q1015=
23/11/2025 13:00,METAR SBSC 231300Z 21009KT 9000 FEW010 BKN025 OVC040 25/22 Q1015=
23/11/2025 14:00,METAR SBSC 231400Z 20011KT 8000 SCT012 BKN025 OVC040 26/22 Q1015=
23/11/2025 15:00,METAR SBSC 231500Z 19010KT 8000 SCT010 BKN025 OVC040 25/21 Q1015=
23/11/2025 16:00,METAR SBSC 231600Z 19010KT 8000 FEW010 BKN025 OVC040 25/21 Q1014=
23/11/2025 17:00,METAR SBSC 231700Z 20011KT 8000 FEW010 BKN025 OVC040 24/21 Q1014=
23/11/2025 18:00,METAR SBSC 231800Z 18009KT 9999 FEW012 BKN030 OVC040 25/21 Q1013=
23/11/2025 19:00,METAR SBSC 231900Z 20010KT 8000 FEW012 SCT030 BKN070 25/21 Q1013=
23/11/2025 20:00,METAR SBSC 232000Z 20009KT 8000 FEW012 SCT030 BKN070 24/21 Q1013=
23/11/2025 21:00,METAR SBSC 232100Z 20008KT 8000 SCT010 BKN030 OVC070 24/20 Q1013=
23/11/2025 22:00,METAR SBSC 232200Z 21005KT 8000 SCT010 BKN030 OVC070 24/21 Q1014=
23/11/2025 23:00,METAR SBSC 232300Z 18009KT 5000 -RA BR SCT010 BKN030 OVC070 23/21 Q1014=
24/11/2025 00:00,METAR SBSC 240000Z 26003KT 3000 -RA BR SCT010 BKN030 OVC070 22/21 Q1014=
24/11/2025 01:00,METAR SBSC 240100Z 16003KT 8000 FEW010 BKN015 OVC050 22/21 Q1014=
24/11/2025 02:00,METAR SBSC 240200Z 25004KT 6000 -RA FEW008 BKN015 OVC050 22/21 Q1014=
24/11/2025 03:00,METAR SBSC 240300Z 01003KT 8000 FEW015 BKN030 OVC080 22/21 Q1013=
24/11/2025 04:00,METAR SBSC 240400Z 02003KT 8000 FEW020 BKN030 OVC080 21/20 Q1013=
24/11/2025 05:00,METAR SBSC 240500Z 03003KT 8000 FEW020 BKN030 OVC080 21/20 Q1013=
24/11/2025 06:00,METAR SBSC 240600Z 04002KT 6000 -RA FEW010 BKN015 OVC050 21/20 Q1012=
24/11/2025 07:00,METAR SBSC 240700Z 06002KT 6000 -RA FEW010 BKN015 OVC050 21/20 Q1012=
24/11/2025 08:00,METAR SBSC 240800Z 07002KT 7000 -RA FEW007 BKN015 OVC040 21/20 Q1012=
24/11/2025 09:00,METAR SBSC 240900Z 01002KT 9999 FEW015 BKN022 OVC060 22/21 Q1013=
24/11/2025 10:00,METAR SBSC 241000Z 34004KT 9999 SCT015 BKN060 OVC100 23/21 Q1013=
24/11/2025 11:00,METAR SBSC 241100Z 35006KT 9999 SCT010 BKN060 OVC100 23/21 Q1013=
24/11/2025 12:00,METAR SBSC 241200Z 35006KT 9999 SCT012 BKN050 OVC100 24/21 Q1013=
24/11/2025 13:00,METAR SBSC 241300Z 02005KT 8000 SCT012 BKN030 OVC050 24/21 Q1013=
24/11/2025 14:00,METAR SBSC 241400Z 06006KT 8000 SCT012 BKN030 OVC050 26/21 Q1012=
24/11/2025 15:00,METAR SBSC 241500Z 10004KT 8000 SCT012 BKN030 OVC050 27/19 Q1011=
24/11/2025 16:00,METAR SBSC 241600Z 17008KT 8000 SCT012 BKN030 OVC050 27/21 Q1011=
24/11/2025 17:00,METAR SBSC 241700Z 16010KT 8000 SCT012 BKN030 OVC050 26/21 Q1010=
24/11/2025 18:00,METAR SBSC 241800Z 17007KT 8000 SCT012 BKN030 OVC050 26/21 Q1009=
24/11/2025 19:00,METAR SBSC 241900Z 16005KT 9999 FEW005 BKN040 25/22 Q1009=
24/11/2025 20:00,METAR SBSC 242000Z 20007KT 9999 TS SCT007 BKN040 FEW040CB BKN070 23/22 Q1010=
24/11/2025 21:00,METAR SBSC 242100Z 18005KT 9999 TS BKN007 BKN040 FEW040CB BKN070 22/21 Q1010 RERA=
24/11/2025 22:00,METAR SBSC 242200Z 14004KT 9999 BKN007 BKN040 23/22 Q1010 RETS=
24/11/2025 23:00,METAR SBSC 242300Z 22002KT 9999 BKN007 BKN040 23/22 Q1011=
25/11/2025 00:00,METAR SBSC 250000Z 33003KT 9999 BKN007 BKN040 22/21 Q1011=
25/11/2025 01:00,METAR SBSC 250100Z 00000KT 5000 BR SCT007 BKN015 OVC030 22/21 Q1011=
25/11/2025 02:00,METAR SBSC 250200Z 00000KT 5000 BR SCT007 BKN015 OVC030 22/21 Q1010=
25/11/2025 03:00,METAR SBSC 250300Z 00000KT 5000 BR SCT007 BKN015 OVC030 22/22 Q1010=
25/11/2025 04:00,METAR SBSC 250400Z 00000KT 5000 BR SCT007 BKN015 OVC030 22/21 Q1010=
25/11/2025 05:00,METAR SBSC 250500Z 28003KT 5000 BR SCT007 BKN015 OVC030 21/20 Q1009=
25/11/2025 06:00,METAR SBSC 250600Z 27005KT 3000 -RA BR BKN007 BKN015 OVC030 21/20 Q1009=
25/11/2025 07:00,METAR SBSC 250700Z 21004KT 3000 -RA BR BKN007 BKN015 OVC030 21/20 Q1009=
25/11/2025 08:00,METAR SBSC 250800Z 18005KT 5000 BR BKN007 BKN015 OVC030 21/20 Q1009=
25/11/2025 09:00,METAR SBSC 250900Z 23006KT 8000 FEW007 SCT015 BKN030 22/20 Q1010=
25/11/2025 10:00,METAR SBSC 251000Z 25008KT 8000 FEW007 SCT015 BKN030 23/20 Q1010=
25/11/2025 11:00,METAR SBSC 251100Z 23008KT 8000 FEW007 SCT015 BKN030 24/19 Q1011=
25/11/2025 12:00,METAR SBSC 251200Z 24008KT 8000 SCT015 SCT030 BKN070 24/19 Q1011=
25/11/2025 13:00,METAR SBSC 251300Z 19009KT 9999 FEW020 SCT030 26/19 Q1011=
25/11/2025 14:00,METAR SBSC 251400Z 20011KT 9999 FEW020 SCT030 26/20 Q1011=
25/11/2025 15:00,METAR SBSC 251500Z 20012G24KT 9999 SCT030 26/19 Q1011=
25/11/2025 16:00,METAR SBSC 251600Z 19014G27KT 9999 FEW040 26/19 Q1011=
25/11/2025 17:00,METAR SBSC 251700Z 21014KT 9999 FEW040 26/19 Q1011=
25/11/2025 18:00,METAR SBSC 251800Z 21016G26KT 9999 FEW040 25/19 Q1011=
25/11/2025 19:00,METAR SBSC 251900Z 22016G29KT 9999 FEW018 25/19 Q1011=
25/11/2025 20:00,METAR SBSC 252000Z 23013G25KT 9999 SCT020 23/19 Q1012=
25/11/2025 21:00,METAR SBSC 252100Z 22011G24KT 9999 SCT020 SCT042 23/19 Q1013=
25/11/2025 22:00,METAR SBSC 252200Z 22011G22KT 9999 FEW020 22/19 Q1013=
25/11/2025 23:00,METAR SBSC 252300Z 22010G20KT 9999 FEW019 SCT059 23/19 Q1014=
26/11/2025 00:00,METAR SBSC 260000Z 23013G23KT 9999 FEW019 BKN041 OVC073 22/19 Q1014=
26/11/2025 01:00,METAR SBSC 260100Z 20011KT 9999 FEW019 BKN060 22/19 Q1015=
26/11/2025 02:00,METAR SBSC 260200Z 20008KT 9999 FEW020 SCT050 22/18 Q1015=
26/11/2025 03:00,METAR SBSC 260300Z 20008KT 9999 FEW010 22/18 Q1014=
26/11/2025 04:00,METAR SBSC 260400Z 22007KT 9999 FEW010 22/17 Q1014=
26/11/2025 05:00,METAR SBSC 260500Z 23008KT 9999 FEW010 21/17 Q1014=
26/11/2025 06:00,METAR SBSC 260600Z 23009KT 8000 FEW010 21/16 Q1014=
26/11/2025 07:00,METAR SBSC 260700Z 21009KT 8000 FEW010 21/16 Q1013=
26/11/2025 08:00,METAR SBSC 260800Z 25008KT 8000 SCT007 20/17 Q1014=
26/11/2025 09:00,METAR SBSC 260900Z 19003KT 9999 SCT007 20/19 Q1014=
26/11/2025 10:00,METAR COR SBSC 261000Z 18007KT 9999 FEW005 22/19 Q1015=
26/11/2025 11:00,METAR SBSC 261100Z 17008KT 9999 FEW010 SCT020 23/19 Q1015=
26/11/2025 12:00,METAR SBSC 261200Z 21008KT 9999 FEW015 SCT020 25/18 Q1015=
26/11/2025 13:00,METAR SBSC 261300Z 20008KT 9999 FEW015 SCT023 25/19 Q1016=
26/11/2025 14:00,METAR SBSC 261400Z 19013KT 9999 FEW015 SCT021 26/19 Q1016=
26/11/2025 15:00,METAR SBSC 261500Z 20013KT 9999 FEW018 25/19 Q1016=
26/11/2025 16:00,METAR SBSC 261600Z 19014KT 9999 FEW018 25/18 Q1015=
26/11/2025 17:00,METAR SBSC 261700Z 20014KT 9999 FEW018 26/19 Q1015=
26/11/2025 18:00,METAR SBSC 261800Z 19013KT 9999 FEW020 24/19 Q1015=
26/11/2025 19:00,METAR SBSC 261900Z 18011KT 9999 FEW020 24/18 Q1015=
26/11/2025 20:00,METAR SBSC 262000Z 20010KT 9999 FEW020 23/19 Q1015=
26/11/2025 21:00,METAR SBSC 262100Z 20009KT 9999 SCT015 SCT070 23/19 Q1015=
26/11/2025 22:00,METAR SBSC 262200Z 19007KT 9999 SCT015 SCT070 22/18 Q1016=
26/11/2025 23:00,METAR SBSC 262300Z 20007KT 9999 SCT015 SCT070 22/18 Q1016=
27/11/2025 00:00,METAR SBSC 270000Z 19005KT 9999 SCT020 BKN060 22/18 Q1017=
27/11/2025 01:00,METAR SBSC 270100Z 16006KT 9999 SCT019 BKN054 22/19 Q1017=
27/11/2025 02:00,METAR SBSC 270200Z 16008KT 9999 SCT019 BKN048 21/19 Q1017=
27/11/2025 03:00,METAR SBSC 270300Z 14005KT 9999 SCT019 BKN066 21/19 Q1017=
27/11/2025 04:00,METAR SBSC 270400Z 13004KT 9999 SCT019 BKN066 21/18 Q1016=
27/11/2025 05:00,METAR SBSC 270500Z 14004KT 9999 SCT019 BKN066 20/18 Q1016=
27/11/2025 06:00,METAR SBSC 270600Z 12002KT 9999 SCT021 BKN056 20/18 Q1016=
27/11/2025 07:00,METAR SBSC 270700Z 36002KT 9999 SCT021 OVC058 20/18 Q1016=
27/11/2025 08:00,METAR SBSC 270800Z 03003KT 9999 SCT021 OVC058 20/18 Q1016=
27/11/2025 09:00,METAR SBSC 270900Z 02003KT 9999 FEW021 BKN055 21/18 Q1017=
27/11/2025 10:00,METAR SBSC 271000Z 02004KT 9999 SCT015 23/18 Q1017=
27/11/2025 11:00,METAR SBSC 271100Z 04005KT 9999 FEW020 SCT032 BKN056 24/18 Q1018=
27/11/2025 12:00,METAR SBSC 271200Z 07004KT 9999 FEW021 SCT030 25/17 Q1017=
27/11/2025 13:00,METAR SBSC 271300Z 21007KT 9999 SCT020 SCT030 BKN060 24/17 Q1017=
27/11/2025 14:00,METAR SBSC 271400Z 18008KT 9999 SCT020 SCT030 BKN060 25/18 Q1017=
27/11/2025 15:00,METAR SBSC 271500Z 16008KT 9999 SCT020 SCT030 BKN060 25/18 Q1016=
27/11/2025 16:00,METAR SBSC 271600Z 18010KT 9999 SCT020 SCT030 BKN060 26/18 Q1016=
27/11/2025 17:00,METAR SBSC 271700Z 17010KT 9999 SCT030 BKN060 27/18 Q1016=
27/11/2025 18:00,METAR SBSC 271800Z 16009KT 9999 SCT030 BKN060 26/18 Q1015=
27/11/2025 19:00,METAR SBSC 271900Z 13012KT 9999 FEW020 SCT040 26/17 Q1015=
27/11/2025 20:00,METAR SBSC 272000Z 16011KT 9999 FEW020 BKN035 24/17 Q1015=
27/11/2025 21:00,METAR SBSC 272100Z 09009KT 9999 FEW020 BKN035 24/17 Q1015=
27/11/2025 22:00,METAR SBSC 272200Z 08009KT 9999 FEW020 BKN035 23/18 Q1015=
27/11/2025 23:00,METAR SBSC 272300Z 09007KT 9999 FEW020 BKN032 23/18 Q1015=
28/11/2025 00:00,METAR SBSC 280000Z 12005KT 9999 FEW020 BKN030 23/18 Q1016=
28/11/2025 01:00,METAR SBSC 280100Z 14004KT 8000 SCT015 BKN040 23/18 Q1016=
28/11/2025 02:00,METAR SBSC 280200Z 17004KT 8000 SCT015 BKN040 23/18 Q1016=
28/11/2025 03:00,METAR SBSC 280300Z 15005KT 8000 SCT015 BKN040 23/18 Q1016=
28/11/2025 04:00,METAR SBSC 280400Z 12006KT 8000 SCT015 BKN040 22/18 Q1015=
28/11/2025 05:00,METAR SBSC 280500Z 13005KT 8000 SCT015 BKN040 21/17 Q1014=
28/11/2025 06:00,METAR SBSC 280600Z 09005KT 8000 SCT015 BKN040 20/17 Q1014=
28/11/2025 07:00,METAR SBSC 280700Z 11006KT 8000 SCT015 BKN040 20/17 Q1014=
28/11/2025 08:00,METAR SBSC 280800Z 12006KT 8000 SCT015 BKN040 21/18 Q1014=
28/11/2025 09:00,METAR SBSC 280900Z 36004KT 8000 SCT015 BKN040 21/18 Q1014=
28/11/2025 10:00,METAR SBSC 281000Z 01006KT 8000 SCT015 BKN040 22/18 Q1014=
28/11/2025 11:00,METAR SBSC 281100Z 02009KT 9999 FEW015 SCT040 25/19 Q1014=
28/11/2025 12:00,METAR SBSC 281200Z 01013KT 9999 FEW015 SCT040 28/19 Q1013=
28/11/2025 13:00,METAR SBSC 281300Z 36011KT 9999 FEW030 30/19 Q1013=
28/11/2025 14:00,METAR SBSC 281400Z 35011KT 9999 FEW040 31/19 Q1012=
28/11/2025 15:00,METAR SBSC 281500Z 35006KT 9999 FEW030 SCT040 32/18 Q1011=
28/11/2025 16:00,METAR SBSC 281600Z 15009KT 9999 FEW040 31/21 Q1011=
28/11/2025 17:00,METAR SBSC 281700Z 23008KT 9999 FEW040 29/20 Q1010=
28/11/2025 18:00,METAR SBSC 281800Z 18009KT 9999 FEW030TCU 28/19 Q1010=
28/11/2025 19:00,METAR SBSC 281900Z 21009KT 9999 FEW030TCU 28/20 Q1009=
28/11/2025 20:00,METAR SBSC 282000Z 19013KT 9999 FEW030TCU 25/21 Q1010=
28/11/2025 21:00,METAR SBSC 282100Z 20011KT 9999 SCT013 FEW030TCU BKN098 24/21 Q1010=
28/11/2025 22:00,METAR SBSC 282200Z 22009KT 9999 TS SCT013 FEW030CB BKN090 24/21 Q1011=
28/11/2025 23:00,METAR SBSC 282300Z 18009KT 9000 TSRA SCT015 FEW030CB BKN040 23/21 Q1011=
29/11/2025 00:00,METAR SBSC 290000Z 20003KT 9999 SCT010 BKN040 22/20 Q1012 RETSRA=
29/11/2025 01:00,METAR SBSC 290100Z 19002KT 9999 FEW015 SCT040 21/20 Q1012=
29/11/2025 02:00,METAR SBSC 290200Z 02001KT 9999 FEW020 SCT040 21/20 Q1011=
29/11/2025 03:00,METAR SBSC 290300Z 03002KT 9999 FEW020 SCT040 21/20 Q1011=
29/11/2025 04:00,METAR SBSC 290400Z 01002KT 9999 SCT030 21/20 Q1010=
29/11/2025 05:00,METAR SBSC 290500Z 35002KT 9999 FEW030 21/20 Q1010=
29/11/2025 06:00,METAR SBSC 290600Z 35002KT CAVOK 20/19 Q1009=
29/11/2025 07:00,METAR SBSC 290700Z 34002KT CAVOK 20/19 Q1009=
29/11/2025 08:00,METAR SBSC 290800Z 34003KT CAVOK 20/19 Q1008=
29/11/2025 09:00,METAR SBSC 290900Z 30002KT 9999 FEW012 21/20 Q1009=
29/11/2025 10:00,METAR SBSC 291000Z 31003KT 9999 FEW012 23/20 Q1010=
29/11/2025 11:00,METAR SBSC 291100Z 33004KT CAVOK 26/20 Q1010=
29/11/2025 12:00,METAR SBSC 291200Z 18008KT 9999 FEW012 26/22 Q1010=
29/11/2025 13:00,METAR SBSC 291300Z 17009KT 9999 SCT012 25/22 Q1011=
29/11/2025 14:00,METAR SBSC 291400Z 18006KT 9999 FEW030 27/22 Q1010=
29/11/2025 15:00,METAR SBSC 291500Z 17007KT 9999 FEW030 28/22 Q1010=
29/11/2025 16:00,METAR SBSC 291600Z 15011KT 9999 FEW030 28/21 Q1010=
29/11/2025 17:00,METAR SBSC 291700Z 16009KT 9999 FEW030 27/21 Q1009=
29/11/2025 18:00,METAR SBSC 291800Z 16011KT 9999 FEW030 27/21 Q1009=
29/11/2025 19:00,METAR SBSC 291900Z 18010KT 9999 FEW025 26/20 Q1009=
29/11/2025 20:00,METAR SBSC 292000Z 18009KT CAVOK 26/20 Q1009=
29/11/2025 21:00,METAR SBSC 292100Z 18006KT CAVOK 25/21 Q1010=
29/11/2025 22:00,METAR SBSC 292200Z 19004KT 9999 SCT011 23/21 Q1011=
29/11/2025 23:00,NO DATA AVAILABLE
30/11/2025 00:00,METAR SBSC 300000Z 19003KT 9999 SCT018 22/21 Q1012=
30/11/2025 01:00,METAR SBSC 300100Z 34001KT 9999 FEW020 21/19 Q1013=
30/11/2025 02:00,METAR SBSC 300200Z 00000KT CAVOK 21/20 Q1013=
30/11/2025 03:00,METAR SBSC 300300Z 34002KT CAVOK 21/20 Q1013=
30/11/2025 04:00,METAR SBSC 300400Z 33001KT CAVOK 21/20 Q1012=
30/11/2025 05:00,METAR SBSC 300500Z 35004KT CAVOK 20/19 Q1012=
30/11/2025 06:00,METAR SBSC 300600Z 32002KT CAVOK 20/19 Q1012=
30/11/2025 07:00,METAR SBSC 300700Z 29001KT CAVOK 20/19 Q1012=
30/11/2025 08:00,METAR SBSC 300800Z 26002KT CAVOK 20/19 Q1012=
30/11/2025 09:00,METAR SBSC 300900Z 35008KT CAVOK 21/19 Q1011=
30/11/2025 10:00,METAR SBSC 301000Z 31008KT CAVOK 22/19 Q1011=
30/11/2025 11:00,METAR SBSC 301100Z 31008KT CAVOK 26/19 Q1011=
30/11/2025 12:00,METAR SBSC 301200Z 34005KT CAVOK 29/19 Q1011=
30/11/2025 13:00,METAR SBSC 301300Z 23006KT CAVOK 29/20 Q1011=
30/11/2025 14:00,METAR SBSC 301400Z 21010KT CAVOK 27/21 Q1011=
30/11/2025 15:00,METAR SBSC 301500Z 19012KT CAVOK 27/21 Q1011=
30/11/2025 16:00,METAR SBSC 301600Z 21010KT CAVOK 27/21 Q1011=
30/11/2025 17:00,METAR SBSC 301700Z 20013KT CAVOK 27/20 Q1010=
30/11/2025 18:00,METAR SBSC 301800Z 18012KT CAVOK 27/21 Q1010=
30/11/2025 19:00,METAR SBSC 301900Z 18010KT CAVOK 27/20 Q1009=
30/11/2025 20:00,METAR SBSC 302000Z 19009KT CAVOK 26/20 Q1009=
30/11/2025 21:00,METAR SBSC 302100Z 21008KT 9999 SCT015 24/21 Q1010=
30/11/2025 22:00,METAR SBSC 302200Z 19007KT 9999 SCT015 24/20 Q1010=
30/11/2025 23:00,METAR SBSC 302300Z 17008KT 9999 SCT015 24/20 Q1010=
01/12/2025 00:00,METAR SBSC 010000Z 17004KT CAVOK 23/20 Q1011=
01/12/2025 01:00,METAR SBSC 010100Z 18004KT 9999 SCT043 23/20 Q1012=
01/12/2025 02:00,METAR SBSC 010200Z 17005KT 9999 FEW043 23/20 Q1012=
01/12/2025 03:00,METAR SBSC 010300Z 14002KT CAVOK 23/20 Q1011=
01/12/2025 04:00,METAR SBSC 010400Z 00000KT CAVOK 21/19 Q1011=
01/12/2025 05:00,METAR SBSC 010500Z 07002KT CAVOK 20/19 Q1011=
01/12/2025 06:00,METAR SBSC 010600Z 04003KT CAVOK 20/20 Q1011=
01/12/2025 07:00,METAR SBSC 010700Z 06003KT CAVOK 20/19 Q1010=
01/12/2025 08:00,METAR SBSC 010800Z 05003KT CAVOK 20/19 Q1011=
01/12/2025 09:00,METAR SBSC 010900Z 08003KT 9999 FEW003 22/21 Q1011=
01/12/2025 10:00,METAR SBSC 011000Z 05005KT CAVOK 24/21 Q1012=
01/12/2025 11:00,METAR SBSC 011100Z 07007KT CAVOK 26/20 Q1012=
01/12/2025 12:00,METAR SBSC 011200Z 05005KT 9999 FEW026 27/20 Q1012=
01/12/2025 13:00,METAR SBSC 011300Z 01004KT 9999 FEW035 29/20 Q1011=
01/12/2025 14:00,METAR SBSC 011400Z 21005KT 9999 FEW035 30/20 Q1010=
01/12/2025 15:00,METAR SBSC 011500Z 18010KT 9999 FEW035 30/21 Q1010=
01/12/2025 16:00,METAR SBSC 011600Z 19010KT CAVOK 30/20 Q1009=
01/12/2025 17:00,METAR SBSC 011700Z 21008KT CAVOK 29/20 Q1008=
01/12/2025 18:00,METAR SBSC 011800Z 23008KT CAVOK 29/19 Q1008=
01/12/2025 19:00,METAR SBSC 011900Z 22006KT CAVOK 29/19 Q1007=
01/12/2025 20:00,METAR SBSC 012000Z 19009KT CAVOK 28/21 Q1008=
01/12/2025 21:00,METAR SBSC 012100Z 18009KT 9999 SCT030 26/21 Q1007=
01/12/2025 22:00,METAR SBSC 012200Z 19012KT 8000 FEW010 SCT015 BKN040 25/21 Q1009=
01/12/2025 23:00,METAR SBSC 012300Z 18011KT 8000 SCT010 BKN015 OVC040 25/21 Q1010=
02/12/2025 00:00,METAR SBSC 020000Z 17012KT 8000 SCT010 BKN015 OVC040 25/21 Q1010=
02/12/2025 01:00,METAR SBSC 020100Z 13011KT 9999 BKN015 25/21 Q1011=
02/12/2025 02:00,METAR SBSC 020200Z 20003KT 4000 TSRA BR SCT010 BKN015 FEW040CB 23/22 Q1011=
02/12/2025 03:00,METAR SBSC 020300Z 20003KT 9999 FEW010 SCT025 23/22 Q1010 RETSRA=
02/12/2025 04:00,METAR SBSC 020400Z 01003KT 9999 FEW010 SCT015 23/22 Q1009=
02/12/2025 05:00,METAR SBSC 020500Z 34003KT 9999 FEW010 SCT015 23/22 Q1008=
02/12/2025 06:00,METAR SBSC 020600Z 02005KT 9999 FEW010 SCT015 22/22 Q1007=
02/12/2025 07:00,METAR SBSC 020700Z 01004KT 9999 FEW010 22/21 Q1007=
02/12/2025 08:00,METAR SBSC 020800Z 01006KT 9999 FEW010 22/21 Q1007=
02/12/2025 09:00,METAR SBSC 020900Z 36008KT 9999 -RA FEW010 BKN060 BKN100 22/21 Q1007=
02/12/2025 10:00,METAR SBSC 021000Z 35009KT 9999 FEW040 BKN100 23/21 Q1007=
02/12/2025 11:00,METAR SBSC 021100Z 34006KT 9999 FEW040 BKN100 24/22 Q1007=
02/12/2025 12:00,METAR SBSC 021200Z 35003KT 9999 FEW040 26/23 Q1007=
02/12/2025 13:00,METAR SBSC 021300Z 33011KT CAVOK 28/22 Q1007=
02/12/2025 14:00,METAR SBSC 021400Z 33012KT CAVOK 30/22 Q1006=
02/12/2025 15:00,METAR SBSC 021500Z 17009KT CAVOK 29/23 Q1006=
02/12/2025 16:00,METAR SBSC 021600Z 20011KT CAVOK 28/23 Q1006=
02/12/2025 17:00,METAR SBSC 021700Z 18010KT 9999 FEW030 BKN100 28/23 Q1005=
02/12/2025 18:00,METAR SBSC 021800Z 18010KT 9999 FEW030 BKN100 26/23 Q1005=
02/12/2025 19:00,METAR SBSC 021900Z 19008KT 9999 VCSH FEW030TCU SCT040 BKN100 26/23 Q1005=
02/12/2025 20:00,METAR SBSC 022000Z 19005KT 5000 -RA BR VCTS SCT020 FEW030CB BKN100 24/22 Q1006=
02/12/2025 21:00,METAR SBSC 022100Z 14004KT 9999 FEW020 BKN080 25/23 Q1006=
02/12/2025 22:00,METAR SBSC 022200Z 06002KT 9999 FEW030 BKN100 24/23 Q1006=
02/12/2025 23:00,METAR SBSC 022300Z 24002KT 9999 FEW008 SCT015 BKN080 23/22 Q1008=
03/12/2025 00:00,METAR SBSC 030000Z 35003KT 9999 FEW008 BKN012 BKN100 23/22 Q1008=
03/12/2025 01:00,METAR SBSC 030100Z 34005KT 9999 FEW015 OVC100 23/21 Q1008=
03/12/2025 02:00,METAR SBSC 030200Z 24001KT 9999 FEW015 OVC100 23/22 Q1008=
03/12/2025 03:00,METAR SBSC 030300Z 24003KT 9999 FEW015 OVC100 23/22 Q1008=
03/12/2025 04:00,METAR SBSC 030400Z 23006KT 9999 SCT015 OVC100 22/21 Q1008=
03/12/2025 05:00,METAR SBSC 030500Z 31004KT 9999 SCT015 OVC100 22/21 Q1008=
03/12/2025 06:00,METAR SBSC 030600Z 32003KT 9999 SCT015 OVC100 22/21 Q1007=
03/12/2025 07:00,METAR SBSC 030700Z 21003KT 9999 SCT015 BKN100 22/20 Q1007=
03/12/2025 08:00,METAR SBSC 030800Z 29005KT 9999 SCT015 BKN100 21/20 Q1008=
03/12/2025 09:00,METAR SBSC 030900Z 17002KT 9999 FEW030 SCT100 23/22 Q1008=
03/12/2025 10:00,METAR SBSC 031000Z 18005KT 9999 FEW030 SCT100 25/22 Q1009=
03/12/2025 11:00,METAR SBSC 031100Z 15005KT 9999 BKN015 27/23 Q1009=
03/12/2025 12:00,METAR SBSC 031200Z 15008KT 9999 BKN012 27/23 Q1010=
03/12/2025 13:00,METAR SBSC 031300Z 16010KT 9999 SCT012 27/23 Q1010=
03/12/2025 14:00,METAR SBSC 031400Z 19011KT 9999 SCT012 SCT070 27/23 Q1009=
03/12/2025 15:00,METAR SBSC 031500Z 19013KT 9999 SCT012 SCT070 27/22 Q1009=
03/12/2025 16:00,METAR SBSC 031600Z 18013KT 9999 SCT010 SCT030 BKN040 27/22 Q1009=
03/12/2025 17:00,METAR SBSC 031700Z 19012KT 9999 SCT010 SCT030 BKN040 26/22 Q1009=
03/12/2025 18:00,METAR SBSC 031800Z 18012KT 9999 SCT010 SCT030 BKN040 26/22 Q1008=
03/12/2025 19:00,METAR SBSC 031900Z 16011KT 8000 SCT010 BKN030 BKN040 26/21 Q1008=
03/12/2025 20:00,METAR SBSC 032000Z 16008KT 8000 SCT010 BKN025 OVC040 26/22 Q1009=
03/12/2025 21:00,METAR SBSC 032100Z 15008KT 8000 SCT010 BKN025 OVC040 25/21 Q1009=
03/12/2025 22:00,METAR SBSC 032200Z 15005KT 8000 FEW010 SCT025 BKN070 25/21 Q1009=
03/12/2025 23:00,METAR SBSC 032300Z 00000KT 8000 FEW010 SCT025 BKN070 25/21 Q1010=
04/12/2025 00:00,METAR SBSC 040000Z 16004KT 8000 FEW010 SCT025 BKN070 25/21 Q1011=
04/12/2025 01:00,METAR SBSC 040100Z 15003KT 040V210 9999 FEW010 SCT030 BKN100 24/21 Q1011=
04/12/2025 02:00,METAR SBSC 040200Z 19002KT 9999 FEW010 SCT030 BKN100 24/21 Q1011=
04/12/2025 03:00,METAR SBSC 040300Z 33002KT 9999 FEW010 SCT030 BKN100 23/21 Q1011=
04/12/2025 04:00,METAR SBSC 040400Z 26002KT 9999 FEW010 BKN030 BKN100 23/21 Q1011=
04/12/2025 05:00,METAR SBSC 040500Z 24002KT 9999 FEW010 BKN020 BKN050 23/21 Q1010=
04/12/2025 06:00,METAR SBSC 040600Z 23003KT 9999 FEW010 BKN020 22/21 Q1010=
04/12/2025 07:00,METAR SBSC 040700Z 23004KT 9999 FEW010 BKN020 22/21 Q1009=
04/12/2025 08:00,METAR SBSC 040800Z 16004KT 9999 FEW008 SCT020 BKN035 24/21 Q1009=
04/12/2025 09:00,METAR SBSC 040900Z 19002KT 9999 FEW008 SCT020 BKN035 24/22 Q1010=
04/12/2025 10:00,METAR SBSC 041000Z 16004KT 9999 FEW010 BKN015 BKN080 25/22 Q1011=
04/12/2025 11:00,METAR SBSC 041100Z 21004KT 6000 -RA FEW007 BKN012 OVC030 24/21 Q1012=
04/12/2025 12:00,METAR SBSC 041200Z 21006KT 9999 FEW007 BKN012 OVC035 24/22 Q1012=
04/12/2025 13:00,METAR SBSC 041300Z 20009KT 9999 SCT012 BKN019 BKN026 26/21 Q1013=
04/12/2025 14:00,METAR SBSC 041400Z 20009KT 9999 FEW012 SCT019 BKN045 26/21 Q1013=
04/12/2025 15:00,METAR SBSC 041500Z 20009KT 9999 FEW015 SCT022 BKN043 26/19 Q1013=
04/12/2025 16:00,METAR SBSC 041600Z 18011KT 9999 SCT022 BKN034 BKN045 27/21 Q1012=
04/12/2025 17:00,METAR SBSC 041700Z 18012KT 9999 FEW023 SCT034 26/20 Q1011=
04/12/2025 18:00,METAR SBSC 041800Z 19010KT 9999 FEW021 SCT034 BKN064 26/20 Q1011=
04/12/2025 19:00,METAR SBSC 041900Z 18011KT 9999 FEW023 BKN035 BKN061 25/20 Q1011=
04/12/2025 20:00,METAR SBSC 042000Z 18010KT 9999 FEW021 SCT035 OVC062 25/20 Q1011=
04/12/2025 21:00,METAR SBSC 042100Z 18009KT 9999 FEW021 SCT035 OVC062 24/19 Q1012=
04/12/2025 22:00,METAR SBSC 042200Z 18007KT 9999 FEW024 SCT035 OVC050 24/19 Q1013=
04/12/2025 23:00,METAR SBSC 042300Z 16006KT 9999 FEW024 SCT030 OVC050 24/19 Q1013=
05/12/2025 00:00,METAR SBSC 050000Z 16005KT 9999 SCT030 OVC064 24/19 Q1014=
05/12/2025 01:00,METAR SBSC 050100Z 17004KT 8000 SCT015 SCT030 OVC050 24/20 Q1014=
05/12/2025 02:00,METAR SBSC 050200Z 26005KT 8000 SCT015 SCT030 OVC050 22/20 Q1014=
05/12/2025 03:00,METAR SBSC 050300Z 25006KT 8000 SCT015 SCT030 OVC050 22/20 Q1013=
05/12/2025 04:00,METAR SBSC 050400Z 18006KT 8000 SCT015 SCT030 OVC050 22/20 Q1013=
05/12/2025 05:00,METAR SBSC 050500Z 18005KT 8000 SCT015 SCT030 OVC050 21/19 Q1012=
05/12/2025 06:00,METAR SBSC 050600Z 15007KT 8000 SCT015 SCT030 OVC050 21/19 Q1012=
05/12/2025 07:00,METAR SBSC 050700Z 13006KT 8000 SCT015 SCT030 OVC050 21/19 Q1013=
05/12/2025 08:00,METAR SBSC 050800Z 06005KT 8000 SCT015 SCT030 OVC050 20/18 Q1013=
05/12/2025 09:00,METAR SBSC 050900Z 03005KT 8000 SCT015 SCT030 OVC050 22/20 Q1014=
05/12/2025 10:00,METAR SBSC 051000Z 36005KT 8000 SCT015 SCT030 OVC050 23/20 Q1014=
05/12/2025 11:00,METAR SBSC 051100Z 00000KT 9999 FEW015 SCT030 BKN050 24/19 Q1015=
05/12/2025 12:00,METAR SBSC 051200Z 24003KT 9999 FEW015 SCT030 BKN050 25/20 Q1015=
05/12/2025 13:00,METAR SBSC 051300Z 18006KT 9999 FEW015 BKN025 26/20 Q1015=
05/12/2025 14:00,METAR SBSC 051400Z 14009KT 9999 FEW020 BKN030 27/20 Q1014=
05/12/2025 15:00,METAR SBSC 051500Z 18007KT 9999 FEW020 BKN030 28/20 Q1013=
05/12/2025 16:00,METAR SBSC 051600Z 17010KT 9999 FEW025 SCT040 28/20 Q1013=
05/12/2025 17:00,METAR SBSC 051700Z 18013KT 9999 FEW025 SCT040 28/20 Q1013=
05/12/2025 18:00,METAR SBSC 051800Z 18011KT 9999 FEW040 28/19 Q1013=
05/12/2025 19:00,METAR SBSC 051900Z 17012KT 9999 FEW045 27/19 Q1013=
05/12/2025 20:00,METAR SBSC 052000Z 16012KT 9999 BKN040 26/18 Q1013=
05/12/2025 21:00,METAR SBSC 052100Z 09009KT 9999 BKN040 25/18 Q1013=
05/12/2025 22:00,METAR SBSC 052200Z 09010KT 9999 BKN040 24/18 Q1014=
05/12/2025 23:00,METAR SBSC 052300Z 11007KT 9999 BKN040 24/18 Q1015=
06/12/2025 00:00,METAR SBSC 060000Z 11004KT 9999 BKN040 24/18 Q1015=
06/12/2025 01:00,METAR SBSC 060100Z 10002KT 9999 OVC039 25/19 Q1016=
06/12/2025 02:00,METAR SBSC 060200Z 05005KT 9999 BKN033 24/19 Q1016=
06/12/2025 03:00,METAR SBSC 060300Z 06005KT 9999 BKN033 23/18 Q1015=
06/12/2025 04:00,METAR SBSC 060400Z 02003KT 9999 BKN043 22/19 Q1014=
06/12/2025 05:00,METAR SBSC 060500Z 01002KT 9999 BKN036 22/19 Q1013=
06/12/2025 06:00,METAR SBSC 060600Z 04003KT 9999 BKN036 20/18 Q1013=
06/12/2025 07:00,METAR SBSC 060700Z 05004KT 9999 SCT036 20/19 Q1013=
06/12/2025 08:00,METAR SBSC 060800Z 06005KT CAVOK 20/18 Q1013=
06/12/2025 09:00,METAR SBSC 060900Z 05007KT CAVOK 22/19 Q1014=
06/12/2025 10:00,METAR SBSC 061000Z 05009KT CAVOK 24/19 Q1014=
06/12/2025 11:00,METAR SBSC 061100Z 04009KT CAVOK 26/19 Q1015=
06/12/2025 12:00,METAR SBSC 061200Z 02010KT CAVOK 28/18 Q1015=
06/12/2025 13:00,METAR SBSC 061300Z 01007KT CAVOK 30/19 Q1014=
06/12/2025 14:00,METAR SBSC 061400Z 03005KT 9999 FEW040 31/19 Q1014=
06/12/2025 15:00,METAR SBSC 061500Z 13011KT 9999 SCT040 30/21 Q1014=
06/12/2025 16:00,METAR SBSC 061600Z 14009KT 9999 SCT040 31/21 Q1014=
06/12/2025 17:00,METAR SBSC 061700Z 16008KT CAVOK 30/20 Q1013=
06/12/2025 18:00,METAR SBSC 061800Z 18008KT CAVOK 28/18 Q1013=
06/12/2025 19:00,METAR SBSC 061900Z 17006KT CAVOK 28/18 Q1012=
06/12/2025 20:00,METAR SBSC 062000Z 14007KT CAVOK 28/20 Q1012=
06/12/2025 21:00,METAR SBSC 062100Z 11007KT CAVOK 27/20 Q1012=
06/12/2025 22:00,METAR SBSC 062200Z 15005KT CAVOK 25/20 Q1013=
06/12/2025 23:00,METAR SBSC 062300Z 27002KT 9999 SCT040 24/20 Q1013=
07/12/2025 00:00,METAR SBSC 070000Z 23003KT 9999 FEW040 24/21 Q1014=
07/12/2025 01:00,METAR SBSC 070100Z 23007KT 9999 FEW040 24/21 Q1014=
07/12/2025 02:00,METAR SBSC 070200Z 25006KT 9999 FEW040 23/21 Q1015=
07/12/2025 03:00,METAR SBSC 070300Z 30006KT 9999 FEW040 23/20 Q1015=
07/12/2025 04:00,METAR SBSC 070400Z 29005KT 9999 FEW030 22/20 Q1014=
07/12/2025 05:00,METAR SBSC 070500Z 35007KT 9999 FEW030 22/19 Q1014=
07/12/2025 06:00,METAR SBSC 070600Z 03006KT 9999 FEW030 21/19 Q1014=
07/12/2025 07:00,METAR SBSC 070700Z 35006KT 9999 FEW015 22/19 Q1013=
07/12/2025 08:00,METAR SBSC 070800Z 04007KT 9999 FEW015 22/19 Q1013=
07/12/2025 09:00,METAR SBSC 070900Z 03005KT 9999 FEW015 23/20 Q1013=
07/12/2025 10:00,METAR SBSC 071000Z 06007KT 9999 FEW015 24/20 Q1013=
07/12/2025 11:00,METAR SBSC 071100Z 36010KT 9999 FEW015 27/20 Q1013=
07/12/2025 12:00,METAR SBSC 071200Z 01012KT 9999 FEW015 30/20 Q1013=
07/12/2025 13:00,METAR SBSC 071300Z 33013KT CAVOK 32/20 Q1012=
07/12/2025 14:00,METAR SBSC 071400Z 17010KT CAVOK 33/20 Q1012=
07/12/2025 15:00,METAR SBSC 071500Z 23007KT CAVOK 30/22 Q1012=
07/12/2025 16:00,METAR SBSC 071600Z 17011KT 9999 FEW030 29/22 Q1012=
07/12/2025 17:00,METAR SBSC 071700Z 20012KT 9999 FEW030 27/21 Q1012=
07/12/2025 18:00,METAR COR SBSC 071800Z 20012KT 9999 FEW030 27/22 Q1012=
07/12/2025 19:00,METAR SBSC 071900Z 16012KT 9999 FEW025 28/23 Q1011=
07/12/2025 20:00,METAR SBSC 072000Z 16010KT CAVOK 27/22 Q1011=
07/12/2025 21:00,METAR SBSC 072100Z 15009KT 9999 FEW030 27/20 Q1011=
07/12/2025 22:00,METAR SBSC 072200Z 15007KT 9999 FEW020 26/21 Q1011=
07/12/2025 23:00,METAR SBSC 072300Z 22005KT 9999 FEW020 25/21 Q1011=
08/12/2025 00:00,METAR SBSC 080000Z 24005KT 9999 FEW020 24/22 Q1012=
08/12/2025 01:00,METAR SBSC 080100Z 21007KT CAVOK 24/22 Q1013=
08/12/2025 02:00,METAR SBSC 080200Z 22009KT CAVOK 24/22 Q1013=
08/12/2025 03:00,METAR SBSC 080300Z 21008KT CAVOK 24/21 Q1012=
08/12/2025 04:00,METAR SBSC 080400Z 24005KT CAVOK 23/21 Q1012=
08/12/2025 05:00,METAR SBSC 080500Z 29006KT CAVOK 23/21 Q1012=
08/12/2025 06:00,METAR SBSC 080600Z 31005KT CAVOK 23/20 Q1012=
08/12/2025 07:00,METAR SBSC 080700Z 29005KT CAVOK 22/20 Q1011=
08/12/2025 08:00,METAR SBSC 080800Z 31002KT CAVOK 22/20 Q1011=
08/12/2025 09:00,METAR SBSC 080900Z 30003KT CAVOK 23/21 Q1011=
08/12/2025 10:00,METAR SBSC 081000Z 29005KT CAVOK 25/22 Q1012=
08/12/2025 11:00,METAR SBSC 081100Z 17007KT CAVOK 26/23 Q1012=
08/12/2025 12:00,METAR SBSC 081200Z 17009KT CAVOK 27/23 Q1013=
08/12/2025 13:00,METAR SBSC 081300Z 18008KT CAVOK 28/22 Q1013=
08/12/2025 14:00,METAR SBSC 081400Z 18010KT CAVOK 28/23 Q1012=
08/12/2025 15:00,METAR SBSC 081500Z 18011KT 9999 FEW030 29/23 Q1012=
08/12/2025 16:00,METAR SBSC 081600Z 18011KT 9999 FEW030 29/23 Q1011=
08/12/2025 17:00,METAR SBSC 081700Z 18010KT 9999 FEW030 29/22 Q1010=
08/12/2025 18:00,METAR SBSC 081800Z 18011KT 9999 FEW030 29/22 Q1009=
08/12/2025 19:00,METAR SBSC 081900Z 17011KT CAVOK 28/23 Q1009=
08/12/2025 20:00,METAR SBSC 082000Z 19012KT 9999 FEW020 26/23 Q1009=
08/12/2025 21:00,METAR SBSC 082100Z 20009KT 8000 FEW009 SCT020 25/23 Q1010=
08/12/2025 22:00,METAR SBSC 082200Z 21008KT 8000 SCT009 SCT020 25/23 Q1010=
08/12/2025 23:00,METAR SBSC 082300Z 21007KT 8000 FEW009 SCT020 25/23 Q1010=
09/12/2025 00:00,METAR SBSC 090000Z 21005KT 8000 FEW009 SCT020 25/23 Q1011=
09/12/2025 01:00,METAR SBSC 090100Z 21003KT 140V240 8000 FEW010 SCT025 24/23 Q1011=
09/12/2025 02:00,METAR SBSC 090200Z VRB02KT 9999 FEW010 SCT030 24/22 Q1011=
09/12/2025 03:00,METAR SBSC 090300Z 01002KT 9999 FEW010 SCT030 24/22 Q1010=
09/12/2025 04:00,METAR SBSC 090400Z VRB01KT 8000 FEW010 SCT020 23/22 Q1010=
09/12/2025 05:00,METAR SBSC 090500Z 03002KT 8000 FEW010 SCT020 23/22 Q1009=
09/12/2025 06:00,METAR SBSC 090600Z 03003KT 8000 FEW010 SCT020 23/22 Q1009=
09/12/2025 07:00,METAR SBSC 090700Z 35005KT 8000 FEW010 23/22 Q1008=
09/12/2025 08:00,METAR SBSC 090800Z 35007KT 6000 FEW020 BKN100 23/23 Q1008=
09/12/2025 09:00,METAR SBSC 090900Z 35006KT 8000 FEW025 BKN080 24/23 Q1009=
09/12/2025 10:00,METAR SBSC 091000Z 33006KT 9999 FEW020 BKN080 26/22 Q1009=
09/12/2025 11:00,METAR SBSC 091100Z 34011KT 9999 FEW020 BKN100 28/21 Q1009=
09/12/2025 12:00,METAR SBSC 091200Z 01011KT 9999 FEW020 BKN100 29/21 Q1008=
09/12/2025 13:00,METAR SBSC 091300Z 02012KT 9999 FEW021 30/21 Q1008=
09/12/2025 14:00,METAR SBSC 091400Z 01011G21KT 9999 FEW021 31/21 Q1007=
09/12/2025 15:00,METAR SBSC 091500Z 02009KT 9999 FEW021 31/21 Q1006=
09/12/2025 16:00,METAR SBSC 091600Z 36010KT 9999 -RA FEW023 BKN050 30/21 Q1006=
09/12/2025 17:00,METAR SBSC 091700Z 02007KT 9999 FEW025 SCT073 30/22 Q1005=
09/12/2025 18:00,METAR SBSC 091800Z 07009KT 9999 FEW030 30/22 Q1004=
09/12/2025 19:00,METAR SBSC 091900Z 07005KT 9999 FEW003 29/22 Q1003=
09/12/2025 20:00,METAR SBSC 092000Z 05006KT 9999 FEW030 SCT066 29/22 Q1003=
09/12/2025 21:00,METAR SBSC 092100Z 04007KT 9999 FEW030 SCT066 28/21 Q1004=
09/12/2025 22:00,METAR SBSC 092200Z 05007KT 9999 FEW031 SCT090 28/22 Q1004=
09/12/2025 23:00,METAR SBSC 092300Z 03003KT 9999 FEW027 SCT065 26/23 Q1004=
10/12/2025 00:00,METAR SBSC 100000Z 01003KT 9999 FEW027 SCT070 BKN100 26/22 Q1004=
10/12/2025 01:00,METAR SBSC 100100Z 01007KT 8000 FEW007 SCT015 BKN050 26/22 Q1004=
10/12/2025 02:00,METAR SBSC 100200Z 01006KT 8000 FEW007 SCT015 BKN050 26/22 Q1003=
10/12/2025 03:00,METAR SBSC 100300Z 36007KT 8000 FEW007 SCT015 BKN050 26/22 Q1003=
10/12/2025 04:00,METAR SBSC 100400Z 01007KT 8000 FEW007 SCT015 BKN050 26/22 Q1003=
10/12/2025 05:00,METAR SBSC 100500Z 36006KT 8000 FEW007 SCT015 BKN050 25/21 Q1002=
10/12/2025 06:00,METAR SBSC 100600Z 02012KT 8000 FEW007 SCT015 BKN050 26/20 Q1002=
10/12/2025 07:00,METAR SBSC 100700Z 36012KT 8000 FEW007 SCT015 BKN050 28/20 Q1002=
10/12/2025 08:00,METAR SBSC 100800Z 35011G25KT 8000 FEW015 SCT030 BKN070 28/20 Q1001=
10/12/2025 09:00,METAR SBSC 100900Z 36013G25KT 9999 FEW015 SCT030 BKN070 28/20 Q1001=
10/12/2025 10:00,METAR SBSC 101000Z 36012G25KT 9999 FEW015 SCT030 BKN070 28/21 Q1002=
10/12/2025 11:00,METAR SBSC 101100Z 04014KT 9999 FEW015 SCT030 BKN070 30/21 Q1002=
10/12/2025 12:00,METAR SBSC 101200Z 03010KT 9999 SCT030 BKN070 30/22 Q1003=
10/12/2025 13:00,METAR SBSC 101300Z 35015KT 9999 FEW020 SCT030 BKN060 32/22 Q1002=
10/12/2025 14:00,METAR SBSC 101400Z 02011KT 9999 FEW020 SCT030 BKN060 32/21 Q1001=
10/12/2025 15:00,METAR SBSC 101500Z 22013G24KT 9999 2500W RA SCT010 BKN025 BKN040 24/23 Q1002=
10/12/2025 16:00,METAR SBSC 101600Z 21004KT 9999 FEW010 BKN035 BKN070 25/23 Q1002 RERA=
10/12/2025 17:00,METAR SBSC 101700Z 06009KT 9999 FEW035 BKN070 27/23 Q1001=
10/12/2025 18:00,METAR SBSC 101800Z 02013KT 9999 FEW035 31/24 Q1000=
10/12/2025 20:00,METAR SBSC 102000Z 34012KT 9999 FEW025 SCT035 32/24 Q1000=
10/12/2025 21:00,METAR SBSC 102100Z 35010KT 9999 FEW025 32/23 Q1000=
10/12/2025 22:00,METAR SBSC 102200Z 36007KT 9999 FEW025 29/22 Q1000=
10/12/2025 23:00,METAR SBSC 102300Z 02008KT 9999 FEW025 29/22 Q1000=
11/12/2025 00:00,METAR SBSC 110000Z 02009KT 9999 FEW025 28/21 Q1000=
11/12/2025 01:00,METAR SBSC 110100Z 02008KT 9999 FEW030 28/20 Q1001=
11/12/2025 02:00,METAR SBSC 110200Z 02008KT CAVOK 28/20 Q1001=
11/12/2025 03:00,METAR SBSC 110300Z 01006KT CAVOK 27/20 Q1001=
11/12/2025 04:00,METAR SBSC 110400Z 01006KT CAVOK 27/21 Q1000=
11/12/2025 05:00,METAR SBSC 110500Z 02009KT CAVOK 27/20 Q1000=
11/12/2025 06:00,METAR SBSC 110600Z 01011KT CAVOK 27/20 Q1000=
11/12/2025 07:00,METAR SBSC 110700Z 01010KT CAVOK 26/20 Q1000=
11/12/2025 08:00,METAR SBSC 110800Z 01009KT CAVOK 26/20 Q1001=
11/12/2025 09:00,METAR SBSC 110900Z 01008KT CAVOK 27/20 Q1002=
11/12/2025 10:00,METAR SBSC 111000Z 36006KT CAVOK 30/19 Q1002=
11/12/2025 11:00,METAR SBSC 111100Z 01007KT CAVOK 33/18 Q1003=
11/12/2025 12:00,METAR SBSC 111200Z 21005KT CAVOK 34/16 Q1004=
11/12/2025 13:00,METAR SBSC 111300Z 16013KT 9999 FEW040 32/18 Q1004=
11/12/2025 14:00,METAR SBSC 111400Z 18012KT 9999 FEW040 31/19 Q1004=
11/12/2025 15:00,METAR SBSC 111500Z 18011KT 9999 FEW040 31/20 Q1004=
11/12/2025 16:00,METAR SBSC 111600Z 16014KT 9999 FEW040 31/19 Q1004=
11/12/2025 17:00,METAR SBSC 111700Z 20014KT 9999 FEW045 30/20 Q1004=
11/12/2025 18:00,METAR SBSC 111800Z 20015KT CAVOK 29/19 Q1004=
11/12/2025 19:00,METAR SBSC 111900Z 20014KT CAVOK 29/19 Q1005=
11/12/2025 20:00,METAR SBSC 112000Z 20010KT CAVOK 27/18 Q1005=
11/12/2025 21:00,METAR SBSC 112100Z 20006KT CAVOK 27/19 Q1006=
11/12/2025 22:00,METAR SBSC 112200Z 20003KT CAVOK 25/19 Q1006=
11/12/2025 23:00,METAR SBSC 112300Z 23002KT CAVOK 23/19 Q1007=
12/12/2025 00:00,METAR SBSC 120000Z 28001KT CAVOK 22/19 Q1007=
12/12/2025 01:00,METAR SBSC 120100Z 29003KT CAVOK 21/19 Q1008=
12/12/2025 02:00,METAR SBSC 120200Z 03004KT CAVOK 20/18 Q1008=
12/12/2025 03:00,METAR SBSC 120300Z 03003KT CAVOK 20/18 Q1008=
12/12/2025 04:00,METAR SBSC 120400Z 04004KT CAVOK 19/17 Q1008=
12/12/2025 05:00,METAR SBSC 120500Z 03004KT CAVOK 19/16 Q1008=
12/12/2025 06:00,METAR SBSC 120600Z 36003KT 9999 FEW020 18/16 Q1007=
12/12/2025 07:00,METAR SBSC 120700Z 02004KT 9999 FEW020 18/17 Q1007=
12/12/2025 08:00,METAR SBSC 120800Z 03003KT 9999 FEW020 20/17 Q1007=
12/12/2025 09:00,METAR SBSC 120900Z 05005KT 9999 FEW020 21/17 Q1007=
12/12/2025 10:00,METAR SBSC 121000Z 04008KT CAVOK 25/18 Q1008=
12/12/2025 11:00,METAR SBSC 121100Z 04007KT CAVOK 29/19 Q1007=
12/12/2025 12:00,METAR SBSC 121200Z 03009KT CAVOK 31/19 Q1007=
12/12/2025 13:00,METAR SBSC 121300Z 04008KT CAVOK 32/20 Q1007=
12/12/2025 14:00,METAR SBSC 121400Z 05006KT CAVOK 34/20 Q1006=
12/12/2025 15:00,METAR SBSC 121500Z 16008KT CAVOK 34/20 Q1006=
12/12/2025 16:00,METAR SBSC 121600Z 16010KT CAVOK 33/19 Q1006=
12/12/2025 17:00,METAR SBSC 121700Z 20009KT CAVOK 34/17 Q1005=
12/12/2025 18:00,METAR SBSC 121800Z 16010KT CAVOK 34/19 Q1005=
12/12/2025 19:00,METAR SBSC 121900Z 16009KT CAVOK 34/17 Q1004=
12/12/2025 20:00,METAR SBSC 122000Z 24007KT CAVOK 30/22 Q1005=
12/12/2025 21:00,METAR SBSC 122100Z 21007KT CAVOK 28/23 Q1006=
12/12/2025 22:00,METAR SBSC 122200Z 25005KT CAVOK 26/23 Q1007=
12/12/2025 23:00,METAR SBSC 122300Z 22006KT 9999 VCTS FEW030 FEW035CB 25/23 Q1008=
13/12/2025 00:00,METAR SBSC 130000Z 23005KT 9999 FEW035 25/23 Q1009=
13/12/2025 01:00,METAR SBSC 130100Z 34002KT 9999 FEW031 24/23 Q1007=
13/12/2025 02:00,METAR SBSC 130200Z 20002KT 9999 FEW031 24/23 Q1008=
13/12/2025 03:00,METAR SBSC 130300Z 00000KT 9999 FEW031 24/23 Q1007=
13/12/2025 04:00,METAR SBSC 130400Z 04002KT 9999 FEW035 23/22 Q1006=
13/12/2025 05:00,METAR SBSC 130500Z 01008KT 9999 FEW038 24/22 Q1005=
13/12/2025 06:00,METAR SBSC 130600Z 05012KT 9999 FEW038 23/20 Q1005=
13/12/2025 07:00,METAR SBSC 130700Z 36008KT 9999 FEW038 SCT050 22/21 Q1005=
13/12/2025 08:00,METAR SBSC 130800Z 33007KT 9999 FEW038 SCT066 24/20 Q1006=
13/12/2025 09:00,METAR SBSC 130900Z 32006KT 9999 FEW038 SCT066 24/21 Q1008=
13/12/2025 10:00,METAR SBSC 131000Z 29002KT 9999 FEW040 SCT066 BKN083 24/21 Q1009=
13/12/2025 11:00,METAR SBSC 131100Z 22004KT 9999 FEW040 SCT066 BKN100 24/22 Q1008=
13/12/2025 12:00,METAR SBSC 131200Z 24006KT 7000 -RA SCT025 BKN066 OVC100 24/22 Q1009=
13/12/2025 13:00,METAR SBSC 131300Z 23004KT 8000 FEW010 SCT030 OVC050 34/23 Q1010=
13/12/2025 14:00,METAR SBSC 131400Z 22003KT 5000 -RA BR FEW010 SCT030 OVC050 24/23 Q1010=
13/12/2025 15:00,METAR SBSC 131500Z 24004KT 5000 -RA BR SCT010 SCT030 OVC050 24/23 Q1010=
13/12/2025 16:00,METAR SBSC 131600Z 06007KT 5000 -RA BR SCT010 SCT030 OVC050 25/23 Q1009=
13/12/2025 17:00,METAR SBSC 131700Z 02012KT 8000 FEW015 SCT030 OVC050 27/23 Q1007=
13/12/2025 18:00,METAR SBSC 131800Z 02012KT 9999 SCT030 BKN070 28/23 Q1005=
13/12/2025 19:00,METAR SBSC 131900Z 36009KT 9999 SCT030 BKN070 30/22 Q1004=
13/12/2025 20:00,METAR SBSC 132000Z 31005KT 9999 FEW030 SCT070 32/23 Q1004=
13/12/2025 21:00,METAR SBSC 132100Z 22004KT 9999 FEW030 SCT070 27/23 Q1005=
13/12/2025 22:00,METAR SBSC 132200Z 21003KT 9999 FEW030 SCT070 26/23 Q1006=
13/12/2025 23:00,METAR SBSC 132300Z 27004KT 9999 FEW030 SCT070 25/23 Q1007=
14/12/2025 00:00,METAR SBSC 140000Z 00000KT 9999 FEW030 SCT070 25/23 Q1008=
14/12/2025 01:00,METAR SBSC 140100Z 23007KT 8000 -RA FEW010 BKN060 26/24 Q1009=
14/12/2025 02:00,METAR SBSC 140200Z 21007KT 3000 -RA BR FEW010 BKN020 BKN050 23/22 Q1010=
14/12/2025 03:00,METAR SBSC 140300Z VRB01KT 8000 FEW010 BKN035 BKN080 23/22 Q1009=
14/12/2025 04:00,METAR SBSC 140400Z 27007KT 8000 -RA FEW010 BKN030 23/22 Q1009=
14/12/2025 05:00,METAR SBSC 140500Z 25006KT 9999 FEW010 BKN030 23/22 Q1008=
14/12/2025 06:00,METAR SBSC 140600Z 35005KT 9999 FEW010 BKN020 23/22 Q1007=
14/12/2025 07:00,METAR SBSC 140700Z 01005KT 9999 FEW020 BKN060 23/22 Q1006=
14/12/2025 08:00,METAR SBSC 140800Z 33005KT 9999 FEW020 BKN060 23/22 Q1006=
14/12/2025 09:00,METAR SBSC 140900Z 36007KT 9999 FEW030 BKN100 24/22 Q1007=
14/12/2025 10:00,METAR SBSC 141000Z 36008KT 9999 FEW020 BKN100 25/22 Q1008=
14/12/2025 11:00,METAR SBSC 141100Z 23005KT 9999 FEW030 BKN100 26/23 Q1009=
14/12/2025 12:00,METAR SBSC 141200Z 22005KT 9999 FEW010 BKN100 27/23 Q1009=
14/12/2025 13:00,METAR SBSC 141300Z 20005KT 9999 FEW020 BKN100 27/24 Q1010=
14/12/2025 14:00,METAR SBSC 141400Z 20006KT 9999 FEW025 27/24 Q1010=
14/12/2025 15:00,METAR SBSC 141500Z 19006KT CAVOK 28/24 Q1009=
14/12/2025 16:00,METAR SBSC 141600Z 20005KT CAVOK 27/23 Q1009=
14/12/2025 17:00,METAR SBSC 141700Z 19005KT CAVOK 28/24 Q1008=
14/12/2025 18:00,METAR SBSC 141800Z 21008KT 9999 FEW030TCU 27/23 Q1008=
14/12/2025 19:00,METAR SBSC 141900Z 20006KT 9999 FEW030TCU 28/23 Q1008=
14/12/2025 20:00,METAR SBSC 142000Z 19005KT CAVOK 27/23 Q1008=
14/12/2025 21:00,METAR SBSC 142100Z 17004KT 9999 FEW025 BKN100 27/23 Q1008=
14/12/2025 22:00,METAR SBSC 142200Z 20002KT 9999 FEW025 SCT100 26/23 Q1009=
14/12/2025 23:00,METAR SBSC 142300Z 19002KT 9999 FEW025 BKN083 BKN100 25/23 Q1009=
15/12/2025 00:00,METAR SBSC 150000Z 33002KT 9999 FEW025 SCT083 BKN100 25/23 Q1010=
15/12/2025 01:00,METAR SBSC 150100Z 33003KT 9999 FEW025 BKN100 25/23 Q1010=
15/12/2025 02:00,METAR SBSC 150200Z 32003KT 9999 FEW025 BKN100 25/23 Q1010=
15/12/2025 03:00,METAR SBSC 150300Z 31004KT 9999 FEW025 BKN100 24/23 Q1010=
15/12/2025 04:00,METAR SBSC 150400Z 29004KT 9999 FEW030 OVC100 24/23 Q1009=
15/12/2025 05:00,METAR SBSC 150500Z 32002KT 9999 FEW030 OVC100 24/22 Q1009=
15/12/2025 06:00,METAR SBSC 150600Z 31002KT 9999 FEW030 OVC100 23/22 Q1009=
15/12/2025 07:00,METAR SBSC 150700Z 29005KT 9999 FEW030 OVC100 23/22 Q1009=
15/12/2025 08:00,METAR SBSC 150800Z 31010KT 9999 FEW030 BKN100 25/22 Q1007=
15/12/2025 09:00,METAR SBSC 150900Z 02005KT 9999 FEW030 BKN100 27/23 Q1007=
15/12/2025 10:00,METAR SBSC 151000Z 33009KT 9999 FEW030 BKN100 28/23 Q1008=
15/12/2025 11:00,METAR SBSC 151100Z 33011KT 9999 FEW030 SCT100 30/23 Q1008=
15/12/2025 12:00,METAR SBSC 151200Z 33010KT 9999 FEW030 SCT100 32/23 Q1008=
15/12/2025 13:00,METAR SBSC 151300Z 21009KT 9999 FEW030 31/24 Q1008=
15/12/2025 14:00,METAR SBSC 151400Z 20011KT 9999 SCT030 29/24 Q1008=
15/12/2025 15:00,METAR SBSC 151500Z 20010KT 9999 FEW030 SCT040 30/24 Q1007=
15/12/2025 16:00,METAR COR SBSC 151600Z 20007KT 9999 -RA FEW030 SCT040 27/25 Q1007=
15/12/2025 17:00,METAR SBSC 151700Z 19010KT 9999 FEW035 SCT070 29/24 Q1006=
15/12/2025 18:00,METAR SBSC 151800Z 18010KT 9999 FEW035 29/22 Q1006=
15/12/2025 19:00,METAR SBSC 151900Z 18011KT 9999 FEW035 30/23 Q1006=
15/12/2025 20:00,METAR SBSC 152000Z 19009KT 9999 FEW035 29/22 Q1007=
15/12/2025 21:00,METAR SBSC 152100Z 17008KT 9999 FEW035 27/23 Q1007=
15/12/2025 22:00,METAR SBSC 152200Z 21004KT 9999 FEW025 BKN070 26/24 Q1007=
15/12/2025 23:00,METAR SBSC 152300Z 21002KT 9999 FEW025 BKN080 26/24 Q1008=
16/12/2025 00:00,METAR SBSC 160000Z 30002KT 9999 FEW025 26/24 Q1009=
16/12/2025 01:00,METAR SBSC 160100Z 00000KT 9999 FEW025 SCT083 26/24 Q1009=
16/12/2025 02:00,METAR SBSC 160200Z 04004KT 9999 FEW025 SCT066 BKN081 26/24 Q1009=
16/12/2025 03:00,METAR SBSC 160300Z 01004KT 9999 FEW025 SCT066 BKN081 25/23 Q1008=
16/12/2025 04:00,METAR SBSC 160400Z 35006KT 9999 FEW025 SCT081 26/22 Q1007=
16/12/2025 05:00,METAR SBSC 160500Z 36004KT 9999 FEW025 SCT081 26/22 Q1006=
16/12/2025 06:00,METAR SBSC 160600Z 36006KT 9999 FEW025 27/22 Q1006=
16/12/2025 07:00,METAR SBSC 160700Z 01010KT 9999 FEW025 SCT050 26/22 Q1006=
16/12/2025 08:00,METAR SBSC 160800Z 02010KT CAVOK 26/22 Q1006=
16/12/2025 09:00,METAR SBSC 160900Z 01010KT 9999 FEW020 27/22 Q1006=
16/12/2025 10:00,METAR SBSC 161000Z 01013KT CAVOK 29/23 Q1006=
16/12/2025 11:00,METAR SBSC 161100Z 02011KT 9999 FEW002 30/23 Q1006=
16/12/2025 12:00,METAR SBSC 161200Z 36012KT CAVOK 32/23 Q1006=
16/12/2025 13:00,METAR SBSC 161300Z 36010KT CAVOK 34/23 Q1006=
16/12/2025 14:00,METAR SBSC 161400Z 35009KT CAVOK 35/23 Q1005=
16/12/2025 15:00,METAR SBSC 161500Z 23007KT 9999 FEW030 35/24 Q1004=
16/12/2025 16:00,METAR SBSC 161600Z 20009KT 9999 FEW030 34/24 Q1004=
16/12/2025 17:00,METAR SBSC 161700Z 19010KT 9999 SCT030 33/24 Q1004=
16/12/2025 18:00,METAR SBSC 161800Z 17010KT 9999 SCT030 33/22 Q1004=
16/12/2025 19:00,METAR SBSC 161900Z 19009KT 9999 SCT030 32/22 Q1004=
16/12/2025 20:00,METAR SBSC 162000Z 19008KT 9999 SCT030 32/22 Q1004=
16/12/2025 21:00,METAR SBSC 162100Z 22004KT 9999 SCT030 BKN070 30/24 Q1005=
16/12/2025 22:00,METAR SBSC 162200Z 21003KT 9999 FEW015 SCT030 BKN070 28/24 Q1006=
16/12/2025 23:00,METAR SBSC 162300Z 21005KT 8000 FEW015 SCT030 BKN070 28/25 Q1008=
17/12/2025 00:00,METAR SBSC 170000Z 23004KT 8000 FEW015 SCT030 BKN070 27/25 Q1009=
17/12/2025 01:00,METAR SBSC 170100Z 19006KT 9999 FEW015 BKN060 27/25 Q1009=
17/12/2025 02:00,METAR SBSC 170200Z 18010KT 9999 FEW010 26/24 Q1009=
17/12/2025 03:00,METAR SBSC 170300Z 22010KT 9999 FEW010 26/23 Q1009=
17/12/2025 04:00,METAR SBSC 170400Z 20009KT 8000 -RA FEW010 25/24 Q1008=
17/12/2025 05:00,METAR SBSC 170500 23009KT 7000 -RA SCT012 25/24 Q1008=
17/12/2025 06:00,METAR SBSC 170600Z 24006KT 9999 FEW012 SCT020 25/23 Q1009=
17/12/2025 07:00,METAR SBSC 170700Z 26007KT 6000 -RA FEW010 SCT015 24/23 Q1008=
17/12/2025 08:00,METAR SBSC 170800Z 18018KT 6000 -RA SCT008 SCT015 24/23 Q1010=
17/12/2025 09:00,METAR SBSC 170900Z 21016G26KT 1300 R05/P2000D R23/P2000D RA BKN008 BKN015 23/22 Q1012=
17/12/2025 10:00,METAR SBSC 171000Z 21018G34KT 9999 -RA FEW005 BKN007 BKN015 20/19 Q1014 RERA=
17/12/2025 11:00,METAR SBSC 171100Z 21018G32KT 9999 SCT005 BKN012 BKN050 20/18 Q1015=
17/12/2025 12:00,METAR SBSC 171200Z 21012KT 9999 FEW005 BKN012 BKN060 21/18 Q1016=
17/12/2025 13:00,METAR SBSC 171300Z 22011G21KT 9999 SCT003 SCT012 BKN060 22/18 Q1016=
17/12/2025 14:00,METAR SBSC 171400Z 21009KT 9999 FEW010 SCT040 BKN060 23/18 Q1016=
17/12/2025 15:00,METAR SBSC 171500Z 21007KT 9999 FEW010 SCT040 BKN060 23/18 Q1016=
17/12/2025 16:00,METAR SBSC 171600Z 19007KT 9999 FEW010 BKN040 23/18 Q1016=
17/12/2025 17:00,METAR SBSC 171700Z 20007KT 9999 FEW010 BKN030 23/18 Q1015=
17/12/2025 18:00,METAR SBSC 171800Z 19006KT 9000 FEW020 OVC030 22/18 Q1015=
17/12/2025 19:00,METAR SBSC 171900Z 19007KT 9999 FEW020 BKN030 OVC040 22/18 Q1014=
17/12/2025 20:00,METAR SBSC 172000Z 20010KT 9999 OVC020 22/18 Q1014=
17/12/2025 21:00,METAR SBSC 172100Z 17008KT 9999 OVC020 22/17 Q1015=
17/12/2025 22:00,METAR SBSC 172200Z 13002KT 7000 -RA OVC020 20/19 Q1015=
17/12/2025 23:00,METAR SBSC 172300Z 34002KT 9999 -RA OVC020 20/19 Q1016=
18/12/2025 00:00,METAR SBSC 180000Z 35005KT 9999 OVC020 20/18 Q1016=
18/12/2025 01:00,METAR SBSC 180100Z 05003KT 8000 FEW010 BKN020 OVC050 20/19 Q1016=
18/12/2025 02:00,METAR SBSC 180200Z 03002KT 8000 FEW010 BKN020 OVC050 20/19 Q1016=
18/12/2025 03:00,METAR SBSC 180300Z 33005KT 8000 SCT010 BKN020 OVC050 21/20 Q1015=
18/12/2025 04:00,METAR SBSC 180400Z 24005KT 8000 SCT010 BKN020 OVC050 21/20 Q1015=
18/12/2025 05:00,METAR SBSC 180500Z 23006KT 8000 SCT010 BKN020 OVC050 20/19 Q1014=
18/12/2025 06:00,METAR SBSC 180600Z 18005KT 8000 SCT010 BKN020 OVC050 20/19 Q1014=
18/12/2025 07:00,METAR SBSC 180700Z 22006KT 8000 SCT010 BKN020 OVC050 20/19 Q1014=
18/12/2025 08:00,METAR SBSC 180800Z 25006KT 8000 SCT010 BKN020 OVC050 20/19 Q1014=
18/12/2025 09:00,METAR SBSC 180900Z 18005KT 8000 SCT010 BKN020 OVC050 21/20 Q1014=
18/12/2025 10:00,METAR SBSC 181000Z 34002KT 8000 SCT010 BKN015 OVC050 21/20 Q1015=
18/12/2025 11:00,METAR SBSC 181100Z 35002KT 8000 SCT010 SCT015 OVC050 22/20 Q1016=
18/12/2025 12:00,METAR SBSC 181200Z 00000KT 5000 -RA BR BKN010 BKN015 OVC050 23/20 Q1016=
18/12/2025 13:00,METAR SBSC 181300Z 26002KT 5000 -RA BR BKN005 BKN012 OVC050 22/20 Q1016=
18/12/2025 14:00,METAR SBSC 181400Z 26001KT 9999 BKN020 OVC025 22/20 Q1016=
18/12/2025 15:00,METAR SBSC 181500Z 15004KT 9999 BKN020 OVC030 23/20 Q1015=
18/12/2025 16:00,METAR SBSC 181600Z 00000KT 9999 BKN020 22/19 Q1015=
18/12/2025 17:00,METAR SBSC 181700Z 15004KT 9999 BKN020 OVC040 23/20 Q1014=
18/12/2025 18:00,METAR SBSC 181800Z 12005KT 8000 -RA BKN020 OVC040 23/20 Q1014=
18/12/2025 19:00,METAR SBSC 181900Z 11006KT 5000 -RA BR BKN020 OVC040 22/19 Q1014=
18/12/2025 20:00,METAR SBSC 182000Z 10005KT 5000 -RA BR OVC020 21/19 Q1014=
18/12/2025 21:00,METAR SBSC 182100Z 09004KT 5000 -RA BR FEW015 OVC020 21/20 Q1015=
18/12/2025 22:00,METAR SBSC 182200Z 10002KT 7000 -RA FEW015 OVC040 21/20 Q1015=
18/12/2025 23:00,METAR SBSC 182300Z 13002KT 9999 -RA FEW015 OVC040 21/20 Q1016=
19/12/2025 00:00,METAR SBSC 190000Z 00000KT 7000 -RA SCT008 BKN015 OVC040 21/20 Q1016=
19/12/2025 01:00,METAR SBSC 190100Z VRB01KT 8000 FEW010 SCT025 BKN040 21/20 Q1016=
19/12/2025 02:00,METAR SBSC 190200Z 34002KT 8000 FEW010 SCT020 BKN050 21/20 Q1016=
19/12/2025 03:00,METAR SBSC 190300Z 34003KT 7000 -RA SCT010 BKN050 21/20 Q1015=
19/12/2025 04:00,METAR SBSC 190400Z 01002KT 8000 FEW010 SCT015 BKN030 21/20 Q1015=
19/12/2025 05:00,METAR SBSC 190500Z 02003KT 8000 FEW010 SCT015 BKN030 21/20 Q1014=
19/12/2025 06:00,METAR SBSC 190600Z 03003KT 8000 FEW007 SCT015 BKN025 21/20 Q1014=
19/12/2025 07:00,METAR SBSC 190700Z 02003KT 7000 -RA FEW007 SCT015 BKN025 21/20 Q1013=
19/12/2025 08:00,METAR SBSC 190800Z 02003KT 5000 BR FEW007 BKN015 OVC050 21/20 Q1014=
19/12/2025 09:00,METAR SBSC 190900Z 03004KT 7000 FEW010 BKN025 OVC050 21/21 Q1014=
19/12/2025 10:00,METAR SBSC 191000Z 02003KT 8000 FEW007 BKN020 OVC050 22/21 Q1014=
19/12/2025 11:00,METAR SBSC 191100Z 05003KT 9000 FEW007 BKN020 OVC050 23/21 Q1014=
19/12/2025 12:00,METAR SBSC 191200Z 05002KT 9999 FEW008 BKN020 OVC050 23/21 Q1015=
19/12/2025 13:00,METAR SBSC 191300Z 06002KT 9999 FEW010 BKN020 OVC035 24/21 Q1015=
19/12/2025 14:00,METAR SBSC 191400Z 07003KT 9999 FEW020 OVC040 24/21 Q1014=
19/12/2025 15:00,METAR SBSC 191500Z 06003KT 9999 SCT020 OVC040 24/21 Q1014=
19/12/2025 16:00,METAR SBSC 191600Z 09002KT 9999 SCT020 OVC040 25/21 Q1014=
19/12/2025 17:00,METAR SBSC 191700Z 00000KT 9999 SCT020 OVC030 25/21 Q1013=
19/12/2025 18:00,METAR SBSC 191800Z 19004KT 9999 -RA SCT012 OVC030 24/22 Q1013=
19/12/2025 19:00,METAR SBSC 191900Z 18003KT 5000 -RA BR SCT012 OVC020 23/22 Q1013=
19/12/2025 20:00,METAR SBSC 192000Z 14005KT 5000 -RA BR FEW007 SCT010 OVC020 23/22 Q1013=
19/12/2025 21:00,METAR SBSC 192100Z 14004KT 5000 -RA BR FEW007 SCT010 OVC020 23/22 Q1013=
19/12/2025 22:00,METAR SBSC 192200Z 15003KT 7000 -RA BKN020 OVC040 22/21 Q1014=
19/12/2025 23:00,METAR SBSC 192300Z 14003KT 7000 -RA BKN010 OVC040 22/22 Q1014=
20/12/2025 00:00,METAR SBSC 200000Z 15001KT 5000 -RA BR FEW010 OVC030 22/21 Q1015=
20/12/2025 01:00,METAR SBSC 200100Z 21002KT 5000 BR FEW010 SCT015 OVC030 22/22 Q1016=
20/12/2025 02:00,METAR SBSC 200200Z 21002KT 5000 BR SCT010 SCT015 OVC030 22/22 Q1015=
20/12/2025 03:00,METAR SBSC 200300Z 15004KT 5000 BR SCT010 SCT015 OVC030 22/21 Q1015=
20/12/2025 04:00,METAR SBSC 200400Z 09005KT 5000 BR SCT010 SCT015 OVC030 22/21 Q1015=
20/12/2025 05:00,METAR SBSC 200500Z 11004KT 5000 BR SCT010 SCT015 OVC030 22/21 Q1014=
20/12/2025 06:00,METAR SBSC 200600Z 09004KT 5000 BR SCT010 SCT015 OVC030 21/20 Q1014=
20/12/2025 07:00,METAR SBSC 200700Z 13004KT 5000 BR SCT010 SCT015 OVC030 21/20 Q1014=
20/12/2025 08:00,METAR SBSC 200800Z 10005KT 5000 BR SCT010 SCT015 OVC030 21/20 Q1014=
20/12/2025 09:00,METAR SBSC 200900Z 06003KT 8000 FEW010 SCT015 BKN030 22/21 Q1014=
20/12/2025 10:00,METAR SBSC 201000Z 04001KT 8000 BKN010 BKN015 OVC050 23/22 Q1015=
20/12/2025 11:00,METAR SBSC 201100Z 22002KT 8000 BKN008 BKN015 OVC050 24/22 Q1016=
20/12/2025 12:00,METAR SBSC 201200Z 22003KT 3000 -RA BR BKN008 BKN015 OVC050 23/22 Q1016=
20/12/2025 13:00,METAR SBSC 201300Z 20004KT 9999 SCT008 BKN015 OVC034 24/22 Q1016=
20/12/2025 14:00,METAR SBSC 201400Z 17004KT 9999 SCT011 BKN034 OVC058 26/22 Q1016=
20/12/2025 15:00,METAR SBSC 201500Z 19006KT 9999 FEW017 SCT034 BKN050 27/22 Q1015=
20/12/2025 16:00,METAR SBSC 201600Z 21008KT 9999 FEW018 SCT034 27/22 Q1015=
20/12/2025 17:00,METAR SBSC 201700Z 20009KT 9999 FEW020 27/22 Q1014=
20/12/2025 18:00,METAR SBSC 201800Z 20011KT 9999 FEW017 27/22 Q1014=
20/12/2025 19:00,METAR SBSC 201900Z 18011KT 9999 SCT015 26/22 Q1014=
20/12/2025 20:00,METAR SBSC 202000Z 18011KT 9999 FEW012 26/22 Q1014=
20/12/2025 21:00,METAR SBSC 202100Z 18008KT 9999 FEW015 BKN045 26/22 Q1014=
20/12/2025 22:00,METAR SBSC 202200Z 16006KT 9999 FEW015 BKN040 25/21 Q1014=
20/12/2025 23:00,METAR SBSC 202300Z 23003KT 9999 FEW015 SCT030 BKN040 24/21 Q1014=
21/12/2025 00:00,METAR SBSC 210000Z 22004KT 9999 FEW015 BKN040 24/22 Q1015=
21/12/2025 01:00,METAR SBSC 210100Z 22003KT 9999 FEW020 BKN040 23/22 Q1015=
21/12/2025 02:00,METAR SBSC 210200Z 13005KT 9999 SCT009 SCT040 BKN074 23/22 Q1015=
21/12/2025 03:00,METAR SBSC 210300Z 13004KT 9999 SCT009 SCT040 24/22 Q1015=
21/12/2025 04:00,METAR SBSC 210400Z 34002KT 8000 SCT019 SCT040 22/21 Q1014=
21/12/2025 05:00,METAR SBSC 210500Z 04002KT 7000 FEW019 SCT040 22/21 Q1014=
21/12/2025 06:00,METAR SBSC 210600Z 02004KT 7000 FEW026 21/20 Q1014=
21/12/2025 07:00,METAR SBSC 210700Z 04006KT 9000 FEW034 22/21 Q1014=
21/12/2025 08:00,METAR SBSC 210800Z 04004KT 9999 FEW011 21/20 Q1014=
21/12/2025 09:00,METAR SBSC 210900Z 03005KT CAVOK 22/21 Q1015=
21/12/2025 10:00,METAR SBSC 211000Z 02006KT CAVOK 24/21 Q1015=
21/12/2025 11:00,METAR SBSC 211100Z 06008KT CAVOK 26/22 Q1015=
21/12/2025 12:00,METAR SBSC 211200Z 04007KT 9999 FEW020 28/21 Q1015=
21/12/2025 13:00,METAR SBSC 211300Z 05008KT 9999 FEW020 30/21 Q1015=
21/12/2025 14:00,METAR SBSC 211400Z 01010KT 9999 FEW025 SCT040 31/16 Q1014=
21/12/2025 15:00,METAR SBSC 211500Z 36008KT 9999 FEW025 SCT040 32/21 Q1014=
21/12/2025 16:00,METAR SBSC 211600Z 01005KT 9999 FEW030 SCT050 33/20 Q1013=
21/12/2025 17:00,METAR SBSC 211700Z 02006KT 9999 FEW030 SCT050 34/19 Q1012=
21/12/2025 18:00,METAR SBSC 211800Z 04007KT 9999 FEW030 SCT050 34/18 Q1012=
21/12/2025 19:00,METAR SBSC 211900Z 09013KT 9999 FEW030 31/22 Q1011=
21/12/2025 20:00,METAR SBSC 212000Z 09012KT 9999 FEW030 31/21 Q1011=
21/12/2025 21:00,METAR SBSC 212100Z 08011KT CAVOK 30/21 Q1011=
21/12/2025 22:00,METAR SBSC 212200Z 08005KT CAVOK 29/21 Q1011=
21/12/2025 23:00,METAR SBSC 212300Z 18002KT CAVOK 28/21 Q1012=
22/12/2025 00:00,METAR SBSC 220000Z 03007KT CAVOK 27/21 Q1013=
22/12/2025 01:00,METAR SBSC 220100Z 02007KT CAVOK 26/21 Q1014=
22/12/2025 02:00,METAR SBSC 220200Z 35006KT CAVOK 25/21 Q1014=
22/12/2025 03:00,METAR SBSC 220300Z 03005KT CAVOK 24/20 Q1014=
22/12/2025 04:00,METAR SBSC 220400Z 02006KT CAVOK 24/20 Q1014=
22/12/2025 05:00,METAR SBSC 220500Z 36004KT CAVOK 23/19 Q1014=
22/12/2025 06:00,METAR SBSC 220600Z 02004KT 9999 FEW020 23/19 Q1013=
22/12/2025 07:00,METAR SBSC 220700Z 04005KT 9999 FEW020 24/19 Q1013=
22/12/2025 08:00,METAR SBSC 220800Z 04004KT 9999 FEW015 25/20 Q1013=
22/12/2025 09:00,METAR SBSC 220900Z 36006KT 9999 FEW015 25/20 Q1013=
22/12/2025 10:00,METAR SBSC 221000Z 36011KT 9999 FEW015 25/19 Q1013=
22/12/2025 11:00,METAR SBSC 221100Z 36012KT 9999 FEW010 27/19 Q1014=
22/12/2025 12:00,METAR SBSC 221200Z 34016G26KT 9999 FEW025 29/19 Q1013=
22/12/2025 13:00,METAR SBSC 221300Z 33017G27KT 9999 FEW025 30/20 Q1013=
22/12/2025 14:00,METAR SBSC 221400Z 33015KT 9999 FEW025 31/20 Q1012=
22/12/2025 15:00,METAR SBSC 221500Z 33016G26KT 9999 FEW025 32/20 Q1012=
22/12/2025 16:00,METAR SBSC 221600Z 33014G24KT 9999 FEW025 33/19 Q1011=
22/12/2025 17:00,METAR SBSC 221700Z 34015KT 9999 FEW025 33/18 Q1011=
22/12/2025 18:00,METAR SBSC 221800Z 35015KT 9999 FEW025 35/18 Q1010=
22/12/2025 19:00,METAR SBSC 221900Z 03010KT CAVOK 35/18 Q1009=
22/12/2025 20:00,METAR SBSC 222000Z 36010KT CAVOK 34/17 Q1009=
22/12/2025 21:00,METAR SBSC 222100Z 36007KT CAVOK 33/18 Q1009=
22/12/2025 22:00,METAR SBSC 222200Z 36005KT CAVOK 29/18 Q1009=
22/12/2025 23:00,METAR SBSC 222300Z 36006KT CAVOK 28/19 Q1010=
23/12/2025 00:00,METAR SBSC 230000Z 35004KT CAVOK 27/20 Q1011=
23/12/2025 01:00,METAR SBSC 230100Z 01006KT CAVOK 26/21 Q1012=
23/12/2025 02:00,METAR SBSC 230200Z 35005KT CAVOK 26/21 Q1012=
23/12/2025 03:00,METAR SBSC 230300Z 34004KT CAVOK 25/21 Q1012=
23/12/2025 04:00,METAR SBSC 230400Z 33005KT CAVOK 25/21 Q1011=
23/12/2025 05:00,METAR SBSC 230500Z 31003KT CAVOK 25/21 Q1011=
23/12/2025 06:00,METAR SBSC 230600Z 29006KT CAVOK 24/22 Q1011=
23/12/2025 07:00,METAR SBSC 230700Z 24004KT CAVOK 24/22 Q1010=
23/12/2025 08:00,METAR SBSC 230800Z 23003KT CAVOK 23/21 Q1010=
23/12/2025 09:00,METAR SBSC 230900Z 34013KT CAVOK 26/20 Q1012=
23/12/2025 10:00,METAR SBSC 231000Z 34014KT CAVOK 27/21 Q1012=
23/12/2025 11:00,METAR SBSC 231100Z 34015G25KT CAVOK 29/21 Q1013=
23/12/2025 12:00,METAR SBSC 231200Z 33016G26KT CAVOK 31/20 Q1013=
23/12/2025 13:00,METAR SBSC 231300Z 01013KT CAVOK 32/21 Q1013=
23/12/2025 14:00,METAR SBSC 231400Z 33013KT CAVOK 33/21 Q1012=
23/12/2025 15:00,METAR SBSC 231500Z 36008KT CAVOK 34/21 Q1012=
23/12/2025 17:00,METAR SBSC 231700Z 36007KT CAVOK 36/21 Q1010=
23/12/2025 17:00,METAR SBSC 231700Z 36007KT CAVOK 36/21 Q1010=
23/12/2025 18:00,METAR SBSC 231800Z 02005KT CAVOK 37/20 Q1010=
23/12/2025 19:00,METAR SBSC 231900Z 03003KT CAVOK 36/19 Q1009=
23/12/2025 20:00,METAR SBSC 232000Z 23004KT CAVOK 34/23 Q1009=
23/12/2025 21:00,METAR SBSC 232100Z 24006KT CAVOK 30/23 Q1010=
23/12/2025 22:00,METAR SBSC 232200Z 26004KT CAVOK 27/23 Q1010=
23/12/2025 23:00,METAR SBSC 232300Z 26005KT CAVOK 26/23 Q1010=
24/12/2025 00:00,METAR SBSC 240000Z 24002KT CAVOK 26/23 Q1011=
24/12/2025 01:00,METAR SBSC 240100Z 14001KT CAVOK 25/23 Q1011=
24/12/2025 02:00,METAR SBSC 240200Z 14001KT CAVOK 25/23 Q1011=
24/12/2025 03:00,METAR SBSC 240300Z 34002KT 9999 FEW040 26/22 Q1012=
24/12/2025 04:00,METAR SBSC 240400Z 34004KT 9999 FEW040 25/22 Q1011=
24/12/2025 05:00,METAR SBSC 240500Z 34006KT 9999 FEW040 26/21 Q1011=
24/12/2025 06:00,METAR SBSC 240600Z 36006KT 9999 FEW040 26/21 Q1011=
24/12/2025 07:00,METAR SBSC 240700Z 36006KT 9999 FEW040 26/21 Q1011=
24/12/2025 08:00,METAR SBSC 240800Z 36007KT 9999 FEW040 26/21 Q1011=
24/12/2025 09:00,METAR SBSC 240900Z 35005KT CAVOK 27/21 Q1011=
24/12/2025 10:00,METAR SBSC 241000Z 33010KT CAVOK 30/22 Q1011=
24/12/2025 11:00,METAR SBSC 241100Z 33012KT CAVOK 31/21 Q1011=
24/12/2025 12:00,METAR SBSC 241200Z 01010KT CAVOK 32/22 Q1011=
24/12/2025 13:00,METAR SBSC 241300Z 01008KT CAVOK 35/22 Q1011=
24/12/2025 14:00,METAR SBSC 241400Z 01006KT CAVOK 36/22 Q1010=
24/12/2025 15:00,METAR SBSC 241500Z 11003KT CAVOK 37/22 Q1010=
24/12/2025 16:00,METAR SBSC 241600Z 22005KT CAVOK 37/19 Q1010=
24/12/2025 17:00,METAR SBSC 241700Z 21007KT CAVOK 37/20 Q1009=
24/12/2025 18:00,METAR SBSC 241800Z 20007KT CAVOK 36/21 Q1009=
24/12/2025 19:00,METAR SBSC 241900Z 20007KT CAVOK 36/20 Q1009=
24/12/2025 20:00,METAR SBSC 242000Z 21006KT CAVOK 35/19 Q1008=
24/12/2025 21:00,METAR SBSC 242100Z 21005KT CAVOK 33/20 Q1009=
24/12/2025 22:00,METAR SBSC 242200Z 20005KT CAVOK 29/22 Q1009=
24/12/2025 23:00,METAR SBSC 242300Z 17006KT CAVOK 30/19 Q1010=
25/12/2025 00:00,METAR SBSC 250000Z 25004KT CAVOK 26/23 Q1010=
25/12/2025 01:00,METAR SBSC 250100Z 26004KT CAVOK 26/23 Q1011=
25/12/2025 02:00,METAR SBSC 250200Z 25005KT CAVOK 26/23 Q1011=
25/12/2025 03:00,METAR SBSC 250300Z 24006KT CAVOK 26/23 Q1011=
25/12/2025 04:00,METAR SBSC 250400Z 26005KT CAVOK 25/22 Q1010=
25/12/2025 05:00,METAR SBSC 250500Z 27005KT CAVOK 25/22 Q1010=
25/12/2025 06:00,METAR SBSC 250600Z 36006KT CAVOK 25/22 Q1009=
25/12/2025 07:00,METAR SBSC 250700Z 01006KT CAVOK 25/22 Q1009=
25/12/2025 08:00,METAR SBSC 250800Z 36005KT CAVOK 26/21 Q1010=
25/12/2025 09:00,METAR SBSC 250900Z 03005KT CAVOK 26/21 Q1010=
25/12/2025 10:00,METAR SBSC 251000Z 01007KT CAVOK 28/22 Q1010=
25/12/2025 11:00,METAR SBSC 251100Z 36007KT CAVOK 30/22 Q1010=
25/12/2025 12:00,METAR SBSC 251200Z 02010KT CAVOK 33/22 Q1010=
25/12/2025 13:00,METAR SBSC 251300Z 01008KT CAVOK 35/22 Q1010=
25/12/2025 14:00,METAR SBSC 251400Z 23009KT CAVOK 34/24 Q1010=
25/12/2025 15:00,METAR SBSC 251500Z 21009KT CAVOK 31/23 Q1010=
25/12/2025 16:00,METAR SBSC 251600Z 20012KT CAVOK 31/22 Q1010=
25/12/2025 17:00,METAR SBSC 251700Z 20010KT CAVOK 32/22 Q1009=
25/12/2025 18:00,METAR SBSC 251800Z 19011KT CAVOK 32/22 Q1009=
25/12/2025 19:00,METAR SBSC 251900Z 21009KT CAVOK 31/23 Q1008=
25/12/2025 20:00,METAR SBSC 252000Z 20010KT CAVOK 29/24 Q1008=
25/12/2025 21:00,METAR SBSC 252100Z 21006KT CAVOK 28/24 Q1009=
25/12/2025 22:00,METAR SBSC 252200Z 20007KT CAVOK 27/24 Q1010=
25/12/2025 23:00,METAR SBSC 252300Z 23005KT CAVOK 26/24 Q1010=
26/12/2025 00:00,METAR SBSC 260000Z 22002KT CAVOK 26/23 Q1011=
26/12/2025 01:00,METAR SBSC 260100Z 05002KT CAVOK 26/23 Q1011=
26/12/2025 02:00,METAR SBSC 260200Z 35004KT CAVOK 25/23 Q1011=
26/12/2025 03:00,METAR SBSC 260300Z 00000KT CAVOK 25/23 Q1011=
26/12/2025 04:00,METAR SBSC 260400Z 01003KT CAVOK 25/23 Q1010=
26/12/2025 05:00,METAR SBSC 260500Z 03005KT CAVOK 25/23 Q1009=
26/12/2025 06:00,METAR SBSC 260600Z 05004KT CAVOK 25/22 Q1009=
26/12/2025 07:00,METAR SBSC 260700Z 05006KT CAVOK 25/22 Q1009=
26/12/2025 08:00,METAR SBSC 260800Z 03005KT CAVOK 25/22 Q1010=
26/12/2025 09:00,METAR SBSC 260900Z 02007KT CAVOK 27/22 Q1010=
26/12/2025 10:00,METAR SBSC 261000Z 33006KT CAVOK 31/22 Q1011=
26/12/2025 11:00,METAR SBSC 261100Z 23007KT CAVOK 29/25 Q1012=
26/12/2025 12:00,METAR SBSC 261200Z 20008KT CAVOK 29/24 Q1012=
26/12/2025 13:00,METAR SBSC 261300Z 20006KT CAVOK 30/24 Q1012=
26/12/2025 14:00,METAR SBSC 261400Z 19006KT CAVOK 31/25 Q1011=
26/12/2025 15:00,METAR SBSC 261500Z 20012KT CAVOK 31/24 Q1011=
26/12/2025 16:00,METAR SBSC 261600Z 19009KT CAVOK 32/23 Q1011=
26/12/2025 17:00,METAR SBSC 261700Z 19008KT 9999 FEW040 33/23 Q1010=
26/12/2025 18:00,METAR SBSC 261800Z 19009KT 9999 FEW040 32/24 Q1010=
26/12/2025 19:00,METAR SBSC 261900Z 20008KT CAVOK 32/22 Q1009=
26/12/2025 20:00,METAR SBSC 262000Z 18010KT CAVOK 31/23 Q1009=
26/12/2025 21:00,METAR SBSC 262100Z 18009KT CAVOK 30/23 Q1010=
26/12/2025 22:00,METAR SBSC 262200Z 19007KT CAVOK 28/23 Q1011=
26/12/2025 23:00,METAR SBSC 262300Z 21004KT CAVOK 27/23 Q1011=
27/12/2025 00:00,METAR SBSC 270000Z 22004KT CAVOK 27/24 Q1012=
27/12/2025 01:00,METAR SBSC 270100Z 20002KT CAVOK 27/24 Q1012=
27/12/2025 02:00,METAR SBSC 270200Z 00000KT CAVOK 25/24 Q1012=
27/12/2025 03:00,METAR SBSC 270300Z 29002KT CAVOK 25/23 Q1012=
27/12/2025 04:00,METAR SBSC 270400Z 30003KT CAVOK 24/23 Q1012=
27/12/2025 05:00,METAR SBSC 270500Z 34003KT CAVOK 24/22 Q1011=
27/12/2025 06:00,METAR SBSC 270600Z 32002KT CAVOK 23/22 Q1011=
27/12/2025 07:00,METAR SBSC 270700Z 02003KT CAVOK 23/22 Q1011=
27/12/2025 08:00,METAR SBSC 270800Z 35004KT 9999 FEW020 23/22 Q1011=
27/12/2025 09:00,METAR SBSC 270900Z 36004KT 9999 FEW020 24/23 Q1011=
27/12/2025 10:00,METAR SBSC 271000Z 34003KT 9999 FEW020 26/23 Q1011=
27/12/2025 11:00,METAR SBSC 271100Z 20004KT CAVOK 29/24 Q1012=
27/12/2025 12:00,METAR SBSC 271200Z 19007KT CAVOK 29/24 Q1013=
27/12/2025 13:00,METAR SBSC 271300Z 15008KT CAVOK 30/24 Q1013=
27/12/2025 14:00,METAR SBSC 271400Z 14007KT CAVOK 32/23 Q1014=
27/12/2025 15:00,METAR SBSC 271500Z 18007KT CAVOK 33/23 Q1014=
27/12/2025 16:00,METAR SBSC 271600Z 16010KT CAVOK 32/24 Q1012=
27/12/2025 17:00,METAR SBSC 271700Z 15010KT CAVOK 30/24 Q1011=
27/12/2025 18:00,METAR SBSC 271800Z 16009KT CAVOK 31/23 Q1010=
27/12/2025 19:00,METAR SBSC 271900Z 20010KT CAVOK 31/22 Q1010=
27/12/2025 20:00,METAR SBSC 272000Z 19009KT CAVOK 30/22 Q1010=
27/12/2025 21:00,METAR SBSC 272100Z 19009KT CAVOK 29/23 Q1010=
27/12/2025 22:00,METAR SBSC 272200Z 18006KT CAVOK 28/23 Q1010=
27/12/2025 23:00,METAR SBSC 272300Z 20003KT CAVOK 27/24 Q1011=
28/12/2025 00:00,METAR SBSC 280000Z 20004KT CAVOK 26/24 Q1011=
28/12/2025 01:00,METAR SBSC 280100Z 00000KT CAVOK 25/23 Q1011=
28/12/2025 02:00,METAR SBSC 280200Z 00000KT CAVOK 25/23 Q1011=
28/12/2025 03:00,METAR SBSC 280300Z 01002KT CAVOK 25/23 Q1011=
28/12/2025 04:00,METAR SBSC 280400Z 03003KT CAVOK 25/23 Q1011=
28/12/2025 05:00,METAR SBSC 280500Z 02002KT CAVOK 24/22 Q1011=
28/12/2025 06:00,METAR SBSC 280600Z 06005KT CAVOK 24/22 Q1010=
28/12/2025 07:00,METAR SBSC 280700Z 05005KT CAVOK 24/22 Q1010=
28/12/2025 08:00,METAR SBSC 280800Z 29004KT CAVOK 23/21 Q1010=
28/12/2025 09:00,METAR SBSC 280900Z 01003KT CAVOK 24/22 Q1010=
28/12/2025 10:00,METAR SBSC 281000Z 03006KT CAVOK 26/23 Q1011=
28/12/2025 11:00,METAR SBSC 281100Z 24005KT CAVOK 29/24 Q1011=
28/12/2025 12:00,METAR SBSC 281200Z 20004KT CAVOK 30/24 Q1011=
28/12/2025 13:00,METAR SBSC 281300Z 18010KT 9999 FEW015 31/25 Q1010=
28/12/2025 14:00,METAR SBSC 281400Z 20008KT CAVOK 31/24 Q1010=
28/12/2025 15:00,METAR SBSC 281500Z 20008KT CAVOK 31/25 Q1009=
28/12/2025 16:00,METAR SBSC 281600Z 20009KT CAVOK 33/24 Q1009=
28/12/2025 17:00,METAR SBSC 281700Z 18012KT CAVOK 31/25 Q1008=
28/12/2025 18:00,METAR SBSC 281800Z 19013KT 9999 FEW030TCU 31/25 Q1009=
28/12/2025 19:00,METAR SBSC 281900Z 19013KT CAVOK 30/23 Q1009=
28/12/2025 20:00,METAR SBSC 282000Z 19013KT CAVOK 30/21 Q1009=
28/12/2025 21:00,METAR SBSC 282100Z 19007KT CAVOK 29/21 Q1009=
28/12/2025 22:00,METAR SBSC 282200Z 22004KT CAVOK 27/22 Q1009=
28/12/2025 23:00,METAR SBSC 282300Z 22003KT CAVOK 26/22 Q1010=
29/12/2025 00:00,METAR SBSC 290000Z 06003KT CAVOK 25/21 Q1010=
29/12/2025 01:00,METAR SBSC 290100Z 18002KT CAVOK 25/20 Q1010=
29/12/2025 02:00,METAR SBSC 290200Z VRB01KT CAVOK 25/20 Q1010=
29/12/2025 03:00,METAR SBSC 290300Z VRB01KT CAVOK 24/20 Q1010=
29/12/2025 04:00,METAR SBSC 290400Z 02002KT CAVOK 24/20 Q1009=
29/12/2025 05:00,METAR SBSC 290500Z 02003KT CAVOK 23/21 Q1009=
29/12/2025 06:00,METAR SBSC 290600Z 35003KT CAVOK 22/21 Q1009=
29/12/2025 07:00,METAR SBSC 290700Z 35003KT CAVOK 22/20 Q1009=
29/12/2025 08:00,METAR SBSC 290800Z 36003KT CAVOK 23/20 Q1009=
29/12/2025 09:00,METAR SBSC 290900Z 01003KT CAVOK 24/21 Q1009=
29/12/2025 10:00,METAR SBSC 291000Z 01004KT CAVOK 26/21 Q1009=
29/12/2025 11:00,METAR SBSC 291100Z 17002KT CAVOK 30/22 Q1011=
29/12/2025 12:00,METAR SBSC 291200Z 22005KT CAVOK 31/22 Q1011=
29/12/2025 13:00,METAR SBSC 291300Z 20008KT CAVOK 31/24 Q1011=
29/12/2025 14:00,METAR SBSC 291400Z 19010KT CAVOK 31/24 Q1010=
29/12/2025 15:00,METAR SBSC 291500Z 19012KT CAVOK 31/25 Q1010=
29/12/2025 16:00,METAR SBSC 291600Z 19013KT 9999 SCT014 30/24 Q1010=
29/12/2025 17:00,METAR SBSC 291700Z 19012KT 9999 FEW014 30/22 Q1010=
29/12/2025 18:00,METAR SBSC 291800Z 19013KT 9999 SCT017 29/23 Q1010=
29/12/2025 19:00,METAR SBSC 291900Z 18013KT 9999 SCT018 28/23 Q1010=
29/12/2025 20:00,METAR SBSC 292000Z 18007KT 9999 SCT018 FEW035TCU 27/22 Q1010=
29/12/2025 21:00,METAR SBSC 292100Z 17004KT 9999 FEW018 FEW035TCU 28/21 Q1009=
29/12/2025 22:00,METAR SBSC 292200Z 23004KT 9999 FEW020 SCT078 26/23 Q1010=
29/12/2025 23:00,METAR SBSC 292300Z 28003KT 9999 FEW020 SCT092 26/23 Q1010=
30/12/2025 00:00,METAR SBSC 300000Z 23002KT 9999 FEW030 SCT073 26/23 Q1011=
30/12/2025 01:00,METAR SBSC 300100Z 22002KT 9999 FEW030 SCT070 26/23 Q1011=
30/12/2025 02:00,METAR SBSC 300200Z 23002KT CAVOK 26/23 Q1011=
30/12/2025 03:00,METAR SBSC 300300Z 16004KT CAVOK 26/23 Q1011=
30/12/2025 04:00,METAR SBSC 300400Z 18005KT CAVOK 26/23 Q1011=
30/12/2025 05:00,METAR SBSC 300500Z 09006KT CAVOK 25/22 Q1010=
30/12/2025 06:00,METAR SBSC 300600Z 06006KT CAVOK 25/22 Q1010=
30/12/2025 07:00,METAR SBSC 300700Z 01005KT CAVOK 25/22 Q1010=
30/12/2025 08:00,METAR SBSC 300800Z 36005KT CAVOK 26/23 Q1010=
30/12/2025 09:00,METAR SBSC 300900Z 01006KT CAVOK 26/23 Q1011=
30/12/2025 10:00,METAR SBSC 301000Z 05005KT 8000 -RA FEW015 SCT030 BKN070 26/23 Q1012=
30/12/2025 11:00,METAR SBSC 301100Z 24006KT 8000 FEW008 BKN020 OVC070 26/24 Q1013=
30/12/2025 12:00,METAR SBSC 301200Z 19009KT 9999 FEW012 SCT030 BKN070 28/25 Q1013=
30/12/2025 13:00,METAR SBSC 301300Z 19005KT 9999 FEW003 SCT015 29/24 Q1013=
30/12/2025 14:00,METAR SBSC 301400Z 20006KT 9999 FEW033 SCT050 30/24 Q1012=
30/12/2025 15:00,METAR SBSC 301500Z 02004KT 9999 FEW025 33/23 Q1011=
30/12/2025 16:00,METAR SBSC 301600Z 03004KT 9999 FEW030 35/24 Q1010=
30/12/2025 17:00,METAR SBSC 301700Z 16009KT 9999 FEW025 FEW030TCU 34/24 Q1009=
30/12/2025 18:00,METAR SBSC 301800Z 19007KT 9999 FEW025 FEW030TCU 35/25 Q1008=
30/12/2025 19:00,METAR SBSC 301900Z 21008KT 9999 FEW025 FEW030TCU 33/24 Q1008=
30/12/2025 20:00,METAR SBSC 302000Z 23009KT 9999 VCTS FEW025 FEW035CB SCT100 29/23 Q1009=
30/12/2025 21:00,METAR COR SBSC 302100Z 23009KT 9999 TS SCT030 FEW035CB BKN100 28/23 Q1009=
30/12/2025 22:00,METAR SBSC 302200Z 25006KT 9999 TS SCT030 FEW035CB BKN080 27/24 Q1009=
30/12/2025 23:00,METAR SBSC 302300Z 23006KT 9999 TS SCT030 FEW035CB SCT080 26/25 Q1010=
31/12/2025 00:00,METAR SBSC 310000Z 21005KT 9999 TS FEW015 FEW035CB SCT080 26/24 Q1012=
31/12/2025 01:00,METAR SBSC 310100Z 21004KT 9999 FEW013 BKN049 26/24 Q1012 RETS=
31/12/2025 03:00,METAR SBSC 310300Z 19004KT 9999 FEW015 BKN046 26/24 Q1011=
31/12/2025 04:00,METAR SBSC 310400Z 20002KT 9999 FEW011 SCT066 26/24 Q1011=
31/12/2025 05:00,METAR SBSC 310500Z 00000KT 9999 SCT013 BKN071 26/24 Q1011=
31/12/2025 06:00,METAR SBSC 310600Z 35002KT 9999 SCT011 BKN071 26/24 Q1010=
31/12/2025 07:00,METAR SBSC 310700Z 04002KT 9999 FEW011 SCT071 25/24 Q1010=
31/12/2025 08:00,METAR SBSC 310800Z 03002KT 9999 FEW026 25/24 Q1010=
31/12/2025 09:00,METAR SBSC 310900Z 07003KT 9999 FEW026 SCT040 25/24 Q1012=
31/12/2025 10:00,METAR SBSC 311000Z 03005KT 9999 FEW030 26/24 Q1012=
31/12/2025 11:00,METAR SBSC 311100Z 04007KT 9999 FEW030 SCT066 29/25 Q1012=
31/12/2025 12:00,METAR SBSC 311200Z 01013KT 9999 FEW030 SCT066 30/23 Q1012=
31/12/2025 13:00,METAR COR SBSC 311300Z 34011G22KT 9999 FEW025 SCT060 BKN100 31/22 Q1013=
31/12/2025 14:00,METAR SBSC 311400Z 36009KT 9999 FEW025 BKN100 33/21 Q1012=
31/12/2025 15:00,METAR SBSC 311500Z 34007KT 9999 FEW040 SCT100 36/19 Q1011=
31/12/2025 16:00,METAR SBSC 311600Z 19006KT CAVOK 32/24 Q1010=
31/12/2025 17:00,METAR SBSC 311700Z 21006KT CAVOK 32/24 Q1010=
31/12/2025 18:00,METAR SBSC 311800Z 21008KT CAVOK 31/25 Q1010=
31/12/2025 19:00,METAR SBSC 311900Z 15010KT CAVOK 30/25 Q1009=
31/12/2025 20:00,METAR SBSC 312000Z 14010KT CAVOK 29/24 Q1008=
31/12/2025 21:00,METAR SBSC 312100Z 13006KT CAVOK 29/23 Q1010=
31/12/2025 22:00,METAR SBSC 312200Z 15006KT CAVOK 27/23 Q1010=
31/12/2025 23:00,METAR SBSC 312300Z 16006KT CAVOK 27/23 Q1010=
01/01/2026 00:00,METAR SBSC 010000Z 20002KT CAVOK 25/23 Q1011=
01/01/2026 01:00,METAR SBSC 010100Z 25003KT CAVOK 26/24 Q1011=
01/01/2026 02:00,METAR SBSC 010200Z 22002KT CAVOK 26/24 Q1011=
01/01/2026 03:00,METAR SBSC 010300Z 29003KT CAVOK 26/24 Q1011=
01/01/2026 04:00,METAR SBSC 010400Z 31002KT CAVOK 25/23 Q1010=
01/01/2026 05:00,METAR SBSC 010500Z 34002KT CAVOK 25/23 Q1010=
01/01/2026 06:00,METAR SBSC 010600Z 32003KT CAVOK 24/22 Q1010=
01/01/2026 07:00,METAR SBSC 010700Z 30004KT CAVOK 24/22 Q1009=
01/01/2026 08:00,METAR SBSC 010800Z 35003KT 9999 FEW030 25/23 Q1009=
01/01/2026 09:00,METAR SBSC 010900Z 33005KT 9999 FEW030 26/24 Q1009=
01/01/2026 10:00,METAR SBSC 011000Z 34005KT 9999 FEW030 27/24 Q1009=
01/01/2026 11:00,METAR SBSC 011100Z 01009KT 9999 FEW030 31/23 Q1008=
01/01/2026 12:00,METAR SBSC 011200Z 02007KT CAVOK 33/23 Q1008=
01/01/2026 13:00,METAR SBSC 011300Z 17006KT CAVOK 33/25 Q1008=
01/01/2026 14:00,METAR SBSC 011400Z 20005KT CAVOK 33/25 Q1008=
01/01/2026 15:00,METAR SBSC 011500Z 21005KT 9999 FEW030 BKN100 33/25 Q1008=
01/01/2026 16:00,METAR SBSC 011600Z 19011KT 9999 FEW040 SCT100 32/26 Q1007=
01/01/2026 17:00,METAR COR SBSC 011700Z 21008KT 5000 -TSRA FEW030CB BKN050 BKN100 29/25 Q1007=
01/01/2026 18:00,METAR SBSC 011800Z 19010KT 9999 FEW030TCU SCT050 BKN100 30/26 Q1005=
01/01/2026 19:00,METAR SBSC 011900Z 16010KT 9999 FEW030TCU SCT050 BKN100 31/25 Q1005=
01/01/2026 20:00,METAR SBSC 012000Z 18005KT 9999 FEW030 BKN080 30/25 Q1005=
01/01/2026 21:00,METAR SBSC 012100Z 19003KT 9999 VCSH SCT025 FEW030TCU BKN080 29/25 Q1005=
01/01/2026 22:00,METAR COR SBSC 012200Z 35003KT 8000 -RA FEW020 SCT050 BKN100 27/24 Q1006=
01/01/2026 23:00,METAR SBSC 012300Z 34003KT 9999 FEW030 SCT060 BKN100 26/25 Q1006=
02/01/2026 00:00,METAR SBSC 020000Z 02004KT 9999 FEW030 BKN100 27/25 Q1007=
02/01/2026 01:00,METAR SBSC 020100Z 35006KT 9999 FEW030 BKN100 27/25 Q1007=
02/01/2026 02:00,METAR SBSC 020200Z 31005KT 9999 FEW030 BKN100 26/25 Q1007=
02/01/2026 03:00,METAR SBSC 020300Z 29005KT 9999 FEW030 BKN100 26/24 Q1007=
02/01/2026 04:00,METAR SBSC 020400Z 02005KT 9999 FEW030 BKN100 26/24 Q1007=
02/01/2026 05:00,METAR SBSC 020500Z 03006KT 9999 FEW030 BKN100 25/24 Q1006=
02/01/2026 06:00,METAR SBSC 020600Z 04006KT 9999 FEW020 BKN100 25/23 Q1006=
02/01/2026 07:00,METAR SBSC 020700Z 05005KT 9999 FEW020 BKN100 25/23 Q1006=
02/01/2026 08:00,METAR SBSC 020800Z 09006KT 9999 FEW020 BKN100 25/23 Q1007=
02/01/2026 09:00,METAR SBSC 020900Z 14002KT 9999 FEW020 BKN100 26/24 Q1007=
02/01/2026 10:00,METAR SBSC 021000Z 15002KT 9999 FEW020 BKN100 27/24 Q1007=
02/01/2026 11:00,METAR SBSC 021100Z 35008KT 9999 FEW020 BKN100 28/24 Q1007=
02/01/2026 12:00,METAR SBSC 021200Z 34009KT 9999 FEW020 BKN100 30/24 Q1005=
02/01/2026 13:00,METAR SBSC 021300Z 01008KT 9999 SCT030 BKN070 32/24 Q1005=
02/01/2026 14:00,METAR SBSC 021400Z 35007KT 9999 SCT030 BKN070 33/23 Q1005=
02/01/2026 15:00,METAR SBSC 021500Z 01006KT 9999 SCT030 BKN070 33/24 Q1004=
02/01/2026 16:00,METAR SBSC 021600Z 35002KT 9999 SCT030 SCT070 35/22 Q1003=
02/01/2026 17:00,METAR SBSC 021700Z 21008KT 9999 SCT030 SCT070 35/23 Q1003=
02/01/2026 18:00,METAR COR SBSC 021800Z 24009KT 5000 -RA FEW010 SCT030 BKN060 31/23 Q1003=
02/01/2026 19:00,METAR SBSC 021900Z 23006KT 8000 FEW010 SCT030 BKN060 28/25 Q1002=
02/01/2026 20:00,METAR SBSC 022000Z 24007KT 8000 VCSH FEW010 SCT030 BKN060 27/23 Q1003=
02/01/2026 21:00,METAR SBSC 022100Z 22004KT 3000 TSRA BR FEW010 BKN030 FEW031CB BKN060 25/23 Q1004=
02/01/2026 22:00,METAR SBSC 022200Z 07004KT 5000 -RA BR FEW010 BKN030 BKN060 24/23 Q1005 RETSRA=
02/01/2026 23:00,METAR SBSC 022300Z 01004KT 3000 -RA BR SCT010 BKN030 BKN060 24/23 Q1006=
03/01/2026 00:00,METAR SBSC 030000Z 03002KT 3000 -RA BR SCT010 BKN030 BKN060 24/23 Q1006=
03/01/2026 01:00,METAR SBSC 030100Z 35005KT 8000 -RA FEW010 BKN040 BKN080 24/23 Q1006=
03/01/2026 02:00,METAR SBSC 030200Z 02005KT 9999 FEW010 SCT060 BKN100 24/23 Q1006=
03/01/2026 03:00,METAR SBSC 030300Z 01005KT 9999 FEW010 BKN050 BKN100 24/23 Q1006=
03/01/2026 04:00,METAR SBSC 030400Z 35004KT 9999 FEW010 SCT050 BKN100 24/23 Q1005=
03/01/2026 06:00,METAR SBSC 030600Z 01004KT 9999 FEW007 SCT020 BKN100 24/23 Q1004=
03/01/2026 07:00,METAR SBSC 030700Z 02004KT 8000 -RA FEW007 SCT015 BKN080 24/23 Q1004=
03/01/2026 08:00,METAR SBSC 030800Z 35005KT 9999 FEW010 SCT060 BKN100 24/24 Q1005=
03/01/2026 09:00,METAR SBSC 030900Z 05004KT 9999 FEW010 SCT060 BKN100 25/24 Q1005=
03/01/2026 10:00,METAR SBSC 031000Z 35005KT 9999 FEW015 SCT060 BKN100 26/24 Q1005=
03/01/2026 11:00,METAR SBSC 031100Z 34008KT 9999 FEW015 BKN100 27/24 Q1005=
03/01/2026 12:00,METAR SBSC 031200Z 33007KT 9999 FEW020 BKN100 30/24 Q1006=
03/01/2026 13:00,METAR SBSC 031300Z 23005KT 9999 FEW025 SCT100 30/23 Q1006=
03/01/2026 14:00,METAR SBSC 031400Z 26005KT 9999 FEW025 31/24 Q1005=
03/01/2026 15:00,METAR SBSC 031500Z 21006KT 9999 FEW028 32/24 Q1005=
03/01/2026 16:00,METAR SBSC 031600Z 19007KT 9999 FEW028 32/25 Q1005=
03/01/2026 17:00,METAR SBSC 031700Z 18011KT 9999 TS FEW028 FEW030CB 30/24 Q1004=
03/01/2026 18:00,METAR SBSC 031800Z 18007KT 9999 TS FEW028 FEW030CB 30/23 Q1004=
03/01/2026 19:00,METAR SBSC 031900Z 20008KT 9999 FEW028 29/24 Q1004 RETS=
03/01/2026 20:00,METAR SBSC 032000Z 16010KT 9999 FEW040 29/23 Q1004=
03/01/2026 21:00,METAR SBSC 032100Z 11005KT 9999 FEW040 BKN066 29/22 Q1005=
03/01/2026 22:00,METAR SBSC 032200Z 30002KT 9999 SCT036 BKN066 28/23 Q1006=
03/01/2026 23:00,METAR SBSC 032300Z 36003KT 9999 FEW036 SCT050 26/23 Q1007=
04/01/2026 00:00,METAR SBSC 040000Z 36003KT 9999 FEW036 SCT050 26/23 Q1007=
04/01/2026 01:00,METAR SBSC 040100Z 02004KT 8000 FEW010 SCT020 BKN070 26/24 Q1008=
04/01/2026 02:00,METAR SBSC 040200Z 36004KT 8000 FEW010 SCT020 BKN070 26/24 Q1007=
04/01/2026 03:00,METAR SBSC 040300Z 01005KT 8000 FEW010 SCT020 BKN070 26/24 Q1007=
04/01/2026 04:00,METAR SBSC 040400Z 02006KT 8000 FEW010 SCT020 BKN070 25/23 Q1006=
04/01/2026 05:00,METAR SBSC 040500Z 36006KT 8000 FEW010 SCT020 BKN070 25/23 Q1006=
04/01/2026 06:00,METAR SBSC 040600Z 03005KT 8000 FEW010 SCT020 BKN070 25/23 Q1006=
04/01/2026 07:00,METAR SBSC 040700Z 18004KT 8000 FEW010 SCT020 BKN070 25/23 Q1007=
04/01/2026 08:00,METAR SBSC 040800Z 21005KT 8000 FEW010 SCT020 BKN070 25/23 Q1007=
04/01/2026 09:00,METAR SBSC 040900Z 03002KT 8000 FEW010 SCT020 BKN070 25/22 Q1008=
04/01/2026 10:00,METAR SBSC 041000Z 20008KT 8000 SCT010 SCT025 BKN050 28/23 Q1009=
04/01/2026 11:00,METAR SBSC 041100Z 19011KT 8000 SCT010 SCT025 BKN050 28/23 Q1009=
04/01/2026 12:00,METAR SBSC 041200Z 16011KT 8000 SCT025 BKN030 BKN070 28/22 Q1010=
04/01/2026 13:00,METAR SBSC 041300Z 16011KT 9999 SCT020 BKN025 BKN051 29/23 Q1010=
04/01/2026 14:00,METAR SBSC 041400Z 16007KT 9999 FEW010 SCT015 BKN030 28/23 Q1010=
04/01/2026 15:00,METAR SBSC 041500Z 17016KT 9999 FEW010 SCT020 BKN030 28/22 Q1010=
04/01/2026 16:00,METAR SBSC 041600Z 17014KT 9999 FEW007 SCT020 BKN030 28/22 Q1010=
04/01/2026 17:00,METAR SBSC 041700Z 16017KT 9999 FEW007 SCT020 BKN040 27/22 Q1011=
04/01/2026 18:00,METAR SBSC 041800Z 16016KT 9999 FEW007 SCT020 BKN040 26/21 Q1011=
04/01/2026 19:00,METAR SBSC 041900Z 20009KT 4500 -RA BR FEW007 BKN020 BKN040 24/21 Q1012=
04/01/2026 20:00,METAR SBSC 042000Z 21009KT 7000 -RA SCT004 BKN015 BKN040 22/21 Q1012 RERA=
04/01/2026 21:00,METAR SBSC 042100Z 19009KT 7000 -RA SCT005 BKN015 BKN035 22/21 Q1013=
04/01/2026 22:00,METAR SBSC 042200Z 19009KT 9999 SCT005 BKN015 BKN030 22/21 Q1014=
04/01/2026 23:00,METAR SBSC 042300Z 17008KT 9999 -RA SCT010 BKN015 BKN030 22/20 Q1015=
05/01/2026 00:00,METAR SBSC 050000Z 18009KT 9999 SCT010 BKN015 BKN030 22/20 Q1015=
05/01/2026 01:00,METAR SBSC 050100Z 18010KT 8000 -RA SCT012 BKN015 OVC019 21/20 Q1016=
05/01/2026 02:00,METAR SBSC 050200Z 18008KT 8000 -RA SCT015 BKN019 OVC037 22/20 Q1016=
05/01/2026 03:00,METAR SBSC 050300Z 19008KT 8000 SCT009 BKN019 OVC027 21/20 Q1015=
05/01/2026 04:00,METAR SBSC 050400Z 17006KT 8000 -RA FEW009 SCT011 OVC016 21/20 Q1015=
05/01/2026 05:00,METAR SBSC 050500Z 15004KT 9999 FEW009 SCT017 OVC026 21/19 Q1015=
05/01/2026 06:00,METAR SBSC 050600Z 17006KT 9999 FEW009 SCT027 OVC038 21/19 Q1015=
05/01/2026 07:00,METAR SBSC 050700Z 17003KT 9999 SCT019 OVC049 21/19 Q1015=
05/01/2026 08:00,METAR SBSC 050800Z 10005KT 6000 -RA FEW007 SCT011 OVC034 21/19 Q1015=
05/01/2026 09:00,METAR SBSC 050900Z 16004KT 4000 -RA BR FEW005 SCT009 OVC036 20/19 Q1016=
05/01/2026 10:00,METAR SBSC 051000Z 10005KT 9999 SCT009 OVC030 21/19 Q1016=
05/01/2026 11:00,METAR SBSC 051100Z 00000KT 9999 SCT011 OVC036 22/19 Q1017=
05/01/2026 12:00,METAR SBSC 051200Z 21004KT 9999 SCT012 BKN036 OVC047 22/18 Q1017=
05/01/2026 13:00,METAR SBSC 051300Z 04002KT 8000 FEW010 BKN030 OVC050 24/19 Q1017=
05/01/2026 14:00,METAR SBSC 051400Z 07004KT 8000 SCT010 BKN030 OVC050 25/19 Q1017=
05/01/2026 15:00,METAR SBSC 051500Z 13006KT 8000 SCT010 BKN030 OVC050 25/17 Q1017=
05/01/2026 16:00,METAR SBSC 051600Z 12005KT 8000 SCT010 BKN030 OVC050 25/16 Q1017=
05/01/2026 17:00,METAR SBSC 051700Z 17005KT 8000 SCT010 BKN030 OVC050 25/17 Q1016=
05/01/2026 18:00,METAR SBSC 051800Z 16012KT 8000 SCT010 BKN030 OVC050 24/18 Q1016=
05/01/2026 19:00,METAR SBSC 051900Z 16011KT 8000 SCT010 BKN030 OVC050 25/18 Q1016=
05/01/2026 20:00,METAR SBSC 052000Z 12005KT 8000 SCT010 BKN030 OVC050 24/17 Q1017=
05/01/2026 21:00,METAR SBSC 052100Z 00000KT 8000 SCT010 BKN030 OVC050 24/18 Q1017=
05/01/2026 22:00,METAR SBSC 052200Z 15002KT 8000 SCT010 BKN030 OVC050 24/18 Q1017=
05/01/2026 23:00,METAR SBSC 052300Z 04003KT 8000 SCT010 BKN030 OVC050 24/18 Q1018=
06/01/2026 00:00,METAR SBSC 060000Z 32003KT 8000 SCT010 BKN030 OVC050 23/19 Q1018=
06/01/2026 01:00,METAR SBSC 060100Z 03002KT 9999 FEW010 SCT060 22/20 Q1018=
06/01/2026 02:00,METAR SBSC 060200Z 36002KT 9999 FEW010 SCT060 22/20 Q1019=
06/01/2026 03:00,METAR SBSC 060300Z 02003KT 9999 FEW010 SCT060 22/19 Q1019=
06/01/2026 04:00,METAR SBSC 060400Z 35002KT 9999 FEW010 SCT060 21/19 Q1019=
06/01/2026 05:00,METAR SBSC 060500Z 36004KT 9999 FEW010 SCT070 20/18 Q1018=
06/01/2026 06:00,METAR SBSC 060600Z 03002KT 9999 FEW012 SCT070 20/18 Q1018=
06/01/2026 07:00,METAR SBSC 060700Z 02003KT 9999 FEW012 SCT070 21/18 Q1018=
06/01/2026 08:00,METAR SBSC 060800Z 04005KT 9999 FEW012 22/19 Q1018=
06/01/2026 09:00,METAR SBSC 060900Z 36004KT 9999 FEW012 23/19 Q1018=
06/01/2026 10:00,METAR SBSC 061000Z 02005KT 9999 FEW012 24/20 Q1018=
06/01/2026 11:00,METAR SBSC 061100Z 34002KT 9999 FEW012 BKN075 24/20 Q1018=
06/01/2026 12:00,METAR SBSC 061200Z 03005KT 9999 SCT020 BKN085 25/19 Q1019=
06/01/2026 13:00,METAR SBSC 061300Z 36005KT 9999 FEW010 SCT025 BKN080 25/19 Q1019=
06/01/2026 14:00,METAR SBSC 061400Z 01005KT 9999 FEW010 SCT030 BKN100 27/19 Q1018=
06/01/2026 15:00,METAR SBSC 061500Z 05008KT 9999 FEW010 SCT035 BKN100 28/18 Q1018=
06/01/2026 16:00,METAR SBSC 061600Z 05010KT 9999 FEW010 SCT035 BKN080 28/17 Q1017=
06/01/2026 17:00,METAR SBSC 061700Z 04010KT 9999 FEW030 BKN065 28/16 Q1017=
06/01/2026 18:00,METAR COR SBSC 061800Z 06011KT 9999 FEW030 SCT050 BKN070 28/16 Q1016=
06/01/2026 19:00,METAR SBSC 061900Z 04007KT 9999 FEW020 SCT040 BKN050 28/18 Q1016=
06/01/2026 20:00,METAR SBSC 062000Z 02009KT 9999 FEW030 BKN040 27/18 Q1016=
06/01/2026 21:00,METAR SBSC 062100Z 06009KT 9999 FEW030 BKN050 26/18 Q1016=
06/01/2026 22:00,METAR SBSC 062200Z 02008KT 9999 FEW030 BKN050 26/18 Q1016=
06/01/2026 23:00,METAR SBSC 062300Z 05006KT 9999 FEW030 SCT100 25/18 Q1016=
07/01/2026 00:00,METAR SBSC 070000Z 34003KT CAVOK 24/19 Q1017=
07/01/2026 01:00,METAR SBSC 070100Z 34004KT CAVOK 24/19 Q1018=
07/01/2026 02:00,METAR SBSC 070200Z 33003KT CAVOK 23/19 Q1018=
07/01/2026 03:00,METAR SBSC 070300Z 31003KT CAVOK 22/19 Q1017=
07/01/2026 04:00,METAR SBSC 070400Z 24006KT CAVOK 22/18 Q1017=
07/01/2026 05:00,METAR SBSC 070500Z 34004KT CAVOK 22/18 Q1017=
07/01/2026 06:00,METAR SBSC 070600Z 29005KT CAVOK 21/18 Q1016=
07/01/2026 07:00,METAR SBSC 070700Z 28007KT CAVOK 21/18 Q1016=
07/01/2026 08:00,METAR SBSC 070800Z 21002KT CAVOK 21/18 Q1016=
07/01/2026 09:00,METAR SBSC 070900Z 01003KT 9999 FEW030 BKN100 22/19 Q1016=
07/01/2026 10:00,METAR SBSC 071000Z 03004KT 9999 FEW030 BKN100 24/20 Q1016=
07/01/2026 11:00,METAR SBSC 071100Z 32006KT 9999 FEW030 BKN100 26/20 Q1017=
07/01/2026 12:00,METAR SBSC 071200Z 33010KT 9999 FEW030 BKN100 27/21 Q1017=
07/01/2026 13:00,METAR SBSC 071300Z 36007KT 9999 FEW015 SCT030 BKN100 27/20 Q1017=
07/01/2026 14:00,METAR SBSC 071400Z 01009KT 9999 FEW015 SCT030 BKN100 28/20 Q1017=
07/01/2026 15:00,METAR SBSC 071500Z 36009KT 9999 FEW015 SCT030 BKN100 28/20 Q1016=
07/01/2026 16:00,METAR SBSC 071600Z 02011KT 9999 FEW015 SCT030 BKN100 28/20 Q1016=
07/01/2026 17:00,METAR SBSC 071700Z 03010KT 9999 FEW015 SCT030 BKN100 28/21 Q1015=
07/01/2026 18:00,METAR SBSC 071800Z 02010KT 9999 FEW015 SCT030 BKN100 27/21 Q1015=
07/01/2026 19:00,METAR SBSC 071900Z 01010KT 9999 FEW015 SCT030 BKN100 27/21 Q1014=
07/01/2026 20:00,METAR SBSC 072000Z 02008KT 9999 FEW015 SCT030 BKN100 28/21 Q1014=
07/01/2026 21:00,METAR SBSC 072100Z 02009KT 9999 FEW015 SCT030 BKN100 27/21 Q1014=
07/01/2026 22:00,METAR SBSC 072200Z 02005KT 9999 FEW015 SCT030 BKN100 25/21 Q1014=
07/01/2026 23:00,METAR SBSC 072300Z 03003KT 9999 FEW015 SCT030 BKN100 24/21 Q1015=
08/01/2026 00:00,METAR SBSC 080000Z 35003KT 9999 FEW015 SCT030 BKN100 24/21 Q1015=
08/01/2026 01:00,METAR SBSC 080100Z 01005KT 9999 FEW030 BKN100 24/21 Q1015=
08/01/2026 02:00,METAR SBSC 080200Z 02006KT 9999 FEW030 BKN100 25/21 Q1015=
08/01/2026 03:00,METAR SBSC 080300Z 35006KT 9999 FEW030 BKN100 25/21 Q1015=
08/01/2026 04:00,METAR SBSC 080400Z 01006KT 9999 SCT030 BKN100 24/21 Q1014=
08/01/2026 05:00,METAR SBSC 080500Z 35006KT 9999 SCT030 BKN100 24/21 Q1014=
08/01/2026 06:00,METAR SBSC 080600Z 34006KT 9999 FEW015 SCT030 BKN100 24/21 Q1014=
08/01/2026 07:00,METAR SBSC 080700Z 35006KT 9999 FEW015 SCT030 BKN100 24/21 Q1014=
08/01/2026 08:00,METAR SBSC 080800Z 35006KT 9999 FEW030 BKN100 25/21 Q1014=
08/01/2026 09:00,METAR SBSC 080900Z 01006KT 9999 FEW030 BKN100 26/21 Q1014=
08/01/2026 10:00,METAR SBSC 081000Z 33010KT CAVOK 26/21 Q1015=
08/01/2026 11:00,METAR SBSC 081100Z 32009KT CAVOK 28/21 Q1015=
08/01/2026 12:00,METAR SBSC 081200Z 33010KT CAVOK 30/21 Q1015=
08/01/2026 13:00,METAR SBSC 081300Z 36009KT CAVOK 30/21 Q1015=
08/01/2026 14:00,METAR SBSC 081400Z 35011KT CAVOK 30/21 Q1015=
08/01/2026 15:00,METAR SBSC 081500Z 35010KT CAVOK 32/21 Q1014=
08/01/2026 16:00,METAR SBSC 081600Z 01007KT CAVOK 33/21 Q1014=
08/01/2026 17:00,METAR SBSC 081700Z 35007KT CAVOK 34/20 Q1013=
08/01/2026 18:00,METAR SBSC 081800Z 02006KT CAVOK 34/20 Q1013=
08/01/2026 19:00,METAR SBSC 081900Z 34005KT CAVOK 33/20 Q1012=
08/01/2026 20:00,METAR SBSC 082000Z 24002KT CAVOK 31/24 Q1012=
08/01/2026 21:00,METAR SBSC 082100Z 27003KT CAVOK 29/24 Q1013=
08/01/2026 22:00,METAR SBSC 082200Z 11003KT CAVOK 30/21 Q1013=
08/01/2026 23:00,METAR SBSC 082300Z 24001KT CAVOK 26/22 Q1013=
09/01/2026 01:00,METAR SBSC 090100Z 22002KT CAVOK 25/22 Q1015=
09/01/2026 02:00,METAR SBSC 090200Z 23005KT CAVOK 25/23 Q1015=
09/01/2026 03:00,METAR SBSC 090300Z 25006KT CAVOK 25/23 Q1014=
09/01/2026 04:00,METAR SBSC 090400Z 27004KT CAVOK 25/23 Q1014=
09/01/2026 05:00,METAR SBSC 090500Z 30006KT CAVOK 24/21 Q1014=
09/01/2026 06:00,METAR SBSC 090600Z 36005KT CAVOK 24/21 Q1014=
09/01/2026 07:00,METAR SBSC 090700Z 01004KT CAVOK 24/21 Q1014=
09/01/2026 08:00,METAR SBSC 090800Z 36006KT CAVOK 25/23 Q1014=
09/01/2026 09:00,METAR SBSC 090900Z 36007KT CAVOK 26/22 Q1015=
09/01/2026 10:00,METAR SBSC 091000Z 03006KT CAVOK 26/22 Q1015=
09/01/2026 11:00,METAR SBSC 091100Z 03007KT CAVOK 30/23 Q1015=
09/01/2026 12:00,METAR SBSC 091200Z 35008KT CAVOK 32/22 Q1015=
09/01/2026 13:00,METAR SBSC 091300Z 01010KT 9999 FEW025 33/22 Q1015=
09/01/2026 14:00,METAR SBSC 091400Z 01007KT 9999 FEW030 35/21 Q1014=
09/01/2026 15:00,METAR SBSC 091500Z 02006KT 9999 FEW040 36/22 Q1014=
09/01/2026 16:00,METAR SBSC 091600Z 09005KT 9999 SCT040 36/20 Q1013=
09/01/2026 17:00,METAR SBSC 091700Z 14006KT 9999 SCT040 35/23 Q1013=
09/01/2026 18:00,METAR SBSC 091800Z 18011KT 9999 SCT040 35/23 Q1012=
09/01/2026 19:00,METAR SBSC 091900Z 23011KT 9999 SCT040 30/24 Q1013=
09/01/2026 20:00,METAR SBSC 092000Z 22009KT CAVOK 30/24 Q1013=
09/01/2026 21:00,METAR SBSC 092100Z 21008KT CAVOK 28/24 Q1013=
09/01/2026 22:00,METAR SBSC 092200Z 21007KT CAVOK 27/24 Q1014=
09/01/2026 23:00,METAR SBSC 092300Z 20007KT CAVOK 27/24 Q1014=
10/01/2026 00:00,METAR SBSC 100000Z 20005KT CAVOK 26/24 Q1014=
10/01/2026 01:00,METAR SBSC 100100Z 20003KT CAVOK 26/24 Q1015=
10/01/2026 02:00,METAR SBSC 100200Z 24003KT CAVOK 25/24 Q1015=
10/01/2026 03:00,METAR SBSC 100300Z 32002KT CAVOK 25/23 Q1014=
10/01/2026 04:00,METAR SBSC 100400Z 25002KT CAVOK 25/24 Q1014=
10/01/2026 05:00,METAR SBSC 100500Z 25001KT CAVOK 24/23 Q1014=
10/01/2026 06:00,METAR SBSC 100600Z 01004KT CAVOK 24/23 Q1013=
10/01/2026 07:00,METAR SBSC 100700Z 04005KT CAVOK 24/23 Q1013=
10/01/2026 08:00,METAR SBSC 100800Z 01008KT CAVOK 25/22 Q1013=
10/01/2026 09:00,METAR SBSC 100900Z 01007KT CAVOK 26/21 Q1014=
10/01/2026 10:00,METAR SBSC 101000Z 36013G23KT CAVOK 28/21 Q1014=
10/01/2026 11:00,METAR SBSC 101100Z 36014G24KT CAVOK 29/22 Q1014=
10/01/2026 12:00,METAR SBSC 101200Z 01016G26KT CAVOK 31/21 Q1014=
10/01/2026 13:00,METAR SBSC 101300Z 01015KT CAVOK 32/21 Q1014=
10/01/2026 14:00,METAR SBSC 101400Z 01015KT CAVOK 34/22 Q1013=
10/01/2026 15:00,METAR SBSC 101500Z 02012G25KT CAVOK 35/21 Q1013=
10/01/2026 16:00,METAR SBSC 101600Z 02011KT CAVOK 36/20 Q1011=
10/01/2026 17:00,METAR SBSC 101700Z 03011KT CAVOK 37/18 Q1011=
10/01/2026 18:00,METAR SBSC 101800Z 01010KT CAVOK 37/17 Q1010=
10/01/2026 19:00,METAR SBSC 101900Z 03009KT CAVOK 37/17 Q1009=
10/01/2026 20:00,METAR SBSC 102000Z 04011KT CAVOK 36/18 Q1009=
10/01/2026 21:00,METAR SBSC 102100Z 02006KT CAVOK 35/18 Q1009=
10/01/2026 22:00,METAR SBSC 102200Z 36004KT CAVOK 32/19 Q1009=
10/01/2026 23:00,METAR SBSC 102300Z 01003KT CAVOK 30/19 Q1010=
11/01/2026 00:00,METAR SBSC 110000Z 34005KT CAVOK 29/18 Q1011=
11/01/2026 01:00,METAR SBSC 110100Z 36006KT CAVOK 29/19 Q1011=
11/01/2026 02:00,METAR SBSC 110200Z 01004KT CAVOK 26/19 Q1012=
11/01/2026 03:00,METAR SBSC 110300Z 02007KT CAVOK 26/19 Q1011=
11/01/2026 04:00,METAR SBSC 110400Z 36008KT CAVOK 25/19 Q1011=
11/01/2026 05:00,METAR SBSC 110500Z 03006KT CAVOK 25/18 Q1011=
11/01/2026 06:00,METAR SBSC 110600Z 03008KT CAVOK 24/18 Q1010=
11/01/2026 07:00,METAR SBSC 110700Z 35009KT CAVOK 24/17 Q1010=
11/01/2026 08:00,METAR SBSC 110800Z 02008KT 9999 FEW015 25/18 Q1011=
11/01/2026 09:00,METAR SBSC 110900Z 36009KT 9999 FEW015 26/18 Q1011=
11/01/2026 10:00,METAR SBSC 111000Z 01010KT 9999 FEW015 27/19 Q1011=
11/01/2026 11:00,METAR SBSC 111100Z 34007G18KT 9999 FEW015 30/20 Q1012=
11/01/2026 12:00,METAR SBSC 111200Z 33007KT CAVOK 32/20 Q1012=
11/01/2026 13:00,METAR SBSC 111300Z 31012KT CAVOK 34/20 Q1012=
11/01/2026 14:00,METAR SBSC 111400Z 32010KT CAVOK 35/19 Q1011=
11/01/2026 15:00,METAR SBSC 111500Z 35012KT CAVOK 37/18 Q1010=
11/01/2026 16:00,METAR SBSC 111600Z 34011KT CAVOK 38/16 Q1010=
11/01/2026 17:00,METAR SBSC 111700Z 34010G20KT CAVOK 38/17 Q1009=
11/01/2026 18:00,METAR SBSC 111800Z 20005KT CAVOK 37/19 Q1008=
11/01/2026 19:00,METAR SBSC 111900Z 11010KT CAVOK 38/18 Q1008=
11/01/2026 20:00,METAR SBSC 112000Z 09012KT CAVOK 36/19 Q1008=
11/01/2026 21:00,METAR SBSC 112100Z 09009KT CAVOK 34/19 Q1008=
11/01/2026 22:00,METAR SBSC 112200Z 24004KT CAVOK 30/21 Q1009=
11/01/2026 23:00,METAR SBSC 112300Z 26004KT CAVOK 28/22 Q1009=
12/01/2026 00:00,METAR SBSC 120000Z 25005KT CAVOK 27/23 Q1010=
12/01/2026 01:00,METAR SBSC 120100Z 24003KT CAVOK 27/23 Q1011=
12/01/2026 02:00,METAR SBSC 120200Z 23005KT CAVOK 27/23 Q1011=
12/01/2026 03:00,METAR SBSC 120300Z 27004KT CAVOK 27/23 Q1010=
12/01/2026 04:00,METAR SBSC 120400Z 26007KT CAVOK 27/23 Q1010=
12/01/2026 05:00,METAR SBSC 120500Z 30006KT CAVOK 26/22 Q1010=
12/01/2026 06:00,METAR SBSC 120600Z 36007KT CAVOK 26/22 Q1010=
12/01/2026 07:00,METAR SBSC 120700Z 01009KT CAVOK 26/22 Q1010=
12/01/2026 08:00,METAR SBSC 120800Z 03008KT CAVOK 26/22 Q1010=
12/01/2026 09:00,METAR SBSC 120900Z 01010KT CAVOK 28/23 Q1011=
12/01/2026 10:00,METAR SBSC 121000Z 36010KT CAVOK 28/22 Q1011=
12/01/2026 11:00,METAR SBSC 121100Z 36011G24KT CAVOK 31/19 Q1012=
12/01/2026 12:00,METAR SBSC 121200Z 35010KT CAVOK 33/19 Q1012=
12/01/2026 13:00,METAR SBSC 121300Z 35010G21KT CAVOK 34/18 Q1012=
12/01/2026 14:00,METAR SBSC 121400Z 35012KT CAVOK 36/19 Q1011=
12/01/2026 15:00,METAR SBSC 121500Z 02007KT CAVOK 37/19 Q1010=
12/01/2026 16:00,METAR SBSC 121600Z 02006KT CAVOK 39/18 Q1010=
12/01/2026 17:00,METAR SBSC 121700Z 21009KT CAVOK 38/18 Q1009=
12/01/2026 18:00,METAR SBSC 121800Z 17011KT CAVOK 38/18 Q1009=
12/01/2026 19:00,METAR SBSC 121900Z 16012KT CAVOK 37/18 Q1008=
12/01/2026 20:00,METAR SBSC 122000Z 13012KT CAVOK 36/16 Q1008=
12/01/2026 21:00,METAR SBSC 122100Z 14008KT CAVOK 34/16 Q1008=
12/01/2026 22:00,METAR SBSC 122200Z 13005KT CAVOK 33/15 Q1009=
12/01/2026 23:00,METAR SBSC 122300Z 24006KT CAVOK 29/20 Q1010=
13/01/2026 00:00,METAR SBSC 130000Z 25003KT CAVOK 27/23 Q1011=
13/01/2026 01:00,METAR SBSC 130100Z 22002KT CAVOK 26/23 Q1011=
13/01/2026 02:00,METAR SBSC 130200Z 23003KT CAVOK 25/23 Q1011=
13/01/2026 03:00,METAR SBSC 130300Z 26001KT CAVOK 25/23 Q1011=
13/01/2026 04:00,METAR SBSC 130400Z 25003KT CAVOK 24/23 Q1011=
13/01/2026 05:00,METAR SBSC 130500Z 27004KT CAVOK 24/23 Q1011=
13/01/2026 06:00,METAR SBSC 130600Z 28003KT CAVOK 24/23 Q1011=
13/01/2026 07:00,METAR SBSC 130700Z 30004KT CAVOK 24/23 Q1011=
13/01/2026 08:00,METAR SBSC 130800Z 30005KT CAVOK 24/23 Q1011=
13/01/2026 09:00,METAR SBSC 130900Z VRB02KT CAVOK 24/23 Q1012=
13/01/2026 10:00,METAR SBSC 131000Z 19004KT CAVOK 27/24 Q1013=
13/01/2026 11:00,METAR SBSC 131100Z 16008KT 9999 FEW007 30/25 Q1013=
13/01/2026 12:00,METAR SBSC 131200Z 16009KT 9999 FEW007 29/25 Q1014=
13/01/2026 13:00,METAR SBSC 131300Z 21011KT CAVOK 29/25 Q1014=
13/01/2026 14:00,METAR SBSC 131400Z 20013KT 9999 SCT025 30/25 Q1015=
13/01/2026 15:00,METAR SBSC 131500Z 20012KT 9999 SCT025 FEW030TCU 31/25 Q1015=
13/01/2026 16:00,METAR SBSC 131600Z 19012KT 9999 SCT025 FEW030TCU 30/24 Q1014=
13/01/2026 17:00,METAR SBSC 131700Z 18010KT 9999 SCT030 FEW032TCU 30/25 Q1014=
13/01/2026 18:00,METAR SBSC 131800Z 17007KT 9999 SCT030 FEW032TCU 30/24 Q1014=
13/01/2026 19:00,METAR SBSC 131900Z 17008KT 9999 SCT030 FEW032TCU 30/24 Q1014=
13/01/2026 20:00,METAR SBSC 132000Z 20005KT 9999 SCT030 29/23 Q1013=
13/01/2026 21:00,METAR SBSC 132100Z 23005KT 9999 FEW030 28/24 Q1012=
13/01/2026 22:00,METAR SBSC 132200Z 27002KT 8000 FEW020 SCT050 27/24 Q1014=
13/01/2026 23:00,METAR SBSC 132300Z 21002KT 8000 FEW020 SCT050 27/23 Q1014=
14/01/2026 00:00,METAR SBSC 140000Z 04003KT 8000 FEW020 SCT050 25/23 Q1015=
14/01/2026 01:00,METAR SBSC 140100Z 06004KT 9999 FEW020 SCT050 26/23 Q1015 RETS=
14/01/2026 02:00,METAR SBSC 140200Z 02008KT 9999 FEW016 SCT050 26/22 Q1016=
14/01/2026 03:00,METAR SBSC 140300Z 36008KT 9999 FEW016 SCT050 26/21 Q1015=
14/01/2026 04:00,METAR SBSC 140400Z 04007KT 9999 FEW016 SCT050 25/21 Q1014=
14/01/2026 05:00,METAR SBSC 140500Z 04009KT 9999 FEW025 SCT050 25/21 Q1013=
14/01/2026 06:00,METAR SBSC 140600Z 36008KT CAVOK 25/20 Q1013=
14/01/2026 07:00,METAR SBSC 140700Z 03008KT CAVOK 25/21 Q1013=
14/01/2026 08:00,METAR SBSC 140800Z 03008KT CAVOK 24/20 Q1014=
14/01/2026 09:00,METAR SBSC 140900Z 04006KT CAVOK 24/21 Q1014=
14/01/2026 10:00,METAR SBSC 141000Z 02010KT CAVOK 27/20 Q1015=
14/01/2026 11:00,METAR SBSC 141100Z 36009KT CAVOK 29/21 Q1015=
14/01/2026 12:00,METAR SBSC 141200Z 36011G21KT CAVOK 30/22 Q1015=
14/01/2026 13:00,METAR SBSC 141300Z 01013KT 9999 FEW040 32/21 Q1015=
14/01/2026 14:00,METAR SBSC 141400Z 36010KT 9999 FEW040 33/22 Q1014=
14/01/2026 15:00,METAR SBSC 141500Z 02009KT 9999 FEW040 35/22 Q1014=
14/01/2026 16:00,METAR SBSC 141600Z 01009KT 9999 FEW040 35/21 Q1013=
14/01/2026 17:00,METAR SBSC 141700Z 35005KT 9999 FEW040TCU 37/21 Q1012=
14/01/2026 18:00,METAR SBSC 141800Z 20008KT 9999 FEW040TCU BKN065 34/22 Q1012=
14/01/2026 19:00,METAR COR SBSC 141900Z 24010KT 9999 TS FEW040TCU FEW050CB BKN065 29/24 Q1012=
14/01/2026 20:00,METAR SBSC 142000Z 22005KT 9999 TS SCT045 FEW050CB 28/23 Q1013=
14/01/2026 21:00,METAR SBSC 142100Z 36004KT 9999 TS SCT045 FEW050CB 27/22 Q1012=
14/01/2026 22:00,METAR SBSC 142200Z 04003KT CAVOK 25/22 Q1012 RETS=
14/01/2026 23:00,METAR SBSC 142300Z 04002KT CAVOK 25/22 Q1013=
15/01/2026 00:00,METAR SBSC 150000Z 02003KT CAVOK 24/21 Q1014=
15/01/2026 01:00,METAR SBSC 150100Z 02003KT CAVOK 24/21 Q1014=
15/01/2026 02:00,METAR SBSC 150200Z 36004KT CAVOK 24/21 Q1014=
15/01/2026 03:00,METAR SBSC 150300Z 01005KT CAVOK 24/21 Q1014=
15/01/2026 04:00,METAR SBSC 150400Z 03004KT CAVOK 24/22 Q1014=
15/01/2026 05:00,METAR SBSC 150500Z 36005KT CAVOK 24/22 Q1013=
15/01/2026 06:00,METAR SBSC 150600Z 02005KT CAVOK 24/22 Q1013=
15/01/2026 07:00,METAR SBSC 150700Z 36006KT CAVOK 25/21 Q1013=
15/01/2026 08:00,METAR SBSC 150800Z 01007KT CAVOK 25/21 Q1014=
15/01/2026 09:00,METAR SBSC 150900Z 04005KT CAVOK 25/21 Q1014=
15/01/2026 10:00,METAR SBSC 151000Z 01005KT CAVOK 28/22 Q1015=
15/01/2026 11:00,METAR SBSC 151100Z 02007KT CAVOK 29/22 Q1015=
15/01/2026 12:00,METAR SBSC 151200Z 02013KT CAVOK 31/21 Q1015=
15/01/2026 13:00,METAR SBSC 151300Z 36011G21KT 9999 FEW035 33/21 Q1015=
15/01/2026 14:00,METAR SBSC 151400Z 01012G22KT 9999 FEW035 34/20 Q1015=
15/01/2026 15:00,METAR SBSC 151500Z 01013G24KT 9999 FEW035 35/21 Q1014=
15/01/2026 16:00,METAR SBSC 151600Z 03012KT 9999 SCT040 36/20 Q1014=
15/01/2026 17:00,METAR SBSC 151700Z 35008KT 9999 FEW030TCU SCT040 36/19 Q1012=
15/01/2026 18:00,METAR SBSC 151800Z 10013KT 9999 FEW030TCU BKN040 34/20 Q1012=
15/01/2026 19:00,METAR SBSC 151900Z 10010KT 9999 4000W TS VCSH FEW030CB BKN040 32/20 Q1012=
15/01/2026 20:00,METAR SBSC 152000Z 13013G23KT 8000 -TSRA FEW020 FEW030CB BKN040 26/21 Q1013=
15/01/2026 21:00,METAR SBSC 152100Z 21007KT 9000 4000SW -TSRA SCT030 FEW035CB BKN040 25/23 Q1015=
15/01/2026 22:00,METAR SBSC 152200Z 21003KT 9999 VCTS FEW030CB SCT040 BKN100 25/23 Q1015 RETS=
15/01/2026 23:00,METAR SBSC 152300Z VRB03KT 9999 FEW030 SCT050 BKN100 25/23 Q1015=
16/01/2026 00:00,METAR SBSC 160000Z 33003KT CAVOK 24/23 Q1015=
16/01/2026 01:00,METAR SBSC 160100Z 02003KT CAVOK 24/23 Q1016=
16/01/2026 02:00,METAR SBSC 160200Z 07002KT CAVOK 24/22 Q1015=
16/01/2026 03:00,METAR SBSC 160300Z 04005KT CAVOK 24/22 Q1015=
16/01/2026 04:00,METAR SBSC 160400Z 05005KT CAVOK 24/21 Q1014=
16/01/2026 05:00,METAR SBSC 160500Z 03005KT CAVOK 24/21 Q1014=
16/01/2026 06:00,METAR SBSC 160600Z 03004KT 9999 FEW015 23/21 Q1014=
16/01/2026 07:00,METAR SBSC 160700Z 02006KT 9999 FEW015 24/21 Q1013=
16/01/2026 08:00,METAR SBSC 160800Z 05005KT 9999 FEW015 25/20 Q1013=
16/01/2026 09:00,METAR SBSC 160900Z 01006KT CAVOK 25/21 Q1014=
16/01/2026 10:00,METAR SBSC 161000Z 02006KT CAVOK 25/21 Q1014=
16/01/2026 11:00,METAR SBSC 161100Z 36006KT CAVOK 29/21 Q1015=
16/01/2026 12:00,METAR SBSC 161200Z 01011KT 9999 FEW025 31/20 Q1015=
16/01/2026 13:00,METAR SBSC 161300Z 33012KT CAVOK 32/21 Q1014=
16/01/2026 14:00,METAR SBSC 161400Z 33011KT CAVOK 32/20 Q1014=
16/01/2026 15:00,METAR SBSC 161500Z 33010KT CAVOK 33/20 Q1014=
16/01/2026 16:00,METAR SBSC 161600Z 32010KT CAVOK 32/20 Q1014=
16/01/2026 17:00,METAR SBSC 161700Z 28007KT 9999 SCT030 BKN100 34/20 Q1013=
16/01/2026 18:00,METAR SBSC 161800Z 13010KT 9999 SCT025 FEW030TCU BKN100 33/21 Q1011=
16/01/2026 19:00,METAR SBSC 161900Z 17006KT 9999 SCT025 FEW030TCU BKN100 32/22 Q1011=
16/01/2026 20:00,METAR SBSC 162000Z 12006KT 9999 SCT025 FEW030TCU BKN100 31/21 Q1011=
16/01/2026 21:00,METAR SBSC 162100Z 14003KT 9999 FEW025 BKN100 31/20 Q1011=
16/01/2026 22:00,METAR SBSC 162200Z 18003KT 9999 FEW025 BKN100 28/23 Q1012=
16/01/2026 23:00,METAR SBSC 162300Z 20005KT 9999 FEW025 BKN100 27/23 Q1012=
17/01/2026 00:00,METAR SBSC 170000Z 18003KT 9999 FEW025 BKN100 27/23 Q1012=
17/01/2026 01:00,METAR SBSC 170100Z 24003KT 9999 FEW020 BKN100 26/23 Q1013=
17/01/2026 02:00,METAR SBSC 170200Z VRB02KT 9999 FEW020 BKN100 26/24 Q1013=
17/01/2026 03:00,METAR SBSC 170300Z 09002KT CAVOK 26/24 Q1012=
17/01/2026 04:00,METAR SBSC 170400Z 34003KT CAVOK 26/23 Q1012=
17/01/2026 05:00,METAR SBSC 170500Z 35004KT CAVOK 25/23 Q1012=
17/01/2026 06:00,METAR SBSC 170600Z 35004KT 9999 SCT030 BKN100 25/23 Q1011=
17/01/2026 07:00,METAR SBSC 170700Z 01004KT 9999 SCT030 BKN100 25/23 Q1011=
17/01/2026 08:00,METAR SBSC 170800Z 01004KT 9999 FEW010 SCT030 BKN100 25/23 Q1011=
17/01/2026 09:00,METAR SBSC 170900Z 33007KT CAVOK 27/21 Q1011=
17/01/2026 10:00,METAR SBSC 171000Z 36008KT 9999 FEW010 BKN100 28/21 Q1011=
17/01/2026 11:00,METAR SBSC 171100Z 36010KT 9999 FEW020 BKN100 29/22 Q1011=
17/01/2026 12:00,METAR SBSC 171200Z 33011KT CAVOK 30/22 Q1012=
17/01/2026 13:00,METAR SBSC 171300Z 36009KT CAVOK 32/21 Q1012=
17/01/2026 14:00,METAR SBSC 171400Z 36007KT 9999 SCT030 BKN070 34/21 Q1011=
17/01/2026 15:00,METAR SBSC 171500Z 33008KT 9999 SCT030 BKN070 35/21 Q1010=
17/01/2026 16:00,METAR SBSC 171600Z 36007KT 9999 SCT030 BKN070 35/21 Q1009=
17/01/2026 17:00,METAR SBSC 171700Z 19009KT 9999 SCT030 FEW032TCU BKN060 33/22 Q1009=
17/01/2026 18:00,METAR SBSC 171800Z 18008KT 9999 SCT030 FEW032TCU BKN060 33/22 Q1009=
17/01/2026 19:00,METAR SBSC 171900Z 23010KT 9999 SCT030 FEW032TCU BKN060 30/23 Q1008=
17/01/2026 20:00,METAR SBSC 172000Z 29006KT 8000 TS SCT030 FEW032CB BKN060 28/24 Q1009=
17/01/2026 21:00,METAR SBSC 172100Z 34005KT 8000 SCT030 BKN060 27/22 Q1009 RETS=
17/01/2026 22:00,METAR SBSC 172200Z 02007KT 9999 FEW015 SCT030 BKN060 25/22 Q1010=
17/01/2026 23:00,METAR SBSC 172300Z 02005KT 9999 FEW015 SCT030 BKN060 25/22 Q1010=
18/01/2026 00:00,METAR SBSC 180000Z 03006KT 9999 FEW015 SCT060 25/22 Q1010=
18/01/2026 01:00,METAR SBSC 180100Z 34005KT 9999 FEW015 SCT060 25/20 Q1010=
18/01/2026 02:00,METAR SBSC 180200Z 35006KT 9999 FEW015 SCT060 25/20 Q1010=
18/01/2026 03:00,METAR SBSC 180300Z 33003KT 9999 FEW025 SCT060 24/20 Q1010=
18/01/2026 04:00,METAR SBSC 180400Z 32002KT 9999 FEW025 SCT060 24/21 Q1010=
18/01/2026 05:00,METAR SBSC 180500Z 29003KT 9999 FEW025 SCT060 24/21 Q1009=
18/01/2026 06:00,METAR SBSC 180600Z 27004KT 9999 FEW025 SCT060 24/21 Q1009=
18/01/2026 07:00,METAR SBSC 180700Z 33003KT 9999 FEW025 SCT060 23/21 Q1008=
18/01/2026 08:00,METAR COR SBSC 180800Z 23005KT 9999 FEW015 SCT060 23/21 Q1008=
18/01/2026 09:00,METAR SBSC 180900Z 32009KT 9999 FEW025 BKN100 24/21 Q1008=
18/01/2026 10:00,METAR SBSC 181000Z 31008KT 9999 FEW025 BKN100 26/20 Q1009=
18/01/2026 11:00,METAR SBSC 181100Z 31009KT 9999 FEW025 BKN100 27/20 Q1009=
18/01/2026 12:00,METAR SBSC 181200Z 32014KT 9999 FEW025 BKN100 27/21 Q1010=
18/01/2026 13:00,METAR SBSC 181300Z 36008KT 9999 SCT025 OVC100 28/21 Q1010=
18/01/2026 14:00,METAR SBSC 181400Z 01013KT 9999 FEW025 28/20 Q1009=
18/01/2026 15:00,METAR SBSC 181500Z 36012G25KT 9999 FEW025 31/21 Q1009=
18/01/2026 16:00,METAR SBSC 181600Z 36010G20KT 9999 FEW025 31/21 Q1009=
18/01/2026 17:00,METAR SBSC 181700Z 36009KT CAVOK 32/20 Q1008=
18/01/2026 18:00,METAR SBSC 181800Z 01009KT CAVOK 33/21 Q1007=
18/01/2026 19:00,METAR SBSC 181900Z 01009KT CAVOK 33/20 Q1006=
18/01/2026 20:00,METAR SBSC 182000Z 02010KT CAVOK 33/21 Q1005=
18/01/2026 21:00,METAR SBSC 182100Z 01011KT CAVOK 31/20 Q1005=
18/01/2026 21:00,METAR SBSC 182100Z 01011KT CAVOK 31/20 Q1005=
18/01/2026 22:00,METAR SBSC 182200Z 01008KT 9999 FEW035 29/20 Q1006=
18/01/2026 23:00,METAR SBSC 182300Z 02007KT 9999 FEW035 28/21 Q1006=
19/01/2026 00:00,METAR SBSC 190000Z 01012KT CAVOK 28/20 Q1006=
19/01/2026 01:00,METAR SBSC 190100Z 01009KT CAVOK 27/20 Q1006=
19/01/2026 02:00,METAR SBSC 190200Z 02008KT CAVOK 27/20 Q1006=
19/01/2026 03:00,METAR SBSC 190300Z 36010KT CAVOK 26/19 Q1006=
19/01/2026 04:00,METAR SBSC 190400Z 35010KT CAVOK 25/19 Q1006=
19/01/2026 05:00,METAR SBSC 190500Z 01009KT CAVOK 25/18 Q1005=
19/01/2026 06:00,METAR SBSC 190600Z 35011KT 9999 FEW015 25/18 Q1005=
19/01/2026 07:00,METAR SBSC 190700Z 01009KT 9999 FEW015 26/19 Q1005=
19/01/2026 08:00,METAR SBSC 190800Z 02010KT 9999 FEW015 26/19 Q1005=
19/01/2026 09:00,METAR SBSC 190900Z 36008KT 9999 FEW015 SCT100 26/20 Q1005=
19/01/2026 10:00,METAR SBSC 191000Z 35009KT 9999 FEW025 SCT090 27/20 Q1005=
19/01/2026 11:00,METAR SBSC 191100Z 36007KT 9999 FEW025 SCT090 27/20 Q1006=
19/01/2026 12:00,METAR SBSC 191200Z 35008KT 9999 FEW025 SCT100 29/20 Q1006=
19/01/2026 13:00,METAR SBSC 191300Z 36009KT 9999 SCT025 BKN070 29/20 Q1006=
19/01/2026 14:00,METAR SBSC 191400Z 01009KT 9999 SCT025 BKN070 30/21 Q1006=
19/01/2026 15:00,METAR SBSC 191500Z 32005KT 9999 SCT025 BKN070 32/21 Q1006=
19/01/2026 16:00,METAR SBSC 191600Z 22008KT 9999 SCT025 FEW030TCU BKN070 32/21 Q1005=
19/01/2026 17:00,METAR SBSC 191700Z 21010KT 9999 SCT025 FEW030TCU BKN070 30/22 Q1005=
19/01/2026 18:00,METAR SBSC 191800Z 19009KT 8000 SCT025 FEW030TCU BKN070 28/23 Q1004=
19/01/2026 19:00,METAR SBSC 191900Z 19006KT 8000 TS SCT025 FEW030CB BKN070 28/24 Q1004=
19/01/2026 20:00,METAR SBSC 192000Z 19004KT 8000 SCT025 FEW030TCU BKN070 28/23 Q1004 RETS=
19/01/2026 21:00,METAR SBSC 192100Z 19005KT 8000 -RA SCT025 FEW030TCU BKN070 26/24 Q1005=
19/01/2026 22:00,METAR SBSC 192200Z 20007KT 3000 -TSRA BR SCT025 FEW030CB BKN070 24/23 Q1006=
19/01/2026 23:00,METAR SBSC 192300Z 16007KT 3000 -TSRA BR SCT025 FEW030CB BKN070 24/23 Q1006=
20/01/2026 00:00,METAR SBSC 200000Z 17007KT 3000 -TSRA BR SCT008 SCT025 FEW030CB BKN070 24/23 Q1007=
20/01/2026 01:00,METAR SBSC 200100Z 36004KT 4000 -TSRA BR BKN007 BKN016 FEW030CB 23/22 Q1008=
20/01/2026 03:00,METAR SBSC 200300Z 21004KT 4000 -TSRA BR BKN007 BKN016 FEW030CB 23/23 Q1009=
20/01/2026 04:00,METAR SBSC 200400Z 22014KT 3000 -TSRA BR BKN007 BKN016 FEW030CB 22/21 Q1009=
20/01/2026 05:00,METAR SBSC 200500Z 22009KT 4000 -RA BR SCT015 BKN019 OVC037 23/22 Q1009 RETS=
20/01/2026 06:00,METAR SBSC 200600Z 20012KT 4000 -RA BKN013 BKN019 24/21 Q1008=
20/01/2026 07:00,METAR SBSC 200700Z 21013G25KT 6000 BKN013 BKN019 24/21 Q1009=
20/01/2026 08:00,METAR SBSC 200800Z 21014G25KT 6000 BKN019 BKN030 24/21 Q1009=
20/01/2026 09:00,METAR SBSC 200900Z 21014G24KT 8000 OVC023 24/20 Q1010=
20/01/2026 10:00,METAR SBSC 201000Z 20014KT 8000 BKN023 BKN047 24/20 Q1011=
20/01/2026 11:00,METAR SBSC 201100Z 20014KT 8000 BKN022 BKN059 OVC070 25/20 Q1012=
20/01/2026 12:00,METAR SBSC 201200Z 22009G19KT 9999 SCT021 BKN051 OVC077 25/21 Q1013=
20/01/2026 13:00,METAR SBSC 201300Z 17012G22KT 9999 FEW015 SCT020 BKN060 25/20 Q1013=
20/01/2026 14:00,METAR SBSC 201400Z 20014KT 9999 FEW015 SCT025 BKN060 26/20 Q1014=
20/01/2026 15:00,METAR SBSC 201500Z 21011KT 9999 FEW015 SCT030 BKN060 25/19 Q1014=
20/01/2026 16:00,METAR SBSC 201600Z 21009KT 9999 FEW015 BKN030 BKN060 25/20 Q1014=
20/01/2026 17:00,METAR SBSC 201700Z 20011KT 9999 FEW015 BKN030 25/20 Q1013=
20/01/2026 18:00,METAR SBSC 201800Z 20012KT 9999 FEW015 BKN030 BKN055 25/19 Q1013=
20/01/2026 19:00,METAR SBSC 201900Z 20010KT 8000 FEW015 BKN030 BKN055 25/19 Q1013=
20/01/2026 20:00,METAR SBSC 202000Z 21008KT 8000 FEW015 BKN030 BKN055 24/18 Q1013=
20/01/2026 21:00,METAR SBSC 202100Z 19006KT 8000 FEW015 BKN030 BKN055 23/19 Q1014=
20/01/2026 22:00,METAR SBSC 202200Z 23005KT 8000 FEW015 BKN030 BKN055 23/20 Q1014=
20/01/2026 23:00,METAR SBSC 202300Z 22006KT 8000 FEW015 BKN030 BKN055 23/20 Q1015=
21/01/2026 00:00,METAR SBSC 210000Z 23006KT 8000 FEW015 BKN030 BKN055 22/19 Q1015=
21/01/2026 01:00,METAR SBSC 210100Z 23004KT 9999 FEW015 SCT050 BKN075 23/19 Q1015=
21/01/2026 02:00,METAR SBSC 210200Z 24004KT 9999 FEW015 BKN080 22/19 Q1015=
21/01/2026 03:00,METAR SBSC 210300Z 23005KT 9999 FEW015 BKN080 22/19 Q1015=
21/01/2026 04:00,METAR SBSC 210400Z 20004KT 9999 FEW015 BKN080 21/18 Q1015=
21/01/2026 05:00,METAR SBSC 210500Z 21006KT 8000 -RA FEW015 SCT082 21/17 Q1015=
21/01/2026 06:00,METAR SBSC 210600Z 19006KT 8000 -RA FEW012 SCT082 20/17 Q1014=
21/01/2026 07:00,METAR SBSC 210700Z 21005KT 8000 FEW010 BKN082 20/18 Q1014=
21/01/2026 08:00,METAR SBSC 210800Z 22006KT 8000 FEW010 BKN082 21/18 Q1014=
21/01/2026 09:00,METAR COR SBSC 210900Z 25003KT 8000 -RA FEW015 BKN025 BKN080 20/19 Q1014=
21/01/2026 10:00,METAR SBSC 211000Z 31002KT 9999 FEW015 BKN028 BKN050 21/20 Q1015=
21/01/2026 11:00,METAR SBSC 211100Z 26002KT 9999 FEW015 BKN030 BKN050 22/20 Q1015=
21/01/2026 12:00,METAR SBSC 211200Z 00000KT 9999 FEW015 BKN030 BKN050 23/20 Q1015=
21/01/2026 13:00,METAR SBSC 211300Z 25005KT 8000 SCT010 BKN015 BKN050 23/19 Q1016=
21/01/2026 14:00,METAR SBSC 211400Z 25007KT 8000 SCT010 BKN015 BKN050 22/19 Q1016=
21/01/2026 15:00,METAR SBSC 211500Z 24007KT 8000 SCT010 BKN015 BKN050 24/20 Q1016=
21/01/2026 16:00,METAR SBSC 211600Z 24007KT 8000 FEW010 SCT025 BKN050 25/20 Q1015=
21/01/2026 17:00,METAR SBSC 211700Z 18009KT 3000 -RA BR BKN010 BKN025 OVC050 22/20 Q1015=
21/01/2026 18:00,METAR SBSC 211800Z 19006KT 3000 -RA BR BKN010 BKN025 OVC050 22/20 Q1014=
21/01/2026 19:00,METAR SBSC 211900Z 21006KT 4000 -RA BR BKN007 BKN015 OVC040 21/20 Q1015=
21/01/2026 20:00,METAR SBSC 212000Z 25004KT 6000 -RA FEW010 BKN020 OVC030 22/20 Q1015=
21/01/2026 21:00,METAR SBSC 212100Z 27001KT 8000 SCT020 BKN030 OVC050 22/20 Q1015=
21/01/2026 22:00,METAR SBSC 212200Z 31001KT 8000 SCT015 BKN030 OVC050 21/20 Q1015=
21/01/2026 23:00,METAR SBSC 212300Z 01004KT 9999 FEW015 BKN040 OVC050 21/20 Q1016=
22/01/2026 00:00,METAR SBSC 220000Z 34004KT 8000 -RA FEW015 BKN050 OVC060 21/20 Q1016=
22/01/2026 01:00,METAR SBSC 220100Z 34004KT 8000 -RA FEW015 OVC060 21/20 Q1017=
22/01/2026 02:00,METAR SBSC 220200Z 35003KT 9000 -RA FEW015 OVC060 21/20 Q1017=
22/01/2026 03:00,METAR SBSC 220300Z 33005KT 9000 -RA FEW015 OVC060 21/20 Q1016=
22/01/2026 04:00,METAR SBSC 220400Z 34004KT 6000 -RA FEW015 OVC060 20/19 Q1016=
22/01/2026 05:00,METAR SBSC 220500Z 29005KT 9999 FEW015 OVC060 20/19 Q1016=
22/01/2026 06:00,METAR SBSC 220600Z 28004KT 9999 FEW015 OVC060 20/19 Q1016=
22/01/2026 07:00,METAR SBSC 220700Z 27004KT 9999 FEW015 OVC060 20/19 Q1016=
22/01/2026 08:00,METAR SBSC 220800Z 33002KT 6000 -RA FEW015 OVC060 20/19 Q1015=
22/01/2026 09:00,METAR SBSC 220900Z 36002KT 9999 FEW030 OVC070 20/19 Q1015=
22/01/2026 10:00,METAR SBSC 221000Z 35004KT 9999 FEW030 OVC070 21/20 Q1015=
22/01/2026 11:00,METAR SBSC 221100Z 04004KT 9999 FEW030 OVC070 21/20 Q1015=
22/01/2026 12:00,METAR SBSC 221200Z 36003KT 9999 FEW030 OVC080 22/20 Q1016=
22/01/2026 13:00,METAR COR SBSC 221300Z VRB01KT 6000 -DZ FEW015 BKN020 OVC035 22/20 Q1016=
22/01/2026 14:00,METAR SBSC 221400Z 26002KT 6000 -DZ FEW007 BKN018 OVC030 21/20 Q1016=
22/01/2026 15:00,METAR SBSC 221500Z 01002KT 7000 -DZ FEW008 BKN018 OVC030 22/20 Q1016=
22/01/2026 16:00,METAR SBSC 221600Z 02003KT 9999 FEW010 BKN020 OVC030 23/20 Q1016=
22/01/2026 17:00,METAR SBSC 221700Z 35003KT 9999 FEW010 BKN020 OVC030 23/20 Q1015=
22/01/2026 18:00,METAR SBSC 221800Z VRB02KT 9999 SCT012 BKN025 24/20 Q1014=
22/01/2026 19:00,METAR SBSC 221900Z 22005KT 8000 SCT012 BKN025 25/20 Q1014=
22/01/2026 20:00,METAR SBSC 222000Z 20005KT 8000 SCT012 BKN025 24/20 Q1014=
22/01/2026 21:00,METAR SBSC 222100Z 22004KT 8000 SCT012 SCT030 BKN070 23/21 Q1014=
22/01/2026 22:00,METAR SBSC 222200Z 23004KT 8000 SCT012 SCT030 BKN070 23/21 Q1015=
22/01/2026 23:00,METAR SBSC 222300Z 23003KT 8000 SCT012 SCT030 BKN070 23/21 Q1015=
23/01/2026 00:00,METAR SBSC 230000Z 22003KT 8000 SCT010 SCT020 BKN070 23/21 Q1016=
23/01/2026 01:00,METAR SBSC 230100Z 21004KT 8000 FEW007 BKN020 BKN080 22/21 Q1016=
23/01/2026 02:00,METAR SBSC 230200Z 22003KT 6000 -RA FEW007 BKN020 22/21 Q1016=
23/01/2026 03:00,METAR SBSC 230300Z 28004KT 6000 -RA FEW010 BKN012 22/21 Q1015=
23/01/2026 04:00,METAR SBSC 230400Z 29004KT 8000 FEW010 BKN020 22/21 Q1015=
23/01/2026 05:00,METAR SBSC 230500Z 30004KT 8000 FEW007 SCT010 BKN020 21/20 Q1014=
23/01/2026 06:00,METAR SBSC 230600Z 29005KT 6000 -RA FEW007 SCT010 BKN020 21/20 Q1014=
23/01/2026 07:00,METAR SBSC 230700Z 31005KT 6000 -RA FEW007 BKN015 OVC030 21/20 Q1014=
23/01/2026 08:00,METAR SBSC 230800Z 06002KT 8000 -RA FEW020 BKN030 OVC040 21/21 Q1013=
23/01/2026 09:00,METAR SBSC 230900Z 34004KT 6000 -RA FEW020 BKN030 OVC040 21/21 Q1014=
23/01/2026 10:00,METAR SBSC 231000Z 01006KT 5000 -RA BR FEW007 BKN015 OVC040 20/20 Q1015=
23/01/2026 11:00,METAR SBSC 231100Z 34005KT 2500 -RA BR FEW007 BKN015 OVC040 20/19 Q1016=
23/01/2026 12:00,METAR SBSC 231200Z 36003KT 4000 -RA BR FEW005 BKN020 OVC040 20/20 Q1016=
23/01/2026 13:00,METAR SBSC 231300Z 02002KT 3000 -RA BR SCT003 BKN010 OVC040 21/20 Q1016=
23/01/2026 14:00,METAR SBSC 231400Z 05002KT 3000 -RA BR SCT003 BKN010 OVC040 21/21 Q1016=
23/01/2026 15:00,METAR SBSC 231500Z 33002KT 3000 -RA BR SCT003 BKN010 OVC040 22/21 Q1015=
23/01/2026 16:00,METAR SBSC 231600Z 03002KT 3000 -RA BR SCT003 BKN010 OVC040 21/21 Q1015=
23/01/2026 17:00,METAR SBSC 231700Z 02002KT 3000 -RA BR SCT003 BKN010 OVC040 21/21 Q1015=
23/01/2026 18:00,METAR SBSC 231800Z 03003KT 3000 -RA BR SCT003 BKN010 OVC040 21/20 Q1015=
23/01/2026 19:00,METAR SBSC 231900Z 05004KT 3000 -RA BR SCT003 BKN010 OVC050 21/20 Q1014=
23/01/2026 20:00,METAR SBSC 232000Z 04004KT 5000 -RA BR SCT003 BKN013 OVC050 21/21 Q1014=
23/01/2026 21:00,METAR SBSC 232100Z 31002KT 8000 -RA SCT003 BKN012 OVC050 21/21 Q1014=
23/01/2026 22:00,METAR SBSC 232200Z 00000KT 8000 -RA FEW003 BKN010 OVC016 21/21 Q1015=
23/01/2026 23:00,METAR SBSC 232300Z 22002KT 4000 -RA BR FEW003 BKN010 OVC015 21/21 Q1015=
24/01/2026 00:00,METAR SBSC 240000Z 00000KT 4000 -RA BR FEW003 SCT010 OVC036 21/20 Q1015=
24/01/2026 01:00,METAR SBSC 240100Z 00000KT 3000 -RA BR SCT004 SCT010 OVC030 21/20 Q1016=
24/01/2026 02:00,METAR SBSC 240200Z 35002KT 3000 -RA BR SCT004 SCT010 OVC030 21/20 Q1016=
24/01/2026 03:00,METAR SBSC 240300Z 01006KT 3000 -RA BR SCT004 SCT010 OVC030 21/20 Q1015=
24/01/2026 04:00,METAR SBSC 240400Z 36006KT 5000 BR SCT004 SCT010 OVC030 21/20 Q1014=
24/01/2026 05:00,METAR SBSC 240500Z 01005KT 3000 -RA BR SCT004 SCT010 OVC030 20/19 Q1014=
24/01/2026 06:00,METAR SBSC 240600Z 03005KT 3000 -RA BR SCT004 SCT010 OVC030 20/19 Q1014=
24/01/2026 07:00,METAR SBSC 240700Z 36006KT 5000 BR SCT004 SCT010 OVC030 20/19 Q1014=
24/01/2026 08:00,METAR SBSC 240800Z 02006KT 3000 -RA BR SCT004 SCT010 OVC030 22/21 Q1014=
24/01/2026 09:00,METAR SBSC 240900Z 35002KT 3000 -RA BR SCT004 BKN010 OVC030 22/21 Q1014=
24/01/2026 10:00,METAR SBSC 241000Z 36002KT 5000 BR SCT004 BKN010 OVC030 22/21 Q1015=
24/01/2026 11:00,METAR SBSC 241100Z 01003KT 8000 FEW004 SCT010 BKN030 23/22 Q1015=
24/01/2026 12:00,METAR SBSC 241200Z 03003KT 8000 BKN030 BKN070 25/22 Q1016=
24/01/2026 13:00,METAR SBSC 241300Z 07002KT 9999 SCT015 BKN030 BKN058 27/23 Q1016=
24/01/2026 14:00,METAR SBSC 241400Z 21007KT 9999 BKN020 BKN030 26/22 Q1016=
24/01/2026 15:00,METAR SBSC 241500Z 19009KT 9999 FEW015 SCT020 BKN036 26/22 Q1015=
24/01/2026 16:00,METAR SBSC 241600Z 17010KT 9999 BKN015 BKN031 27/22 Q1015=
24/01/2026 17:00,METAR SBSC 241700Z 18010KT 9999 SCT009 OVC014 25/22 Q1015=
24/01/2026 18:00,METAR SBSC 241800Z 20007KT 9999 FEW009 BKN014 OVC028 25/22 Q1015=
24/01/2026 19:00,METAR SBSC 241900Z 21004KT 7000 3000SW TSRA FEW010 BKN014 BKN020 FEW040CB 24/22 Q1014=
24/01/2026 20:00,METAR SBSC 242000Z 22005KT 7000 3000SW -TSRA FEW010 BKN014 BKN020 FEW040CB 23/22 Q1014 RERA=
24/01/2026 21:00,METAR SBSC 242100Z 21001KT 9999 -TSRA FEW007 BKN013 BKN020 FEW040CB 23/22 Q1014=
24/01/2026 22:00,METAR SBSC 242200Z 23004KT 9999 -TSRA FEW007 BKN014 BKN020 FEW040CB 23/23 Q1015=
24/01/2026 23:00,METAR SBSC 242300Z 21004KT 9999 FEW007 BKN012 BKN040 23/22 Q1016 RETS=
25/01/2026 00:00,METAR SBSC 250000Z 00000KT 9999 -RA SCT007 BKN012 BKN050 23/22 Q1016=
25/01/2026 01:00,METAR SBSC 250100Z 13003KT 8000 -RA SCT007 BKN012 BKN030 23/23 Q1016=
25/01/2026 02:00,METAR COR SBSC 250200Z 23006KT 6000 -TSRA SCT007 BKN012 FEW030CB OVC031 22/21 Q1017=
25/01/2026 03:00,METAR SBSC 250300Z 09001KT 8000 -TSRA FEW007 BKN012 FEW030CB OVC031 21/21 Q1016=
25/01/2026 04:00,METAR SBSC 250400Z 36003KT 8000 -TSRA SCT007 FEW030CB OVC034 21/21 Q1017=
25/01/2026 05:00,METAR SBSC 250500Z 04007KT 8000 -RA SCT007 OVC034 21/21 Q1015 RETS=
25/01/2026 06:00,METAR SBSC 250600Z 03008KT 8000 -RA SCT007 BKN034 21/20 Q1015=
25/01/2026 07:00,METAR SBSC 250700Z 03002KT 8000 -RA SCT006 BKN011 21/20 Q1015=
25/01/2026 08:00,METAR SBSC 250800Z 03004KT 9999 SCT006 SCT011 21/20 Q1015=
25/01/2026 09:00,METAR SBSC 250900Z 03002KT 9999 FEW025 SCT066 21/20 Q1016=
25/01/2026 10:00,METAR SBSC 251000Z 03003KT 9999 FEW025 BKN066 22/21 Q1016=
25/01/2026 11:00,METAR SBSC 251100Z 02001KT 9999 FEW020 SCT066 24/22 Q1017=
25/01/2026 12:00,METAR SBSC 251200Z 36003KT 9999 FEW020 BKN050 26/22 Q1017=
25/01/2026 13:00,METAR SBSC 251300Z 03003KT 9999 FEW015 27/22 Q1017=
25/01/2026 14:00,METAR SBSC 251400Z 15002KT 9999 FEW025 29/23 Q1017=
25/01/2026 15:00,METAR SBSC 251500Z 20007KT 9999 FEW025 27/23 Q1016=
25/01/2026 16:00,METAR SBSC 251600Z 20008KT 9999 FEW025 28/23 Q1016=
25/01/2026 17:00,METAR SBSC 251700Z 18009KT 9999 FEW025 26/22 Q1016=
25/01/2026 18:00,METAR SBSC 251800Z 19009KT 9999 FEW005 SCT015 26/22 Q1016=
25/01/2026 19:00,METAR SBSC 251900Z 15007KT 9999 FEW005 SCT015 26/22 Q1015=
25/01/2026 20:00,METAR SBSC 252000Z 14007KT 9999 BKN015 BKN020 25/22 Q1016=
25/01/2026 21:00,METAR SBSC 252100Z 16008KT 9999 BKN015 BKN020 25/22 Q1016=
25/01/2026 22:00,METAR SBSC 252200Z 15004KT 9999 FEW015 BKN020 25/23 Q1017=
25/01/2026 23:00,METAR SBSC 252300Z 17008KT 9999 FEW015 OVC020 24/23 Q1018=
26/01/2026 00:00,METAR SBSC 260000Z 16003KT 8000 -RA SCT015 OVC025 24/23 Q1018=
26/01/2026 01:00,METAR SBSC 260100Z 26003KT 9999 -RA SCT010 BKN017 24/23 Q1018=
26/01/2026 02:00,METAR SBSC 260200Z 05002KT 9999 FEW010 SCT017 24/23 Q1017=
26/01/2026 03:00,METAR SBSC 260300Z 05004KT 9999 FEW010 SCT017 23/22 Q1017=
26/01/2026 04:00,METAR SBSC 260400Z 02003KT 9999 FEW010 SCT017 22/21 Q1017=
26/01/2026 05:00,METAR SBSC 260500Z 36005KT 8000 FEW012 SCT017 22/21 Q1017=
26/01/2026 06:00,METAR SBSC 260600Z 03006KT 8000 FEW012 23/21 Q1016=
26/01/2026 07:00,METAR SBSC 260700Z 02004KT 9999 FEW012 23/22 Q1016=
26/01/2026 08:00,METAR SBSC 260800Z 04006KT 9999 FEW012 24/22 Q1016=
26/01/2026 09:00,METAR SBSC 260900Z 03002KT 9999 FEW012 23/21 Q1016=
26/01/2026 10:00,METAR SBSC 261000Z 04003KT 9999 FEW012 23/23 Q1016=
26/01/2026 11:00,METAR SBSC 261100Z 00000KT 9999 FEW020 26/23 Q1017=
26/01/2026 12:00,METAR SBSC 261200Z 05003KT 9999 FEW020 28/23 Q1017=
26/01/2026 13:00,METAR SBSC 261300Z 35007KT 9999 SCT030 SCT070 30/22 Q1017=
26/01/2026 14:00,METAR SBSC 261400Z 01007KT 9999 SCT030 SCT070 31/22 Q1017=
26/01/2026 15:00,METAR SBSC 261500Z 20010KT 9999 SCT030 SCT070 29/24 Q1016=
26/01/2026 16:00,METAR SBSC 261600Z 21008KT 9999 SCT030 FEW031TCU SCT070 29/24 Q1016=
26/01/2026 17:00,METAR SBSC 261700Z 20009KT 8000 TS SCT030 FEW031CB SCT070 28/23 Q1016=
26/01/2026 18:00,METAR SBSC 261800Z 23007KT 8000 TS SCT030 FEW031CB SCT070 27/23 Q1016=
26/01/2026 19:00,METAR SBSC 261900Z 22009KT 9999 FEW020 BKN080 27/23 Q1016 RETS=
26/01/2026 20:00,METAR COR SBSC 262000Z 21006KT 9999 -RA SCT025 BKN080 26/23 Q1016=
26/01/2026 21:00,METAR SBSC 262100Z 22005KT 8000 -RA VCTS SCT020 FEW030CB BKN080 25/23 Q1016=
26/01/2026 22:00,METAR SBSC 262200Z 23003KT 5000 -TSRA BR SCT020 FEW030CB BKN070 25/23 Q1016=
26/01/2026 23:00,METAR SBSC 262300Z 23004KT 8000 -RA VCTS SCT020 FEW030CB BKN070 24/23 Q1016 RETS=
27/01/2026 00:00,METAR SBSC 270000Z VRB01KT 9999 SCT030 BKN080 24/23 Q1017=
27/01/2026 01:00,METAR SBSC 270100Z 36004KT 5000 -RA BR SCT010 BKN100 24/23 Q1017=
27/01/2026 02:00,METAR SBSC 270200Z 34004KT 5000 BR SCT010 BKN100 24/23 Q1017=
27/01/2026 03:00,METAR SBSC 270300Z 33003KT 6000 SCT010 BKN100 24/23 Q1017=
27/01/2026 04:00,METAR SBSC 270400Z 32003KT 7000 FEW010 BKN100 23/22 Q1016=
27/01/2026 05:00,METAR SBSC 270500Z 29004KT 9000 FEW010 BKN100 23/22 Q1016=
27/01/2026 06:00,METAR SBSC 270600Z 30004KT 9000 FEW010 BKN100 23/22 Q1016=
27/01/2026 07:00,METAR SBSC 270700Z 27004KT 9000 FEW010 BKN100 22/21 Q1015=
27/01/2026 08:00,METAR SBSC 270800Z 26004KT 8000 FEW010 BKN100 22/21 Q1015=
27/01/2026 09:00,METAR SBSC 270900Z 03003KT 8000 FEW015 BKN100 23/22 Q1016=
27/01/2026 10:00,METAR SBSC 271000Z 01005KT 9999 FEW015 SCT100 24/23 Q1016=
27/01/2026 11:00,METAR SBSC 271100Z 02005KT 9999 FEW015 26/23 Q1017=
27/01/2026 12:00,METAR COR SBSC 271200Z 34008KT 9999 FEW010 28/22 Q1017=
27/01/2026 13:00,METAR SBSC 271300Z 01007KT 9999 SCT020 29/23 Q1016=
27/01/2026 14:00,METAR SBSC 271400Z 35006KT 9999 FEW025 31/22 Q1016=
27/01/2026 15:00,METAR SBSC 271500Z 01004KT 9999 SCT025 32/23 Q1015=
27/01/2026 16:00,METAR SBSC 271600Z 36007KT 9999 FEW030TCU SCT035 33/22 Q1015=
27/01/2026 17:00,METAR SBSC 271700Z 16010KT 9999 VCSH VCTS SCT025 FEW030CB 31/24 Q1014=
27/01/2026 18:00,METAR SBSC 271800Z 14011KT 9999 VCTS FEW030CB BKN035 30/23 Q1014=
27/01/2026 19:00,METAR SBSC 271900Z 02012KT 8000 TS SCT010 SCT025 FEW030CB BKN050 25/21 Q1015=
27/01/2026 20:00,METAR SBSC 272000Z 28004KT 8000 FEW010 SCT030 BKN050 24/23 Q1014 RETS=
27/01/2026 21:00,METAR SBSC 272100Z 32002KT 8000 FEW010 SCT030 BKN050 25/23 Q1015=
27/01/2026 22:00,METAR SBSC 272200Z 05004KT 8000 FEW010 SCT030 BKN050 24/23 Q1015=
27/01/2026 23:00,METAR SBSC 272300Z 03004KT 8000 FEW030 SCT050 23/22 Q1015=
28/01/2026 00:00,METAR SBSC 280000Z 35003KT 8000 FEW030 SCT050 23/22 Q1015=
28/01/2026 01:00,METAR SBSC 280100Z 35004KT 9999 FEW030 23/22 Q1016=
28/01/2026 02:00,METAR SBSC 280200Z 05004KT 9999 FEW020 23/22 Q1015=
28/01/2026 03:00,METAR SBSC 280300Z 04004KT 9999 FEW020 23/22 Q1015=
28/01/2026 04:00,METAR SBSC 280400Z 01004KT 8000 FEW020 23/22 Q1014=
28/01/2026 05:00,METAR SBSC 280500Z 35004KT 8000 SCT020 23/22 Q1014=
28/01/2026 06:00,METAR SBSC 280600Z 01006KT 7000 FEW010 SCT020 23/22 Q1014=
28/01/2026 07:00,METAR SBSC 280700Z 35006KT 7000 FEW010 SCT020 23/22 Q1014=
28/01/2026 08:00,METAR SBSC 280800Z 35007KT 8000 FEW030 22/20 Q1014=
28/01/2026 09:00,METAR SBSC 280900Z 36007KT CAVOK 22/20 Q1015=
28/01/2026 10:00,METAR SBSC 281000Z 35006KT CAVOK 24/21 Q1015=
28/01/2026 11:00,METAR SBSC 281100Z 35008KT CAVOK 27/20 Q1016=
28/01/2026 12:00,METAR SBSC 281200Z 34010KT CAVOK 28/21 Q1016=
28/01/2026 13:00,METAR SBSC 281300Z 02009KT CAVOK 31/22 Q1015=
28/01/2026 14:00,METAR SBSC 281400Z 35008KT CAVOK 32/21 Q1015=
28/01/2026 15:00,METAR SBSC 281500Z 03009KT CAVOK 33/21 Q1014=
28/01/2026 16:00,METAR SBSC 281600Z 35006KT 9999 SCT030 34/21 Q1014=
28/01/2026 17:00,METAR SBSC 281700Z 36003KT 9999 SCT030 FEW032TCU 34/20 Q1013=
28/01/2026 18:00,METAR SBSC 281800Z 20007KT 9999 SCT030 FEW032TCU 31/23 Q1012=
28/01/2026 19:00,METAR SBSC 281900Z 21006KT 9999 4000NW FEW030 FEW032TCU 33/22 Q1012=
28/01/2026 20:00,METAR SBSC 282000Z 23005KT 9999 FEW030 FEW032TCU 32/22 Q1012=
28/01/2026 21:00,METAR SBSC 282100Z 17005KT 9999 FEW025 FEW032TCU 31/21 Q1012=
28/01/2026 22:00,METAR SBSC 282200Z 26005KT 9999 TS FEW025 FEW032CB 27/24 Q1013=
28/01/2026 23:00,METAR SBSC 282300Z 25004KT 9999 TS FEW025 FEW032CB 27/24 Q1014=
29/01/2026 00:00,METAR SBSC 290000Z 03003KT 9999 FEW025 SCT050 26/24 Q1014 RETS=
29/01/2026 01:00,METAR SBSC 290100Z 07002KT 8000 FEW025 SCT050 25/23 Q1015=
29/01/2026 02:00,METAR SBSC 290200Z 03005KT 8000 FEW025 SCT050 25/23 Q1014=
29/01/2026 03:00,METAR SBSC 290300Z 36005KT 8000 FEW025 SCT050 25/23 Q1014=
29/01/2026 04:00,METAR SBSC 290400Z 01006KT 8000 FEW025 SCT050 25/23 Q1013=
29/01/2026 05:00,METAR SBSC 290500Z 02006KT 8000 FEW025 SCT050 24/22 Q1013=
29/01/2026 06:00,METAR SBSC 290600Z 36007KT 8000 FEW025 SCT050 24/22 Q1012=
29/01/2026 07:00,METAR SBSC 290700Z 01008KT 8000 FEW025 SCT050 24/22 Q1012=
29/01/2026 08:00,METAR SBSC 290800Z 36008KT 8000 FEW025 SCT050 25/23 Q1012=
29/01/2026 09:00,METAR SBSC 290900Z 34007KT CAVOK 26/20 Q1013=
29/01/2026 10:00,METAR SBSC 291000Z 01009KT CAVOK 28/20 Q1013=
29/01/2026 11:00,METAR SBSC 291100Z 36010KT CAVOK 29/20 Q1013=
29/01/2026 12:00,METAR SBSC 291200Z 01010KT CAVOK 30/22 Q1013=
29/01/2026 13:00,METAR SBSC 291300Z 01010KT CAVOK 32/22 Q1013=
29/01/2026 14:00,METAR SBSC 291400Z 01011KT CAVOK 33/22 Q1013=
29/01/2026 15:00,METAR SBSC 291500Z 27007KT 9999 FEW025 33/22 Q1012=
29/01/2026 16:00,METAR SBSC 291600Z 21010KT 9999 SCT025 30/24 Q1013=
29/01/2026 18:00,METAR SBSC 291800Z 19011KT 9999 FEW025 FEW030TCU 30/25 Q1011=
29/01/2026 19:00,METAR SBSC 291900Z 20010KT 9999 FEW030TCU 29/23 Q1010=
29/01/2026 20:00,METAR SBSC 292000Z 23002KT 9999 FEW020 FEW030TCU BKN080 29/24 Q1011=
29/01/2026 21:00,METAR SBSC 292100Z 04007KT 9999 TS FEW020 FEW030CB BKN080 25/22 Q1010 RERA=
29/01/2026 22:00,METAR SBSC 292200Z 36007KT 9999 TS FEW020 FEW030CB BKN060 23/22 Q1012=
29/01/2026 23:00,METAR SBSC 292300Z 36005KT 9999 FEW020 SCT060 23/22 Q1012 RETS=
30/01/2026 00:00,METAR SBSC 300000Z 03005KT 9999 FEW020 23/22 Q1011=
30/01/2026 01:00,METAR SBSC 300100Z 05007KT 9999 FEW020 23/22 Q1012=
30/01/2026 02:00,METAR SBSC 300200Z 04007KT 9999 FEW021 23/21 Q1011=
30/01/2026 03:00,METAR SBSC 300300Z 03008KT 9999 FEW021 23/21 Q1011=
30/01/2026 04:00,METAR SBSC 300400Z 04007KT 9999 FEW021 23/21 Q1010=
30/01/2026 05:00,METAR SBSC 300500Z 01008KT 9999 FEW021 24/20 Q1009=
30/01/2026 06:00,METAR SBSC 300600Z 02006KT 9999 FEW021 SCT100 24/20 Q1009=
30/01/2026 07:00,METAR SBSC 300700Z 02005KT 9999 FEW021 24/20 Q1009=
30/01/2026 08:00,METAR SBSC 300800Z 35004KT 9999 FEW021 24/20 Q1009=
30/01/2026 09:00,METAR COR SBSC 300900Z 33011G22KT 9999 FEW021 SCT095 24/20 Q1010=
30/01/2026 10:00,METAR SBSC 301000Z 35007KT 9999 FEW026 SCT100 25/20 Q1010=
30/01/2026 11:00,METAR SBSC 301100Z 35005KT 9999 FEW026 SCT100 25/20 Q1011=
30/01/2026 12:00,METAR SBSC 301200Z 01007KT 9999 SCT019 SCT100 25/21 Q1011=
30/01/2026 13:00,METAR SBSC 301300Z 01006KT 9999 FEW020 BKN100 26/21 Q1011=
30/01/2026 14:00,METAR SBSC 301400Z 35007KT 9999 FEW020 27/22 Q1010=
30/01/2026 15:00,METAR SBSC 301500Z 36006KT 9999 FEW025 28/21 Q1009=
30/01/2026 16:00,METAR SBSC 301600Z 36005KT 9999 FEW025 30/22 Q1008=
30/01/2026 17:00,METAR SBSC 301700Z 02007KT 9999 FEW025 32/22 Q1007=
30/01/2026 18:00,METAR SBSC 301800Z 01006KT 9999 FEW025 31/22 Q1007=
30/01/2026 19:00,METAR SBSC 301900Z 36003KT 8000 SCT015 SCT030 OVC070 30/22 Q1006=
30/01/2026 20:00,METAR SBSC 302000Z 36007KT 5000 -TSRA BR SCT015 SCT030 FEW032CB OVC070 23/21 Q1007=
30/01/2026 21:00,METAR SBSC 302100Z 35003KT 8000 BKN008 BKN030 OVC070 24/22 Q1008 RETS=
30/01/2026 22:00,METAR SBSC 302200Z 25004KT 8000 SCT008 BKN030 OVC070 24/23 Q1008=
30/01/2026 23:00,METAR SBSC 302300Z 24004KT 8000 FEW008 SCT030 BKN070 24/23 Q1008=
31/01/2026 00:00,METAR SBSC 310000Z 22003KT 8000 FEW008 SCT030 BKN070 24/23 Q1008=
31/01/2026 01:00,METAR SBSC 310100Z 24002KT 9999 FEW015 SCT060 24/23 Q1009=
31/01/2026 02:00,METAR SBSC 310200Z 02003KT 9999 FEW010 SCT080 BKN100 24/23 Q1009=
31/01/2026 03:00,METAR SBSC 310300Z 36002KT 9999 FEW010 SCT080 BKN100 23/22 Q1008=
31/01/2026 04:00,METAR SBSC 310400Z 35003KT 9999 FEW010 SCT080 BKN100 23/22 Q1008=
31/01/2026 05:00,METAR SBSC 310500Z 02003KT 9999 FEW012 BKN080 22/21 Q1008=
31/01/2026 06:00,METAR SBSC 310600Z 36004KT 9999 FEW012 BKN080 23/21 Q1008=
31/01/2026 07:00,METAR SBSC 310700Z 02003KT 9999 FEW010 BKN080 23/21 Q1007=
31/01/2026 08:00,METAR SBSC 310800Z 34005KT 9999 FEW010 SCT090 24/22 Q1007=
31/01/2026 09:00,METAR SBSC 310900Z 36004KT 9999 FEW010 SCT090 26/22 Q1007=
31/01/2026 10:00,METAR SBSC 311000Z 28002KT 9999 FEW004 26/23 Q1007=
31/01/2026 11:00,METAR SBSC 311100Z 22002KT 9999 FEW004 27/23 Q1008=
31/01/2026 12:00,METAR SBSC 311200Z 00000KT 9999 FEW014 28/22 Q1008=
31/01/2026 13:00,METAR SBSC 311300Z 20004KT 9999 FEW014 29/22 Q1008=
31/01/2026 14:00,METAR SBSC 311400Z 22005KT 9999 FEW014 30/22 Q1008=
31/01/2026 15:00,METAR SBSC 311500Z 20009KT 9999 FEW014 29/22 Q1007=
31/01/2026 16:00,METAR SBSC 311600Z 20010KT 9999 FEW030TCU 30/23 Q1007=
31/01/2026 17:00,METAR SBSC 311700Z 20010KT 9999 FEW030TCU 30/23 Q1007=
31/01/2026 18:00,METAR SBSC 311800Z 18012KT 9999 FEW030TCU 29/24 Q1006=
31/01/2026 19:00,METAR SBSC 311900Z 19011KT 9999 SCT020 FEW030TCU 28/23 Q1006=
31/01/2026 20:00,METAR SBSC 312000Z 17009KT 9999 SCT020 FEW030TCU BKN060 27/23 Q1007=
31/01/2026 21:00,METAR SBSC 312100Z 09009KT 8000 -TSRA SCT015 FEW030CB BKN040 24/23 Q1007=
31/01/2026 22:00,METAR SBSC 312200Z 36003KT 9999 SCT015 BKN040 24/22 Q1007 RETS=
31/01/2026 23:00,METAR SBSC 312300Z 33001KT 5000 BR SCT040 24/23 Q1008=
01/02/2026 00:00,METAR SBSC 010000Z 32001KT 3000 BR SCT040 23/23 Q1008=
01/02/2026 01:00,METAR SBSC 010100Z 34003KT 8000 SCT040 23/22 Q1008=
01/02/2026 02:00,METAR SBSC 010200Z 33003KT 9000 SCT040 23/22 Q1008=
01/02/2026 03:00,METAR SBSC 010300Z 31004KT 5000 BR FEW040 23/22 Q1008=
01/02/2026 04:00,METAR SBSC 010400Z 29002KT 5000 BR FEW040 22/21 Q1008=
01/02/2026 05:00,METAR SBSC 010500Z 30005KT 6000 FEW015 22/21 Q1007=
01/02/2026 06:00,METAR SBSC 010600Z 28004KT 6000 FEW015 22/21 Q1007=
01/02/2026 07:00,METAR SBSC 010700Z 31002KT 5000 BR FEW015 22/21 Q1007=
01/02/2026 08:00,METAR SBSC 010800Z 33004KT 5000 BR FEW015 22/21 Q1007=
01/02/2026 09:00,METAR SBSC 010900Z 34005KT 9999 FEW015 23/22 Q1006=
01/02/2026 10:00,METAR SBSC 011000Z 32006KT 9999 FEW015 25/22 Q1007=
01/02/2026 11:00,METAR SBSC 011100Z 01008KT CAVOK 28/23 Q1007=
01/02/2026 12:00,METAR SBSC 011200Z 33012KT CAVOK 30/23 Q1007=
01/02/2026 13:00,METAR SBSC 011300Z 01010KT CAVOK 32/23 Q1007=
01/02/2026 14:00,METAR SBSC 011400Z 01007KT CAVOK 34/23 Q1006=
01/02/2026 15:00,METAR SBSC 011500Z 35005KT 9999 FEW030 35/23 Q1005=
01/02/2026 16:00,METAR SBSC 011600Z 35005KT 9999 SCT030 36/22 Q1004=
01/02/2026 17:00,METAR SBSC 011700Z 03008KT 9999 SCT030 37/22 Q1003=
01/02/2026 18:00,METAR SBSC 011800Z 06005KT 9999 SCT030 FEW032TCU 37/22 Q1003=
01/02/2026 19:00,METAR SBSC 011900Z 07014KT 8000 SCT010 SCT030 FEW032TCU 27/23 Q1003 RETS=
01/02/2026 20:00,METAR SBSC 012000Z 04004KT 8000 TS SCT010 SCT030 FEW032CB 28/24 Q1004=
01/02/2026 21:00,METAR SBSC 012100Z 22009KT 8000 TS SCT010 SCT030 FEW032CB 27/23 Q1005=
01/02/2026 22:00,METAR SBSC 012200Z 20007KT 8000 TS SCT010 SCT030 FEW032CB BKN070 26/22 Q1006=
01/02/2026 23:00,METAR SBSC 012300Z 22013G32KT 3000 -TSRA BR SCT010 SCT030 FEW032CB BKN070 25/22 Q1009=
02/02/2026 00:00,METAR SBSC 020000Z 12006KT 5000 BR TS SCT008 BKN030 FEW032CB OVC070 23/22 Q1008 RERA=
02/02/2026 01:00,METAR SBSC 020100Z 02006KT 9999 SCT008 BKN030 OVC070 23/22 Q1009 RETS=
02/02/2026 02:00,METAR SBSC 020200Z 36006KT 9999 SCT008 BKN030 22/21 Q1008=
02/02/2026 03:00,METAR SBSC 020300Z 36012KT 9999 OVC020 23/22 Q1007=
02/02/2026 04:00,METAR SBSC 020400Z 36011KT 9999 OVC020 23/22 Q1007=
02/02/2026 05:00,METAR SBSC 020500Z 36011KT 9999 OVC020 24/22 Q1006=
02/02/2026 06:00,METAR SBSC 020600Z 36010KT 9999 BKN025 25/23 Q1006=
02/02/2026 07:00,METAR SBSC 020700Z 36010KT 9999 BKN025 25/23 Q1006=
02/02/2026 08:00,METAR SBSC 020800Z 36010KT 9999 BKN025 25/23 Q1006=
02/02/2026 09:00,METAR SBSC 020900Z 03004KT 9999 FEW040 23/22 Q1007=
02/02/2026 10:00,METAR SBSC 021000Z 02002KT 9999 FEW040 24/22 Q1008=
02/02/2026 11:00,METAR SBSC 021100Z 36007KT 9999 FEW040 29/23 Q1008=
02/02/2026 12:00,METAR SBSC 021200Z 36006KT 9999 FEW040 29/23 Q1008=
02/02/2026 13:00,METAR SBSC 021300Z 36006KT 9999 FEW040 30/24 Q1008=
02/02/2026 14:00,METAR SBSC 021400Z 33005KT 9999 FEW027 30/24 Q1008=
02/02/2026 15:00,METAR SBSC 021500Z 26005KT 9999 FEW027 29/25 Q1008=
02/02/2026 16:00,METAR SBSC 021600Z 22007KT 9999 FEW028 29/23 Q1008=
02/02/2026 17:00,METAR SBSC 021700Z 21008KT 9999 FEW028 29/24 Q1008=
02/02/2026 18:00,METAR SBSC 021800Z 20008KT 9999 FEW025 28/24 Q1008=
02/02/2026 19:00,METAR SBSC 021900Z 20008KT 9999 FEW025 28/24 Q1007=
02/02/2026 20:00,METAR SBSC 022000Z 21006KT 9999 FEW025 SCT051 28/24 Q1007=
02/02/2026 21:00,METAR SBSC 022100Z 21004KT 9999 FEW025 28/24 Q1008=
02/02/2026 22:00,METAR SBSC 022200Z 21003KT 9999 FEW025 27/24 Q1009=
02/02/2026 23:00,METAR SBSC 022300Z 20003KT 9999 FEW025 27/24 Q1009=
03/02/2026 00:00,METAR SBSC 030000Z 00000KT 9999 FEW025 SCT052 26/24 Q1010=
03/02/2026 01:00,METAR SBSC 030100Z 24002KT 8000 FEW010 SCT030 BKN070 26/24 Q1010=
03/02/2026 02:00,METAR SBSC 030200Z 33002KT 8000 FEW010 SCT030 BKN070 25/24 Q1010=
03/02/2026 03:00,METAR SBSC 030300Z 01004KT 8000 FEW010 SCT030 BKN070 25/24 Q1010=
03/02/2026 04:00,METAR SBSC 030400Z 36005KT 8000 FEW010 SCT030 BKN070 25/24 Q1010=
03/02/2026 05:00,METAR SBSC 030500Z 35003KT 8000 FEW010 SCT030 BKN070 24/23 Q1009=
03/02/2026 06:00,METAR SBSC 030600Z 01006KT 8000 FEW010 SCT030 BKN070 24/23 Q1009=
03/02/2026 07:00,METAR SBSC 030700Z 36007KT 8000 FEW010 SCT030 BKN070 24/23 Q1008=
03/02/2026 08:00,METAR SBSC 030800Z 03006KT 8000 FEW010 SCT030 BKN070 25/23 Q1009=
03/02/2026 09:00,METAR SBSC 030900Z 04006KT 8000 FEW010 SCT030 BKN070 25/23 Q1009=
03/02/2026 10:00,METAR SBSC 031000Z 01007KT 8000 FEW010 SCT030 BKN070 26/22 Q1009=
03/02/2026 11:00,METAR SBSC 031100Z 01006KT 9999 FEW030 SCT070 28/23 Q1009=
03/02/2026 12:00,METAR SBSC 031200Z 35006KT 9999 FEW030 SCT070 30/23 Q1010=
03/02/2026 13:00,METAR SBSC 031300Z 01009KT 9999 FEW030 31/23 Q1009=
03/02/2026 14:00,METAR SBSC 031400Z 01007KT 9999 FEW040 33/24 Q1009=
03/02/2026 15:00,METAR SBSC 031500Z 03005KT 9999 FEW040 34/23 Q1008=
03/02/2026 16:00,METAR SBSC 031600Z 09005KT 9999 SCT045 34/23 Q1007=
03/02/2026 17:00,METAR SBSC 031700Z 17011KT 9999 VCSH VCTS SCT045 FEW050CB 31/25 Q1007=
03/02/2026 18:00,METAR SBSC 031800Z 26007KT 7000 TSRA FEW010 BKN015 FEW050CB 26/25 Q1007 RERA=
03/02/2026 19:00,METAR SBSC 031900Z 36003KT 9999 -RA FEW015 SCT060 26/24 Q1007 RETSRA=
03/02/2026 20:00,METAR SBSC 032000Z 05003KT 9999 FEW015 SCT060 BKN100 26/25 Q1007=
03/02/2026 21:00,METAR SBSC 032100Z 02002KT 9999 FEW015 BKN100 26/25 Q1007=
03/02/2026 22:00,METAR SBSC 032200Z 00000KT 9999 FEW015 BKN100 26/25 Q1008=
03/02/2026 23:00,METAR SBSC 032300Z 03003KT 9999 FEW015 BKN100 26/24 Q1008=
04/02/2026 00:00,METAR COR SBSC 040000Z 33002KT 9999 BKN010 26/24 Q1009=
04/02/2026 01:00,METAR SBSC 040100Z 01004KT 8000 BKN009 26/24 Q1010=
04/02/2026 02:00,METAR SBSC 040200Z 36003KT 8000 BKN010 25/24 Q1009=
04/02/2026 03:00,METAR SBSC 040300Z 03004KT 9999 SCT025 25/24 Q1009=
04/02/2026 04:00,METAR SBSC 040400Z 04003KT 9999 SCT025 25/24 Q1008=
04/02/2026 05:00,METAR SBSC 040500Z 03004KT 9999 SCT026 25/24 Q1007=
04/02/2026 06:00,METAR SBSC 040600Z 01007KT 9999 SCT026 25/23 Q1006=
04/02/2026 07:00,METAR SBSC 040700Z 36007KT 9999 FEW026 26/23 Q1006=
04/02/2026 08:00,METAR SBSC 040800Z 36005KT 9999 FEW030 25/23 Q1006=
04/02/2026 09:00,METAR SBSC 040900Z 01009KT 9999 FEW020 26/23 Q1007=
04/02/2026 10:00,METAR SBSC 041000Z 35005KT 9999 FEW020 27/23 Q1007=
04/02/2026 11:00,METAR SBSC 041100Z 01008KT 9999 FEW021 27/23 Q1007=
04/02/2026 12:00,METAR SBSC 041200Z 35007KT 9999 FEW021 29/24 Q1007=
04/02/2026 13:00,METAR SBSC 041300Z 15006KT 9999 FEW021 30/25 Q1008=
04/02/2026 14:00,METAR SBSC 041400Z 18008KT 9999 FEW015 30/25 Q1008=
04/02/2026 15:00,METAR SBSC 041500Z 21006KT 9999 FEW015 BKN100 29/25 Q1008=
04/02/2026 16:00,METAR SBSC 041600Z 21006KT 9999 FEW015 BKN100 29/25 Q1008=
04/02/2026 17:00,METAR SBSC 041700Z 17003KT 9999 BKN040 BKN100 27/26 Q1008=
04/02/2026 18:00,METAR SBSC 041800Z 22006KT 9999 SCT040 BKN100 27/25 Q1007=
04/02/2026 19:00,METAR SBSC 041900Z 20004KT 9999 FEW040 BKN070 29/25 Q1007=
04/02/2026 20:00,METAR SBSC 042000Z 17005KT 9999 FEW040 SCT070 29/25 Q1007=
04/02/2026 21:00,METAR SBSC 042100Z 19004KT 9999 FEW040 SCT070 28/25 Q1008=
04/02/2026 22:00,METAR SBSC 042200Z 17004KT 9999 SCT040 BKN070 27/24 Q1009=
04/02/2026 23:00,METAR COR SBSC 042300Z 17008KT 4000 -RA BR FEW010 BKN015 OVC050 26/25 Q1010=
05/02/2026 00:00,METAR SBSC 050000Z 03002KT 9999 -RA FEW010 BKN015 OVC050 24/24 Q1010=
05/02/2026 01:00,METAR SBSC 050100Z 27002KT 9999 -TSRA SCT010 SCT015 BKN045 FEW046CB 25/24 Q1012=
05/02/2026 02:00,METAR SBSC 050200Z 24005KT 7000 -TSRA SCT010 FEW040CB BKN045 23/22 Q1011=
05/02/2026 03:00,METAR SBSC 050300Z 26002KT 6000 -TSRA SCT010 FEW040CB BKN045 23/21 Q1011=
05/02/2026 04:00,METAR SBSC 050400Z 25003KT 6000 -TSRA SCT010 FEW040CB BKN045 22/21 Q1011=
05/02/2026 05:00,METAR SBSC 050500Z 24002KT 6000 -RA FEW007 SCT012 BKN050 21/20 Q1011 RETS=
05/02/2026 06:00,METAR SBSC 050600Z 27004KT 4000 -RA BR FEW007 SCT012 BKN050 21/20 Q1011=
05/02/2026 07:00,METAR SBSC 050700Z 23004KT 4000 -RA BR FEW007 SCT012 BKN050 22/21 Q1011=
05/02/2026 08:00,METAR SBSC 050800Z 25005KT 4000 -RA BR FEW006 SCT012 BKN045 23/22 Q1011=
05/02/2026 09:00,METAR SBSC 050900Z 04004KT 9999 FEW012 BKN100 23/22 Q1009=
05/02/2026 10:00,METAR SBSC 051000Z 06002KT 9999 FEW015 24/23 Q1010=
05/02/2026 11:00,METAR SBSC 051100Z 36002KT 9999 FEW015 26/24 Q1010=
05/02/2026 12:00,METAR SBSC 051200Z 20002KT 9999 FEW009 28/24 Q1010=
05/02/2026 13:00,METAR SBSC 051300Z 20004KT 9999 SCT040 28/24 Q1011=
05/02/2026 14:00,METAR SBSC 051400Z 19004KT 9999 SCT040 30/23 Q1010=
05/02/2026 15:00,METAR SBSC 051500Z 19008KT 9999 SCT040 30/24 Q1010=
05/02/2026 16:00,METAR SBSC 051600Z 19009KT 9999 SCT040 SCT060 30/24 Q1010=
05/02/2026 17:00,METAR SBSC 051700Z 21007KT 9999 4000NW SCT040 SCT060 28/24 Q1009=
05/02/2026 18:00,METAR SBSC 051800Z 21005KT 7000 TS SCT015 FEW030CB SCT060 27/25 Q1009=
05/02/2026 19:00,METAR SBSC 051900Z 23004KT 7000 -RA SCT015 BKN050 27/24 Q1009 RETS=
05/02/2026 20:00,METAR SBSC 052000Z 21012G22KT 9999 SCT015 SCT030 BKN050 26/23 Q1009=
05/02/2026 21:00,METAR SBSC 052100Z 23004KT 9999 SCT015 SCT030 BKN050 25/23 Q1009=
05/02/2026 22:00,METAR SBSC 052200Z 25003KT 9999 BKN020 25/23 Q1010=
05/02/2026 23:00,METAR SBSC 052300Z 24003KT 9999 BKN040 25/24 Q1011=
06/02/2026 00:00,METAR SBSC 060000Z 22003KT 9999 BKN040 25/23 Q1011=
06/02/2026 01:00,METAR SBSC 060100Z 22005KT 9999 SCT020 BKN040 26/24 Q1012=
06/02/2026 02:00,METAR SBSC 060200Z 22003KT 9999 SCT020 OVC040 26/24 Q1012=
06/02/2026 03:00,METAR SBSC 060300Z 21004KT 9999 SCT020 OVC040 25/23 Q1012=
06/02/2026 04:00,METAR SBSC 060400Z 23003KT 9999 SCT020 OVC040 25/23 Q1011=
06/02/2026 05:00,METAR SBSC 060500Z 19005KT 8000 SCT015 OVC030 25/23 Q1011=
06/02/2026 06:00,METAR SBSC 060600Z 22003KT 8000 SCT015 OVC030 24/22 Q1011=
06/02/2026 07:00,METAR COR SBSC 060700Z 21002KT 7000 SCT015 OVC030 24/22 Q1011=
06/02/2026 08:00,METAR SBSC 060800Z 21005KT 6000 SCT015 BKN030 24/22 Q1010=
06/02/2026 09:00,METAR SBSC 060900Z 29002KT 9999 SCT015 BKN100 24/23 Q1010=
06/02/2026 10:00,METAR COR SBSC 061000Z 34004KT 9999 BKN012 BKN025 24/23 Q1011=
06/02/2026 11:00,METAR SBSC 061100Z 35003KT 9999 SCT012 OVC040 26/24 Q1012=
06/02/2026 12:00,METAR SBSC 061200Z 21003KT 9999 SCT015 BKN100 28/23 Q1012=
06/02/2026 13:00,METAR SBSC 061300Z 18005KT 9999 SCT015 SCT025 BKN070 29/24 Q1012=
06/02/2026 14:00,METAR SBSC 061400Z 20006KT 9999 SCT015 SCT025 BKN070 29/23 Q1012=
06/02/2026 15:00,METAR SBSC 061500Z 20008KT 9999 SCT015 SCT025 BKN070 30/25 Q1012=
06/02/2026 16:00,METAR SBSC 061600Z 20009KT 9999 FEW025 SCT070 30/24 Q1011=
06/02/2026 17:00,METAR SBSC 061700Z 19011KT 9999 FEW025 SCT070 30/24 Q1010=
06/02/2026 18:00,METAR SBSC 061800Z 19010KT 9999 SCT015 SCT070 29/24 Q1010=
06/02/2026 19:00,METAR SBSC 061900Z 19010KT 9999 SCT015 SCT030 FEW032TCU BKN070 28/24 Q1009=
06/02/2026 20:00,METAR SBSC 062000Z 17008KT 9999 SCT015 SCT030 FEW032TCU BKN070 28/24 Q1010=
06/02/2026 21:00,METAR SBSC 062100Z 18007KT 9999 SCT015 BKN025 FEW032TCU BKN070 27/24 Q1010=
06/02/2026 22:00,METAR SBSC 062200Z 18006KT 8000 SCT015 BKN025 FEW032TCU BKN070 27/23 Q1011=
06/02/2026 23:00,METAR SBSC 062300Z 19005KT 5000 -TSRA BR SCT015 BKN025 FEW032CB BKN070 27/24 Q1012=
07/02/2026 00:00,METAR SBSC 070000Z 20002KT 5000 -TSRA BR SCT015 BKN025 FEW032CB BKN070 26/24 Q1012=
07/02/2026 01:00,METAR SBSC 070100Z 27003KT 5000 -RA BR SCT015 BKN025 BKN070 25/24 Q1012 RETS=
07/02/2026 02:00,METAR SBSC 070200Z 28002KT 4000 -RA BR SCT015 BKN025 BKN070 25/24 Q1012=
07/02/2026 03:00,METAR SBSC 070300Z 35003KT 4000 -RA BR BKN015 OVC070 24/23 Q1012=
07/02/2026 04:00,METAR SBSC 070400Z 36003KT 3000 -RA BR BKN015 OVC070 24/23 Q1012=
07/02/2026 05:00,METAR SBSC 070500Z 36003KT 3000 -RA BR BKN015 OVC070 24/23 Q1011=
07/02/2026 06:00,METAR SBSC 070600Z 36004KT 3000 -RA BR BKN015 OVC070 24/23 Q1011=
07/02/2026 07:00,METAR SBSC 070700Z 36004KT 9999 BKN020 24/23 Q1011=
07/02/2026 08:00,METAR SBSC 070800Z 02004KT 9999 SCT025 24/23 Q1011=
07/02/2026 09:00,METAR SBSC 070900Z 02004KT 9999 SCT030 24/23 Q1011=
07/02/2026 10:00,METAR SBSC 071000Z 36007KT 9999 SCT030 24/23 Q1011=
07/02/2026 11:00,METAR SBSC 071100Z 01005KT 9999 SCT030 27/23 Q1012=
07/02/2026 12:00,METAR SBSC 071200Z 36005KT 9999 SCT030 27/24 Q1012=
07/02/2026 13:00,METAR SBSC 071300Z 35002KT 9999 FEW025 SCT098 28/24 Q1012=
07/02/2026 14:00,METAR SBSC 071400Z 01004KT 9999 FEW025 SCT095 29/24 Q1012=
07/02/2026 15:00,METAR SBSC 071500Z 22006KT 9999 FEW025 29/25 Q1012=
07/02/2026 16:00,METAR SBSC 071600Z 20008KT 9999 FEW025 30/25 Q1011=
07/02/2026 17:00,METAR SBSC 071700Z 17007KT 9999 FEW017 SCT083 30/25 Q1010=
07/02/2026 18:00,METAR SBSC 071800Z 20008KT 9999 FEW019 FEW030TCU SCT090 30/25 Q1009=
07/02/2026 19:00,METAR SBSC 071900Z 18009KT 9999 TS BKN016 FEW030CB BKN091 28/24 Q1010=
07/02/2026 20:00,METAR SBSC 072000Z 15005KT 6000 -TSRA BKN014 FEW030CB OVC066 23/22 Q1010 RERA=
07/02/2026 21:00,METAR SBSC 072100Z 35004KT 9999 TS SCT014 FEW030CB BKN052 23/22 Q1011=
07/02/2026 22:00,METAR SBSC 072200Z 05004KT 9999 -RA SCT011 BKN031 23/22 Q1012 RETS=
07/02/2026 23:00,METAR SBSC 072300Z 04003KT 9999 BKN016 BKN057 23/23 Q1012=
04/03/2026 23:00,METAR SBSC 042300Z 14005KT 9999 SCT046 BKN064 26/21 Q1013=
05/03/2026 00:00,METAR SBSC 050000Z 13005KT 9999 BKN046 BKN066 26/20 Q1013=
05/03/2026 01:00,METAR SBSC 050100Z 06003KT 8000 SCT015 SCT050 BKN070 26/21 Q1014=
05/03/2026 02:00,METAR SBSC 050200Z 09005KT 8000 SCT015 SCT050 BKN070 26/21 Q1014=
05/03/2026 03:00,METAR SBSC 050300Z 05006KT 8000 SCT015 SCT050 BKN070 25/20 Q1014=
05/03/2026 04:00,METAR SBSC 050400Z 03005KT 8000 SCT015 SCT050 BKN070 25/20 Q1013=
05/03/2026 05:00,METAR SBSC 050500Z 01007KT 8000 SCT015 SCT050 BKN070 24/20 Q1013=
05/03/2026 06:00,METAR SBSC 050600Z 04007KT 8000 SCT015 SCT050 BKN070 24/20 Q1012=
05/03/2026 07:00,METAR SBSC 050700Z 03006KT 8000 SCT015 SCT050 BKN070 23/21 Q1012=
05/03/2026 08:00,METAR SBSC 050800Z 04005KT 8000 SCT015 SCT050 BKN070 23/21 Q1012=
05/03/2026 09:00,METAR SBSC 050900Z 04002KT 8000 SCT015 BKN050 23/21 Q1013=
05/03/2026 10:00,METAR SBSC 051000Z 04004KT 8000 SCT015 BKN050 24/21 Q1013=
05/03/2026 11:00,METAR SBSC 051100Z 05006KT 8000 SCT015 BKN050 26/21 Q1014=
05/03/2026 12:00,METAR SBSC 051200Z 04006KT CAVOK 28/22 Q1014=
05/03/2026 13:00,METAR SBSC 051300Z 03006KT 9999 FEW030 30/22 Q1014=
05/03/2026 14:00,METAR SBSC 051400Z 06004KT 9999 FEW030 31/21 Q1014=
05/03/2026 15:00,METAR SBSC 051500Z 17006KT 9999 FEW040 30/22 Q1013=
05/03/2026 16:00,METAR SBSC 051600Z 16010KT 9999 FEW040 SCT050 30/22 Q1013=
05/03/2026 17:00,METAR SBSC 051700Z 17011KT 9999 FEW040 SCT050 31/22 Q1012=
05/03/2026 18:00,METAR SBSC 051800Z 13010KT 9999 FEW040 SCT050 30/22 Q1012=
05/03/2026 19:00,METAR SBSC 051900Z 16008KT 9999 FEW040 SCT050 29/22 Q1012=
05/03/2026 20:00,METAR SBSC 052000Z 17009KT 9999 SCT040 28/23 Q1012=
05/03/2026 21:00,METAR SBSC 052100Z 17009KT 9999 BKN040 27/23 Q1012=
05/03/2026 22:00,METAR SBSC 052200Z 12008KT 9999 BKN040 27/22 Q1012=
05/03/2026 23:00,METAR SBSC 052300Z 15005KT 9999 -RA BKN040 26/23 Q1013=
06/03/2026 00:00,METAR SBSC 060000Z 15005KT 9999 -RA FEW020 BKN040 25/23 Q1014 RERA=
06/03/2026 01:00,METAR SBSC 060100Z 11003KT 9999 -RA FEW020 BKN040 25/24 Q1014=
06/03/2026 02:00,METAR COR SBSC 060200Z 34005KT 9999 FEW020 BKN100 25/22 Q1014=
06/03/2026 03:00,METAR SBSC 060300Z 34006KT 9999 FEW020 BKN100 25/22 Q1014=
06/03/2026 04:00,METAR SBSC 060400Z 33003KT 9999 FEW020 BKN100 24/22 Q1014=
06/03/2026 05:00,NO DATA AVAILABLE
06/03/2026 06:00,NO DATA AVAILABLE
06/03/2026 07:00,METAR SBSC 060700Z 22004KT 9999 FEW020 BKN100 23/21 Q1013=
06/03/2026 08:00,METAR SBSC 060800Z 21001KT 9999 FEW020 BKN100 22/21 Q1013=
06/03/2026 09:00,METAR SBSC 060900Z 35002KT 9999 FEW020 SCT100 22/21 Q1013=
06/03/2026 10:00,METAR SBSC 061000Z 33003KT 9999 FEW020 25/22 Q1014=
06/03/2026 11:00,METAR SBSC 061100Z 34007KT 9999 FEW020 SCT100 27/23 Q1014=
06/03/2026 12:00,METAR SBSC 061200Z 35009KT 9999 FEW020 SCT100 29/22 Q1014=
06/03/2026 13:00,METAR SBSC 061300Z 03007KT 9999 FEW020 SCT100 30/22 Q1014=
06/03/2026 14:00,METAR SBSC 061400Z 06003KT 9999 FEW021 SCT036 31/22 Q1014=
06/03/2026 15:00,METAR SBSC 061500Z 16010KT 9999 FEW020 BKN040 30/23 Q1013=
06/03/2026 16:00,METAR SBSC 061600Z 16009KT 9999 FEW025 SCT040 31/23 Q1013=
06/03/2026 17:00,METAR SBSC 061700Z 20007KT 9999 FEW025 SCT040 31/23 Q1012=
06/03/2026 18:00,METAR SBSC 061800Z 18009KT 9999 FEW025 31/22 Q1011=
06/03/2026 19:00,METAR SBSC 061900Z 17009KT 9999 FEW025 FEW030TCU 30/23 Q1011=
06/03/2026 20:00,METAR SBSC 062000Z 16009KT 9999 FEW025 FEW030TCU SCT040 29/23 Q1011=
06/03/2026 21:00,METAR SBSC 062100Z 18004KT 9999 FEW025 FEW030TCU BKN043 28/23 Q1012=
06/03/2026 22:00,METAR SBSC 062200Z 21003KT 9999 FEW025 FEW030TCU SCT043 26/23 Q1012=
06/03/2026 23:00,METAR SBSC 062300Z 25003KT 9999 FEW025 FEW030TCU SCT043 26/23 Q1012=
07/03/2026 00:00,METAR SBSC 070000Z 28002KT 9999 FEW030 SCT043 26/24 Q1013=
07/03/2026 01:00,METAR SBSC 070100Z 00000KT 9999 FEW025 25/23 Q1012=
07/03/2026 02:00,METAR SBSC 070200Z 25002KT 9999 FEW025 26/24 Q1013=
07/03/2026 03:00,METAR SBSC 070300Z 23003KT 9999 FEW025 25/23 Q1013=
07/03/2026 04:00,METAR SBSC 070400Z 09002KT 9999 FEW025 25/23 Q1012=
07/03/2026 05:00,METAR SBSC 070500Z 06003KT 9999 FEW025 24/22 Q1012=
07/03/2026 06:00,METAR SBSC 070600Z 09003KT 9999 FEW025 24/22 Q1012=
07/03/2026 07:00,METAR SBSC 070700Z 07004KT 9999 FEW025 24/22 Q1011=
07/03/2026 08:00,METAR SBSC 070800Z 05003KT 9999 FEW020 25/22 Q1011=
07/03/2026 09:00,METAR SBSC 070900Z 06005KT 9999 FEW020 25/23 Q1012=
07/03/2026 10:00,METAR SBSC 071000Z 03005KT 9999 FEW020 26/23 Q1012=
07/03/2026 11:00,METAR SBSC 071100Z 04005KT 9999 FEW030 27/24 Q1012=
07/03/2026 12:00,METAR SBSC 071200Z 03005KT 9999 FEW030 29/24 Q1012=
07/03/2026 13:00,METAR SBSC 071300Z 02007KT 9999 FEW030 31/24 Q1011=
07/03/2026 14:00,METAR SBSC 071400Z 03006KT 9999 FEW030 32/24 Q1011=
07/03/2026 15:00,METAR SBSC 071500Z 04007KT 9999 FEW030 34/25 Q1010=
07/03/2026 16:00,METAR SBSC 071600Z 02006KT 9999 SCT040 34/24 Q1008=
07/03/2026 17:00,METAR SBSC 071700Z 24007KT 9999 SCT040 31/24 Q1008=
07/03/2026 18:00,METAR SBSC 071800Z 21008KT 9999 SCT040 30/25 Q1008=
07/03/2026 19:00,METAR SBSC 071900Z 23006KT 9999 SCT040 28/25 Q1008=
07/03/2026 20:00,METAR SBSC 072000Z 32011G22KT 3000 -TSRA BR BKN020 FEW030CB 23/22 Q1010=
07/03/2026 21:00,METAR SBSC 072100Z 02006KT 9999 -RA FEW020 BKN050 24/22 Q1010 RETS=
07/03/2026 22:00,METAR SBSC 072200Z 04010KT 9999 FEW020 BKN100 24/22 Q1009=
07/03/2026 23:00,METAR SBSC 072300Z 04009KT 9999 FEW030 BKN100 24/22 Q1010=
08/03/2026 00:00,METAR SBSC 080000Z 01005KT 9999 FEW030 BKN100 24/23 Q1011=
08/03/2026 01:00,METAR SBSC 080100Z 30004KT 9999 FEW030 BKN100 24/23 Q1011=
08/03/2026 02:00,METAR COR SBSC 080200Z 32004KT 9999 FEW020 BKN100 24/23 Q1011=
08/03/2026 03:00,METAR SBSC 080300Z 33006KT 9999 FEW030 BKN100 23/22 Q1011=
08/03/2026 04:00,METAR COR SBSC 080400Z 29007KT 9999 FEW020 BKN100 23/21 Q1011=
08/03/2026 05:00,METAR SBSC 080500Z 21002KT 9999 FEW020 SCT100 23/21 Q1010=
08/03/2026 06:00,METAR SBSC 080600Z 20002KT 9999 FEW020 SCT100 22/21 Q1010=
08/03/2026 07:00,METAR SBSC 080700Z 19002KT 9999 FEW020 SCT100 22/21 Q1010=
08/03/2026 08:00,METAR SBSC 080800Z 20002KT 9999 FEW020 SCT100 21/20 Q1010=
08/03/2026 09:00,METAR SBSC 080900Z 35010KT 9999 FEW020 SCT100 24/22 Q1009=
08/03/2026 10:00,METAR SBSC 081000Z 32010KT 9999 FEW020 SCT100 26/21 Q1009=
08/03/2026 11:00,METAR SBSC 081100Z 34012KT 9999 FEW020 SCT100 28/22 Q1009=
08/03/2026 12:00,METAR SBSC 081200Z 24006KT 9999 FEW020 SCT100 28/24 Q1010=
08/03/2026 13:00,METAR SBSC 081300Z 08002KT CAVOK 31/24 Q1010=
08/03/2026 14:00,METAR SBSC 081400Z 24003KT CAVOK 31/24 Q1010=
08/03/2026 15:00,METAR SBSC 081500Z 20006KT 9999 SCT030 SCT070 31/24 Q1010=
08/03/2026 16:00,METAR SBSC 081600Z 19008KT 9999 SCT030 SCT070 31/24 Q1010=
08/03/2026 17:00,METAR SBSC 081700Z 21008KT 9999 SCT030 FEW032TCU SCT070 32/24 Q1009=
08/03/2026 18:00,METAR SBSC 081800Z 20012KT 9999 SCT030 FEW032TCU SCT070 30/24 Q1009=
08/03/2026 19:00,METAR SBSC 081900Z 20009KT 9999 SCT030 FEW032TCU SCT070 29/24 Q1010=
08/03/2026 20:00,METAR SBSC 082000Z 21009KT 9999 SCT030 FEW032TCU SCT070 29/24 Q1010=
08/03/2026 21:00,METAR SBSC 082100Z 21009KT 8000 SCT020 SCT030 FEW032TCU BKN070 28/24 Q1010=
08/03/2026 22:00,METAR SBSC 082200Z 21008KT 8000 SCT015 SCT030 FEW032TCU BKN070 27/24 Q1011=
08/03/2026 23:00,METAR SBSC 082300Z 19005KT 8000 SCT015 BKN050 27/25 Q1011=
09/03/2026 00:00,METAR SBSC 090000Z 29003KT 3000 TSRA BKN010 BKN015 FEW030CB OVC050 25/24 Q1012 RETSRA=
09/03/2026 01:00,METAR SBSC 090100Z 29003KT 3000 -RA BR BKN010 BKN015 OVC050 25/24 Q1012=
09/03/2026 02:00,METAR SBSC 090200Z 24004KT 3000 -TSRA BR BKN010 BKN015 FEW030CB OVC050 23/23 Q1013=
09/03/2026 03:00,METAR SBSC 090300Z 24004KT 3000 -RA BR BKN010 OVC050 23/23 Q1013 RETS=
09/03/2026 04:00,METAR SBSC 090400Z 22005KT 6000 BKN020 24/23 Q1013=
09/03/2026 05:00,METAR SBSC 090500Z 22005KT 6000 BKN020 23/22 Q1012=
09/03/2026 06:00,METAR SBSC 090600Z 22006KT 7000 BKN020 24/22 Q1012=
09/03/2026 07:00,METAR SBSC 090700Z 22006KT 7000 BKN020 24/22 Q1012=
09/03/2026 08:00,METAR SBSC 090800Z 22006KT 7000 BKN020 24/22 Q1013=
09/03/2026 09:00,METAR SBSC 090900Z 22005KT 6000 BKN010 25/23 Q1013=
09/03/2026 10:00,METAR SBSC 091000Z 26002KT 9999 FEW010 SCT020 BKN030 24/23 Q1014=
09/03/2026 11:00,METAR SBSC 091100Z 25004KT 9999 SCT020 BKN030 26/23 Q1015=
09/03/2026 12:00,METAR SBSC 091200Z 25005KT 9999 3000SW -RA SCT010 BKN020 27/24 Q1016=
09/03/2026 13:00,METAR SBSC 091300Z 21007KT 9999 -RA SCT010 BKN017 BKN040 26/24 Q1016=
09/03/2026 14:00,METAR SBSC 091400Z 22007KT 7000 SCT008 BKN015 BKN040 25/23 Q1016=
09/03/2026 15:00,METAR SBSC 091500Z 19007KT 9999 SCT010 BKN015 BKN040 26/23 Q1016=
09/03/2026 16:00,METAR SBSC 091600Z 20008KT 9999 FEW007 SCT020 BKN045 27/23 Q1015=
09/03/2026 17:00,METAR SBSC 091700Z 21007KT 9999 3000W SCT007 SCT020 BKN040 27/23 Q1015=
09/03/2026 18:00,METAR SBSC 091800Z 26007KT 9999 2500W -RA SCT007 BKN017 BKN035 24/23 Q1015 RERA=
09/03/2026 19:00,METAR SBSC 091900Z 16010KT 9999 3000W -RA SCT007 BKN017 BKN035 25/22 Q1015=
09/03/2026 20:00,METAR SBSC 092000Z 28003KT 9999 SCT007 BKN022 BKN040 24/22 Q1015=
09/03/2026 21:00,METAR SBSC 092100Z 29004KT 9999 FEW008 BKN025 BKN050 24/23 Q1015=
09/03/2026 22:00,METAR SBSC 092200Z 23004KT 9999 FEW008 BKN025 BKN050 24/22 Q1016=
09/03/2026 23:00,METAR SBSC 092300Z 21002KT 9999 FEW008 BKN025 BKN060 23/22 Q1016=
10/03/2026 00:00,METAR SBSC 100000Z 29002KT 9999 FEW008 BKN025 BKN060 23/22 Q1017=
10/03/2026 01:00,METAR SBSC 100100Z 08003KT 3000 -RA BR SCT006 BKN015 OVC050 23/22 Q1017=
10/03/2026 02:00,METAR SBSC 100200Z 26002KT 5000 BR SCT006 BKN015 OVC050 23/23 Q1017=
10/03/2026 03:00,METAR SBSC 100300Z 23003KT 5000 BR SCT006 BKN015 OVC050 23/22 Q1016=
10/03/2026 04:00,METAR SBSC 100400Z 19005KT 3000 -RA BR SCT006 BKN015 OVC050 23/22 Q1016=
10/03/2026 05:00,METAR SBSC 100500Z 21004KT 3000 -RA BR SCT006 BKN015 OVC050 23/22 Q1015=
10/03/2026 06:00,METAR SBSC 100600Z 22005KT 5000 BR SCT006 BKN015 OVC050 23/22 Q1015=
10/03/2026 07:00,METAR SBSC 100700Z 19004KT 3000 -RA BR SCT006 BKN015 OVC050 22/21 Q1015=
10/03/2026 08:00,METAR SBSC 100800Z 23005KT 5000 BR SCT006 BKN015 OVC050 22/21 Q1015=
10/03/2026 09:00,METAR SBSC 100900Z 27002KT 5000 BR SCT006 BKN015 OVC050 23/22 Q1015=
10/03/2026 10:00,METAR SBSC 101000Z 00000KT 5000 BR SCT006 BKN015 OVC050 23/22 Q1016=
10/03/2026 11:00,METAR SBSC 101100Z 02002KT 5000 BR SCT006 BKN015 OVC050 23/23 Q1017=
10/03/2026 12:00,METAR SBSC 101200Z 21002KT 5000 BR SCT006 SCT014 OVC050 24/23 Q1017=
10/03/2026 13:00,METAR SBSC 101300Z 15002KT 9999 SCT006 BKN016 OVC050 25/23 Q1017=
10/03/2026 14:00,METAR SBSC 101400Z 21005KT 5000 BR SCT006 BKN015 OVC035 24/23 Q1018=
10/03/2026 15:00,METAR SBSC 101500Z 16007KT 4000 -DZ BR SCT005 BKN009 OVC020 24/23 Q1017=
10/03/2026 16:00,METAR SBSC 101600Z 17007KT 9999 FEW010 SCT015 BKN028 24/22 Q1016=
10/03/2026 17:00,METAR SBSC 101700Z 17008KT 9999 FEW008 SCT015 OVC021 24/22 Q1016=
10/03/2026 18:00,METAR SBSC 101800Z 13007KT 9999 FEW010 SCT015 OVC025 24/22 Q1015=
10/03/2026 19:00,METAR SBSC 101900Z 14007KT 9999 FEW010 SCT015 OVC023 24/22 Q1015=
10/03/2026 20:00,METAR SBSC 102000Z 12006KT 9999 FEW015 OVC026 24/22 Q1015=
10/03/2026 21:00,METAR SBSC 102100Z 09003KT 9999 SCT018 BKN025 OVC036 24/22 Q1015=
10/03/2026 22:00,METAR SBSC 102200Z 03002KT 9999 SCT016 OVC026 23/22 Q1015=
10/03/2026 23:00,METAR SBSC 102300Z 36001KT 9999 BKN012 OVC023 23/22 Q1015=
11/03/2026 00:00,METAR SBSC 110000Z 06004KT 9999 BKN013 OVC026 23/22 Q1016=
11/03/2026 01:00,METAR SBSC 110100Z 03002KT 9999 BKN012 BKN050 23/22 Q1016=
11/03/2026 02:00,METAR SBSC 110200Z 05005KT 9999 BKN012 BKN050 23/22 Q1015=
11/03/2026 03:00,METAR SBSC 110300Z 05003KT 9999 BKN012 BKN050 23/22 Q1015=
11/03/2026 04:00,METAR SBSC 110400Z 05003KT 9999 BKN012 BKN050 23/22 Q1015=
11/03/2026 05:00,METAR SBSC 110500Z 08002KT 8000 SCT012 SCT100 23/21 Q1015=
11/03/2026 06:00,METAR SBSC 110600Z 06004KT 8000 SCT012 SCT100 22/21 Q1014=
11/03/2026 07:00,METAR SBSC 110700Z 05003KT 8000 SCT014 SCT100 22/21 Q1014=
11/03/2026 08:00,METAR SBSC 110800Z 06004KT 8000 SCT014 SCT100 23/22 Q1014=
11/03/2026 09:00,METAR SBSC 110900Z 00000KT 8000 BKN012 BKN025 BKN100 23/22 Q1014=
11/03/2026 10:00,METAR SBSC 111000Z 00000KT 3000 -RA BR FEW005 BKN012 BKN025 22/22 Q1015=
11/03/2026 11:00,METAR SBSC 111100Z 17003KT 2500 RA BKN004 BKN010 BKN025 22/22 Q1015=
11/03/2026 12:00,METAR SBSC 111200Z 16004KT 3000 RA BR BKN004 BKN012 BKN030 22/22 Q1016 RERA=
11/03/2026 13:00,METAR SBSC 111300Z 17003KT 3000 -RA BR BKN004 BKN015 OVC030 23/22 Q1016=
11/03/2026 14:00,METAR SBSC 111400Z 13005KT 5000 BR SCT006 BKN015 OVC030 23/22 Q1015=
11/03/2026 15:00,METAR SBSC 111500Z 13005KT 8000 SCT006 BKN015 OVC030 24/22 Q1015=
11/03/2026 16:00,METAR SBSC 111600Z 14004KT 8000 SCT007 BKN015 OVC030 24/22 Q1014=
11/03/2026 17:00,METAR SBSC 111700Z 11003KT 3000 -RA BR BKN007 BKN015 OVC030 23/22 Q1014=
11/03/2026 18:00,METAR SBSC 111800Z 02003KT 3000 -RA BR BKN007 BKN015 OVC030 22/21 Q1013=
