ano,mes,dia,hora,cloud_max,cloud_sum,cloud_layers,chuva,vis,temp,prod
2024,10,10,0,6.0,12.3,3,0,9999,22,0.0
2024,10,10,1,6.0,12.3,3,0,9999,22,0.0
2024,10,10,2,3.6,5.4,2,0,9999,23,0.0
2024,10,10,3,3.6,5.4,2,0,9999,22,0.0
2024,10,10,4,6.0,9.6,2,0,9999,22,0.0
2024,10,10,5,6.0,9.6,2,0,9999,21,0.0
2024,10,10,6,6.0,9.6,2,1,8000,20,0.0
2024,10,10,7,6.0,13.1,3,0,9999,21,0.0
2024,10,10,8,6.0,11.1,3,0,9999,21,0.0
2024,10,10,9,3.6,7.5,3,0,9999,22,62.7
2024,10,10,10,3.6,7.5,3,0,9999,22,160.8
2024,10,10,11,4.8,6.3,2,0,9999,22,105.3
2024,10,10,12,3.6,5.1,2,0,9999,22,264.7
2024,10,10,13,4.8,9.9,3,0,9999,22,401.6
2024,10,10,14,4.8,8.4,3,0,9999,22,381.7
2024,10,10,15,4.8,9.9,3,0,9999,23,242.6
2024,10,10,16,4.8,9.9,3,0,9999,23,619.0
2024,10,10,17,4.8,9.9,3,0,9999,23,322.2
2024,10,10,18,4.8,9.9,3,0,9999,24,284.6
2024,10,10,19,4.8,9.9,3,0,9999,24,55.1
2024,10,10,20,4.8,9.9,3,0,9999,24,1.7
2024,10,10,21,4.8,9.9,3,0,9999,23,0.0
2024,10,10,22,4.8,9.3,3,0,9999,23,0.0
2024,10,10,23,4.8,9.3,3,0,9999,23,0.0
2024,10,11,0,3.6,6.9,3,0,9999,23,0.0
2024,10,11,1,3.6,6.9,3,0,9999,22,0.0
2024,10,11,2,3.6,6.9,3,0,9999,22,0.0
2024,10,11,3,3.6,6.9,3,0,9999,22,0.0
2024,10,11,4,6.0,12.0,3,1,8000,21,0.0
2024,10,11,5,6.0,12.0,3,0,9999,21,0.0
2024,10,11,6,6.0,12.0,3,0,9999,21,0.0
2024,10,11,7,6.0,12.0,3,0,9999,21,0.0
2024,10,11,8,6.0,12.0,3,0,9999,21,0.0
2024,10,11,9,3.6,6.9,3,0,9999,21,42.4
2024,10,11,10,3.6,6.9,3,0,9999,21,69.2
2024,10,11,11,3.6,4.5,2,0,9999,22,372.4
2024,10,11,12,1.8,2.7,2,0,9999,23,1055.4
2024,10,11,13,2.1,3.9,2,0,9999,25,2289.7
2024,10,11,14,2.1,3.9,2,0,9999,29,2547.3
2024,10,11,15,2.1,3.9,2,0,9999,31,1071.4
2024,10,11,16,2.1,3.9,2,0,9999,29,1459.6
2024,10,11,17,2.1,3.9,2,0,9999,29,990.2
2024,10,11,18,2.1,3.9,2,0,9999,29,986.6
2024,10,11,19,2.1,3.15,2,0,9999,30,343.8
2024,10,11,20,1.05,1.95,2,0,9999,29,50.3
2024,10,11,21,1.05,1.95,2,0,9999,28,0.0
2024,10,11,22,1.05,1.95,2,0,9999,27,0.0
2024,10,11,23,1.05,1.95,2,0,9999,27,0.0
2024,10,12,0,1.05,1.95,2,0,9999,27,0.0
2024,10,12,1,0.9,0.9,1,0,9999,27,0.0
2024,10,12,2,0.9,0.9,1,0,9999,27,0.0
2024,10,12,3,1.8,2.7,2,1,9999,25,0.0
2024,10,12,4,1.8,2.7,2,0,9999,24,0.0
2024,10,12,5,1.8,2.7,2,0,9999,25,0.0
2024,10,12,6,1.8,2.7,2,0,9999,24,0.0
2024,10,12,7,1.8,2.7,2,0,9999,24,0.0
2024,10,12,8,1.05,1.95,2,0,9999,25,5.5
2024,10,12,9,1.05,1.95,2,0,9999,24,93.5
2024,10,12,10,1.8,2.7,2,0,9999,26,342.9
2024,10,12,11,1.8,2.7,2,0,9999,27,1638.9
2024,10,12,12,1.8,3.3,2,0,9999,30,2199.5
2024,10,12,13,0,0,0,0,10000,32,2439.0
2024,10,12,14,3.6,5.7,2,0,9999,32,1988.4
2024,10,12,15,3.6,5.7,2,0,9999,28,2418.1
2024,10,12,16,3.6,5.7,2,0,9999,26,2127.8
2024,10,12,17,3.6,5.7,2,0,9999,26,1719.3
2024,10,12,18,3.6,5.7,2,0,9999,25,715.2
2024,10,12,19,3.6,5.7,2,0,9999,25,197.1
2024,10,12,20,3.6,9.2,3,0,9999,24,10.5
2024,10,12,21,3.6,9.2,3,0,9999,24,0.0
2024,10,12,22,3.6,10.1,4,0,9999,24,0.0
2024,10,12,23,3.6,9.2,3,0,9999,24,0.0
2024,10,13,0,3.6,9.2,3,0,9999,24,0.0
2024,10,13,1,3.6,7.1,2,0,9999,23,0.0
2024,10,13,2,3.6,5.1,2,0,9999,23,0.0
2024,10,13,3,3.6,5.1,2,0,9999,22,0.0
2024,10,13,4,3.5,5.3,2,0,9999,22,0.0
2024,10,13,5,3.6,5.1,2,0,8000,21,0.0
2024,10,13,6,3.6,7.1,2,0,8000,21,0.0
2024,10,13,7,2.1,4.2,2,0,9999,22,0.0
2024,10,13,8,2.1,4.2,2,0,9999,22,9.3
2024,10,13,9,3.6,5.1,2,0,9999,23,149.7
2024,10,13,10,4.8,9.8,3,0,9999,23,288.9
2024,10,13,11,3.6,7.2,3,0,9999,23,794.3
2024,10,13,12,4.8,6.3,2,0,9999,25,1073.5
2024,10,13,13,3.6,5.1,2,0,9999,25,1602.4
2024,10,13,14,2.1,2.1,1,0,9999,27,1305.2
2024,10,13,15,2.1,2.1,1,0,9999,27,2133.0
2024,10,13,16,0.9,0.9,1,0,9999,27,1307.4
2024,10,13,17,0.9,0.9,1,0,9999,26,932.5
2024,10,13,18,0.9,0.9,1,0,9999,26,1027.3
2024,10,13,19,0.9,0.9,1,0,9999,25,497.5
2024,10,13,20,2.1,2.1,1,0,9999,24,69.8
2024,10,13,21,3.6,5.1,2,0,9999,23,0.0
2024,10,13,22,3.6,5.1,2,0,9999,23,0.0
2024,10,13,23,3.6,5.1,2,0,9999,23,0.0
2024,10,14,0,3.6,5.1,2,0,9999,23,0.0
2024,10,14,1,6.0,14.3,3,0,8000,23,0.0
2024,10,14,2,6.0,14.3,3,0,8000,23,0.0
2024,10,14,3,6.0,14.3,3,0,8000,23,0.0
2024,10,14,4,6.0,14.3,3,0,8000,22,0.0
2024,10,14,5,6.0,14.3,3,0,8000,22,0.0
2024,10,14,6,6.0,14.3,3,0,8000,21,0.0
2024,10,14,7,6.0,14.3,3,0,8000,21,0.0
2024,10,14,8,6.0,14.3,3,0,8000,22,17.9
2024,10,14,9,4.8,9.9,3,0,8000,22,352.5
2024,10,14,10,4.8,8.4,2,0,8000,23,1069.6
2024,10,14,11,4.8,8.4,2,0,8000,24,1342.5
2024,10,14,12,4.8,10.5,3,0,8000,25,1344.2
2024,10,14,13,4.8,10.5,3,0,8000,24,1047.5
2024,10,14,14,4.8,10.5,3,0,8000,24,1114.2
2024,10,14,15,4.8,6.3,2,0,9999,25,1251.3
2024,10,14,16,4.8,6.3,2,0,8000,25,1208.5
2024,10,14,17,4.8,6.9,2,0,8000,25,1266.5
2024,10,14,18,3.6,3.6,1,0,8000,25,833.6
2024,10,14,19,3.6,3.6,1,0,9999,24,410.2
2024,10,14,20,3.6,3.6,1,0,9999,23,48.6
2024,10,14,21,4.8,8.4,2,0,8000,23,0.0
2024,10,14,22,4.8,8.4,2,0,9999,23,0.0
2024,10,14,23,4.8,8.4,2,0,9999,22,0.0
2024,10,15,0,3.6,3.6,1,0,9999,22,0.0
2024,10,15,1,3.6,3.6,1,0,9999,22,0.0
2024,10,15,2,3.6,3.6,1,0,9999,22,0.0
2024,10,15,3,3.6,3.6,1,0,9999,22,0.0
2024,10,15,4,3.6,3.6,1,0,9999,20,0.0
2024,10,15,5,3.6,3.6,1,0,9999,20,0.0
2024,10,15,6,3.6,3.6,1,0,9999,20,0.0
2024,10,15,7,3.6,3.6,1,0,9999,19,0.0
2024,10,15,8,3.6,3.6,1,0,9999,20,11.8
2024,10,15,9,3.6,3.6,1,0,9999,22,246.6
2024,10,15,10,3.6,3.6,1,0,9999,22,1348.0
2024,10,15,11,3.6,3.6,1,0,9999,23,1698.2
2024,10,15,12,2.1,3.0,2,0,9999,25,2401.3
2024,10,15,13,2.1,2.1,1,0,9999,27,2112.3
2024,10,15,14,2.1,3.0,2,0,9999,28,2435.4
2024,10,15,15,0,0,0,0,10000,29,2490.8
2024,10,15,16,0,0,0,0,10000,30,2195.6
2024,10,15,17,0,0,0,0,10000,28,1809.5
2024,10,15,18,0,0,0,0,10000,27,1163.0
2024,10,15,19,0,0,0,0,10000,27,388.1
2024,10,15,20,0,0,0,0,10000,26,52.8
2024,10,15,21,0,0,0,0,10000,24,0.0
2024,10,15,22,0,0,0,0,10000,22,0.0
2024,10,15,23,0,0,0,0,10000,21,0.0
2024,10,16,0,0,0,0,0,10000,22,0.0
2024,10,16,1,0,0,0,0,10000,21,0.0
2024,10,16,2,0,0,0,0,10000,21,0.0
2024,10,16,3,0,0,0,0,10000,21,0.0
2024,10,16,4,0,0,0,0,10000,20,0.0
2024,10,16,5,0,0,0,0,10000,20,0.0
2024,10,16,6,0,0,0,0,10000,19,0.0
2024,10,16,7,0,0,0,0,10000,20,0.0
2024,10,16,8,0,0,0,0,10000,20,28.3
2024,10,16,9,0,0,0,0,10000,20,477.3
2024,10,16,10,0,0,0,0,10000,22,1310.5
2024,10,16,11,0,0,0,0,10000,26,1816.4
2024,10,16,12,0,0,0,0,10000,28,2230.8
2024,10,16,13,0,0,0,0,10000,30,2382.1
2024,10,16,14,0,0,0,0,10000,26,2550.3
2024,10,16,15,0,0,0,0,10000,26,2431.1
2024,10,16,16,0,0,0,0,10000,26,2182.7
2024,10,16,17,0,0,0,0,10000,25,1254.5
2024,10,16,18,0,0,0,0,8000,23,629.7
2024,10,16,19,0,0,0,0,8000,23,248.2
2024,10,16,20,0,0,0,0,8000,23,42.5
2024,10,16,21,1.05,1.95,2,0,8000,23,0.0
2024,10,16,22,1.05,1.95,2,0,8000,21,0.0
2024,10,16,23,1.05,1.95,2,0,8000,21,0.0
2024,10,17,0,1.05,1.95,2,0,8000,20,0.0
2024,10,17,1,0,0,0,0,10000,20,0.0
2024,10,17,2,0,0,0,0,10000,19,0.0
2024,10,17,3,0,0,0,0,10000,20,0.0
2024,10,17,4,0,0,0,0,10000,21,0.0
2024,10,17,5,0,0,0,0,10000,21,0.0
2024,10,17,6,0,0,0,0,10000,20,0.0
2024,10,17,7,0,0,0,0,10000,20,0.0
2024,10,17,8,0,0,0,0,10000,20,12.9
2024,10,17,9,4.8,6.3,2,0,9999,21,343.2
2024,10,17,10,4.8,6.3,2,0,9999,23,1146.4
2024,10,17,11,2.1,3.9,2,0,9999,24,2080.8
2024,10,17,12,2.1,3.9,2,0,9999,25,2346.4
2024,10,17,13,0.9,0.9,1,0,9999,26,2190.8
2024,10,17,14,1.05,1.95,2,0,9999,25,2575.0
2024,10,17,15,1.05,1.95,2,0,9999,25,2459.4
2024,10,17,16,1.05,1.95,2,0,9999,26,2199.2
2024,10,17,17,1.05,1.95,2,0,9999,26,1759.1
2024,10,17,18,1.05,1.95,2,0,8000,25,1062.8
2024,10,17,19,1.05,1.95,2,0,8000,25,330.7
2024,10,17,20,1.05,1.95,2,0,8000,24,65.2
2024,10,17,21,1.05,1.95,2,0,8000,23,0.0
2024,10,17,22,3.6,7.2,2,0,8000,23,0.0
2024,10,17,23,3.6,7.2,2,0,8000,22,0.0
2024,10,18,0,2.1,3.0,2,0,8000,22,0.0
2024,10,18,1,2.1,3.0,2,0,8000,22,0.0
2024,10,18,2,3.6,7.1,2,0,8000,22,0.0
2024,10,18,3,2.1,3.6,2,0,8000,22,0.0
2024,10,18,4,2.1,3.6,2,0,8000,21,0.0
2024,10,18,5,2.1,3.6,2,0,8000,21,0.0
2024,10,18,6,2.1,3.6,2,0,4000,20,0.0
2024,10,18,7,2.1,3.6,2,0,4000,20,0.0
2024,10,18,8,2.1,3.6,2,0,6000,21,8.3
2024,10,18,9,1.5,1.5,1,0,8000,21,197.1
2024,10,18,10,3.6,3.6,1,0,9999,22,846.2
2024,10,18,11,2.1,2.1,1,0,9999,25,1674.0
2024,10,18,12,0,0,0,0,10000,27,1857.6
2024,10,18,13,2.1,3.9,2,0,8000,26,1884.2
2024,10,18,14,2.1,5.4,3,0,8000,26,1465.1
2024,10,18,15,6.0,13.1,3,0,8000,25,987.2
2024,10,18,16,6.0,13.1,3,0,9999,25,704.1
2024,10,18,17,6.0,13.1,3,0,9999,24,361.2
2024,10,18,18,6.0,13.1,3,0,9999,23,191.2
2024,10,18,19,6.0,13.1,3,0,9999,23,59.6
2024,10,18,20,6.0,13.1,3,0,8000,23,0.0
2024,10,18,21,6.0,13.1,3,1,5000,23,0.0
2024,10,18,22,6.0,10.8,2,0,9999,23,0.0
2024,10,18,23,6.0,10.8,2,0,9999,23,0.0
2024,10,19,0,6.0,10.8,2,0,9999,23,0.0
2024,10,19,1,6.0,14.3,3,0,5000,22,0.0
2024,10,19,2,6.0,14.3,3,0,5000,22,0.0
2024,10,19,3,6.0,14.3,3,0,5000,21,0.0
2024,10,19,4,6.0,14.3,3,1,3000,21,0.0
2024,10,19,5,6.0,14.3,3,1,3000,20,0.0
2024,10,19,6,6.0,14.3,3,1,3000,20,0.0
2024,10,19,7,6.0,14.3,3,0,5000,20,0.0
2024,10,19,8,6.0,14.3,3,0,5000,21,0.0
2024,10,19,9,6.0,14.3,3,0,5000,21,56.3
2024,10,19,10,6.0,14.3,3,1,5000,22,260.2
2024,10,19,11,6.0,14.3,3,0,5000,22,337.5
2024,10,19,12,6.0,14.3,3,0,5000,22,216.1
2024,10,19,13,6.0,14.3,3,0,9999,23,160.8
2024,10,19,14,6.0,14.3,3,0,8000,23,136.0
2024,10,19,15,6.0,14.3,3,0,8000,24,213.3
2024,10,19,16,6.0,14.3,3,0,8000,22,152.9
2024,10,19,17,6.0,14.3,3,0,4000,23,88.0
2024,10,19,18,6.0,14.3,3,1,2500,22,25.5
2024,10,19,19,6.0,14.3,3,1,2500,21,25.7
2024,10,19,20,6.0,14.3,3,1,4000,21,0.9
2024,10,19,21,6.0,14.3,3,1,2500,21,0.0
2024,10,19,22,6.0,14.3,3,1,2500,20,0.0
2024,10,19,23,6.0,14.3,3,1,2500,20,0.0
2024,10,20,0,6.0,14.3,3,1,2500,20,0.0
2024,10,20,1,8.0,8.0,1,1,8000,19,0.0
2024,10,20,2,8.0,17.5,3,0,8000,19,0.0
2024,10,20,3,8.0,8.0,1,1,8000,19,0.0
2024,10,20,4,8.0,8.0,1,1,8000,19,0.0
2024,10,20,5,8.0,8.0,1,1,8000,19,0.0
2024,10,20,6,8.0,11.5,2,1,6000,19,0.0
2024,10,20,7,8.0,14.0,2,1,6000,19,0.0
2024,10,20,8,8.0,14.0,2,1,6000,20,0.5
2024,10,20,9,8.0,8.0,1,1,4000,20,71.4
2024,10,20,10,8.0,14.0,2,1,6000,20,93.0
2024,10,20,11,8.0,14.0,2,1,8000,20,188.1
2024,10,20,12,8.0,14.0,2,1,6000,20,292.1
2024,10,20,13,8.0,14.0,2,1,5000,21,402.8
2024,10,20,14,6.0,10.8,2,1,6000,21,266.4
2024,10,20,15,6.0,14.3,3,1,6000,21,397.3
2024,10,20,16,6.0,14.3,3,1,6000,21,239.6
2024,10,20,17,6.0,14.3,3,1,7000,21,386.9
2024,10,20,18,6.0,14.3,3,1,7000,21,208.4
2024,10,20,19,4.8,9.8,3,1,7000,22,171.7
2024,10,20,20,4.8,11.9,3,1,5000,22,16.8
2024,10,20,21,6.0,14.3,3,1,4000,22,0.0
2024,10,20,22,4.8,9.8,3,0,9999,21,0.0
2024,10,20,23,3.5,7.4,3,0,9999,21,0.0
2024,10,21,0,1.8,3.3,2,0,9999,21,0.0
2024,10,21,1,4.8,11.9,3,0,9000,21,0.0
2024,10,21,2,3.6,5.1,2,0,9000,21,0.0
2024,10,21,3,6.0,11.1,3,1,6000,21,0.0
2024,10,21,4,6.0,11.1,3,1,6000,21,0.0
2024,10,21,5,6.0,9.6,2,0,8000,21,0.0
2024,10,21,6,6.0,9.6,2,0,7000,21,0.0
2024,10,21,7,6.0,7.5,2,0,8000,21,0.0
2024,10,21,8,6.0,7.5,2,0,8000,20,25.1
2024,10,21,9,8.0,14.0,2,0,5000,21,205.3
2024,10,21,10,8.0,14.0,2,0,6000,22,592.9
2024,10,21,11,8.0,14.0,2,0,8000,22,812.0
2024,10,21,12,8.0,14.0,2,0,8000,23,1216.3
2024,10,21,13,4.8,8.3,2,0,9999,23,1195.3
2024,10,21,14,6.0,12.3,3,0,8000,26,359.0
2024,10,21,15,4.8,9.8,3,0,8000,24,444.3
2024,10,21,16,6.0,10.8,2,0,8000,23,853.7
2024,10,21,17,4.8,8.4,3,0,6000,24,736.1
2024,10,21,18,4.8,8.4,3,0,6000,25,307.3
2024,10,21,19,3.6,7.2,3,0,7000,24,52.2
2024,10,21,20,3.6,5.7,2,0,8000,24,33.1
2024,10,21,21,6.0,9.6,2,0,8000,24,0.0
2024,10,21,22,6.0,9.6,2,0,9999,23,0.0
2024,10,21,23,6.0,9.6,2,0,8000,23,0.0
2024,10,22,0,6.0,9.6,2,0,8000,22,0.0
2024,10,22,1,2.1,3.15,2,0,9999,23,0.0
2024,10,22,2,1.05,1.95,2,0,9999,22,0.0
2024,10,22,3,1.05,1.95,2,0,9999,22,0.0
2024,10,22,4,1.05,1.95,2,0,9999,23,0.0
2024,10,22,5,1.05,1.95,2,0,9999,22,0.0
2024,10,22,6,1.05,1.95,2,0,9999,22,0.0
2024,10,22,7,1.5,2.55,2,0,9999,20,0.0
2024,10,22,8,1.5,2.55,2,0,9999,20,43.6
2024,10,22,9,0,0,0,0,10000,22,561.5
2024,10,22,10,0,0,0,0,10000,25,1407.9
2024,10,22,11,0,0,0,0,10000,28,2086.4
2024,10,22,12,0,0,0,0,10000,29,2320.4
2024,10,22,13,0,0,0,0,10000,31,2454.2
2024,10,22,14,0,0,0,0,10000,32,2437.9
2024,10,22,15,0,0,0,0,10000,34,2300.9
2024,10,22,16,0,0,0,0,10000,35,2193.1
2024,10,22,17,0,0,0,0,10000,30,1431.2
2024,10,22,18,0,0,0,0,10000,28,1127.2
2024,10,22,19,2.1,2.1,1,0,9999,28,294.0
2024,10,22,20,2.1,4.2,2,0,9999,26,34.4
2024,10,22,21,2.1,4.2,2,0,9999,25,0.0
2024,10,22,22,2.1,4.2,2,0,9999,24,0.0
2024,10,22,23,2.1,4.2,2,0,9999,24,0.0
2024,10,23,0,2.1,4.2,2,0,9999,24,0.0
2024,10,23,1,2.1,4.2,2,0,9999,23,0.0
2024,10,23,2,2.1,4.2,2,0,9999,23,0.0
2024,10,23,3,2.1,4.2,2,0,9999,23,0.0
2024,10,23,4,3.6,3.6,1,0,9999,23,0.0
2024,10,23,5,3.6,3.6,1,0,9999,23,0.0
2024,10,23,6,3.6,3.6,1,0,9999,23,0.0
2024,10,23,7,3.6,3.6,1,0,9999,23,0.0
2024,10,23,8,3.6,3.6,1,0,9999,24,24.1
2024,10,23,9,1.8,2.7,2,0,9999,26,505.0
2024,10,23,10,1.8,2.7,2,0,9999,27,695.0
2024,10,23,11,1.05,1.95,2,0,9999,29,1707.7
2024,10,23,12,0.9,0.9,1,0,9999,28,2112.1
2024,10,23,13,1.05,1.95,2,0,9999,28,2325.1
2024,10,23,14,1.05,1.95,2,0,9999,28,2551.7
2024,10,23,15,1.05,1.95,2,0,9999,29,2413.7
2024,10,23,16,1.05,1.95,2,0,9999,28,2207.8
2024,10,23,17,1.05,1.95,2,0,9999,27,1768.5
2024,10,23,18,1.05,1.95,2,0,9999,26,1017.7
2024,10,23,19,1.5,1.5,1,0,9999,26,285.2
2024,10,23,20,1.5,1.5,1,0,8000,25,46.6
2024,10,23,21,3.5,3.5,1,0,8000,24,0.0
2024,10,23,22,1.5,2.55,2,0,9999,23,0.0
2024,10,23,23,3.5,3.5,1,0,9999,23,0.0
2024,10,24,0,3.5,3.5,1,0,9999,23,0.0
2024,10,24,1,3.6,8.6,3,0,9999,23,0.0
2024,10,24,2,3.6,8.6,3,0,9999,23,0.0
2024,10,24,3,3.6,8.6,3,0,9999,23,0.0
2024,10,24,4,3.6,8.6,3,0,9999,22,0.0
2024,10,24,5,3.6,8.6,3,0,9999,22,0.0
2024,10,24,6,3.6,8.6,3,0,9999,21,0.0
2024,10,24,7,4.8,12.7,4,1,5000,21,0.0
2024,10,24,8,6.0,16.8,3,1,3000,22,5.4
2024,10,24,9,6.0,16.8,3,1,3000,22,163.7
2024,10,24,10,6.0,16.8,3,1,3000,23,350.0
2024,10,24,11,6.0,14.3,3,0,5000,24,480.0
2024,10,24,12,6.0,14.3,3,0,5000,25,383.7
2024,10,24,13,4.8,9.8,3,0,8000,26,1236.0
2024,10,24,14,2.1,5.4,3,0,9999,29,2083.7
2024,10,24,15,2.1,5.4,3,0,9999,30,2020.1
2024,10,24,16,2.1,3.6,2,0,9999,33,1700.9
2024,10,24,17,2.1,5.4,3,0,9999,34,971.3
2024,10,24,18,2.1,6.3,4,0,9999,33,173.9
2024,10,24,19,6.0,8.4,3,1,1500,23,0.0
2024,10,24,20,2.4,6.9,4,1,8000,23,0.0
2024,10,24,21,2.1,6.3,4,1,8000,23,0.0
2024,10,24,22,2.1,5.4,3,1,8000,23,0.0
2024,10,24,23,2.1,3.9,2,0,9999,22,0.0
2024,10,25,0,1.8,2.7,2,0,9999,25,0.0
2024,10,25,1,2.1,2.1,1,0,9999,26,0.0
2024,10,25,2,0.9,0.9,1,0,9999,26,0.0
2024,10,25,3,0.9,0.9,1,0,9999,25,0.0
2024,10,25,4,0.9,0.9,1,0,9999,25,0.0
2024,10,25,5,0.9,0.9,1,0,9999,26,0.0
2024,10,25,6,0.9,0.9,1,0,9999,26,0.0
2024,10,25,7,2.1,2.1,1,0,9999,25,0.0
2024,10,25,8,2.1,2.1,1,0,9999,26,15.7
2024,10,25,9,0,0,0,0,10000,26,158.5
2024,10,25,10,2.1,2.1,1,0,9999,27,627.2
2024,10,25,11,0.9,0.9,1,0,9999,27,1585.8
2024,10,25,12,0.9,0.9,1,0,9999,28,1644.7
2024,10,25,13,1.8,2.7,2,0,9999,30,1109.3
2024,10,25,14,1.8,2.7,2,0,9999,30,1910.7
2024,10,25,15,1.8,2.7,2,0,9999,32,1414.6
2024,10,25,16,1.8,2.7,2,0,9999,32,1159.9
2024,10,25,17,1.8,2.7,2,0,9999,32,536.1
2024,10,25,18,1.8,2.7,2,0,9999,32,393.1
2024,10,25,19,1.8,2.7,2,0,9999,33,408.1
2024,10,25,20,1.8,2.7,2,0,9999,32,40.8
2024,10,25,21,1.8,2.7,2,0,9999,28,0.0
2024,10,25,22,1.8,2.7,2,0,9999,27,0.0
2024,10,25,23,1.05,1.95,2,0,9999,25,0.0
2024,10,26,0,0,0,0,0,10000,25,0.0
2024,10,26,1,0,0,0,0,10000,25,0.0
2024,10,26,2,0,0,0,0,10000,25,0.0
2024,10,26,3,2.1,2.1,1,0,8000,24,0.0
2024,10,26,4,2.1,2.1,1,0,8000,24,0.0
2024,10,26,5,3.6,5.1,2,0,7000,24,0.0
2024,10,26,6,6.0,6.0,1,0,6000,24,0.0
2024,10,26,7,6.0,6.0,1,0,5000,24,0.0
2024,10,26,8,6.0,6.0,1,0,5000,24,40.4
2024,10,26,9,0,0,0,0,10000,23,544.7
2024,10,26,10,0,0,0,0,10000,28,1214.5
2024,10,26,11,0,0,0,0,10000,30,1438.3
2024,10,26,12,0,0,0,0,10000,33,2107.0
2024,10,26,13,0,0,0,0,10000,25,2275.0
2024,10,26,14,0,0,0,0,10000,36,1679.6
2024,10,26,15,0,0,0,0,10000,30,2280.0
2024,10,26,16,1.05,1.95,2,0,9999,31,1777.8
2024,10,26,17,1.8,2.7,2,0,9999,29,979.2
2024,10,26,18,0.9,0.9,1,0,9999,28,555.3
2024,10,26,19,1.05,1.95,2,0,9999,27,210.4
2024,10,26,20,3.6,4.5,2,0,9999,25,15.7
2024,10,26,21,3.6,4.5,2,0,9999,25,0.0
2024,10,26,22,3.6,4.5,2,0,9999,25,0.0
2024,10,26,23,3.6,4.5,2,0,9999,25,0.0
2024,10,27,0,3.6,4.5,2,0,9999,25,0.0
2024,10,27,1,3.6,4.5,2,0,9999,24,0.0
2024,10,27,2,3.6,5.7,2,0,9999,24,0.0
2024,10,27,3,4.8,6.9,2,0,9999,24,0.0
2024,10,27,4,4.8,6.9,2,0,9999,23,0.0
2024,10,27,5,4.8,6.9,2,0,9999,23,0.0
2024,10,27,6,4.8,8.3,2,1,9999,23,0.0
2024,10,27,7,4.8,8.3,2,1,8000,23,0.0
2024,10,27,8,4.8,6.9,2,0,8000,22,0.7
2024,10,27,9,4.8,9.9,3,0,8000,21,62.5
2024,10,27,10,4.8,9.9,3,0,9999,21,194.7
2024,10,27,11,6.0,12.3,3,0,9999,22,591.1
2024,10,27,12,4.8,9.9,3,0,9999,23,1088.5
2024,10,27,13,6.0,10.8,2,0,9999,23,826.9
2024,10,27,14,6.0,10.8,2,0,9999,24,581.1
2024,10,27,15,4.8,8.4,2,0,9999,24,202.2
2024,10,27,16,4.8,8.4,2,0,9999,23,203.5
2024,10,27,17,4.8,8.4,2,0,9999,24,441.4
2024,10,27,18,4.8,8.4,2,0,9999,23,173.8
2024,10,27,19,4.8,11.9,3,0,8000,23,55.8
2024,10,27,20,4.8,11.9,3,0,8000,23,8.8
2024,10,27,21,4.8,11.9,3,0,8000,23,0.0
2024,10,27,22,4.8,11.9,3,0,8000,23,0.0
2024,10,27,23,4.8,11.9,3,0,8000,22,0.0
2024,10,28,0,4.8,11.9,3,0,8000,22,0.0
2024,10,28,1,4.8,9.3,3,0,9999,22,0.0
2024,10,28,2,4.8,9.9,3,0,9999,21,0.0
2024,10,28,3,4.8,9.9,3,0,9999,21,0.0
2024,10,28,4,4.8,9.9,3,0,9999,21,0.0
2024,10,28,5,4.8,9.9,3,0,9999,21,0.0
2024,10,28,6,4.8,9.9,3,0,9999,21,0.0
2024,10,28,7,4.8,9.9,3,0,9999,21,0.0
2024,10,28,8,4.8,9.9,3,0,9999,21,3.2
2024,10,28,9,4.8,9.9,3,0,9000,21,56.0
2024,10,28,10,4.8,9.9,3,0,9999,22,179.9
2024,10,28,11,4.8,9.9,3,0,9999,22,232.8
2024,10,28,12,4.8,9.9,3,0,9999,22,322.5
2024,10,28,13,4.8,9.9,3,0,8000,23,399.7
2024,10,28,14,4.8,9.9,3,0,8000,23,374.1
2024,10,28,15,4.8,9.9,3,0,8000,23,350.0
2024,10,28,16,4.8,9.9,3,0,8000,23,775.4
2024,10,28,17,4.8,9.9,3,0,8000,24,1041.6
2024,10,28,18,4.8,9.9,3,0,8000,24,434.0
2024,10,28,19,4.8,11.9,3,0,9999,22,231.5
2024,10,28,20,4.8,9.9,3,0,9999,22,40.6
2024,10,28,21,4.8,11.9,3,0,9999,22,0.0
2024,10,28,22,4.8,8.4,3,0,9999,22,0.0
2024,10,28,23,4.8,8.4,2,0,9999,22,0.0
2024,10,29,0,4.8,5.7,2,0,9999,22,0.0
2024,10,29,1,4.8,11.9,3,0,5000,22,0.0
2024,10,29,2,4.8,11.9,3,0,5000,22,0.0
2024,10,29,3,4.8,11.9,3,0,5000,22,0.0
2024,10,29,4,4.8,11.9,3,0,5000,22,0.0
2024,10,29,5,4.8,11.9,3,0,5000,21,0.0
2024,10,29,6,4.8,11.9,3,0,5000,20,0.0
2024,10,29,7,4.8,11.9,3,0,5000,20,0.0
2024,10,29,8,4.8,11.9,3,0,5000,21,73.0
2024,10,29,9,2.1,3.0,2,0,8000,21,268.4
2024,10,29,10,2.1,3.0,2,0,9999,22,607.5
2024,10,29,11,2.1,3.0,2,0,9999,24,1794.5
2024,10,29,12,2.1,3.0,2,0,9999,27,1181.6
2024,10,29,13,3.6,5.7,2,0,9999,27,621.6
2024,10,29,14,3.6,5.7,2,0,9999,26,955.6
2024,10,29,15,3.6,5.7,2,0,9999,26,664.5
2024,10,29,16,3.6,4.5,2,0,9999,26,242.7
2024,10,29,17,3.6,4.5,2,0,9999,27,143.6
2024,10,29,18,3.6,6.9,3,0,9999,27,108.8
2024,10,29,19,4.8,10.5,3,0,9999,25,82.6
2024,10,29,20,4.8,10.5,3,0,9999,23,33.8
2024,10,29,21,4.8,8.4,2,0,9999,23,0.0
2024,10,29,22,4.8,4.8,1,0,9999,23,0.0
2024,10,29,23,3.6,4.5,2,0,9999,23,0.0
2024,10,30,1,3.6,4.5,2,0,9999,23,0.0
2024,10,30,2,3.6,4.5,2,0,9999,23,0.0
2024,10,30,3,3.6,4.5,2,0,9999,22,0.0
2024,10,30,4,3.6,4.5,2,0,9999,22,0.0
2024,10,30,5,3.6,4.5,2,0,9999,22,0.0
2024,10,30,6,3.6,4.5,2,0,9999,22,0.0
2024,10,30,7,1.8,3.3,2,0,9999,21,0.0
2024,10,30,8,1.8,3.3,2,0,9999,21,11.4
2024,10,30,9,3.6,5.1,2,0,9999,22,223.4
2024,10,30,10,3.6,5.1,2,0,9999,23,963.7
2024,10,30,11,3.6,5.1,2,0,9999,24,1168.4
2024,10,30,12,3.6,5.1,2,0,9999,25,1229.5
2024,10,30,14,3.6,8.6,3,0,9999,27,1912.7
2024,10,30,15,3.6,7.2,3,0,9999,27,1342.5
2024,10,30,16,3.6,5.7,2,0,9999,28,2368.2
2024,10,30,17,2.1,4.2,2,0,9999,27,1831.0
2024,10,30,18,2.1,4.2,2,0,9999,27,1070.8
2024,10,30,19,3.6,4.5,2,0,9999,26,299.3
2024,10,30,20,3.6,4.5,2,0,9999,25,83.5
2024,10,30,21,3.6,7.5,3,0,9999,24,0.0
2024,10,30,22,3.6,5.4,2,0,9999,24,0.0
2024,10,30,23,3.6,6.9,3,0,9999,24,0.0
2024,10,31,0,2.1,3.6,2,0,9999,23,0.0
2024,10,31,1,3.6,7.2,3,0,8000,23,0.0
2024,10,31,2,3.6,7.2,3,0,8000,21,0.0
2024,10,31,3,3.6,7.2,3,0,8000,21,0.0
2024,10,31,4,3.6,7.2,3,0,8000,20,0.0
2024,10,31,5,3.6,7.2,3,0,8000,20,0.0
2024,10,31,6,3.6,7.2,3,0,8000,20,0.0
2024,10,31,7,3.6,7.2,3,0,8000,20,0.0
2024,10,31,8,3.6,7.2,3,0,8000,20,66.0
2024,10,31,9,0,0,0,0,10000,20,546.4
2024,10,31,10,0,0,0,0,10000,23,1339.2
2024,10,31,11,2.1,2.1,1,0,9999,25,2137.9
2024,10,31,12,2.1,4.2,2,0,9999,25,2340.1
2024,10,31,13,2.1,3.6,2,0,9999,27,2003.2
2024,10,31,14,2.1,2.1,1,0,9999,27,1567.0
2024,10,31,15,0.9,0.9,1,0,9999,27,1593.9
2024,10,31,16,0.9,0.9,1,0,9999,27,1293.0
2024,10,31,17,0.9,0.9,1,0,9999,27,1818.9
2024,10,31,18,0.9,0.9,1,0,9999,26,955.9
2024,10,31,19,2.1,3.0,2,0,9999,26,330.3
2024,10,31,20,2.1,3.0,2,0,9999,25,63.8
2024,10,31,21,3.6,4.5,2,0,9999,24,0.0
2024,10,31,22,3.6,6.6,3,0,9999,24,0.0
2024,10,31,23,2.1,3.0,2,0,9999,24,0.0
2024,11,1,0,2.1,3.9,2,0,9999,24,0.0
2024,11,1,1,3.6,4.5,2,0,9999,24,0.0
2024,11,1,2,2.1,2.1,1,0,9999,22,0.0
2024,11,1,3,0.9,0.9,1,0,9999,21,0.0
2024,11,1,4,2.1,2.1,1,0,9999,21,0.0
2024,11,1,5,0.9,0.9,1,0,9999,21,0.0
2024,11,1,6,2.1,3.6,2,0,9999,21,0.0
2024,11,1,7,2.1,3.6,2,0,9999,21,0.0
2024,11,1,8,2.1,3.6,2,0,8000,21,51.6
2024,11,1,9,6.0,9.5,2,0,9999,21,580.4
2024,11,1,10,3.5,3.5,1,0,8000,23,1410.3
2024,11,1,11,1.5,1.5,1,0,9999,26,2028.3
2024,11,1,12,2.1,2.1,1,0,9999,27,2247.0
2024,11,1,13,2.1,2.1,1,0,9999,29,2336.8
2024,11,1,14,2.1,2.1,1,0,9999,30,2448.0
2024,11,1,15,2.1,2.1,1,0,9999,30,2195.0
2024,11,1,16,2.1,2.1,1,0,9999,30,2038.7
2024,11,1,17,2.1,2.1,1,0,9999,29,1731.3
2024,11,1,18,0.9,0.9,1,0,9999,28,1048.2
2024,11,1,19,0.9,0.9,1,0,9999,28,311.3
2024,11,1,20,0.9,0.9,1,0,9999,27,60.3
2024,11,1,21,2.1,3.0,2,0,9999,25,0.0
2024,11,1,22,2.1,3.0,2,0,9999,25,0.0
2024,11,1,23,2.1,3.0,2,0,9999,24,0.0
2024,11,2,0,2.1,3.0,2,0,9999,23,0.0
2024,11,2,1,0,0,0,0,10000,23,0.0
2024,11,2,2,0,0,0,0,10000,22,0.0
2024,11,2,3,0,0,0,0,10000,22,0.0
2024,11,2,4,0,0,0,0,10000,21,0.0
2024,11,2,5,0,0,0,0,10000,21,0.0
2024,11,2,6,0,0,0,0,10000,21,0.0
2024,11,2,7,0,0,0,0,10000,22,0.0
2024,11,2,8,0,0,0,0,10000,22,55.4
2024,11,2,9,0,0,0,0,10000,22,681.0
2024,11,2,10,0,0,0,0,10000,25,1185.1
2024,11,2,11,0,0,0,0,10000,27,1641.9
2024,11,2,12,0,0,0,0,10000,29,1934.1
2024,11,2,13,0,0,0,0,10000,30,2049.6
2024,11,2,14,0,0,0,0,10000,31,2258.6
2024,11,2,15,0,0,0,0,10000,30,2191.2
2024,11,2,16,0,0,0,0,10000,31,2069.9
2024,11,2,17,0,0,0,0,10000,30,1510.9
2024,11,2,18,0,0,0,0,10000,29,906.2
2024,11,2,19,2.1,3.15,2,0,9999,29,410.9
2024,11,2,20,2.1,3.15,2,0,9999,27,100.0
2024,11,2,21,2.1,3.15,2,0,9999,26,0.0
2024,11,2,22,2.1,3.15,2,0,9999,25,0.0
2024,11,2,23,0,0,0,0,10000,24,0.0
2024,11,3,0,0,0,0,0,10000,24,0.0
2024,11,3,1,0,0,0,0,10000,23,0.0
2024,11,3,2,3.6,4.5,2,0,9999,23,0.0
2024,11,3,3,3.6,4.5,2,0,9999,24,0.0
2024,11,3,4,3.6,4.5,2,0,9999,23,0.0
2024,11,3,5,0.9,0.9,1,0,9999,23,0.0
2024,11,3,6,0,0,0,0,10000,22,0.0
2024,11,3,7,0.9,0.9,1,0,9999,22,0.0
2024,11,3,8,2.1,2.1,1,0,9999,22,33.0
2024,11,3,9,0.9,0.9,1,0,9999,23,426.0
2024,11,3,10,0,0,0,0,10000,25,1055.5
2024,11,3,11,0.9,0.9,1,0,9999,27,1655.2
2024,11,3,12,0.9,0.9,1,0,9999,28,1361.7
2024,11,3,13,0.9,0.9,1,0,9999,30,1639.6
2024,11,3,14,2.1,4.2,2,0,9999,31,1416.2
2024,11,3,15,2.1,4.2,2,0,9999,31,1441.4
2024,11,3,16,2.1,4.2,2,0,9999,32,1347.9
2024,11,3,17,2.1,4.2,2,0,9999,31,1440.7
2024,11,3,18,3.6,4.5,2,0,9999,29,542.6
2024,11,3,19,3.6,4.5,2,0,9999,27,196.9
2024,11,3,20,3.6,5.7,2,0,9999,27,55.8
2024,11,3,21,3.6,7.2,3,0,9999,25,0.0
2024,11,3,22,3.6,7.2,3,0,9999,24,0.0
2024,11,3,23,3.6,7.2,3,0,9999,23,0.0
2024,11,4,0,3.6,7.2,3,0,9999,23,0.0
2024,11,4,1,3.6,5.1,2,0,9999,23,0.0
2024,11,4,2,2.1,3.0,2,0,9999,23,0.0
2024,11,4,3,3.6,5.7,2,0,9999,23,0.0
2024,11,4,4,3.6,6.6,3,0,9999,23,0.0
2024,11,4,5,0,0,0,0,10000,23,0.0
2024,11,4,6,0,0,0,0,8000,23,0.0
2024,11,4,7,0,0,0,0,8000,23,0.0
2024,11,4,8,0,0,0,0,10000,24,39.9
2024,11,4,9,0,0,0,0,10000,24,179.2
2024,11,4,10,0,0,0,0,10000,25,467.8
2024,11,4,11,1.05,1.95,2,0,9999,26,815.8
2024,11,4,12,0.9,0.9,1,0,9999,27,1020.5
2024,11,4,13,2.1,3.9,2,0,9999,27,853.3
2024,11,4,14,1.8,2.7,2,0,9999,28,1317.1
2024,11,4,15,1.8,2.7,2,0,9999,30,1351.9
2024,11,4,16,1.05,1.95,2,0,9999,29,605.7
2024,11,4,17,1.8,2.7,2,0,9999,28,361.1
2024,11,4,18,2.4,6.0,3,0,8000,27,200.1
2024,11,4,19,2.4,6.0,3,0,6000,25,112.6
2024,11,4,20,2.4,6.0,3,1,6000,24,33.2
2024,11,4,21,3.6,7.5,3,1,6000,24,0.0
2024,11,4,22,2.4,6.0,3,1,8000,24,0.0
2024,11,4,23,2.4,5.4,3,0,8000,24,0.0
2024,11,5,0,3.6,7.2,3,1,8000,24,0.0
2024,11,5,1,3.6,7.2,3,1,8000,24,0.0
2024,11,5,2,3.6,4.5,2,0,9999,24,0.0
2024,11,5,3,3.6,4.5,2,0,9999,24,0.0
2024,11,5,4,3.6,5.1,2,0,9999,24,0.0
2024,11,5,5,3.6,5.1,2,0,9999,24,0.0
2024,11,5,6,3.6,5.1,2,0,9999,24,0.0
2024,11,5,7,3.6,5.1,2,0,9999,24,0.0
2024,11,5,8,3.6,5.1,2,0,8000,24,26.8
2024,11,5,9,3.6,5.1,2,0,9999,24,206.5
2024,11,5,10,3.6,5.1,2,0,9999,24,472.8
2024,11,5,11,3.6,4.5,2,0,9999,25,1066.2
2024,11,5,12,3.6,4.5,2,0,9999,26,1643.3
2024,11,5,13,3.6,5.7,2,0,9999,27,1422.4
2024,11,5,15,3.6,5.7,2,0,9999,30,1759.1
2024,11,5,16,3.6,5.7,2,0,9999,32,1756.6
2024,11,5,17,3.6,5.7,2,0,9999,32,1157.7
2024,11,5,18,3.6,5.7,2,0,9999,31,965.0
2024,11,5,19,2.1,3.0,2,0,9999,32,368.0
2024,11,5,20,2.1,3.0,2,0,9999,30,57.2
2024,11,5,21,2.1,3.0,2,0,9999,29,0.0
2024,11,5,22,2.1,3.0,2,0,9999,28,0.0
2024,11,5,23,2.1,3.0,2,0,9999,27,0.0
2024,11,6,0,2.1,3.0,2,0,9999,27,0.0
2024,11,6,1,1.8,2.7,2,0,9999,26,0.0
2024,11,6,2,1.8,2.7,2,0,9999,26,0.0
2024,11,6,3,1.8,2.7,2,0,9999,26,0.0
2024,11,6,4,0.9,0.9,1,0,9999,25,0.0
2024,11,6,5,0.9,0.9,1,0,9999,24,0.0
2024,11,6,6,0.9,0.9,1,0,9999,23,0.0
2024,11,6,7,0.9,0.9,1,0,9999,23,0.0
2024,11,6,8,0.9,0.9,1,0,9999,22,71.7
2024,11,6,9,0.9,0.9,1,0,9999,25,463.2
2024,11,6,10,0,0,0,0,10000,28,1291.6
2024,11,6,11,0,0,0,0,10000,29,1944.6
2024,11,6,12,0,0,0,0,10000,31,2049.4
2024,11,6,13,2.1,3.0,2,0,9999,32,1887.7
2024,11,6,14,2.1,3.0,2,0,9999,33,1879.2
2024,11,6,15,2.1,4.2,2,0,9999,33,773.3
2024,11,6,16,2.1,4.2,2,0,9999,34,1747.7
2024,11,6,17,2.1,4.2,2,0,9999,33,1422.8
2024,11,6,18,2.1,4.2,2,0,9999,33,749.5
2024,11,6,19,3.6,5.7,2,0,9999,33,333.8
2024,11,6,20,3.6,5.7,2,0,9999,33,57.8
2024,11,6,21,3.6,5.7,2,0,9999,31,0.2
2024,11,6,22,3.6,5.7,2,0,9999,26,0.0
2024,11,6,23,0,0,0,0,10000,24,0.0
2024,11,7,0,0,0,0,0,10000,24,0.0
2024,11,7,1,0,0,0,0,10000,24,0.0
2024,11,7,2,0,0,0,0,10000,23,0.0
2024,11,7,3,0,0,0,0,10000,24,0.0
2024,11,7,4,0,0,0,0,10000,24,0.0
2024,11,7,5,0,0,0,0,10000,23,0.0
2024,11,7,6,0,0,0,0,10000,23,0.0
2024,11,7,7,0,0,0,0,10000,23,0.0
2024,11,7,8,0,0,0,0,10000,23,92.8
2024,11,7,9,0.9,0.9,1,0,9999,26,337.2
2024,11,7,10,0.9,0.9,1,0,9999,28,1141.3
2024,11,7,11,0.9,0.9,1,0,9999,29,1238.3
2024,11,7,12,0.9,0.9,1,0,9999,30,1701.7
2024,11,7,13,1.5,1.5,1,0,9999,32,2399.9
2024,11,7,14,0.9,0.9,1,0,9999,33,2275.8
2024,11,7,15,0.9,0.9,1,0,9999,34,2212.3
2024,11,7,16,0.9,0.9,1,0,9999,35,1526.2
2024,11,7,17,2.1,3.0,2,0,9999,34,637.5
2024,11,7,18,2.1,4.8,3,0,9999,34,360.7
2024,11,7,19,3.6,5.7,2,1,6000,26,70.8
2024,11,7,20,2.1,4.8,3,0,9999,26,45.9
2024,11,7,21,1.5,1.5,1,0,9999,25,0.0
2024,11,8,0,2.1,3.9,2,0,9999,25,0.0
2024,11,8,1,3.6,8.6,3,0,8000,25,0.0
2024,11,8,2,3.6,8.6,3,0,8000,26,0.0
2024,11,8,3,3.6,8.6,3,0,5000,25,0.0
2024,11,8,4,3.6,8.6,3,0,5000,25,0.0
2024,11,8,5,3.6,8.6,3,0,5000,25,0.0
2024,11,8,6,3.6,8.6,3,0,5000,24,0.0
2024,11,8,7,3.6,8.6,3,0,5000,24,0.0
2024,11,8,8,3.6,8.6,3,0,5000,24,8.0
2024,11,8,9,3.6,8.6,3,0,5000,25,112.5
2024,11,8,10,3.6,5.7,2,0,8000,26,487.5
2024,11,8,11,3.6,5.7,2,0,8000,27,382.8
2024,11,8,12,4.8,6.9,2,0,8000,27,480.1
2024,11,8,13,1.8,2.7,2,0,9999,28,683.4
2024,11,8,14,1.8,2.7,2,0,9999,29,758.5
2024,11,8,15,2.1,3.9,2,0,9999,29,646.1
2024,11,8,16,2.1,3.9,2,0,9999,30,697.3
2024,11,8,17,3.6,5.7,2,1,8000,24,305.3
2024,11,8,18,6.0,14.3,3,1,9999,22,250.0
2024,11,8,19,6.0,16.8,3,1,2500,22,3.8
2024,11,8,20,8.0,14.0,2,1,3000,21,6.0
2024,11,8,21,6.0,16.8,3,1,2500,22,0.0
2024,11,8,22,6.0,16.8,3,1,5000,22,0.0
2024,11,8,23,6.0,14.4,3,1,6000,22,0.0
2024,11,9,0,6.0,12.3,3,1,7000,22,0.0
2024,11,9,1,6.0,13.1,3,1,8000,22,0.0
2024,11,9,2,6.0,11.1,3,1,8000,22,0.0
2024,11,9,3,6.0,11.1,3,1,7000,22,0.0
2024,11,9,4,6.0,13.1,3,1,3000,22,0.0
2024,11,9,5,6.0,13.1,3,1,3000,21,0.0
2024,11,9,6,6.0,11.1,3,1,6000,21,0.0
2024,11,9,7,6.0,11.1,3,1,6000,21,0.0
2024,11,9,8,6.0,11.1,3,1,6000,21,9.4
2024,11,9,9,4.8,8.3,2,0,8000,22,110.2
2024,11,9,10,6.0,7.5,2,0,8000,22,292.2
2024,11,9,11,4.8,9.9,3,0,8000,22,607.9
2024,11,9,12,4.8,8.3,2,0,8000,23,1104.0
2024,11,9,13,4.8,8.3,2,0,9999,23,1725.8
2024,11,9,14,3.6,5.1,2,0,9999,24,964.0
2024,11,9,15,3.6,5.1,2,0,9999,24,1290.7
2024,11,9,16,3.6,5.1,2,0,9999,24,1425.3
2024,11,9,17,3.6,5.1,2,0,9999,25,1252.9
2024,11,9,18,3.6,5.1,2,0,9999,24,606.6
2024,11,9,19,3.6,5.1,2,0,9999,22,158.4
2024,11,9,20,3.6,5.1,2,0,9999,22,46.7
2024,11,9,21,3.6,7.1,2,0,9999,22,0.0
2024,11,9,22,3.6,7.1,2,0,9999,22,0.0
2024,11,9,23,3.6,7.1,2,0,9999,22,0.0
2024,11,10,0,3.6,7.1,2,0,9999,22,0.0
2024,11,10,1,3.6,7.1,2,0,9999,22,0.0
2024,11,10,2,3.6,5.7,2,0,9999,22,0.0
2024,11,10,3,3.6,4.5,2,0,9999,22,0.0
2024,11,10,4,3.6,4.5,2,0,9999,22,0.0
2024,11,10,5,3.6,4.5,2,0,9999,22,0.0
2024,11,10,6,3.6,4.5,2,0,9999,21,0.0
2024,11,10,7,3.6,5.1,2,0,8000,21,0.0
2024,11,10,8,3.6,5.1,2,0,6000,21,91.9
2024,11,10,9,3.6,4.5,2,0,9999,22,348.0
2024,11,10,10,0.9,0.9,1,0,9999,23,969.2
2024,11,10,11,0.45,0.45,1,0,9999,25,496.3
2024,11,10,12,0.9,0.9,1,0,9999,24,818.7
2024,11,10,13,0.9,0.9,1,0,9999,25,940.9
2024,11,10,14,0.9,0.9,1,0,9999,25,1152.9
2024,11,10,15,0.9,0.9,1,0,9999,26,1275.9
2024,11,10,16,0.9,0.9,1,0,9999,25,1746.8
2024,11,10,17,2.1,3.0,2,0,9999,26,1746.4
2024,11,10,18,3.6,4.5,2,0,9999,25,906.1
2024,11,10,19,0,0,0,0,10000,25,365.1
2024,11,10,20,3.6,4.5,2,0,9999,23,85.0
2024,11,10,21,3.6,4.5,2,0,9999,22,0.3
2024,11,10,22,3.6,3.6,1,0,9999,22,0.0
2024,11,10,23,0,0,0,0,10000,22,0.0
2024,11,11,0,0,0,0,0,10000,22,0.0
2024,11,11,1,0,0,0,0,10000,22,0.0
2024,11,11,2,0,0,0,0,10000,22,0.0
2024,11,11,3,0,0,0,0,10000,21,0.0
2024,11,11,4,0,0,0,0,10000,21,0.0
2024,11,11,5,0,0,0,0,10000,21,0.0
2024,11,11,6,0,0,0,0,10000,20,0.0
2024,11,11,7,2.1,2.1,1,0,9999,20,0.0
2024,11,11,8,2.1,2.1,1,0,9999,20,64.7
2024,11,11,9,0.9,0.9,1,0,9999,21,577.5
2024,11,11,10,0,0,0,0,10000,23,1426.6
2024,11,11,11,0,0,0,0,10000,25,2020.6
2024,11,11,12,0.9,0.9,1,0,9999,27,2260.5
2024,11,11,13,0,0,0,0,10000,29,2203.7
2024,11,11,14,0,0,0,0,10000,31,2293.0
2024,11,11,15,0,0,0,0,10000,32,2187.7
2024,11,11,16,0,0,0,0,10000,32,2077.3
2024,11,11,17,0,0,0,0,10000,31,1685.0
2024,11,11,18,0,0,0,0,10000,29,1058.3
2024,11,11,19,0,0,0,0,10000,28,273.5
2024,11,11,20,0,0,0,0,10000,27,59.1
2024,11,11,21,0,0,0,0,10000,24,0.4
2024,11,11,22,0,0,0,0,10000,23,0.0
2024,11,11,23,0,0,0,0,10000,22,0.0
2024,11,12,0,0,0,0,0,10000,22,0.0
2024,11,12,1,0,0,0,0,10000,22,0.0
2024,11,12,2,0,0,0,0,10000,22,0.0
2024,11,12,3,0,0,0,0,10000,21,0.0
2024,11,12,4,0,0,0,0,10000,21,0.0
2024,11,12,5,0,0,0,0,10000,20,0.0
2024,11,12,6,0,0,0,0,10000,20,0.0
2024,11,12,7,0,0,0,0,10000,20,0.0
2024,11,12,8,0,0,0,0,10000,20,64.8
2024,11,12,9,0,0,0,0,10000,24,492.3
2024,11,12,10,0,0,0,0,10000,27,1186.2
2024,11,12,11,0,0,0,0,10000,29,1957.0
2024,11,12,12,0,0,0,0,10000,31,2201.6
2024,11,12,13,0,0,0,0,10000,32,2227.6
2024,11,12,14,0,0,0,0,10000,34,2207.1
2024,11,12,15,0.9,0.9,1,0,9999,35,2124.6
2024,11,12,16,3.6,6.6,3,0,9999,35,964.9
2024,11,12,20,0,0,0,0,10000,24,124.9
2024,11,12,21,0,0,0,0,10000,23,3.1
2024,11,12,22,3.6,3.6,1,0,9999,24,0.0
2024,11,12,23,6.0,10.8,2,0,9999,24,0.0
2024,11,13,0,4.8,8.4,2,0,9999,23,0.0
2024,11,13,1,6.0,14.3,3,0,8000,23,0.0
2024,11,13,2,6.0,14.3,3,0,8000,23,0.0
2024,11,13,3,6.0,14.3,3,0,8000,23,0.0
2024,11,13,4,6.0,14.3,3,0,8000,23,0.0
2024,11,13,6,6.0,14.3,3,0,8000,22,0.0
2024,11,13,7,6.0,14.3,3,0,8000,21,0.0
2024,11,13,8,6.0,14.3,3,0,8000,22,9.4
2024,11,13,9,6.0,16.8,3,1,3000,22,39.8
2024,11,13,10,6.0,16.8,3,0,5000,21,180.7
2024,11,13,11,6.0,16.8,3,1,3000,21,34.0
2024,11,13,12,6.0,16.8,3,1,1000,23,88.6
2024,11,13,13,6.0,12.3,3,1,4000,21,153.1
2024,11,13,14,6.0,16.8,3,1,6000,20,279.6
2024,11,13,15,8.0,14.0,2,1,2500,19,312.1
2024,11,13,16,8.0,14.0,2,0,8000,20,586.7
2024,11,13,17,8.0,14.0,2,0,9999,20,291.8
2024,11,13,18,8.0,8.0,1,0,6000,19,365.9
2024,11,13,19,8.0,11.5,2,0,8000,19,81.7
2024,11,13,20,8.0,14.0,2,0,3500,19,24.2
2024,11,13,21,8.0,14.0,2,0,6000,19,0.0
2024,11,13,22,6.0,14.3,3,0,9999,19,0.0
2024,11,13,23,6.0,14.3,3,0,9999,20,0.0
2024,11,14,0,6.0,14.3,3,0,4000,19,0.0
2024,11,14,1,8.0,20.0,3,0,5000,19,0.0
2024,11,14,2,6.0,12.3,3,0,8000,19,0.0
2024,11,14,3,6.0,12.3,3,0,7000,19,0.0
2024,11,14,4,6.0,12.3,3,0,5000,19,0.0
2024,11,14,5,6.0,12.3,3,0,5000,19,0.0
2024,11,14,6,6.0,12.3,3,0,5000,19,0.0
2024,11,14,7,6.0,12.3,3,0,5000,19,0.0
2024,11,14,8,6.0,12.3,3,0,5000,19,3.6
2024,11,14,9,4.8,8.4,3,0,9000,20,46.3
2024,11,14,10,4.8,8.4,3,0,9999,20,331.8
2024,11,14,11,6.0,12.3,3,0,9999,21,782.2
2024,11,14,12,4.8,9.9,3,0,9999,21,613.2
2024,11,14,13,6.0,12.3,3,0,9999,22,925.8
2024,11,14,14,3.6,7.1,2,0,9999,22,1517.5
2024,11,14,15,3.6,7.2,3,0,9999,24,1357.8
2024,11,14,16,3.6,5.7,2,0,9999,24,687.0
2024,11,14,17,3.6,5.7,2,0,9999,24,531.5
2024,11,14,18,3.6,5.7,2,0,9999,23,288.9
2024,11,14,19,3.6,5.7,2,0,9999,22,193.8
2024,11,14,20,3.6,4.5,2,0,9999,22,26.7
2024,11,14,21,3.6,4.5,2,0,9999,22,0.0
2024,11,14,22,3.6,4.5,2,0,9999,22,0.0
2024,11,14,23,3.6,4.5,2,0,9999,22,0.0
2024,11,15,0,3.6,4.5,2,0,9999,21,0.0
2024,11,15,1,3.6,7.2,2,0,9999,21,0.0
2024,11,15,2,4.8,6.9,2,0,9999,21,0.0
2024,11,15,3,4.8,6.9,2,0,9999,21,0.0
2024,11,15,4,4.8,6.3,2,0,9999,20,0.0
2024,11,15,5,4.8,8.3,2,0,9999,20,0.0
2024,11,15,6,3.6,7.1,2,0,9999,21,0.0
2024,11,15,7,3.6,5.1,2,0,9999,21,0.0
2024,11,15,8,3.6,5.1,2,0,9999,21,9.9
2024,11,15,9,6.0,10.8,2,0,4000,21,67.0
2024,11,15,10,6.0,9.6,2,0,8000,21,711.9
2024,11,15,11,8.0,14.0,2,0,8000,22,547.5
2024,11,15,12,8.0,13.0,3,0,9999,23,1067.4
2024,11,15,13,3.6,7.1,2,0,9999,24,1704.7
2024,11,15,14,3.5,3.5,1,0,9999,26,1638.3
2024,11,15,15,6.0,7.8,2,0,9999,27,1490.5
2024,11,15,16,3.6,5.4,2,0,9999,25,1471.2
2024,11,15,17,3.6,6.9,3,0,9999,25,755.8
2024,11,15,18,6.0,9.6,2,0,9999,24,364.2
2024,11,15,19,6.0,9.6,2,0,9999,23,340.9
2024,11,15,20,6.0,13.2,3,0,9999,23,81.4
2024,11,15,21,6.0,9.6,2,0,9999,23,0.8
2024,11,15,22,6.0,9.6,2,0,9999,22,0.0
2024,11,15,23,6.0,9.6,2,0,9999,22,0.0
2024,11,16,0,6.0,12.0,2,0,9999,22,0.0
2024,11,16,1,8.0,9.5,2,1,9999,22,0.0
2024,11,16,2,8.0,11.5,2,1,2200,22,0.0
2024,11,16,3,6.0,8.4,3,1,2500,22,0.0
2024,11,16,4,6.0,11.1,3,1,3500,22,0.0
2024,11,16,5,6.0,9.3,3,0,4000,22,0.0
2024,11,16,6,6.0,9.9,3,1,4000,22,0.0
2024,11,16,7,6.0,9.9,3,1,6000,22,0.0
2024,11,16,8,6.0,9.9,3,1,6000,22,5.1
2024,11,16,9,6.0,12.3,3,1,4000,22,42.2
2024,11,16,10,6.0,12.3,3,1,4000,22,118.8
2024,11,16,11,6.0,12.3,3,1,4000,22,121.1
2024,11,16,12,6.0,12.3,3,1,4000,23,211.7
2024,11,16,13,6.0,14.3,3,1,3000,23,358.7
2024,11,16,14,6.0,14.3,3,1,3000,23,848.5
2024,11,16,15,6.0,14.3,3,1,3000,24,361.6
2024,11,16,16,6.0,14.3,3,1,4000,23,335.8
2024,11,16,17,6.0,14.3,3,1,4000,23,325.0
2024,11,16,18,4.8,11.8,3,1,4000,23,264.8
2024,11,16,19,4.8,11.8,3,0,5000,24,271.7
2024,11,16,20,4.8,11.8,3,0,5000,24,69.1
2024,11,16,21,4.8,11.8,3,0,5000,23,0.0
2024,11,16,22,4.8,11.8,3,0,8000,22,0.0
2024,11,16,23,4.8,11.8,3,0,8000,23,0.0
2024,11,17,0,4.8,11.8,3,0,8000,23,0.0
2024,11,17,1,1.5,1.5,1,0,9999,22,0.0
2024,11,17,2,1.5,2.55,2,0,9999,22,0.0
2024,11,17,3,1.8,3.3,2,0,9999,21,0.0
2024,11,17,4,1.8,3.3,2,0,9999,21,0.0
2024,11,17,5,1.8,3.3,2,0,8000,20,0.0
2024,11,17,6,1.5,2.55,2,0,8000,20,0.0
2024,11,17,7,1.5,2.55,2,0,8000,20,0.0
2024,11,17,8,1.5,2.55,2,0,8000,20,57.1
2024,11,17,9,1.5,2.55,2,0,8000,21,312.3
2024,11,17,10,1.05,1.95,2,0,9999,23,434.6
2024,11,17,11,1.8,2.7,2,0,9999,24,1077.7
2024,11,17,12,1.8,2.7,2,0,9999,25,1647.2
2024,11,17,13,1.8,3.3,2,0,9999,26,2160.9
2024,11,17,14,1.8,2.7,2,0,9999,29,2046.0
2024,11,17,15,1.05,1.95,2,0,9999,29,1607.1
2024,11,17,16,1.05,1.95,2,0,9999,29,1279.5
2024,11,17,17,1.05,1.95,2,0,9999,29,817.7
2024,11,17,18,2.1,3.9,3,0,9999,29,317.5
2024,11,17,19,2.1,3.9,3,0,9999,29,253.0
2024,11,17,20,3.6,5.4,3,0,9999,26,57.8
2024,11,17,21,3.6,4.5,2,0,9999,25,0.6
2024,11,17,22,3.6,4.5,2,0,9999,24,0.0
2024,11,17,23,2.1,2.1,1,0,9999,23,0.0
2024,11,18,0,2.1,2.1,1,0,9999,23,0.0
2024,11,18,1,2.1,2.1,1,0,9999,23,0.0
2024,11,18,2,2.1,4.2,2,0,9999,23,0.0
2024,11,18,3,2.1,4.2,2,0,9999,22,0.0
2024,11,18,4,2.1,4.2,2,0,9999,22,0.0
2024,11,18,5,2.1,4.2,2,0,9999,22,0.0
2024,11,18,6,2.1,4.2,2,0,9999,22,0.0
2024,11,18,7,2.1,4.2,2,0,9999,22,0.0
2024,11,18,8,2.1,4.2,2,0,9999,23,68.6
2024,11,18,9,0,0,0,0,10000,23,548.0
2024,11,18,10,0,0,0,0,10000,26,1297.8
2024,11,18,11,0,0,0,0,10000,28,1899.0
2024,11,18,12,0,0,0,0,10000,29,2204.1
2024,11,18,14,0,0,0,0,10000,33,2483.6
2024,11,18,15,0.9,0.9,1,0,9999,28,2199.0
2024,11,18,16,0.9,0.9,1,0,9999,29,2032.6
2024,11,18,17,0.9,0.9,1,0,9999,27,1707.4
2024,11,18,18,0.9,0.9,1,0,9999,27,990.9
2024,11,18,19,0.9,0.9,1,0,9999,26,308.1
2024,11,18,20,0.9,0.9,1,0,9999,25,72.3
2024,11,18,21,0.9,0.9,1,0,9999,24,3.4
2024,11,18,22,0,0,0,0,10000,23,0.0
2024,11,18,23,0,0,0,0,10000,23,0.0
2024,11,19,0,0,0,0,0,10000,23,0.0
2024,11,19,1,0.9,0.9,1,0,9999,22,0.0
2024,11,19,2,0,0,0,0,10000,22,0.0
2024,11,19,3,0,0,0,0,10000,22,0.0
2024,11,19,4,0,0,0,0,10000,22,0.0
2024,11,19,5,0,0,0,0,10000,22,0.0
2024,11,19,6,0,0,0,0,10000,21,0.0
2024,11,19,7,0,0,0,0,10000,21,0.0
2024,11,19,8,0,0,0,0,10000,22,53.0
2024,11,19,9,0,0,0,0,10000,22,455.4
2024,11,19,10,2.1,3.6,2,0,8000,23,1193.5
2024,11,19,11,3.5,3.5,1,0,9999,24,1860.3
2024,11,19,12,3.6,7.1,2,0,9999,25,2319.1
2024,11,19,13,3.5,3.5,1,0,9999,26,2237.6
2024,11,19,14,1.5,1.5,1,0,9999,26,2140.6
2024,11,19,15,1.5,1.5,1,0,9999,27,2025.7
2024,11,19,16,1.5,1.5,1,0,9999,27,1565.0
2024,11,19,17,1.5,1.5,1,0,9999,27,880.5
2024,11,19,18,0.9,0.9,1,0,9999,26,740.3
2024,11,19,19,2.1,2.1,1,0,9999,26,226.2
2024,11,19,20,2.1,2.1,1,0,9999,25,68.9
2024,11,19,21,2.1,2.1,1,0,9999,24,0.1
2024,11,19,22,3.6,3.6,1,0,9999,23,0.0
2024,11,19,23,3.6,3.6,1,0,9999,23,0.0
2024,11,20,0,3.6,3.6,1,0,9999,23,0.0
2024,11,20,1,3.6,3.6,1,0,9999,23,0.0
2024,11,20,2,3.6,3.6,1,0,9999,24,0.0
2024,11,20,3,3.6,3.6,1,0,9999,24,0.0
2024,11,20,4,3.6,3.6,1,0,9999,24,0.0
2024,11,20,5,3.6,3.6,1,0,9999,23,0.0
2024,11,20,6,3.6,3.6,1,0,9999,23,0.0
2024,11,20,7,0,0,0,0,10000,23,0.0
2024,11,20,8,0,0,0,0,10000,22,68.4
2024,11,20,9,0,0,0,0,10000,22,478.7
2024,11,20,10,0.9,0.9,1,0,9999,26,1345.2
2024,11,20,11,0.9,0.9,1,0,9999,26,1513.7
2024,11,20,12,0.9,0.9,1,0,9999,28,1897.9
2024,11,20,13,1.5,1.5,1,0,9999,29,2223.4
2024,11,20,14,1.5,1.5,1,0,9999,28,2397.1
2024,11,20,15,1.5,1.5,1,0,9999,26,2318.4
2024,11,20,16,1.5,1.5,1,0,9999,27,2018.2
2024,11,20,17,3.5,3.5,1,0,9999,27,1584.4
2024,11,20,18,6.0,9.5,2,0,9999,27,1008.6
2024,11,20,19,3.6,8.6,3,0,8000,26,388.1
2024,11,20,20,3.6,10.6,3,0,8000,24,77.7
2024,11,20,21,6.0,14.3,3,0,8000,24,0.4
2024,11,20,22,6.0,14.3,3,0,8000,24,0.0
2024,11,20,23,6.0,14.3,3,0,8000,24,0.0
2024,11,21,0,6.0,14.3,3,0,8000,24,0.0
2024,11,21,1,3.6,8.6,3,0,9999,24,0.0
2024,11,21,2,3.6,8.6,3,0,9999,24,0.0
2024,11,21,3,3.6,8.6,3,0,9999,24,0.0
2024,11,21,4,3.6,8.6,3,0,9999,23,0.0
2024,11,21,5,3.6,8.6,3,0,9999,23,0.0
2024,11,21,6,3.6,5.1,2,0,9999,23,0.0
2024,11,21,7,3.6,5.1,2,0,9999,22,0.0
2024,11,21,8,3.6,5.1,2,0,9999,22,22.3
2024,11,21,9,3.6,5.1,2,0,9999,23,211.4
2024,11,21,10,2.1,3.6,2,0,9999,24,421.0
2024,11,21,11,3.5,5.0,2,0,9999,25,270.7
2024,11,21,12,2.1,3.6,2,0,9999,25,532.6
2024,11,21,13,1.5,1.5,1,0,9999,27,1130.1
2024,11,21,14,2.1,3.0,2,0,9999,27,1623.0
2024,11,21,15,3.6,4.5,2,0,9999,27,1245.1
2024,11,21,16,3.6,4.5,2,0,9999,27,1255.4
2024,11,21,17,6.0,11.1,3,0,9999,26,858.2
2024,11,21,18,6.0,11.1,3,0,9999,26,670.3
2024,11,21,19,6.0,9.6,2,0,9999,25,192.1
2024,11,21,20,6.0,9.6,2,0,9999,24,52.5
2024,11,21,21,8.0,14.0,2,0,3500,23,0.0
2024,11,21,22,3.6,7.1,2,0,9999,23,0.0
2024,11,21,23,3.6,7.1,2,0,9999,23,0.0
2024,11,22,0,6.0,16.8,3,0,9999,23,0.0
2024,11,22,1,6.0,12.0,2,0,9999,23,0.0
2024,11,22,2,8.0,14.0,2,0,9999,23,0.0
2024,11,22,3,8.0,14.0,2,0,9999,23,0.0
2024,11,22,4,6.0,10.8,2,1,8000,22,0.0
2024,11,22,5,6.0,10.8,2,1,8000,22,0.0
2024,11,22,6,6.0,10.8,2,1,8000,22,0.0
2024,11,22,7,6.0,10.8,2,1,8000,22,0.0
2024,11,22,8,6.0,10.8,2,1,8000,22,34.5
2024,11,22,9,4.8,9.9,3,0,9999,22,179.8
2024,11,22,10,4.8,9.9,3,0,9999,23,436.2
2024,11,22,11,4.8,11.9,3,0,9999,23,877.9
2024,11,22,12,3.6,10.7,3,0,9999,25,1280.1
2024,11,22,13,4.8,9.9,3,0,9999,25,1304.7
2024,11,22,14,4.8,9.9,3,0,9999,26,1976.2
2024,11,22,15,4.8,9.9,3,0,9999,26,2268.3
2024,11,22,16,4.8,9.9,3,0,9999,26,1871.2
2024,11,22,17,4.8,9.9,3,0,9999,25,1323.4
2024,11,22,18,6.0,14.3,3,0,9999,24,963.5
2024,11,22,19,6.0,11.1,3,0,9999,24,344.9
2024,11,22,20,3.6,7.1,2,0,9999,24,93.7
2024,11,22,21,3.6,7.1,2,0,9999,23,0.6
2024,11,22,22,4.8,9.9,3,0,9999,23,0.0
2024,11,22,23,6.0,14.4,3,0,9999,23,0.0
2024,11,23,0,6.0,10.8,2,0,9999,22,0.0
2024,11,23,1,6.0,14.3,3,0,8000,22,0.0
2024,11,23,2,6.0,14.3,3,0,8000,22,0.0
2024,11,23,3,6.0,14.3,3,0,5000,22,0.0
2024,11,23,4,6.0,14.3,3,0,5000,22,0.0
2024,11,23,5,6.0,14.3,3,0,5000,21,0.0
2024,11,23,6,6.0,14.3,3,0,5000,21,0.0
2024,11,23,7,6.0,14.3,3,0,5000,20,0.0
2024,11,23,8,6.0,14.3,3,0,5000,20,6.9
2024,11,23,9,6.0,14.3,3,0,5000,21,150.4
2024,11,23,10,6.0,14.3,3,0,5000,21,416.5
2024,11,23,11,6.0,14.3,3,0,5000,22,559.8
2024,11,23,12,6.0,14.3,3,0,8000,23,947.6
2024,11,23,13,6.0,12.3,3,0,9999,24,1014.2
2024,11,23,14,4.8,9.9,3,0,9999,23,538.6
2024,11,23,15,4.8,9.9,3,0,9999,24,208.7
2024,11,23,16,4.8,9.9,3,0,9999,24,266.3
2024,11,23,17,6.0,10.8,2,1,3000,20,430.2
2024,11,23,18,4.8,9.8,3,0,8000,21,506.0
2024,11,23,19,6.0,12.3,3,0,9999,21,398.0
2024,11,23,20,3.6,8.1,3,0,9999,22,128.7
2024,11,23,21,3.6,8.1,3,0,9999,22,4.6
2024,11,23,22,3.6,4.5,2,0,9999,22,0.0
2024,11,23,23,3.6,4.5,2,0,9999,22,0.0
2024,11,24,0,3.6,4.5,2,0,9999,21,0.0
2024,11,24,1,0,0,0,0,10000,20,0.0
2024,11,24,2,0,0,0,0,10000,20,0.0
2024,11,24,3,0,0,0,0,10000,21,0.0
2024,11,24,4,0,0,0,0,10000,20,0.0
2024,11,24,5,2.1,3.6,2,0,9999,20,0.0
2024,11,24,6,3.5,7.0,2,0,9999,20,0.0
2024,11,24,7,3.5,7.0,2,0,9999,19,0.0
2024,11,24,8,3.5,7.0,2,0,9999,19,55.9
2024,11,24,9,3.6,5.1,2,0,9999,20,287.5
2024,11,24,10,3.6,7.1,2,0,9999,20,757.9
2024,11,24,11,3.6,7.1,2,0,9999,22,1246.7
2024,11,24,12,2.1,4.2,2,0,9999,24,1394.7
2024,11,24,13,2.1,4.2,2,0,9999,24,627.0
2024,11,24,14,2.1,4.2,2,0,9999,23,1342.2
2024,11,24,15,3.6,5.7,2,0,9999,23,1461.8
2024,11,24,16,3.6,5.7,2,0,9999,24,1370.1
2024,11,24,17,3.6,4.5,2,0,9999,25,1636.1
2024,11,24,18,0,0,0,0,10000,25,1049.6
2024,11,24,19,0,0,0,0,10000,25,331.8
2024,11,24,20,0.9,0.9,1,0,9999,24,158.7
2024,11,24,21,0.9,0.9,1,0,9999,23,5.7
2024,11,24,22,2.1,3.0,2,0,9999,22,0.0
2024,11,24,23,2.1,3.0,2,0,9999,22,0.0
2024,11,25,0,3.6,4.5,2,0,9999,22,0.0
2024,11,25,1,3.6,4.5,2,0,9999,22,0.0
2024,11,25,2,3.6,4.5,2,0,9999,22,0.0
2024,11,25,3,0,0,0,0,10000,21,0.0
2024,11,25,4,0,0,0,0,10000,21,0.0
2024,11,25,5,0.9,0.9,1,0,9999,20,0.0
2024,11,25,6,0.9,0.9,1,0,9999,20,0.0
2024,11,25,7,2.1,3.6,2,0,9999,20,0.0
2024,11,25,8,2.1,3.6,2,0,9999,20,72.9
2024,11,25,9,0,0,0,0,10000,20,541.4
2024,11,25,10,0,0,0,0,10000,22,1261.9
2024,11,25,11,0.9,0.9,1,0,9999,24,1787.4
2024,11,25,12,2.1,2.1,1,0,9999,25,1580.4
2024,11,25,13,2.1,2.1,1,0,9999,26,2315.5
2024,11,25,14,2.1,2.1,1,0,9999,28,1536.8
2024,11,25,15,2.1,2.1,1,0,9999,29,2430.5
2024,11,25,16,2.1,2.1,1,0,9999,28,2079.1
2024,11,25,17,0.9,0.9,1,0,9999,28,1752.3
2024,11,25,18,0.9,0.9,1,0,9999,27,1040.9
2024,11,25,19,0,0,0,0,10000,27,309.4
2024,11,25,20,0,0,0,0,10000,26,74.1
2024,11,25,21,0,0,0,0,10000,25,3.9
2024,11,25,22,0,0,0,0,10000,23,0.0
2024,11,25,23,0,0,0,0,10000,21,0.0
2024,11,26,0,0,0,0,0,10000,21,0.0
2024,11,26,1,0,0,0,0,10000,21,0.0
2024,11,26,2,0,0,0,0,10000,20,0.0
2024,11,26,3,0,0,0,0,10000,20,0.0
2024,11,26,4,0,0,0,0,10000,20,0.0
2024,11,26,5,0,0,0,0,10000,20,0.0
2024,11,26,6,0,0,0,0,10000,19,0.0
2024,11,26,7,0,0,0,0,10000,19,0.0
2024,11,26,8,0,0,0,0,10000,19,49.2
2024,11,26,9,0,0,0,0,10000,22,513.0
2024,11,26,10,0,0,0,0,10000,24,1494.7
2024,11,26,11,0,0,0,0,10000,25,1966.6
2024,11,26,12,0,0,0,0,10000,27,2220.5
2024,11,26,13,0,0,0,0,10000,29,2486.1
2024,11,26,14,0,0,0,0,10000,31,2522.2
2024,11,26,15,0,0,0,0,10000,33,2476.4
2024,11,26,16,0,0,0,0,10000,33,2201.9
2024,11,26,17,0,0,0,0,10000,34,1754.8
2024,11,26,18,0,0,0,0,10000,35,1051.0
2024,11,26,19,0,0,0,0,10000,33,308.5
2024,11,26,20,0,0,0,0,10000,30,70.3
2024,11,26,21,0,0,0,0,10000,26,2.4
2024,11,26,22,0,0,0,0,10000,25,0.0
2024,11,26,23,0,0,0,0,10000,24,0.0
2024,11,27,0,0,0,0,0,10000,23,0.0
2024,11,27,1,0,0,0,0,10000,22,0.0
2024,11,27,2,0,0,0,0,10000,22,0.0
2024,11,27,3,0,0,0,0,10000,22,0.0
2024,11,27,4,0,0,0,0,10000,21,0.0
2024,11,27,5,0,0,0,0,10000,20,0.0
2024,11,27,6,0,0,0,0,10000,19,0.0
2024,11,27,7,0,0,0,0,10000,19,0.0
2024,11,27,8,0,0,0,0,10000,19,67.1
2024,11,27,9,0,0,0,0,10000,26,475.2
2024,11,27,10,0,0,0,0,10000,28,1180.4
2024,11,27,11,0,0,0,0,10000,30,1859.8
2024,11,27,12,0,0,0,0,10000,31,2221.8
2024,11,27,13,0,0,0,0,10000,33,2364.2
2024,11,27,14,0,0,0,0,10000,33,2543.0
2024,11,27,15,0,0,0,0,10000,37,2306.4
2024,11,27,16,0,0,0,0,10000,37,2006.6
2024,11,27,17,0.9,0.9,1,0,9999,35,1602.6
2024,11,27,18,0,0,0,0,10000,33,961.7
2024,11,27,19,0.9,0.9,1,0,9999,32,304.5
2024,11,27,20,0,0,0,0,10000,29,68.5
2024,11,27,21,0,0,0,0,10000,26,3.2
2024,11,27,22,0,0,0,0,10000,25,0.0
2024,11,27,23,0,0,0,0,10000,25,0.0
2024,11,28,0,0,0,0,0,10000,25,0.0
2024,11,28,1,0,0,0,0,10000,24,0.0
2024,11,28,2,0,0,0,0,10000,24,0.0
2024,11,28,3,0,0,0,0,10000,24,0.0
2024,11,28,4,0,0,0,0,10000,24,0.0
2024,11,28,5,0,0,0,0,10000,24,0.0
2024,11,28,6,0,0,0,0,10000,24,0.0
2024,11,28,7,0,0,0,0,10000,24,0.0
2024,11,28,8,0,0,0,0,10000,24,58.1
2024,11,28,9,0,0,0,0,10000,26,444.3
2024,11,28,10,0,0,0,0,10000,28,1174.8
2024,11,28,11,0,0,0,0,10000,31,1838.6
2024,11,28,12,0,0,0,0,10000,33,2171.7
2024,11,28,13,0.9,0.9,1,0,9999,35,2346.2
2024,11,28,14,0.9,0.9,1,0,9999,36,2423.5
2024,11,28,15,0.9,0.9,1,0,9999,38,2277.0
2024,11,28,16,0.9,0.9,1,0,9999,39,2002.5
2024,11,28,17,2.1,3.15,2,0,9999,35,857.9
2024,11,28,18,2.1,3.15,2,0,9999,35,914.2
2024,11,28,19,2.1,3.15,2,0,9999,31,355.7
2024,11,28,20,2.1,6.0,3,0,8000,30,34.4
2024,11,28,21,2.1,6.0,3,0,8000,31,0.0
2024,11,28,22,2.1,6.0,3,0,9999,28,0.0
2024,11,28,23,2.1,6.0,3,0,9999,27,0.0
2024,11,29,0,2.1,3.9,2,0,9999,27,0.0
2024,11,29,1,1.8,2.7,2,0,9999,25,0.0
2024,11,29,2,1.8,2.7,2,0,9999,25,0.0
2024,11,29,3,0.9,0.9,1,0,9999,24,0.0
2024,11,29,4,0,0,0,0,10000,24,0.0
2024,11,29,5,0,0,0,0,10000,24,0.0
2024,11,29,6,0,0,0,0,10000,23,0.0
2024,11,29,7,0,0,0,0,8000,23,0.0
2024,11,29,8,0,0,0,0,8000,24,52.4
2024,11,29,9,0,0,0,0,8000,24,207.7
2024,11,29,10,0,0,0,0,8000,26,222.1
2024,11,29,11,0,0,0,0,8000,27,382.2
2024,11,29,12,0,0,0,0,8000,25,698.2
2024,11,29,13,1.5,1.5,1,0,9999,26,718.1
2024,11,29,14,0.9,0.9,1,0,9999,26,836.0
2024,11,29,15,0.9,0.9,1,0,9999,26,623.0
2024,11,29,16,3.6,5.1,2,1,8000,24,484.6
2024,11,29,17,4.8,8.3,2,1,4000,24,625.5
2024,11,29,19,2.1,5.4,3,0,8000,26,347.8
2024,11,29,20,2.1,3.9,2,0,9999,26,178.3
2024,11,29,21,1.8,3.3,2,0,9999,26,8.2
2024,11,29,22,1.8,3.3,2,0,9999,25,0.0
2024,11,29,23,0,0,0,0,10000,24,0.0
2024,11,30,0,0,0,0,0,10000,24,0.0
2024,11,30,1,0,0,0,0,10000,24,0.0
2024,11,30,2,1.5,2.55,2,0,8000,24,0.0
2024,11,30,3,1.5,2.55,2,0,8000,24,0.0
2024,11,30,4,1.5,2.55,2,0,8000,24,0.0
2024,11,30,5,1.5,2.55,2,0,8000,23,0.0
2024,11,30,6,1.5,2.55,2,0,8000,23,0.0
2024,11,30,7,1.5,2.55,2,0,8000,23,0.0
2024,11,30,8,1.5,2.55,2,0,5000,24,96.4
2024,11,30,9,1.5,2.55,2,0,5000,24,457.8
2024,11,30,10,3.5,7.0,2,0,5000,25,916.3
2024,11,30,11,3.5,7.0,2,0,8000,26,1320.9
2024,11,30,12,3.5,8.8,3,0,8000,26,1824.5
2024,11,30,13,1.8,3.3,2,0,8000,26,2287.5
2024,11,30,14,0.9,0.9,1,0,9999,27,2037.9
2024,11,30,15,1.8,2.7,2,0,9999,27,1961.8
2024,11,30,16,2.1,5.4,3,0,9999,26,1604.2
2024,11,30,18,2.1,5.4,3,0,9999,26,921.2
2024,11,30,21,8.0,8.0,1,0,7000,24,2.2
2024,11,30,22,6.0,6.0,1,0,6000,,0.0
2024,11,30,23,6.0,6.0,1,0,8000,,0.0
2024,12,1,0,8.0,8.0,1,0,8000,,0.0
2024,12,1,1,6.0,9.6,2,0,9999,,0.0
2024,12,1,2,3.6,7.1,2,0,9999,,0.0
2024,12,1,3,2.1,5.4,3,0,9999,,0.0
2024,12,1,4,2.1,5.4,3,0,9999,,0.0
2024,12,1,5,2.1,5.4,3,0,9999,,0.0
2024,12,1,6,2.1,5.4,3,0,9999,,0.0
2024,12,1,7,3.6,5.1,2,0,9999,,0.0
2024,12,1,8,3.6,5.1,2,0,9999,,53.8
2024,12,1,9,3.6,5.1,2,0,9999,,175.3
2024,12,1,10,6.0,12.3,3,0,9999,,426.5
2024,12,1,11,4.8,8.3,2,0,9999,,936.8
2024,12,1,12,3.6,7.2,3,0,9999,,1623.4
2024,12,1,13,3.5,6.8,3,0,9999,,1196.5
2024,12,1,14,2.1,3.6,2,0,9999,,1089.9
2024,12,1,15,2.1,2.1,1,0,9999,,1802.1
2024,12,1,16,0.9,0.9,1,0,9999,,1830.1
2024,12,1,17,0.9,0.9,1,0,9999,,1489.7
2024,12,1,18,0.9,0.9,1,0,9999,,1060.6
2024,12,1,19,0.9,0.9,1,0,9999,,402.5
2024,12,1,20,3.6,4.5,2,0,9999,,152.0
2024,12,1,21,1.8,2.7,2,0,9999,,6.3
2024,12,1,22,0,0,0,0,10000,,0.0
2024,12,1,23,0,0,0,0,10000,,0.0
2024,12,2,0,0,0,0,0,10000,,0.0
2024,12,2,1,0,0,0,0,10000,,0.0
2024,12,2,2,0,0,0,0,10000,,0.0
2024,12,2,3,0,0,0,0,10000,,0.0
2024,12,2,4,0,0,0,0,10000,,0.0
2024,12,2,5,0,0,0,0,10000,,0.0
2024,12,2,6,0,0,0,0,10000,,0.0
2024,12,2,7,0,0,0,0,10000,,0.0
2024,12,2,8,0,0,0,0,10000,,90.8
2024,12,2,9,0,0,0,0,10000,,461.0
2024,12,2,10,0,0,0,0,10000,,1089.9
2024,12,2,11,0,0,0,0,10000,,1724.2
2024,12,2,12,0,0,0,0,10000,,2135.4
2024,12,2,13,0,0,0,0,10000,,2137.1
2024,12,2,14,0,0,0,0,10000,,1885.0
2024,12,2,15,0,0,0,0,10000,,1911.4
2024,12,2,16,0,0,0,0,10000,,1764.6
2024,12,2,17,1.8,2.7,2,0,9999,,1378.4
2024,12,2,18,1.8,2.7,2,0,9999,,960.1
2024,12,2,19,2.1,4.8,3,0,9999,,429.5
2024,12,2,20,2.1,4.8,3,0,9999,,45.6
2024,12,2,21,4.8,9.3,3,0,8000,,0.0
2024,12,2,22,4.8,9.3,3,0,8000,,0.0
2024,12,2,23,4.8,8.4,2,0,8000,,0.0
2024,12,3,0,4.8,8.4,2,0,8000,,0.0
2024,12,3,1,1.8,2.7,2,0,8000,,0.0
2024,12,3,2,0.9,0.9,1,0,9999,,0.0
2024,12,3,3,0,0,0,0,10000,,0.0
2024,12,3,4,0,0,0,0,10000,,0.0
2024,12,3,5,0,0,0,0,10000,,0.0
2024,12,3,6,0,0,0,0,10000,,0.0
2024,12,3,7,0.9,0.9,1,0,8000,,0.0
2024,12,3,8,0.9,0.9,1,0,8000,,15.6
2024,12,3,9,1.5,1.5,1,0,8000,,196.7
2024,12,3,10,1.5,1.5,1,0,9999,,594.8
2024,12,3,11,1.5,1.5,1,0,9999,,834.0
2024,12,3,12,1.8,3.3,2,0,9999,,807.6
2024,12,3,13,2.4,3.9,2,0,9999,,891.5
2024,12,3,14,2.4,3.9,2,1,8000,,1577.2
2024,12,3,15,2.4,3.9,2,0,9999,,586.9
2024,12,3,16,2.4,6.0,3,0,9999,,1002.5
2024,12,3,17,2.4,6.0,3,0,8000,,511.7
2024,12,3,18,2.4,6.0,3,0,9999,,322.3
2024,12,3,19,2.4,4.5,2,1,8000,,324.8
2024,12,3,20,2.4,4.5,2,0,9999,,69.1
2024,12,3,21,3.6,6.0,2,0,9999,,0.0
2024,12,3,22,6.0,8.4,2,1,8000,,0.0
2024,12,3,23,6.0,8.4,2,1,8000,,0.0
2024,12,4,0,6.0,8.4,2,1,6000,,0.0
2024,12,4,1,6.0,11.9,3,0,5000,,0.0
2024,12,4,2,6.0,11.9,3,0,5000,,0.0
2024,12,4,3,6.0,11.9,3,0,5000,,0.0
2024,12,4,4,6.0,11.9,3,0,5000,,0.0
2024,12,4,5,6.0,11.9,3,1,3000,,0.0
2024,12,4,6,6.0,11.9,3,1,3000,,0.0
2024,12,4,7,6.0,11.9,3,0,5000,,0.0
2024,12,4,8,6.0,11.9,3,1,3000,,1.5
2024,12,4,9,6.0,11.9,3,1,3000,,76.4
2024,12,4,10,6.0,14.3,3,1,2000,,182.9
2024,12,4,11,6.0,14.3,3,1,2000,,309.0
2024,12,4,12,6.0,14.3,3,1,1000,,299.4
2024,12,4,13,6.0,14.3,3,1,1000,,494.4
2024,12,4,14,6.0,10.8,2,1,1500,,578.0
2024,12,4,15,6.0,10.8,2,1,1500,,667.1
2024,12,4,16,6.0,10.8,2,0,1500,,652.9
2024,12,4,17,6.0,10.8,2,0,1500,,626.7
2024,12,4,18,6.0,10.8,2,0,1500,,327.7
2024,12,4,19,6.0,10.8,2,0,4500,,156.4
2024,12,4,20,6.0,10.8,2,0,3000,,46.7
2024,12,4,21,6.0,10.8,2,0,3000,,0.6
2024,12,4,22,6.0,10.8,2,0,6000,22,0.0
2024,12,4,23,6.0,12.3,3,0,7000,21,0.0
2024,12,5,0,6.0,12.3,3,0,6000,21,0.0
2024,12,5,1,6.0,12.3,3,0,6000,21,0.0
2024,12,5,2,6.0,12.3,3,0,6000,21,0.0
2024,12,5,3,6.0,14.3,3,0,8000,21,0.0
2024,12,5,4,6.0,14.3,3,0,5000,21,0.0
2024,12,5,5,6.0,14.3,3,0,5000,21,0.0
2024,12,5,6,6.0,12.3,3,0,5000,21,0.0
2024,12,5,7,6.0,12.3,3,0,5000,21,0.0
2024,12,5,8,6.0,12.3,3,0,5000,21,12.5
2024,12,5,9,6.0,14.3,3,1,8000,22,156.9
2024,12,5,10,6.0,14.3,3,0,4000,22,240.6
2024,12,5,11,6.0,14.3,3,1,5000,23,652.1
2024,12,5,12,6.0,14.3,3,1,7000,23,546.9
2024,12,5,13,8.0,11.5,2,0,9999,24,701.2
2024,12,5,14,8.0,11.5,2,0,9999,24,695.8
2024,12,5,15,8.0,9.5,2,0,9999,25,945.6
2024,12,5,16,8.0,9.5,2,0,9999,26,546.4
2024,12,5,17,4.8,6.3,2,1,8000,25,277.6
2024,12,5,18,8.0,9.5,2,1,6000,25,493.7
2024,12,5,19,8.0,9.5,2,1,7000,26,248.1
2024,12,5,20,8.0,9.5,2,0,8000,25,48.9
2024,12,5,21,8.0,14.0,2,0,7000,24,4.6
2024,12,5,22,8.0,14.0,2,0,8000,24,0.0
2024,12,5,23,8.0,11.5,2,0,9999,24,0.0
2024,12,6,0,8.0,11.5,2,0,9999,24,0.0
2024,12,6,1,3.6,7.1,2,0,9999,23,0.0
2024,12,6,2,3.6,5.1,2,0,9999,23,0.0
2024,12,6,3,3.6,5.1,2,0,9999,22,0.0
2024,12,6,4,3.6,5.1,2,0,9999,22,0.0
2024,12,6,5,3.6,5.1,2,0,8000,22,0.0
2024,12,6,6,3.6,5.1,2,0,7000,22,0.0
2024,12,6,7,3.6,5.1,2,0,7000,21,0.0
2024,12,6,8,8.0,14.0,2,0,1200,23,26.6
2024,12,6,9,6.0,7.05,2,0,2000,23,394.2
2024,12,6,10,1.5,1.5,1,0,5000,26,1202.2
2024,12,6,11,1.5,1.5,1,0,9999,29,1836.3
2024,12,6,12,0.9,0.9,1,0,9999,32,2154.5
2024,12,6,13,0.9,0.9,1,0,9999,34,2546.9
2024,12,6,14,0.9,0.9,1,0,9999,35,2177.8
2024,12,6,15,0,0,0,0,10000,36,2392.7
2024,12,6,16,0,0,0,0,10000,38,2112.8
2024,12,6,17,0,0,0,0,10000,38,1731.7
2024,12,6,18,0,0,0,0,10000,38,1089.6
2024,12,6,19,0,0,0,0,10000,38,355.5
2024,12,6,20,0,0,0,0,10000,37,70.3
2024,12,6,21,0,0,0,0,10000,30,4.9
2024,12,6,22,0,0,0,0,10000,28,0.0
2024,12,6,23,0,0,0,0,10000,27,0.0
2024,12,7,0,0,0,0,0,10000,29,0.0
2024,12,7,1,0,0,0,0,10000,29,0.0
2024,12,7,2,0,0,0,0,10000,29,0.0
2024,12,7,3,0,0,0,0,10000,29,0.0
2024,12,7,4,0,0,0,0,10000,28,0.0
2024,12,7,5,0,0,0,0,10000,27,0.0
2024,12,7,6,0,0,0,0,10000,26,0.0
2024,12,7,7,0,0,0,0,10000,25,0.0
2024,12,7,8,0,0,0,0,10000,24,91.6
2024,12,7,9,0,0,0,0,10000,27,519.1
2024,12,7,10,0,0,0,0,10000,29,1248.6
2024,12,7,11,0,0,0,0,10000,31,1662.4
2024,12,7,12,0,0,0,0,10000,32,1983.8
2024,12,7,13,0,0,0,0,10000,34,2457.5
2024,12,7,14,0,0,0,0,10000,35,2324.0
2024,12,7,15,0,0,0,0,10000,37,2261.1
2024,12,7,16,0,0,0,0,10000,37,1552.9
2024,12,7,17,0,0,0,0,10000,37,1164.8
2024,12,7,18,0,0,0,0,10000,38,1230.2
2024,12,7,19,0,0,0,0,10000,29,419.7
2024,12,7,20,0,0,0,0,10000,28,127.6
2024,12,7,21,0,0,0,0,10000,27,10.2
2024,12,7,22,0,0,0,0,10000,26,0.0
2024,12,7,23,0,0,0,0,10000,26,0.0
2024,12,8,0,1.5,1.5,1,0,9999,26,0.0
2024,12,8,2,6.0,11.1,3,0,9999,26,0.0
2024,12,8,3,3.6,8.6,3,0,8000,26,0.0
2024,12,8,4,3.6,8.6,3,0,8000,26,0.0
2024,12,8,5,3.6,8.6,3,0,8000,25,0.0
2024,12,8,6,3.6,8.6,3,0,8000,25,0.0
2024,12,8,7,3.6,8.6,3,0,8000,24,0.0
2024,12,8,8,3.6,8.6,3,0,8000,24,62.9
2024,12,8,9,1.5,2.55,2,0,9999,24,255.1
2024,12,8,10,1.5,2.55,2,0,9999,26,1164.7
2024,12,8,11,1.5,2.55,2,0,9999,28,1860.0
2024,12,8,12,0,0,0,0,10000,31,2083.0
2024,12,8,13,0,0,0,0,10000,32,2018.4
2024,12,8,14,0,0,0,0,10000,30,2181.6
2024,12,8,15,0,0,0,0,10000,29,1891.6
2024,12,8,16,1.8,2.7,2,0,9999,29,1462.8
2024,12,8,17,1.8,3.3,2,0,9999,27,861.7
2024,12,8,18,3.6,7.1,2,0,9999,27,954.1
2024,12,8,19,3.6,7.1,2,0,9999,27,637.2
2024,12,8,20,4.8,8.3,2,0,9999,26,27.9
2024,12,8,21,8.0,11.5,2,0,9999,26,0.0
2024,12,8,22,8.0,11.5,2,0,9999,26,0.0
2024,12,8,23,8.0,11.5,2,0,9999,26,0.0
2024,12,9,0,3.6,5.1,2,0,9999,25,0.0
2024,12,9,1,3.6,5.1,2,0,9999,25,0.0
2024,12,9,2,3.6,3.6,1,0,9999,25,0.0
2024,12,9,3,3.6,3.6,1,0,9999,25,0.0
2024,12,9,4,3.6,3.6,1,0,9999,24,0.0
2024,12,9,5,3.6,3.6,1,0,9999,24,0.0
2024,12,9,6,3.6,3.6,1,0,9999,24,0.0
2024,12,9,7,3.6,3.6,1,0,9999,23,0.0
2024,12,9,8,1.8,2.7,2,0,9999,24,41.4
2024,12,9,9,1.05,1.95,2,0,9999,24,267.1
2024,12,9,10,1.05,1.95,2,0,9999,26,595.0
2024,12,9,11,1.05,1.95,2,0,9999,28,1159.2
2024,12,9,12,1.05,1.95,2,0,9999,30,1673.6
2024,12,9,13,1.8,2.7,2,0,9999,32,2051.6
2024,12,9,14,0,0,0,0,10000,29,2159.8
2024,12,9,15,3.5,5.3,2,0,9999,28,2110.9
2024,12,9,16,2.1,5.4,3,0,9999,27,1235.2
2024,12,9,17,3.6,9.5,3,0,9999,26,792.7
2024,12,9,18,4.8,9.2,3,0,9999,25,424.6
2024,12,9,19,4.8,9.2,3,0,9999,25,167.2
2024,12,9,20,6.0,11.7,3,1,4500,24,9.3
2024,12,9,21,6.0,10.8,2,0,5000,24,0.0
2024,12,9,22,6.0,12.3,3,0,9999,24,0.0
2024,12,9,23,3.6,7.2,3,0,9999,24,0.0
2024,12,10,0,3.6,5.1,2,0,9999,24,0.0
2024,12,10,1,6.0,9.5,2,0,9999,24,0.0
2024,12,10,2,6.0,14.3,3,0,9999,24,0.0
2024,12,10,3,4.8,9.9,3,0,9999,24,0.0
2024,12,10,4,6.0,14.3,3,0,9999,24,0.0
2024,12,10,5,6.0,12.3,3,0,9999,24,0.0
2024,12,10,6,6.0,12.3,3,0,9999,24,0.0
2024,12,10,7,6.0,12.3,3,0,9999,24,0.0
2024,12,10,8,6.0,12.3,3,0,9999,24,3.7
2024,12,10,9,4.8,9.3,3,0,5000,24,218.2
2024,12,10,10,4.8,9.3,3,0,5000,24,613.8
2024,12,10,11,2.4,5.1,3,0,9999,26,890.1
2024,12,10,12,0,0,0,0,10000,28,1448.3
2024,12,10,13,2.4,3.9,2,0,9999,28,1033.7
2024,12,10,14,2.4,4.5,2,0,9999,28,1090.5
2024,12,10,15,3.5,5.9,2,0,9999,29,1482.8
2024,12,10,16,3.6,5.1,2,0,9999,30,1227.2
2024,12,10,17,3.6,7.1,2,0,9999,31,907.3
2024,12,10,18,3.6,4.5,2,0,9999,29,630.1
2024,12,10,19,3.6,3.6,1,0,9999,30,231.6
2024,12,10,20,6.0,10.8,2,0,9999,25,24.0
2024,12,10,21,8.0,14.0,2,0,9999,24,0.0
2024,12,10,22,6.0,11.7,3,0,9999,24,0.0
2024,12,10,23,6.0,10.5,3,1,8000,22,0.0
2024,12,11,1,3.6,7.2,3,0,9999,22,0.0
2024,12,11,2,6.0,9.6,2,0,9999,22,0.0
2024,12,11,3,3.6,7.1,2,0,9999,22,0.0
2024,12,11,4,3.6,5.7,2,0,9999,22,0.0
2024,12,11,5,3.6,4.5,2,0,9999,22,0.0
2024,12,11,6,3.6,4.5,2,0,9999,21,0.0
2024,12,11,7,3.6,4.5,2,0,9999,21,0.0
2024,12,11,8,1.8,2.7,2,0,9999,21,6.0
2024,12,11,9,3.6,7.1,2,0,9999,22,181.0
2024,12,11,10,2.1,3.6,2,0,9999,23,442.8
2024,12,11,11,3.6,5.1,2,0,9999,24,1095.2
2024,12,11,12,3.6,5.7,2,0,9999,25,1589.7
2024,12,11,13,3.6,5.7,2,0,9999,25,1177.8
2024,12,11,14,3.6,7.8,3,0,9999,26,1873.7
2024,12,11,15,3.6,7.8,3,0,9999,26,2066.9
2024,12,11,16,2.1,4.2,2,0,9999,27,1963.4
2024,12,11,17,2.1,4.2,2,0,9999,27,1473.4
2024,12,11,18,2.1,4.2,2,0,9999,27,897.5
2024,12,11,19,2.1,4.2,2,0,9999,26,216.0
2024,12,11,20,2.1,4.2,2,0,9999,25,104.9
2024,12,11,21,2.1,4.2,2,0,9999,24,17.6
2024,12,11,22,3.6,6.6,3,0,9999,23,0.0
2024,12,11,23,3.6,6.6,3,0,9999,23,0.0
2024,12,12,0,3.6,5.7,2,0,9999,23,0.0
2024,12,12,1,6.0,6.0,1,0,9999,23,0.0
2024,12,12,2,3.6,3.6,1,0,9999,23,0.0
2024,12,12,3,0.9,0.9,1,0,9999,23,0.0
2024,12,12,4,0,0,0,0,10000,22,0.0
2024,12,12,5,0,0,0,0,10000,21,0.0
2024,12,12,6,0,0,0,0,10000,21,0.0
2024,12,12,7,0,0,0,0,10000,20,0.0
2024,12,12,8,0,0,0,0,10000,21,49.4
2024,12,12,9,1.5,1.5,1,0,8000,21,458.1
2024,12,12,10,1.5,1.5,1,0,9999,23,1258.6
2024,12,12,11,3.5,3.5,1,0,9999,24,1647.8
2024,12,12,12,3.6,3.6,1,0,9999,27,1246.0
2024,12,12,13,3.6,3.6,1,0,9999,28,1473.2
2024,12,12,14,3.6,3.6,1,0,9999,26,1092.5
2024,12,12,15,3.6,3.6,1,0,9999,27,1044.7
2024,12,12,16,3.6,3.6,1,0,9999,27,747.2
2024,12,12,17,3.6,3.6,1,0,9999,27,729.9
2024,12,12,18,2.1,3.9,2,0,9999,26,416.0
2024,12,12,19,2.1,3.9,2,0,9999,26,548.2
2024,12,12,20,2.1,3.9,2,0,9999,26,191.3
2024,12,12,21,3.6,5.4,2,0,9999,25,7.8
2024,12,12,22,3.6,3.6,1,0,9999,24,0.0
2024,12,12,23,3.6,3.6,1,0,9999,24,0.0
2024,12,13,0,3.6,3.6,1,0,9999,24,0.0
2024,12,13,1,3.6,7.1,2,0,8000,24,0.0
2024,12,13,2,3.6,7.1,2,0,8000,24,0.0
2024,12,13,3,3.6,7.1,2,0,8000,24,0.0
2024,12,13,4,3.6,7.1,2,0,8000,23,0.0
2024,12,13,5,3.6,7.1,2,0,8000,23,0.0
2024,12,13,6,3.6,7.1,2,0,8000,22,0.0
2024,12,13,7,3.6,7.1,2,0,8000,22,0.0
2024,12,13,8,3.6,7.1,2,0,8000,22,52.9
2024,12,13,9,2.1,3.6,2,0,9999,22,370.8
2024,12,13,10,0,0,0,0,10000,24,1282.3
2024,12,13,11,0,0,0,0,10000,26,1773.1
2024,12,13,12,1.05,1.95,2,0,9999,27,1899.4
2024,12,13,13,1.05,1.95,2,0,9999,28,2175.1
2024,12,13,14,2.1,2.1,1,0,9999,30,1637.0
2024,12,13,15,2.1,2.1,1,0,9999,30,1918.0
2024,12,13,16,0.9,0.9,1,0,9999,32,1856.7
2024,12,13,17,2.1,2.1,1,0,9999,31,1428.9
2024,12,13,18,2.1,2.1,1,0,9999,29,1023.4
2024,12,13,19,0.9,0.9,1,0,9999,28,464.2
2024,12,13,20,0.9,0.9,1,0,9999,27,174.6
2024,12,13,21,3.6,3.6,1,0,9999,26,13.7
2024,12,13,22,3.6,3.6,1,0,9999,25,0.0
2024,12,13,23,3.6,3.6,1,0,9999,24,0.0
2024,12,14,0,3.6,5.7,2,0,9999,25,0.0
2024,12,14,1,3.6,5.7,2,0,9999,25,0.0
2024,12,14,2,3.6,5.7,2,0,9999,24,0.0
2024,12,14,3,3.6,5.7,2,0,9999,24,0.0
2024,12,14,4,2.1,2.1,1,0,9999,24,0.0
2024,12,14,5,2.1,2.1,1,0,9999,23,0.0
2024,12,14,6,2.1,2.1,1,0,9999,23,0.0
2024,12,14,7,2.1,2.1,1,0,9999,22,0.0
2024,12,14,8,2.1,2.1,1,0,9999,22,17.0
2024,12,14,9,1.8,2.7,2,0,9999,23,309.8
2024,12,14,10,1.8,2.7,2,0,9999,25,901.0
2024,12,14,11,1.8,2.7,2,0,9999,27,1069.5
2024,12,14,12,1.8,2.7,2,0,9999,28,1819.0
2024,12,14,13,1.8,2.7,2,0,9999,30,1919.3
2024,12,14,14,1.8,2.7,2,0,9999,31,1858.9
2024,12,14,15,1.8,2.7,2,0,9999,32,1403.4
2024,12,14,16,1.8,2.7,2,0,9999,32,874.1
2024,12,14,17,1.8,2.7,2,0,9999,31,476.1
2024,12,14,18,1.8,2.7,2,0,9999,31,340.0
2024,12,14,19,1.8,2.7,2,0,9999,30,94.0
2024,12,14,20,3.6,6.9,3,1,7000,24,6.1
2024,12,14,21,4.8,9.2,3,1,9999,24,18.9
2024,12,14,22,3.5,5.9,2,0,9999,23,0.0
2024,12,14,23,2.4,3.9,2,0,9999,24,0.0
2024,12,15,0,1.8,2.7,2,0,9999,24,0.0
2024,12,15,1,1.8,2.7,2,1,8000,24,0.0
2024,12,15,2,1.8,2.7,2,1,8000,24,0.0
2024,12,15,3,1.8,2.7,2,1,8000,23,0.0
2024,12,15,4,1.8,2.7,2,1,7000,23,0.0
2024,12,15,5,1.8,2.7,2,1,7000,23,0.0
2024,12,15,6,3.6,4.5,2,1,7000,23,0.0
2024,12,15,7,3.6,4.5,2,1,7000,23,0.0
2024,12,15,8,3.6,4.5,2,1,6000,23,5.5
2024,12,15,9,2.1,3.9,2,1,8000,23,88.8
2024,12,15,10,2.1,3.9,2,1,8000,23,271.9
2024,12,15,11,1.8,2.7,2,0,9999,25,1215.6
2024,12,15,12,1.8,2.7,2,0,9999,27,1612.9
2024,12,15,13,1.8,3.3,2,0,9999,28,1524.1
2024,12,15,14,1.8,2.7,2,0,9999,30,1636.4
2024,12,15,15,1.8,2.7,2,0,9999,33,1219.0
2024,12,15,16,1.8,2.7,2,0,9999,33,1882.5
2024,12,15,17,1.8,2.7,2,0,9999,33,1598.5
2024,12,15,18,1.8,2.7,2,0,9999,31,522.1
2024,12,15,19,1.8,2.7,2,0,9999,31,263.4
2024,12,15,20,1.8,2.7,2,0,9999,29,53.3
2024,12,15,21,1.8,2.7,2,0,9999,28,7.5
2024,12,15,22,1.8,2.7,2,0,9999,26,0.0
2024,12,15,23,1.8,2.7,2,0,9999,27,0.0
2024,12,16,0,1.8,2.7,2,0,9999,26,0.0
2024,12,16,1,2.1,2.1,1,0,9999,26,0.0
2024,12,16,2,2.1,2.1,1,0,9999,27,0.0
2024,12,16,3,2.1,2.1,1,0,9999,27,0.0
2024,12,16,4,2.1,2.1,1,0,9999,26,0.0
2024,12,16,5,2.1,2.1,1,0,9999,26,0.0
2024,12,16,6,2.1,2.1,1,0,9999,25,0.0
2024,12,16,7,2.1,2.1,1,0,9999,25,0.0
2024,12,16,8,0,0,0,0,10000,26,64.0
2024,12,16,9,0,0,0,0,10000,27,443.8
2024,12,16,10,0,0,0,0,10000,29,1186.3
2024,12,16,11,3.6,4.5,2,0,9999,29,1027.0
2024,12,16,12,0.9,0.9,1,0,9999,30,1498.7
2024,12,16,13,3.6,5.7,2,0,9999,31,1756.5
2024,12,16,14,3.6,5.7,2,0,9999,32,2025.3
2024,12,16,15,3.6,5.7,2,0,9999,33,1953.4
2024,12,16,16,3.6,5.7,2,0,9999,32,1524.2
2024,12,16,17,3.6,6.6,3,0,9999,30,960.9
2024,12,16,18,3.6,10.1,4,0,8000,29,342.5
2024,12,16,19,3.6,7.2,3,0,8000,23,359.9
2024,12,16,20,3.6,5.7,2,0,9999,27,206.1
2024,12,16,21,3.6,5.7,2,0,9999,25,22.1
2024,12,16,22,3.6,5.7,2,0,9999,26,0.0
2024,12,16,23,3.6,5.7,2,0,9999,25,0.0
2024,12,17,0,3.6,9.2,3,0,9999,24,0.0
2024,12,17,1,3.6,7.2,3,0,9999,24,0.0
2024,12,17,2,3.6,4.5,2,0,9999,24,0.0
2024,12,17,3,3.6,4.5,2,0,9999,23,0.0
2024,12,17,4,3.6,4.5,2,0,9999,23,0.0
2024,12,17,5,3.6,4.5,2,0,9999,23,0.0
2024,12,17,6,3.6,4.5,2,0,9999,23,0.0
2024,12,17,7,3.6,4.5,2,0,9999,23,0.0
2024,12,17,8,3.6,4.5,2,0,9999,23,38.3
2024,12,17,9,0,0,0,0,10000,22,352.4
2024,12,17,10,0,0,0,0,10000,24,1091.1
2024,12,17,11,0,0,0,0,10000,26,1822.8
2024,12,17,12,1.5,1.5,1,0,9999,26,2286.4
2024,12,17,13,1.5,1.5,1,0,9999,27,2307.9
2024,12,17,14,1.5,1.5,1,0,9999,27,2322.0
2024,12,17,15,0.9,0.9,1,0,9999,27,2121.2
2024,12,17,16,0.9,0.9,1,0,9999,27,1757.7
2024,12,17,17,0.9,0.9,1,0,9999,26,2047.6
2024,12,17,18,2.1,2.1,1,0,9999,26,1297.2
2024,12,17,19,2.1,3.6,2,0,9999,26,537.7
2024,12,17,20,3.6,5.1,2,0,9999,25,214.9
2024,12,17,21,3.6,5.1,2,0,9999,25,8.6
2024,12,17,22,3.6,5.1,2,0,9999,24,0.0
2024,12,17,23,3.6,7.1,2,0,9999,24,0.0
2024,12,18,0,3.6,7.1,2,0,9999,24,0.0
2024,12,18,1,6.0,12.3,3,0,5000,24,0.0
2024,12,18,2,6.0,12.3,3,0,5000,24,0.0
2024,12,18,3,6.0,12.3,3,0,5000,23,0.0
2024,12,18,4,6.0,12.3,3,0,5000,23,0.0
2024,12,18,5,6.0,12.3,3,0,5000,23,0.0
2024,12,18,6,6.0,12.3,3,0,5000,22,0.0
2024,12,18,7,6.0,12.3,3,0,5000,22,0.0
2024,12,18,8,6.0,12.3,3,0,8000,22,62.1
2024,12,18,9,6.0,12.3,3,0,8000,22,367.4
2024,12,18,10,2.1,4.2,2,0,8000,24,982.0
2024,12,18,11,3.6,7.2,3,0,8000,25,1950.1
2024,12,18,12,3.6,7.2,3,0,8000,26,1375.2
2024,12,18,13,3.5,5.0,2,0,9999,26,1653.4
2024,12,18,14,3.6,5.1,2,0,9999,25,2033.9
2024,12,18,15,3.5,5.6,2,0,9999,26,1933.9
2024,12,18,16,3.5,5.6,2,0,9999,27,1743.8
2024,12,18,17,3.5,3.5,1,0,9999,27,1213.5
2024,12,18,18,3.6,10.7,3,0,9999,26,346.1
2024,12,18,19,3.6,8.6,3,0,9999,25,136.9
2024,12,18,20,3.6,8.6,3,0,9999,25,19.8
2024,12,18,21,3.6,7.1,2,0,9999,25,0.0
2024,12,18,22,3.6,7.1,2,0,9999,24,0.0
2024,12,18,23,3.6,5.7,2,0,9999,24,0.0
2024,12,19,0,3.6,5.7,2,0,9999,24,0.0
2024,12,19,1,3.6,5.7,2,0,9999,24,0.0
2024,12,19,2,3.6,5.7,2,0,9999,24,0.0
2024,12,19,3,3.6,5.7,2,0,9999,24,0.0
2024,12,19,4,3.6,5.7,2,0,9999,23,0.0
2024,12,19,5,3.6,5.7,2,0,9999,22,0.0
2024,12,19,6,3.6,5.7,2,0,9999,22,0.0
2024,12,19,8,3.6,5.7,2,0,9999,22,41.2
2024,12,19,9,0,0,0,0,9999,,386.6
2024,12,19,10,0,0,0,0,9999,,1172.8
2024,12,19,11,0.9,0.9,1,0,9999,,1783.3
2024,12,19,12,0.9,0.9,1,0,9999,,2020.5
2024,12,19,13,0.9,0.9,1,0,9999,,1718.8
2024,12,19,14,2.1,2.1,1,0,9999,,1710.0
2024,12,19,15,2.1,2.1,1,0,9999,,1181.2
2024,12,19,16,0.9,0.9,1,0,9999,30,1880.2
2024,12,19,18,0.9,0.9,1,0,9999,29,1165.7
2024,12,19,19,0.9,0.9,1,0,9999,28,452.9
2024,12,19,20,0.9,0.9,1,0,9999,28,176.3
2024,12,19,21,2.1,3.0,2,0,9999,26,20.6
2024,12,19,22,2.1,3.0,2,0,9999,25,0.0
2024,12,19,23,3.6,4.5,2,0,9999,25,0.0
2024,12,20,0,3.6,4.5,2,0,9999,25,0.0
2024,12,20,1,3.6,5.1,2,0,9999,25,0.0
2024,12,20,2,3.6,5.1,2,0,9999,24,0.0
2024,12,20,3,2.1,3.6,2,0,9999,23,0.0
2024,12,20,4,1.5,1.5,1,0,9999,23,0.0
2024,12,20,5,0.9,0.9,1,0,9999,23,0.0
2024,12,20,6,0.9,0.9,1,0,9999,23,0.0
2024,12,20,7,2.1,3.6,2,0,9999,23,0.0
2024,12,20,8,2.1,3.6,2,0,9999,23,38.8
2024,12,20,9,1.5,1.5,1,0,9999,25,458.3
2024,12,20,10,1.5,1.5,1,0,9999,27,955.9
2024,12,20,11,1.5,1.5,1,0,9999,29,1052.4
2024,12,20,12,1.8,2.7,2,0,9999,30,834.4
2024,12,20,13,2.1,3.9,2,0,9999,31,1813.5
2024,12,20,14,1.8,2.7,2,0,9999,33,2082.0
2024,12,20,15,1.8,2.7,2,0,9999,35,2256.9
2024,12,20,16,1.8,2.7,2,0,9999,36,2079.3
2024,12,20,17,1.8,2.7,2,0,9999,37,1692.5
2024,12,20,18,1.8,2.7,2,0,9999,35,404.0
2024,12,20,19,3.6,7.2,2,1,9999,29,182.4
2024,12,20,20,2.1,4.2,2,0,9999,27,48.4
2024,12,20,21,3.6,5.7,2,0,9999,26,0.0
2024,12,20,22,3.6,4.5,2,0,9999,24,0.0
2024,12,20,23,1.8,2.7,2,0,9999,24,0.0
2024,12,21,0,1.8,2.7,2,0,9999,25,0.0
2024,12,21,1,2.1,5.4,3,1,9999,23,0.0
2024,12,21,2,2.1,5.4,3,1,9999,24,0.0
2024,12,21,3,3.5,5.3,2,0,9999,23,0.0
2024,12,21,4,3.5,5.3,2,0,9999,23,0.0
2024,12,21,5,2.4,6.0,3,0,9999,23,0.0
2024,12,21,6,4.8,8.4,3,1,8000,23,0.0
2024,12,21,7,4.8,8.4,3,1,8000,22,0.0
2024,12,21,8,4.8,8.4,3,0,9999,22,31.3
2024,12,21,9,3.6,6.9,3,0,9999,24,106.2
2024,12,21,10,3.6,6.9,3,0,9999,26,505.4
2024,12,21,11,3.6,6.3,3,0,9999,27,387.2
2024,12,21,12,3.6,6.3,3,0,9999,27,446.5
2024,12,21,13,3.6,6.3,3,0,9999,28,846.9
2024,12,21,14,3.6,6.3,3,0,9999,28,1325.6
2024,12,21,15,3.6,6.3,3,0,9999,30,1577.0
2024,12,21,16,3.6,6.3,3,0,9999,30,1141.3
2024,12,21,17,1.8,2.7,2,0,9999,30,1357.3
2024,12,21,18,1.8,2.7,2,0,9999,29,438.9
2024,12,21,19,2.1,4.8,3,0,9999,27,475.5
2024,12,21,20,2.1,4.8,3,0,9999,27,110.9
2024,12,21,21,2.1,4.8,3,0,9999,26,5.5
2024,12,21,22,2.1,4.8,3,0,9999,25,0.0
2024,12,21,23,3.6,5.7,2,0,9999,25,0.0
2024,12,22,0,3.6,5.7,2,0,9999,25,0.0
2024,12,22,1,2.1,3.0,2,0,9999,25,0.0
2024,12,22,2,1.05,1.95,2,0,9999,25,0.0
2024,12,22,3,1.05,1.95,2,0,9999,24,0.0
2024,12,22,4,1.05,1.95,2,0,9999,24,0.0
2024,12,22,5,1.05,1.95,2,0,9999,23,0.0
2024,12,22,6,1.05,1.95,2,0,9999,23,0.0
2024,12,22,7,1.05,1.95,2,0,9999,24,0.0
2024,12,22,8,1.05,1.95,2,0,9999,24,48.0
2024,12,22,9,1.5,1.5,1,0,9999,24,411.6
2024,12,22,10,1.5,1.5,1,0,9999,26,546.3
2024,12,22,11,1.5,1.5,1,0,9999,26,654.7
2024,12,22,12,0.9,0.9,1,0,9999,27,825.9
2024,12,22,13,1.8,2.7,2,0,9999,28,734.1
2024,12,22,14,1.8,2.7,2,0,9999,29,1123.8
2024,12,22,15,1.8,2.7,2,0,9999,30,1726.9
2024,12,22,16,1.8,2.7,2,0,9999,30,888.5
2024,12,22,17,1.8,2.7,2,0,9999,28,1407.5
2024,12,22,18,1.8,2.7,2,0,9999,28,705.3
2024,12,22,19,6.0,12.3,3,0,9999,26,122.4
2024,12,22,20,6.0,10.8,2,1,5000,25,56.3
2024,12,22,21,6.0,10.8,2,0,6000,25,2.3
2024,12,22,22,6.0,12.3,3,0,6000,25,0.0
2024,12,22,23,4.8,11.9,3,0,8000,25,0.0
2024,12,23,0,4.8,11.9,3,0,8000,24,0.0
2024,12,23,1,6.0,14.3,3,0,5000,24,0.0
2024,12,23,2,6.0,14.3,3,0,5000,25,0.0
2024,12,23,3,6.0,14.3,3,0,5000,24,0.0
2024,12,23,4,6.0,14.3,3,0,5000,24,0.0
2024,12,23,5,6.0,14.3,3,0,5000,24,0.0
2024,12,23,6,6.0,14.3,3,0,5000,24,0.0
2024,12,23,7,6.0,14.3,3,0,5000,23,0.0
2024,12,23,8,6.0,14.3,3,0,5000,23,28.3
2024,12,23,9,6.0,14.3,3,0,5000,24,234.4
2024,12,23,10,6.0,14.3,3,0,5000,25,536.2
2024,12,23,11,6.0,14.3,3,0,8000,25,651.9
2024,12,23,12,4.8,11.8,3,0,8000,26,1499.2
2024,12,23,13,3.6,10.6,3,0,9999,27,1264.5
2024,12,23,14,6.0,13.1,3,0,9999,27,1212.7
2024,12,23,15,6.0,13.1,3,0,9999,28,1414.5
2024,12,23,16,3.6,7.1,2,0,9999,28,1770.3
2024,12,23,17,6.0,9.6,2,0,8000,26,1683.9
2024,12,23,18,6.0,9.6,2,0,8000,26,924.9
2024,12,23,19,3.6,7.1,2,0,9999,25,183.9
2024,12,23,20,3.6,7.1,2,0,9999,24,95.3
2024,12,23,21,3.6,7.1,2,0,9999,25,2.5
2024,12,23,22,4.8,9.9,3,0,4000,24,0.0
2024,12,23,23,6.0,12.3,3,0,3000,23,0.0
2024,12,24,0,4.8,9.9,3,1,5000,23,0.0
2024,12,24,1,4.8,9.9,3,0,8000,23,0.0
2024,12,24,2,4.8,9.9,3,1,6000,22,0.0
2024,12,24,3,4.8,9.9,3,1,6000,22,0.0
2024,12,24,4,4.8,9.9,3,0,6000,23,0.0
2024,12,24,5,4.8,9.9,3,0,6000,22,0.0
2024,12,24,6,4.8,9.9,3,0,6000,22,0.0
2024,12,24,7,4.8,9.9,3,0,8000,22,0.0
2024,12,24,8,6.0,10.8,2,0,6000,22,36.5
2024,12,24,9,6.0,10.8,2,0,8000,23,237.3
2024,12,24,10,6.0,10.8,2,0,6000,23,569.7
2024,12,24,11,6.0,10.8,2,0,6000,24,1229.4
2024,12,24,12,6.0,10.8,2,0,6000,24,1012.1
2024,12,24,13,2.1,3.6,2,0,9999,26,1561.9
2024,12,24,14,6.0,12.3,3,0,8000,26,1510.9
2024,12,24,15,6.0,12.3,3,0,7000,26,1206.2
2024,12,24,16,4.8,11.9,3,0,7000,27,1314.1
2024,12,24,17,3.6,7.2,3,0,8000,28,1162.0
2024,12,24,18,3.6,5.1,2,0,8000,28,651.8
2024,12,24,19,3.6,7.2,3,0,9999,26,425.4
2024,12,24,20,3.6,7.2,3,0,9999,25,108.7
2024,12,24,21,3.6,8.7,3,0,9999,25,1.9
2024,12,24,22,3.6,8.7,3,0,9999,25,0.0
2024,12,24,23,3.6,8.7,3,0,9999,24,0.0
2024,12,25,0,3.6,8.7,3,0,9999,24,0.0
2024,12,25,1,4.8,9.9,3,0,9999,24,0.0
2024,12,25,2,4.8,9.9,3,0,9999,24,0.0
2024,12,25,3,4.8,9.9,3,0,9999,24,0.0
2024,12,25,4,3.6,5.1,2,0,9999,23,0.0
2024,12,25,5,3.6,5.1,2,0,9999,23,0.0
2024,12,25,6,3.6,5.1,2,0,9999,23,0.0
2024,12,25,7,3.6,5.1,2,0,9999,23,0.0
2024,12,25,8,3.6,5.1,2,0,9999,23,61.6
2024,12,25,9,1.5,1.5,1,0,9999,23,270.9
2024,12,25,10,3.5,3.5,1,0,9999,25,1134.3
2024,12,25,11,3.5,3.5,1,0,9999,27,1398.1
2024,12,25,12,1.5,1.5,1,0,9999,29,1902.3
2024,12,25,13,1.5,1.5,1,0,9999,31,1473.4
2024,12,25,14,2.1,2.1,1,0,9999,31,2086.6
2024,12,25,15,2.1,2.1,1,0,9999,32,1859.1
2024,12,25,16,1.5,1.5,1,0,9999,33,1960.1
2024,12,25,17,0.9,0.9,1,0,9999,33,1288.8
2024,12,25,18,0.9,0.9,1,0,9999,34,1269.4
2024,12,25,19,2.1,2.1,1,0,9999,35,380.5
2024,12,25,20,2.1,2.1,1,0,9999,32,97.4
2024,12,25,21,0.9,0.9,1,0,9999,28,9.5
2024,12,25,22,0.9,0.9,1,0,9999,27,0.0
2024,12,25,23,0.9,0.9,1,0,9999,27,0.0
2024,12,26,0,0.9,0.9,1,0,9999,27,0.0
2024,12,26,1,1.05,1.95,2,0,9999,28,0.0
2024,12,26,2,1.05,1.95,2,0,9999,28,0.0
2024,12,26,3,1.05,1.95,2,0,9999,28,0.0
2024,12,26,4,1.05,1.95,2,0,9999,28,0.0
2024,12,26,5,1.8,2.7,2,0,9999,28,0.0
2024,12,26,6,1.8,2.7,2,0,9999,27,0.0
2024,12,26,7,1.8,2.7,2,0,9999,27,0.0
2024,12,26,8,1.8,2.7,2,0,9999,27,12.8
2024,12,26,9,1.8,2.7,2,0,9999,26,99.6
2024,12,26,10,1.8,2.7,2,0,9999,28,386.5
2024,12,26,11,1.8,2.7,2,0,9999,29,665.5
2024,12,26,12,1.8,2.7,2,0,9999,29,813.8
2024,12,26,13,1.8,2.7,2,0,9999,30,1146.8
2024,12,26,14,2.1,2.1,1,0,9999,28,1602.1
2024,12,26,15,2.1,5.4,3,1,9999,27,836.0
2024,12,26,16,2.1,5.4,3,0,9999,25,400.9
2024,12,26,17,3.6,9.2,3,1,9999,25,425.7
2024,12,26,18,1.8,3.3,2,1,9999,25,339.7
2024,12,26,19,4.8,10.4,3,0,8000,25,188.3
2024,12,26,20,4.8,10.4,3,0,8000,25,79.7
2024,12,26,21,4.8,10.4,3,0,8000,25,1.1
2024,12,26,22,4.8,10.4,3,1,3000,25,0.0
2024,12,26,23,4.8,10.4,3,1,3000,25,0.0
2024,12,27,0,4.8,10.4,3,1,3000,25,0.0
2024,12,27,1,3.6,7.2,3,1,9999,25,0.0
2024,12,27,2,3.6,7.2,3,1,8000,24,0.0
2024,12,27,3,3.6,7.2,3,1,8000,24,0.0
2024,12,27,4,3.6,7.2,3,1,8000,23,0.0
2024,12,27,5,3.6,7.2,3,1,7000,22,0.0
2024,12,27,6,3.6,7.2,3,1,7000,22,0.0
2024,12,27,7,3.6,7.2,3,1,5000,22,0.1
2024,12,27,8,3.6,7.2,3,1,5000,24,42.6
2024,12,27,9,3.6,5.1,2,0,7000,25,253.5
2024,12,27,10,3.6,4.5,2,1,9999,25,426.0
2024,12,27,11,3.6,7.1,2,1,9999,25,214.6
2024,12,27,12,3.6,7.1,2,1,9999,25,336.3
2024,12,27,13,3.6,7.5,3,1,8000,26,1010.9
2024,12,27,14,3.6,7.5,3,1,8000,27,1441.6
2024,12,27,15,4.8,9.9,3,1,8000,28,1357.9
2024,12,27,16,3.6,7.5,3,1,9999,28,439.3
2024,12,27,17,3.6,7.2,3,1,9999,27,849.6
2024,12,27,18,4.8,9.9,3,1,8000,25,603.7
2024,12,27,19,4.8,9.9,3,1,7000,25,302.0
2024,12,27,20,6.0,14.3,3,1,8000,24,48.8
2024,12,27,21,6.0,14.3,3,1,8000,24,3.3
2024,12,27,22,6.0,13.1,3,1,8000,24,0.0
2024,12,27,23,6.0,13.1,3,1,8000,24,0.0
2024,12,28,0,6.0,13.1,3,1,8000,24,0.0
2024,12,28,1,3.6,9.5,3,1,8000,24,0.0
2024,12,28,2,3.6,9.5,3,1,8000,24,0.0
2024,12,28,3,3.6,7.5,3,1,8000,23,0.0
2024,12,28,4,3.6,7.5,3,0,9000,23,0.0
2024,12,28,5,4.8,9.9,3,1,8000,23,0.0
2024,12,28,6,4.8,9.9,3,1,7000,23,0.0
2024,12,28,7,4.8,9.9,3,1,7000,23,0.0
2024,12,28,8,4.8,9.9,3,1,7000,23,26.2
2024,12,28,9,2.1,5.4,3,0,9999,23,311.3
2024,12,28,10,2.1,5.4,3,0,9999,24,751.4
2024,12,28,11,3.5,5.3,2,0,9999,25,1417.4
2024,12,28,12,6.0,6.0,1,0,9999,26,1829.4
2024,12,28,13,3.5,3.5,1,0,9999,27,2292.6
2024,12,28,14,3.5,3.5,1,0,9999,28,2136.0
2024,12,28,15,2.1,3.6,2,0,9999,28,2186.6
2024,12,28,16,2.1,3.6,2,0,9999,27,1927.9
2024,12,28,17,2.1,3.6,2,0,9999,28,1979.5
2024,12,28,18,2.1,3.6,2,0,9999,28,1284.8
2024,12,28,19,1.05,1.95,2,0,9999,27,632.0
2024,12,28,20,1.8,2.7,2,0,9999,27,145.1
2024,12,28,21,1.8,3.3,2,0,9999,26,25.2
2024,12,28,22,1.8,3.3,2,0,9999,25,0.0
2024,12,28,23,1.8,3.3,2,0,9999,25,0.0
2024,12,29,0,3.6,5.1,2,0,9999,25,0.0
2024,12,29,1,3.6,7.2,3,0,9999,25,0.0
2024,12,29,2,3.6,7.2,3,0,9999,24,0.0
2024,12,29,3,3.6,7.2,3,0,9999,24,0.0
2024,12,29,4,3.6,7.2,3,0,9999,24,0.0
2024,12,29,5,3.6,7.2,3,0,9999,24,0.0
2024,12,29,6,3.6,7.2,3,0,9999,23,0.0
2024,12,29,7,3.6,7.2,3,0,9999,23,0.0
2024,12,29,8,3.6,7.2,3,0,9999,23,63.1
2024,12,29,9,2.1,3.6,2,0,4000,23,344.1
2024,12,29,10,3.6,7.1,2,0,4000,25,450.1
2024,12,29,11,6.0,9.6,2,0,7000,26,1085.1
2024,12,29,12,6.0,11.1,3,0,9000,26,1103.9
2024,12,29,13,4.8,11.9,3,0,9999,26,1172.2
2024,12,29,14,3.5,5.3,2,0,9999,28,1644.0
2024,12,29,15,1.8,3.3,2,0,9999,28,1383.1
2024,12,29,16,1.8,2.7,2,0,9999,28,1238.0
2024,12,29,17,1.8,2.7,2,0,9999,29,1272.7
2024,12,29,18,1.8,2.7,2,0,9999,28,924.8
2024,12,29,19,3.5,8.3,4,0,9999,27,565.2
2024,12,29,20,3.5,8.3,4,0,9999,26,199.1
2024,12,29,21,2.1,4.8,3,0,9999,26,25.7
2024,12,29,22,2.1,4.8,3,0,9999,25,0.0
2024,12,29,23,3.6,5.7,2,0,9999,25,0.0
2024,12,30,0,3.6,5.7,2,0,9999,25,0.0
2024,12,30,1,3.6,5.7,2,0,9999,25,0.0
2024,12,30,2,3.6,7.1,2,0,9999,24,0.0
2024,12,30,3,3.5,5.3,2,0,9999,24,0.0
2024,12,30,4,3.5,5.3,2,0,9999,24,0.0
2024,12,30,5,3.5,5.3,2,0,9999,24,0.0
2024,12,30,6,3.5,5.3,2,0,9999,24,0.0
2024,12,30,7,3.5,6.8,3,0,9999,23,0.0
2024,12,30,8,3.5,6.8,3,0,9999,23,45.0
2024,12,30,9,2.1,5.4,3,0,9999,24,176.3
2024,12,30,10,2.1,5.4,3,0,9999,24,697.2
2024,12,30,11,3.5,5.3,2,0,9999,26,665.6
2024,12,30,12,3.5,3.5,1,0,9999,26,1581.7
2024,12,30,13,3.6,10.6,3,0,9999,27,2325.2
2024,12,30,14,3.6,10.6,3,0,9999,27,2064.9
2024,12,30,15,3.6,8.6,3,0,9999,28,2379.7
2024,12,30,16,3.6,7.1,2,0,9999,29,2500.6
2024,12,30,17,3.6,7.1,2,0,9999,28,1654.7
2024,12,30,18,3.6,8.0,3,0,9999,29,1546.0
2024,12,30,19,3.6,10.6,3,0,9999,27,448.4
2024,12,30,20,3.5,5.9,3,0,9999,26,214.1
2024,12,30,21,3.5,5.9,3,0,9999,26,12.7
2024,12,30,22,3.5,5.9,3,0,9999,25,0.0
2024,12,30,23,1.5,2.4,2,0,9999,25,0.0
2024,12,31,0,1.5,2.4,2,0,9999,24,0.0
2024,12,31,1,2.1,3.6,2,0,9999,24,0.0
2024,12,31,2,2.1,3.6,2,0,8000,24,0.0
2024,12,31,3,2.1,3.6,2,0,8000,24,0.0
2024,12,31,4,2.1,3.6,2,0,8000,23,0.0
2024,12,31,5,2.1,3.6,2,0,8000,23,0.0
2024,12,31,6,2.1,3.6,2,0,8000,22,0.0
2024,12,31,7,2.1,3.6,2,0,8000,22,0.0
2024,12,31,8,2.1,3.6,2,0,8000,22,25.7
2024,12,31,9,8.0,14.0,2,0,4000,23,284.4
2024,12,31,10,0,0,0,0,10000,24,1105.7
2024,12,31,11,0,0,0,0,10000,26,1363.7
2024,12,31,12,0,0,0,0,10000,28,1643.4
2024,12,31,13,3.6,3.6,1,0,9999,29,1729.8
2024,12,31,14,2.1,2.1,1,0,9999,29,1642.4
2024,12,31,15,2.1,2.1,1,0,9999,29,2313.2
2024,12,31,16,2.1,2.1,1,0,9999,29,1667.1
2024,12,31,17,2.1,3.0,2,0,9999,29,1848.0
2024,12,31,18,0.9,0.9,1,0,9999,28,1062.9
2024,12,31,19,2.1,2.1,1,0,9999,27,352.2
2024,12,31,20,3.6,3.6,1,0,9999,26,142.8
2024,12,31,22,3.6,3.6,1,0,9999,25,0.0
2024,12,31,23,3.6,3.6,1,0,9999,25,0.0
2025,1,1,0,3.6,3.6,1,0,9999,24,0.0
2025,1,1,1,3.6,3.6,1,0,9999,23,0.0
2025,1,1,2,3.6,3.6,1,0,9999,23,0.0
2025,1,1,3,3.6,3.6,1,0,9999,22,0.0
2025,1,1,4,3.6,3.6,1,0,9999,23,0.0
2025,1,1,5,3.6,3.6,1,0,9999,23,0.0
2025,1,1,6,3.6,3.6,1,0,9999,23,0.0
2025,1,1,7,3.6,3.6,1,0,8000,23,0.0
2025,1,1,8,2.1,3.0,2,0,8000,24,24.1
2025,1,1,9,2.1,3.6,2,0,8000,25,220.2
2025,1,1,10,2.1,3.6,2,0,9999,25,897.7
2025,1,1,11,2.1,3.6,2,0,9999,27,1588.4
2025,1,1,12,2.1,2.1,1,0,9999,28,1659.3
2025,1,1,13,2.1,2.1,1,0,9999,30,2214.9
2025,1,1,14,2.1,2.1,1,0,9999,29,2526.3
2025,1,1,15,2.1,2.1,1,0,9999,29,2285.9
2025,1,1,16,0.9,0.9,1,0,9999,29,2061.8
2025,1,1,17,0.9,1.8,2,0,9999,27,1933.3
2025,1,1,18,0.9,1.8,2,0,9999,28,1294.2
2025,1,1,19,2.1,3.0,2,0,9999,28,456.2
2025,1,1,20,3.6,6.6,3,0,9999,28,153.2
2025,1,1,21,3.6,6.6,3,0,9999,27,37.0
2025,1,1,22,3.6,6.6,3,0,9999,27,0.0
2025,1,1,23,3.6,6.6,3,0,9999,26,0.0
2025,1,2,0,3.6,5.7,2,0,9999,26,0.0
2025,1,2,1,3.6,8.6,3,0,5000,25,0.0
2025,1,2,2,3.6,8.6,3,0,5000,25,0.0
2025,1,2,3,3.6,8.6,3,0,5000,25,0.0
2025,1,2,4,3.6,8.6,3,0,5000,24,0.0
2025,1,2,5,3.6,8.6,3,0,5000,24,0.0
2025,1,2,6,3.6,8.6,3,0,5000,23,0.0
2025,1,2,7,3.6,8.6,3,0,5000,23,0.0
2025,1,2,8,2.1,3.6,2,0,8000,22,17.5
2025,1,2,9,0,0,0,0,10000,22,319.4
2025,1,2,10,0,0,0,0,10000,23,1036.1
2025,1,2,11,0,0,0,0,10000,28,1602.5
2025,1,2,12,0,0,0,0,10000,29,2050.5
2025,1,2,13,0,0,0,0,10000,31,2296.1
2025,1,2,14,0,0,0,0,10000,32,2496.1
2025,1,2,15,0,0,0,0,10000,33,2325.0
2025,1,2,16,0,0,0,0,10000,31,1977.7
2025,1,2,17,0,0,0,0,10000,31,1802.6
2025,1,2,18,0.9,1.8,2,0,9999,31,1134.5
2025,1,2,19,2.1,3.0,2,0,9999,30,648.3
2025,1,2,20,2.1,3.0,2,0,9999,31,205.1
2025,1,2,21,2.1,4.8,3,0,9999,26,12.9
2025,1,2,22,3.6,5.7,2,0,9999,25,0.0
2025,1,2,23,3.6,5.7,2,0,9999,25,0.0
2025,1,3,0,3.6,5.7,2,1,9999,24,0.0
2025,1,3,1,2.1,3.9,2,1,8000,24,0.0
2025,1,3,2,2.1,3.9,2,1,9000,23,0.0
2025,1,3,3,1.8,2.7,2,0,9999,23,0.0
2025,1,3,4,1.8,2.7,2,0,9999,23,0.0
2025,1,3,5,3.6,5.1,2,1,8000,23,0.0
2025,1,3,6,3.6,5.1,2,1,8000,23,0.0
2025,1,3,7,3.6,5.1,2,1,8000,23,0.0
2025,1,3,8,3.6,4.5,2,0,9999,23,35.8
2025,1,3,9,1.8,2.7,2,0,9999,24,236.5
2025,1,3,10,1.8,2.7,2,0,9999,25,501.5
2025,1,3,11,1.8,2.7,2,0,9999,26,1392.4
2025,1,3,12,1.05,1.95,2,0,9999,29,1979.4
2025,1,3,13,0,0,0,0,10000,30,2389.7
2025,1,3,14,0,0,0,0,10000,32,2397.7
2025,1,3,15,0,0,0,0,10000,34,2382.6
2025,1,3,16,2.1,2.1,1,0,9999,34,1525.3
2025,1,3,17,2.1,3.0,2,0,9999,34,2080.4
2025,1,3,18,2.1,3.0,2,0,9999,34,991.3
2025,1,3,19,2.1,3.0,2,0,9999,31,246.9
2025,1,3,20,2.1,3.0,2,0,9999,29,165.8
2025,1,3,21,2.1,4.8,3,0,9999,28,3.2
2025,1,3,22,2.1,4.8,3,0,9999,27,0.0
2025,1,3,23,3.6,5.7,2,0,9999,26,0.0
2025,1,4,0,3.6,5.7,2,0,9999,27,0.0
2025,1,4,1,3.6,5.7,2,0,9999,26,0.0
2025,1,4,2,3.6,5.7,2,0,9999,26,0.0
2025,1,4,3,3.6,5.7,2,0,9999,26,0.0
2025,1,4,4,3.6,5.7,2,0,9999,25,0.0
2025,1,4,5,3.6,5.7,2,0,9999,25,0.0
2025,1,4,6,3.6,5.7,2,0,9999,24,0.0
2025,1,4,7,3.6,5.7,2,0,9999,24,0.0
2025,1,4,8,3.6,5.7,2,0,9999,24,16.1
2025,1,4,9,0.9,0.9,1,0,9999,25,340.0
2025,1,4,10,1.05,1.95,2,0,9999,27,557.1
2025,1,4,11,1.05,1.95,2,0,9999,28,1081.7
2025,1,4,12,1.05,1.95,2,0,9999,29,1424.0
2025,1,4,13,0.9,0.9,1,0,9999,31,2377.7
2025,1,4,14,0.9,0.9,1,0,9999,34,2149.8
2025,1,4,15,0.9,0.9,1,0,9999,34,1384.4
2025,1,4,16,0.9,0.9,1,0,9999,31,1156.1
2025,1,4,17,0.9,0.9,1,0,9999,33,1698.1
2025,1,4,18,0.9,0.9,1,0,9999,33,1060.2
2025,1,4,19,0.9,0.9,1,0,9999,33,503.8
2025,1,4,20,0.9,0.9,1,0,9999,32,23.8
2025,1,4,21,0.9,0.9,1,0,9999,30,0.2
2025,1,4,22,2.1,4.8,3,0,9999,28,0.0
2025,1,4,23,2.1,4.8,3,0,9999,27,0.0
2025,1,5,0,2.1,3.0,2,0,9999,26,0.0
2025,1,5,1,1.5,1.5,1,0,9999,25,0.0
2025,1,5,2,1.8,3.3,2,0,9999,25,0.0
2025,1,5,3,2.1,3.9,2,0,9999,24,0.0
2025,1,5,4,2.1,2.1,1,0,8000,24,0.0
2025,1,5,5,6.0,7.5,2,0,8000,23,0.0
2025,1,5,6,6.0,9.5,2,0,8000,23,0.0
2025,1,5,7,6.0,9.5,2,0,9999,23,0.0
2025,1,5,8,6.0,7.5,2,0,9999,23,7.2
2025,1,5,9,3.6,6.9,3,0,9999,25,192.1
2025,1,5,10,2.1,3.6,2,0,9999,26,829.6
2025,1,5,11,3.5,3.5,1,0,9999,27,1252.1
2025,1,5,12,6.0,7.5,2,0,9999,27,1187.8
2025,1,5,13,3.6,8.9,3,0,8000,26,1898.8
2025,1,5,14,3.6,8.9,3,0,8000,26,2294.3
2025,1,5,15,2.1,4.2,2,0,9999,28,2287.4
2025,1,5,16,2.1,3.0,2,0,9999,29,2163.5
2025,1,5,17,2.1,3.0,2,0,9999,28,1901.2
2025,1,5,18,2.1,3.0,2,0,9999,28,1214.5
2025,1,5,19,2.1,3.0,2,0,9999,28,529.6
2025,1,5,20,3.6,5.7,2,0,9999,26,257.9
2025,1,5,21,3.6,5.7,2,0,9999,26,44.0
2025,1,5,22,3.6,5.7,2,0,9999,25,0.0
2025,1,5,23,3.6,7.1,2,0,8000,25,0.0
2025,1,6,0,3.6,7.1,2,0,8000,25,0.0
2025,1,6,1,3.6,5.1,2,0,9999,25,0.0
2025,1,6,2,3.6,5.1,2,0,9999,25,0.0
2025,1,6,3,3.6,5.1,2,0,9999,24,0.0
2025,1,6,4,3.6,5.1,2,0,9999,23,0.0
2025,1,6,5,3.6,5.1,2,0,9999,23,0.0
2025,1,6,6,3.6,5.1,2,0,9999,22,0.0
2025,1,6,7,2.1,3.6,2,0,9999,23,0.0
2025,1,6,8,2.1,3.6,2,0,9999,23,25.0
2025,1,6,9,2.1,3.6,2,0,9999,24,268.3
2025,1,6,10,1.5,1.5,1,0,9999,25,1054.3
2025,1,6,11,1.5,1.5,1,0,9999,28,1839.4
2025,1,6,12,0.9,0.9,1,0,9999,29,2089.7
2025,1,6,13,0.9,0.9,1,0,9999,29,2264.6
2025,1,6,14,0.9,0.9,1,0,9999,31,1784.2
2025,1,6,15,0.9,0.9,1,0,9999,31,1997.8
2025,1,6,16,0.9,0.9,1,0,9999,31,2192.4
2025,1,6,17,0.9,0.9,1,0,9999,31,1826.9
2025,1,6,18,0.9,1.8,2,0,9999,31,1183.2
2025,1,6,19,0.9,1.8,2,0,9999,29,498.4
2025,1,6,20,0.9,1.8,2,0,9999,29,188.2
2025,1,6,21,3.6,5.4,3,0,9999,27,15.2
2025,1,6,22,3.6,5.4,3,0,9999,27,0.0
2025,1,6,23,3.6,4.5,2,0,9999,26,0.0
2025,1,7,0,3.6,5.4,3,1,6000,26,0.0
2025,1,7,1,6.0,13.1,3,1,3000,23,0.0
2025,1,7,2,6.0,14.3,3,1,3000,23,0.0
2025,1,7,3,6.0,14.3,3,0,5000,23,0.0
2025,1,7,4,6.0,14.3,3,0,5000,23,0.0
2025,1,7,5,6.0,14.3,3,0,5000,23,0.0
2025,1,7,6,6.0,14.3,3,0,5000,22,0.0
2025,1,7,7,6.0,14.3,3,0,5000,22,0.0
2025,1,7,8,6.0,14.3,3,0,5000,22,8.3
2025,1,7,9,6.0,12.3,3,0,8000,23,152.8
2025,1,7,10,6.0,12.3,3,0,8000,25,282.7
2025,1,7,11,6.0,12.3,3,0,8000,25,1179.8
2025,1,7,12,6.0,12.3,3,0,8000,26,698.4
2025,1,7,13,4.8,11.9,3,0,8000,26,547.7
2025,1,7,14,4.8,11.9,3,0,8000,26,636.1
2025,1,7,15,4.8,11.9,3,0,8000,26,1297.1
2025,1,7,16,3.6,7.1,2,0,9999,28,2152.5
2025,1,7,17,6.0,9.5,2,0,9999,27,1165.5
2025,1,7,18,6.0,14.3,3,0,9999,27,546.2
2025,1,7,19,4.8,11.9,3,0,9999,26,190.8
2025,1,7,20,4.8,11.9,3,0,9999,26,47.0
2025,1,7,21,4.8,11.9,3,0,9999,26,30.8
2025,1,7,22,4.8,11.9,3,0,9999,26,0.0
2025,1,7,23,4.8,9.9,3,0,9999,25,0.0
2025,1,8,0,4.8,9.9,3,1,7000,25,0.0
2025,1,8,1,4.8,9.9,3,1,4000,24,0.0
2025,1,8,2,4.8,9.9,3,1,4000,24,0.0
2025,1,8,3,4.8,9.9,3,1,4000,24,0.0
2025,1,8,4,4.8,9.9,3,0,4000,24,0.0
2025,1,8,5,4.8,9.9,3,0,4000,23,0.0
2025,1,8,6,4.8,9.9,3,0,9999,23,0.0
2025,1,8,7,4.8,9.9,3,0,9999,24,0.0
2025,1,8,8,4.8,9.9,3,0,9999,24,8.7
2025,1,8,9,4.8,11.9,3,0,9999,24,237.6
2025,1,8,10,4.8,11.9,3,0,9999,24,350.8
2025,1,8,11,3.6,8.6,3,0,9999,25,498.5
2025,1,8,12,6.0,11.1,3,0,9999,26,1369.4
2025,1,8,13,6.0,9.6,2,0,9999,26,1992.5
2025,1,8,14,3.5,5.3,2,0,9999,27,2045.4
2025,1,8,15,3.5,5.3,2,0,9999,28,2390.2
2025,1,8,16,3.5,5.3,2,0,9999,28,2264.6
2025,1,8,17,6.0,7.5,2,0,9999,28,1812.8
2025,1,8,18,3.5,5.0,2,0,9999,28,920.3
2025,1,8,19,3.6,7.1,2,0,9999,27,590.6
2025,1,8,20,2.1,6.3,4,0,9999,26,150.6
2025,1,8,21,6.0,10.2,4,0,9999,26,19.6
2025,1,8,22,3.6,8.6,3,0,9999,26,0.0
2025,1,8,23,3.6,8.6,3,0,9999,26,0.0
2025,1,9,0,3.6,11.6,4,1,9000,24,0.0
2025,1,9,1,6.0,11.7,3,1,4000,24,0.0
2025,1,9,2,4.8,12.8,4,1,5000,23,0.0
2025,1,9,3,6.0,11.7,3,1,8000,22,0.0
2025,1,9,4,3.6,9.5,3,0,9999,22,0.0
2025,1,9,5,3.6,7.5,3,0,9999,22,0.0
2025,1,9,6,3.6,7.5,3,0,9999,22,0.0
2025,1,9,7,4.8,9.9,3,1,8000,22,0.0
2025,1,9,8,4.8,9.9,3,1,8000,22,11.8
2025,1,9,9,3.6,5.1,2,0,9999,23,244.3
2025,1,9,10,6.0,7.5,2,0,9999,24,379.5
2025,1,9,11,6.0,10.8,2,1,3000,24,563.7
2025,1,9,12,8.0,14.0,2,1,4000,24,286.4
2025,1,9,13,6.0,12.0,2,1,5000,24,1037.0
2025,1,9,14,6.0,9.6,2,1,5000,24,884.3
2025,1,9,15,6.0,11.1,3,1,1500,23,330.7
2025,1,9,16,6.0,7.5,2,1,9999,24,1434.1
2025,1,9,17,6.0,7.5,2,1,9999,24,583.6
2025,1,9,18,6.0,11.1,3,1,7000,23,390.4
2025,1,9,19,2.1,3.6,2,0,9999,24,270.5
2025,1,9,20,2.1,3.6,2,0,9999,24,248.6
2025,1,9,21,2.1,3.6,2,0,9999,24,23.0
2025,1,9,22,3.6,5.1,2,1,9999,23,0.0
2025,1,9,23,3.6,5.1,2,0,9999,22,0.0
2025,1,10,0,3.6,5.1,2,0,9999,23,0.0
2025,1,10,1,3.6,6.3,3,0,9999,23,0.0
2025,1,10,2,3.6,4.5,2,0,9999,23,0.0
2025,1,10,3,3.6,5.7,2,0,9999,22,0.0
2025,1,10,4,2.1,3.9,2,0,9999,22,0.0
2025,1,10,5,2.1,3.9,2,0,9999,22,0.0
2025,1,10,6,3.5,5.0,2,0,9999,22,0.0
2025,1,10,7,3.5,5.0,2,0,9999,22,0.0
2025,1,10,8,3.5,5.0,2,0,9999,22,9.8
2025,1,10,9,3.5,5.0,2,0,9999,21,140.8
2025,1,10,10,2.1,3.6,2,0,9999,24,331.3
2025,1,10,11,2.1,2.1,1,0,9999,25,592.5
2025,1,10,12,3.5,3.5,1,0,9999,25,741.4
2025,1,10,13,3.6,7.8,3,0,9999,25,1132.3
2025,1,10,14,2.1,2.1,1,0,9999,27,1978.4
2025,1,10,15,2.1,2.1,1,0,9999,27,2682.5
2025,1,10,16,0.9,0.9,1,0,9999,27,2290.1
2025,1,10,17,0.9,0.9,1,0,9999,27,1877.3
2025,1,10,18,0.9,0.9,1,0,9999,27,1251.8
2025,1,10,19,0.9,0.9,1,0,9999,26,770.2
2025,1,10,20,3.6,4.5,2,0,9999,26,181.7
2025,1,10,21,3.6,4.5,2,0,9999,25,16.5
2025,1,10,22,3.6,4.5,2,0,9999,24,0.0
2025,1,10,23,3.6,4.5,2,0,9999,23,0.0
2025,1,11,0,3.6,4.5,2,0,9999,23,0.0
2025,1,11,1,1.05,1.95,2,0,9999,23,0.0
2025,1,11,2,1.05,1.95,2,0,9999,22,0.0
2025,1,11,3,0.9,0.9,1,0,9999,22,0.0
2025,1,11,4,0.9,0.9,1,0,9999,21,0.0
2025,1,11,5,0.9,0.9,1,0,9999,21,0.0
2025,1,11,6,0.9,0.9,1,0,9999,20,0.0
2025,1,11,7,0.9,0.9,1,0,9999,20,0.0
2025,1,11,8,0.9,0.9,1,0,9999,21,13.3
2025,1,11,9,0.9,0.9,1,0,9999,22,231.9
2025,1,11,10,1.05,1.95,2,0,9999,22,538.1
2025,1,11,11,1.5,2.55,2,0,9999,24,971.4
2025,1,11,12,1.8,3.3,2,0,9999,25,1405.5
2025,1,11,13,3.6,5.1,2,0,9999,27,1866.2
2025,1,11,14,3.6,5.1,2,0,9999,28,2459.8
2025,1,11,15,0.9,0.9,1,0,9999,28,1675.5
2025,1,11,16,0.9,0.9,1,0,9999,28,1904.1
2025,1,11,17,0.9,0.9,1,0,9999,28,1811.4
2025,1,11,18,2.1,3.0,2,0,9999,27,776.5
2025,1,11,19,2.1,3.0,2,0,9999,27,329.7
2025,1,11,20,3.6,5.7,2,0,9999,26,187.9
2025,1,11,21,3.6,4.5,2,0,9999,25,15.5
2025,1,11,22,3.6,4.5,2,0,9999,25,0.0
2025,1,11,23,3.6,4.5,2,0,9999,24,0.0
2025,1,12,0,2.1,2.1,1,0,9999,23,0.0
2025,1,12,1,0.9,0.9,1,0,9999,23,0.0
2025,1,12,2,0.9,0.9,1,0,9999,24,0.0
2025,1,12,3,2.1,2.1,1,0,9999,24,0.0
2025,1,12,4,2.1,2.1,1,0,9999,24,0.0
2025,1,12,5,2.1,2.1,1,0,9999,23,0.0
2025,1,12,6,2.1,2.1,1,0,9999,23,0.0
2025,1,12,7,3.5,3.5,1,0,9999,22,0.0
2025,1,12,8,6.0,6.0,1,0,9999,22,18.4
2025,1,12,9,2.1,3.6,2,0,9999,21,279.9
2025,1,12,10,3.6,3.6,1,0,9999,23,491.4
2025,1,12,11,2.1,3.9,2,0,9999,25,280.0
2025,1,12,12,2.1,3.6,2,0,9999,25,414.8
2025,1,12,13,3.6,4.5,2,0,9999,25,575.1
2025,1,12,14,3.6,4.5,2,0,8000,24,848.4
2025,1,12,15,3.6,7.2,3,0,9999,24,497.2
2025,1,12,16,3.6,4.5,2,0,9999,25,618.7
2025,1,12,17,3.6,4.5,2,0,9999,26,566.4
2025,1,12,18,3.6,4.5,2,0,9999,25,295.0
2025,1,12,19,3.6,4.5,2,0,9999,25,158.4
2025,1,12,20,3.6,4.5,2,0,9999,25,82.7
2025,1,12,21,3.6,4.5,2,0,9999,25,8.1
2025,1,12,22,6.0,12.3,3,0,9999,24,0.0
2025,1,12,23,4.8,9.9,3,0,9999,23,0.0
2025,1,13,0,3.6,4.5,2,0,9999,22,0.0
2025,1,13,1,6.0,14.3,3,0,5000,22,0.0
2025,1,13,2,6.0,14.3,3,0,5000,22,0.0
2025,1,13,3,6.0,14.3,3,0,5000,22,0.0
2025,1,13,4,6.0,14.3,3,0,5000,21,0.0
2025,1,13,5,6.0,14.3,3,0,5000,21,0.0
2025,1,13,6,6.0,14.3,3,0,5000,20,0.0
2025,1,13,7,6.0,14.3,3,0,5000,20,0.0
2025,1,13,8,6.0,14.3,3,1,3000,21,2.6
2025,1,13,9,6.0,14.3,3,1,3000,21,125.3
2025,1,13,10,6.0,12.3,3,0,5000,21,221.0
2025,1,13,11,6.0,12.3,3,0,8000,22,404.3
2025,1,13,12,6.0,12.3,3,0,8000,23,394.5
2025,1,13,13,3.6,10.7,3,0,9999,23,393.3
2025,1,13,14,3.6,5.1,2,0,9999,24,327.7
2025,1,13,15,3.6,7.2,3,0,9999,25,579.9
2025,1,13,16,3.6,5.1,2,0,9999,25,1325.9
2025,1,13,17,3.6,5.7,2,0,9999,26,973.6
2025,1,13,18,3.6,8.1,3,0,9999,25,297.5
2025,1,13,19,3.6,5.7,2,0,9999,25,159.3
2025,1,13,20,3.6,5.7,2,0,9999,24,79.0
2025,1,13,21,2.1,4.8,3,0,9999,24,8.7
2025,1,13,22,3.6,7.5,3,0,9999,24,0.0
2025,1,13,23,3.6,6.3,3,0,9999,23,0.0
2025,1,14,0,3.6,7.5,3,0,9999,23,0.0
2025,1,14,1,3.6,8.9,3,0,9999,22,0.0
2025,1,14,2,4.8,4.8,1,1,5000,22,0.0
2025,1,14,3,4.8,8.3,2,1,6000,20,0.0
2025,1,14,4,4.8,8.3,2,1,9000,21,0.0
2025,1,14,5,4.8,8.3,2,0,9000,21,0.0
2025,1,14,6,4.8,8.3,2,0,8000,21,0.0
2025,1,14,7,4.8,8.3,2,0,6000,20,0.0
2025,1,14,8,4.8,8.3,2,0,6000,20,14.8
2025,1,14,9,2.1,5.4,3,0,9999,21,205.7
2025,1,14,10,2.1,3.9,2,0,9999,22,445.4
2025,1,14,11,2.1,3.9,2,0,9999,23,1229.3
2025,1,14,12,3.6,4.5,2,0,9999,25,889.7
2025,1,14,13,3.6,4.5,2,0,9999,26,781.2
2025,1,14,14,4.8,6.9,2,0,9999,25,297.6
2025,1,14,15,4.8,6.9,2,0,9999,25,701.4
2025,1,14,16,4.8,6.9,2,0,9999,25,581.6
2025,1,14,17,4.8,6.3,2,0,9999,25,350.4
2025,1,14,18,4.8,8.3,2,0,8000,24,205.1
2025,1,14,19,4.8,6.3,2,0,9999,24,152.2
2025,1,14,20,4.8,6.3,2,0,9999,24,17.7
2025,1,14,21,4.8,6.3,2,0,9999,24,0.6
2025,1,14,22,4.8,5.7,2,0,9999,23,0.0
2025,1,14,23,4.8,5.7,2,0,9999,22,0.0
2025,1,15,0,4.8,5.7,2,0,9999,22,0.0
2025,1,15,1,3.6,4.5,2,0,9999,22,0.0
2025,1,15,2,3.6,4.5,2,0,9999,22,0.0
2025,1,15,3,3.6,4.5,2,0,9999,22,0.0
2025,1,15,4,2.1,3.6,2,0,9999,23,0.0
2025,1,15,5,2.1,3.6,2,0,9999,23,0.0
2025,1,15,6,3.5,4.55,2,0,9999,22,0.0
2025,1,15,7,3.5,3.5,1,0,9999,22,0.0
2025,1,15,8,3.5,3.5,1,0,9999,22,9.7
2025,1,15,9,1.5,1.5,1,0,9999,22,126.4
2025,1,15,10,2.1,5.4,3,0,9999,23,261.4
2025,1,15,11,1.8,3.3,2,0,9999,23,541.9
2025,1,15,12,3.5,5.3,2,0,9999,23,773.5
2025,1,15,13,3.6,7.1,2,0,9999,24,1131.5
2025,1,15,14,3.6,5.7,2,0,9999,26,1338.6
2025,1,15,15,2.1,6.0,3,0,9999,27,1383.1
2025,1,15,16,2.1,6.0,3,0,9999,28,1816.4
2025,1,15,17,2.1,6.0,3,0,9999,28,1231.8
2025,1,15,18,2.1,6.0,3,0,9999,28,821.8
2025,1,15,19,2.1,6.9,4,0,9999,27,381.2
2025,1,15,20,2.1,6.9,4,0,9999,27,170.4
2025,1,15,21,2.1,6.9,4,0,9999,26,18.7
2025,1,15,22,2.1,6.9,4,0,8000,26,0.0
2025,1,15,23,2.1,6.9,4,0,8000,26,0.0
2025,1,16,0,4.8,9.9,3,0,8000,25,0.0
2025,1,16,1,4.8,9.9,3,0,8000,24,0.0
2025,1,16,2,4.8,8.4,2,0,9999,24,0.0
2025,1,16,3,3.6,6.0,2,0,9999,24,0.0
2025,1,16,4,3.6,6.0,2,0,9999,23,0.0
2025,1,16,5,2.4,4.5,2,0,9999,23,0.0
2025,1,16,6,2.4,4.5,2,0,9999,22,0.0
2025,1,16,7,2.4,4.5,2,0,9999,21,0.0
2025,1,16,8,2.4,4.5,2,0,9999,21,9.5
2025,1,16,9,2.4,6.0,3,0,9999,22,292.5
2025,1,16,10,2.4,6.0,3,0,9999,24,629.3
2025,1,16,11,2.1,3.9,2,0,9999,25,1228.7
2025,1,16,12,2.4,3.3,2,0,9999,27,1933.3
2025,1,16,13,0.9,0.9,1,0,9999,29,2768.3
2025,1,16,14,0.9,0.9,1,0,9999,30,2211.2
2025,1,16,15,2.1,3.0,2,0,9999,31,2124.5
2025,1,16,16,2.1,3.0,2,0,9999,32,1390.4
2025,1,16,17,2.1,3.0,2,0,9999,32,1364.7
2025,1,16,18,2.1,3.0,2,0,9999,32,596.6
2025,1,16,19,2.1,3.0,2,0,9999,30,284.4
2025,1,16,20,3.6,4.5,2,0,9999,29,249.4
2025,1,16,21,2.1,4.8,3,0,9999,29,19.8
2025,1,16,22,2.1,3.0,2,0,9999,28,0.0
2025,1,16,23,0.9,0.9,1,0,9999,27,0.0
2025,1,17,0,0.9,0.9,1,0,9999,28,0.0
2025,1,17,1,2.1,3.0,2,0,8000,27,0.0
2025,1,17,2,2.1,3.0,2,0,8000,26,0.0
2025,1,17,3,2.1,3.0,2,0,8000,26,0.0
2025,1,17,4,2.1,3.0,2,0,8000,26,0.0
2025,1,17,5,2.1,3.0,2,0,8000,25,0.0
2025,1,17,6,2.1,3.0,2,0,8000,25,0.0
2025,1,17,7,2.1,3.0,2,0,8000,24,0.0
2025,1,17,8,2.1,3.0,2,0,8000,24,14.7
2025,1,17,9,2.1,3.0,2,0,8000,25,255.5
2025,1,17,10,2.1,3.0,2,0,8000,26,1033.0
2025,1,17,11,0,0,0,0,10000,30,1755.9
2025,1,17,12,0,0,0,0,10000,32,2089.4
2025,1,17,13,1.5,1.5,1,0,9999,33,2062.2
2025,1,17,14,1.5,1.5,1,0,9999,35,2503.4
2025,1,17,15,1.5,1.5,1,0,9999,35,2194.5
2025,1,17,16,1.5,1.5,1,0,9999,37,2021.6
2025,1,17,17,1.5,1.5,1,0,9999,37,1534.4
2025,1,17,18,0.9,0.9,1,0,9999,37,746.7
2025,1,17,19,1.05,1.95,2,0,9999,34,640.7
2025,1,17,20,0,0,0,0,10000,33,140.7
2025,1,17,21,1.05,1.95,2,0,9999,31,21.2
2025,1,17,22,1.8,2.7,2,0,9999,26,0.0
2025,1,17,23,1.05,1.95,2,0,9999,25,0.0
2025,1,18,0,0,0,0,0,10000,25,0.0
2025,1,18,1,0,0,0,0,10000,24,0.0
2025,1,18,2,0,0,0,0,10000,24,0.0
2025,1,18,3,0,0,0,0,8000,24,0.0
2025,1,18,4,0,0,0,0,8000,23,0.0
2025,1,18,5,0,0,0,0,8000,23,0.0
2025,1,18,6,0.9,0.9,1,0,8000,22,0.0
2025,1,18,7,0.9,0.9,1,0,8000,21,0.0
2025,1,18,8,0.9,0.9,1,0,9999,22,7.9
2025,1,18,9,0.9,0.9,1,0,9999,23,351.3
2025,1,18,10,0,0,0,0,10000,26,1122.3
2025,1,18,11,0,0,0,0,10000,29,1211.9
2025,1,18,12,0,0,0,0,10000,32,2068.2
2025,1,18,13,0,0,0,0,10000,33,2209.6
2025,1,18,14,0,0,0,0,10000,35,2398.1
2025,1,18,15,0,0,0,0,10000,34,2073.7
2025,1,18,16,0,0,0,0,10000,31,868.0
2025,1,18,17,0.9,0.9,1,0,9999,31,1115.5
2025,1,18,18,0.9,0.9,1,0,9999,31,1457.5
2025,1,18,19,0.9,0.9,1,0,9999,31,660.1
2025,1,18,20,0.9,0.9,1,0,9999,30,153.2
2025,1,18,21,0,0,0,0,10000,29,24.4
2025,1,18,22,0.9,1.8,2,0,9999,27,0.0
2025,1,18,23,0.9,1.8,2,0,9999,26,0.0
2025,1,19,0,0.9,1.8,2,0,9999,27,0.0
2025,1,19,1,1.8,2.7,2,0,9999,27,0.0
2025,1,19,2,1.05,1.95,2,0,9999,26,0.0
2025,1,19,3,0,0,0,0,10000,26,0.0
2025,1,19,4,0,0,0,0,10000,26,0.0
2025,1,19,5,0,0,0,0,10000,25,0.0
2025,1,19,7,0,0,0,0,10000,25,0.0
2025,1,19,8,0,0,0,0,10000,26,9.2
2025,1,19,9,0,0,0,0,10000,24,263.6
2025,1,19,10,0,0,0,0,10000,27,972.3
2025,1,19,11,1.5,1.5,1,0,9999,30,1678.9
2025,1,19,12,0,0,0,0,10000,33,2149.3
2025,1,19,13,0.9,0.9,1,0,9999,35,2215.8
2025,1,19,14,0.9,0.9,1,0,9999,36,2353.0
2025,1,21,15,0.9,0.9,1,0,9999,37,2375.8
2025,1,21,16,2.1,2.1,1,0,9999,37,2277.3
2025,1,21,17,2.1,2.1,1,0,9999,37,1943.9
2025,1,21,18,2.1,3.0,2,0,9999,37,1430.1
2025,1,21,19,2.1,3.0,2,0,9999,36,755.9
2025,1,21,20,0.9,0.9,1,0,9999,35,280.5
2025,1,21,21,0.9,0.9,1,0,9999,33,56.0
2025,1,21,22,2.1,3.0,2,0,9999,32,0.0
2025,1,21,23,2.1,3.0,2,0,9999,29,0.0
2025,1,22,0,2.1,3.0,2,0,9999,29,0.0
2025,1,22,1,2.1,3.0,2,0,9999,29,0.0
2025,1,22,2,0.9,0.9,1,0,9999,28,0.0
2025,1,22,3,0.9,0.9,1,0,9999,28,0.0
2025,1,22,12,0,0,0,0,10000,32,1990.1
2025,1,22,13,1.05,1.95,2,0,9999,33,1627.3
2025,1,22,14,1.05,1.95,2,0,9999,31,1863.3
2025,1,22,15,1.8,2.7,2,0,9999,32,2099.3
2025,1,22,16,1.05,1.95,2,0,9999,33,2400.0
2025,1,22,17,0.9,0.9,1,0,9999,33,2126.2
2025,1,22,18,0.9,0.9,1,0,9999,32,811.9
2025,1,22,19,2.1,3.0,2,0,9999,32,319.3
2025,1,22,20,2.1,3.0,2,0,9999,31,202.5
2025,1,22,21,0,0,0,0,10000,31,26.7
2025,1,22,22,2.1,2.1,1,0,9999,29,0.0
2025,1,22,23,0,0,0,0,10000,30,0.0
2025,1,23,0,0,0,0,0,10000,29,0.0
2025,1,23,1,0,0,0,0,10000,28,0.0
2025,1,23,2,0,0,0,0,10000,27,0.0
2025,1,23,3,0,0,0,0,10000,27,0.0
2025,1,23,4,0,0,0,0,10000,26,0.0
2025,1,23,5,0.9,0.9,1,0,9999,25,0.0
2025,1,23,6,0.9,0.9,1,0,9999,25,0.0
2025,1,23,7,0.9,0.9,1,0,9999,25,0.0
2025,1,23,8,0.9,0.9,1,0,9999,26,17.4
2025,1,23,9,0.9,0.9,1,0,9999,27,215.8
2025,1,23,10,1.5,1.5,1,0,9999,27,872.6
2025,1,23,11,1.5,1.5,1,0,9999,30,1412.1
2025,1,23,12,1.5,1.5,1,0,9999,31,1948.5
2025,1,23,13,0.9,0.9,1,0,9999,33,2224.0
2025,1,23,14,0.9,0.9,1,0,9999,31,1794.4
2025,1,23,15,0.9,0.9,1,0,9999,31,2128.8
2025,1,23,16,0.9,0.9,1,0,9999,31,1826.4
2025,1,23,17,0.9,0.9,1,0,9999,31,1776.6
2025,1,23,18,0.9,0.9,1,0,9999,31,1104.9
2025,1,23,19,3.6,4.5,2,0,9999,29,306.7
2025,1,23,20,3.6,4.5,2,0,9999,28,102.1
2025,1,23,21,3.6,4.5,2,1,9999,28,8.6
2025,1,23,22,3.6,3.6,1,0,9999,27,0.0
2025,1,23,23,3.6,3.6,1,0,9999,27,0.0
2025,1,24,0,3.6,3.6,1,0,9999,27,0.0
2025,1,24,1,3.5,5.6,2,0,9999,25,0.0
2025,1,24,2,3.5,5.6,2,0,9999,25,0.0
2025,1,24,3,3.5,5.6,2,0,8000,25,0.0
2025,1,24,4,3.5,5.6,2,0,8000,25,0.0
2025,1,24,5,3.5,5.6,2,0,8000,24,0.0
2025,1,24,6,3.5,5.6,2,0,8000,24,0.0
2025,1,24,7,3.5,5.6,2,0,8000,24,0.0
2025,1,24,8,3.5,5.6,2,0,8000,24,0.0
2025,1,24,9,3.5,5.6,2,0,8000,25,0.0
2025,1,24,10,1.8,3.3,2,0,8000,26,0.0
2025,1,24,11,1.8,3.3,2,0,8000,27,0.0
2025,1,24,12,1.8,3.3,2,0,8000,29,0.0
2025,1,24,13,1.8,2.7,2,0,9999,31,0.0
2025,1,24,14,1.8,2.7,2,0,9999,30,0.0
2025,1,24,15,1.8,2.7,2,0,9999,32,0.0
2025,1,24,16,2.1,3.0,2,0,9999,32,0.0
2025,1,24,17,3.6,6.0,3,0,8000,31,0.0
2025,1,24,18,3.6,5.1,2,0,9999,31,575.8
2025,1,24,20,1.5,1.5,1,0,9999,29,131.3
2025,1,24,21,1.5,1.5,1,0,9999,29,13.8
2025,1,24,22,1.5,1.5,1,0,9999,27,0.0
2025,1,24,23,1.5,1.5,1,0,9999,27,0.0
2025,1,25,0,2.1,3.6,2,0,9999,27,0.0
2025,1,25,1,2.1,3.6,2,0,9999,26,0.0
2025,1,25,2,1.5,1.5,1,0,9999,26,0.0
2025,1,25,3,1.5,1.5,1,0,9999,25,0.0
2025,1,25,4,1.5,1.5,1,0,9999,25,0.0
2025,1,25,5,0,0,0,0,10000,25,0.0
2025,1,25,6,0,0,0,0,10000,24,0.0
2025,1,25,7,1.5,1.5,1,0,9999,24,0.0
2025,1,25,8,3.5,5.0,2,0,9999,25,5.3
2025,1,25,9,0,0,0,0,10000,25,253.2
2025,1,25,10,0,0,0,0,10000,27,837.5
2025,1,25,11,1.5,1.5,1,0,9999,28,1261.1
2025,1,25,12,0,0,0,0,10000,30,1778.4
2025,1,25,13,0,0,0,0,10000,31,2445.7
2025,1,25,14,0,0,0,0,10000,33,2409.2
2025,1,25,15,0,0,0,0,10000,34,2451.7
2025,1,25,16,0,0,0,0,10000,35,2299.5
2025,1,25,17,2.1,3.15,2,0,9999,36,1886.3
2025,1,25,18,2.1,3.15,2,0,9999,37,1133.5
2025,1,25,19,1.05,1.95,2,0,9999,35,336.7
2025,1,25,20,2.1,6.3,4,0,9999,27,200.1
2025,1,25,21,1.8,2.7,2,0,9999,26,20.8
2025,1,25,22,1.8,2.7,2,0,9999,25,0.0
2025,1,25,23,0.9,0.9,1,0,9999,25,0.0
2025,1,26,0,0.9,0.9,1,0,9999,26,0.0
2025,1,26,1,2.1,3.0,2,0,8000,25,0.0
2025,1,26,2,2.1,3.0,2,0,8000,26,0.0
2025,1,26,3,2.1,3.0,2,0,8000,26,0.0
2025,1,26,4,2.1,3.0,2,0,8000,26,0.0
2025,1,26,5,2.1,3.0,2,0,8000,25,0.0
2025,1,26,6,2.1,3.0,2,0,8000,25,0.0
2025,1,26,7,2.1,3.0,2,0,8000,25,0.0
2025,1,26,8,2.1,3.0,2,0,8000,26,4.6
2025,1,26,9,2.1,3.0,2,0,8000,26,243.8
2025,1,26,10,0,0,0,0,10000,28,983.4
2025,1,26,11,0,0,0,0,10000,30,1425.0
2025,1,26,12,0,0,0,0,10000,32,1780.7
2025,1,26,13,0,0,0,0,10000,32,1604.9
2025,1,26,14,0,0,0,0,10000,31,1584.6
2025,1,26,15,0.9,0.9,1,0,9999,30,1690.0
2025,1,26,16,0.9,0.9,1,0,9999,30,1520.8
2025,1,26,17,2.1,2.1,1,0,9999,29,1377.9
2025,1,26,18,2.1,2.1,1,0,9999,31,1102.7
2025,1,26,19,2.1,3.0,2,0,9999,29,534.2
2025,1,26,20,2.1,3.0,2,0,9999,29,168.2
2025,1,26,21,3.6,4.5,2,0,9999,28,5.7
2025,1,26,22,2.1,3.0,2,0,9999,27,0.0
2025,1,26,23,3.6,3.6,1,0,9999,27,0.0
2025,1,27,0,3.6,3.6,1,0,9999,27,0.0
2025,1,27,1,1.8,2.7,2,0,9999,27,0.0
2025,1,27,2,1.8,2.7,2,0,9999,26,0.0
2025,1,27,3,1.8,2.7,2,0,9999,26,0.0
2025,1,27,4,2.1,3.9,2,0,9999,25,0.0
2025,1,27,5,3.5,6.8,3,0,9999,25,0.0
2025,1,27,6,3.5,6.8,3,1,8000,24,0.0
2025,1,27,7,3.5,5.0,2,0,9999,24,0.0
2025,1,27,8,3.6,5.1,2,0,9999,24,1.7
2025,1,27,9,3.6,3.6,1,0,9999,24,85.1
2025,1,27,10,3.6,5.1,2,0,9999,25,319.0
2025,1,27,11,3.6,8.0,3,0,9999,26,281.3
2025,1,27,12,2.1,2.1,1,0,9999,27,744.6
2025,1,27,13,2.1,3.6,2,0,9999,27,727.8
2025,1,27,14,2.1,3.6,2,0,9999,28,1326.1
2025,1,27,15,2.1,3.6,2,0,9999,28,1770.9
2025,1,27,16,2.1,3.6,2,0,9999,28,1819.4
2025,1,27,17,2.1,5.4,3,0,9999,27,1181.3
2025,1,27,18,1.8,3.3,2,0,9999,27,754.6
2025,1,27,19,2.1,2.1,1,0,9999,26,310.3
2025,1,27,20,3.6,5.7,2,0,9999,26,113.9
2025,1,27,21,3.6,3.6,1,0,9999,25,15.3
2025,1,27,22,3.6,3.6,1,0,9999,25,0.0
2025,1,27,23,3.6,3.6,1,0,9999,25,0.0
2025,1,28,0,3.6,3.6,1,0,9999,25,0.0
2025,1,28,1,3.6,3.6,1,0,9999,25,0.0
2025,1,28,2,3.6,3.6,1,0,9999,25,0.0
2025,1,28,3,3.6,3.6,1,0,9999,24,0.0
2025,1,28,4,3.6,3.6,1,0,9999,24,0.0
2025,1,28,5,3.6,3.6,1,0,9999,23,0.0
2025,1,28,6,2.1,2.1,1,0,9000,23,0.0
2025,1,28,7,2.1,3.6,2,0,8000,24,0.0
2025,1,28,8,2.1,3.6,2,0,8000,24,15.2
2025,1,28,9,2.1,3.6,2,0,8000,25,222.0
2025,1,28,10,3.6,5.1,2,0,9999,25,568.3
2025,1,28,11,3.6,7.2,3,0,9999,26,1070.4
2025,1,28,12,3.6,7.2,3,0,9999,28,1412.8
2025,1,28,13,3.6,5.7,2,0,9999,27,1600.5
2025,1,28,14,3.6,3.6,1,0,9999,29,1594.8
2025,1,28,15,3.6,3.6,1,0,9999,30,2121.9
2025,1,28,16,3.6,3.6,1,0,9999,29,2001.0
2025,1,28,17,0.9,1.8,2,0,9999,29,1952.9
2025,1,28,18,0.9,1.8,2,0,9999,29,738.1
2025,1,28,19,2.1,4.8,3,0,9999,29,786.3
2025,1,28,20,2.1,4.8,3,0,9999,28,297.0
2025,1,28,21,2.1,4.8,3,0,9999,27,8.6
2025,1,28,22,2.1,4.8,3,0,9999,26,0.0
2025,1,28,23,3.6,7.1,2,0,9999,26,0.0
2025,1,29,0,3.6,7.1,2,0,9999,26,0.0
2025,1,29,1,3.6,3.6,1,0,9999,26,0.0
2025,1,29,2,3.6,3.6,1,0,9999,26,0.0
2025,1,29,3,3.6,3.6,1,0,9999,26,0.0
2025,1,29,4,3.6,3.6,1,0,9999,25,0.0
2025,1,29,5,0,0,0,0,10000,25,0.0
2025,1,29,6,0,0,0,0,10000,24,0.0
2025,1,29,7,0,0,0,0,10000,24,0.0
2025,1,29,8,0,0,0,0,10000,24,4.8
2025,1,29,9,0.9,0.9,1,0,9999,25,252.3
2025,1,29,10,0.9,0.9,1,0,9999,28,942.5
2025,1,29,11,1.8,2.7,2,0,9999,29,1820.0
2025,1,29,12,1.05,1.95,2,0,9999,29,1824.4
2025,1,29,13,1.05,1.95,2,0,9999,31,2294.2
2025,1,29,14,1.05,1.95,2,0,9999,32,2056.8
2025,1,29,15,1.05,1.95,2,0,9999,31,1712.1
2025,1,29,16,1.05,1.95,2,0,9999,31,2316.1
2025,1,29,17,2.1,4.05,3,0,9999,32,954.4
2025,1,29,18,2.1,4.05,3,0,9999,31,664.9
2025,1,29,19,2.1,6.3,4,1,6000,27,16.7
2025,1,29,20,3.6,11.6,4,1,6000,25,0.2
2025,1,29,21,3.6,8.4,4,1,8000,24,0.7
2025,1,29,22,3.6,6.9,3,1,8000,24,0.0
2025,1,29,23,2.1,4.8,3,0,9999,24,0.0
2025,1,30,0,2.1,2.1,1,0,9999,24,0.0
2025,1,30,1,3.6,8.6,3,0,5000,24,0.0
2025,1,30,2,3.6,8.6,3,0,5000,24,0.0
2025,1,30,3,3.6,8.6,3,0,5000,24,0.0
2025,1,30,4,3.6,8.6,3,0,5000,24,0.0
2025,1,30,5,3.6,8.6,3,0,5000,24,0.0
2025,1,30,6,3.6,8.6,3,0,5000,23,0.0
2025,1,30,7,3.6,8.6,3,0,5000,23,0.0
2025,1,30,8,3.6,8.6,3,0,5000,23,2.2
2025,1,30,9,3.6,8.6,3,0,5000,25,62.3
2025,1,30,10,3.6,7.2,3,0,8000,25,225.9
2025,1,30,11,3.6,7.2,3,0,8000,26,340.8
2025,1,30,12,3.6,7.2,3,0,8000,27,735.0
2025,1,30,13,2.1,2.1,1,0,9999,28,1076.3
2025,1,30,14,1.05,1.95,2,0,9999,29,1370.5
2025,1,30,15,0.9,0.9,1,0,9999,31,1842.3
2025,1,30,16,0.9,0.9,1,0,9999,32,1666.9
2025,1,30,17,0.9,0.9,1,0,9999,33,2057.0
2025,1,30,18,0.9,0.9,1,0,9999,34,923.2
2025,1,30,19,2.1,3.0,2,0,9999,30,292.3
2025,1,30,20,3.6,4.5,2,1,3000,26,13.2
2025,1,30,21,3.6,4.5,2,1,9999,25,25.0
2025,1,30,22,3.6,4.5,2,1,9999,24,0.0
2025,1,30,23,3.6,4.5,2,1,9999,24,0.0
2025,1,31,0,3.6,7.2,2,1,9999,24,0.0
2025,1,31,1,3.6,8.1,4,1,8000,24,0.0
2025,1,31,2,1.5,2.55,2,1,8000,24,0.0
2025,1,31,3,1.5,2.55,2,0,9999,24,0.0
2025,1,31,4,1.8,2.7,2,0,9999,24,0.0
2025,1,31,5,1.05,1.95,2,0,9999,24,0.0
2025,1,31,6,1.05,1.95,2,0,9999,24,0.0
2025,1,31,7,1.8,3.3,2,1,9000,23,0.0
2025,1,31,8,2.1,5.4,3,1,9000,23,0.8
2025,1,31,9,1.8,3.3,2,0,9999,24,118.4
2025,1,31,10,1.5,1.5,1,0,9999,25,757.1
2025,1,31,11,0.9,0.9,1,0,9999,27,1657.0
2025,1,31,12,1.8,2.7,2,0,9999,30,1618.5
2025,1,31,13,2.1,4.8,3,0,9999,31,1862.2
2025,1,31,14,2.1,4.8,3,0,9999,31,1893.3
2025,1,31,15,2.1,4.8,3,0,9999,32,1291.0
2025,1,31,16,2.1,4.8,3,0,9999,32,884.3
2025,1,31,17,2.1,4.8,3,0,9999,32,480.3
2025,1,31,18,3.6,8.0,3,0,8000,30,62.5
2025,1,31,19,3.6,9.5,4,1,5000,24,109.6
2025,1,31,20,3.6,6.0,3,1,9999,25,165.8
2025,1,31,21,1.5,1.5,1,0,9999,25,17.1
2025,1,31,22,1.8,3.3,2,0,9999,25,0.0
2025,1,31,23,1.8,3.3,2,0,9999,25,0.0
2025,2,1,0,1.5,1.5,1,0,9999,24,0.0
2025,2,1,1,6.0,11.1,3,0,5000,24,0.0
2025,2,1,2,6.0,11.1,3,0,5000,24,0.0
2025,2,1,3,6.0,11.1,3,0,5000,24,0.0
2025,2,1,4,6.0,11.1,3,0,5000,24,0.0
2025,2,1,5,6.0,11.1,3,0,5000,24,0.0
2025,2,1,6,6.0,11.1,3,0,5000,23,0.0
2025,2,1,7,6.0,11.1,3,0,5000,23,0.0
2025,2,1,8,6.0,11.1,3,0,5000,24,3.1
2025,2,1,9,6.0,11.1,3,0,5000,25,102.1
2025,2,1,10,3.6,8.6,3,0,8000,25,330.4
2025,2,1,11,3.6,8.6,3,0,8000,26,526.5
2025,2,1,12,3.6,8.6,3,0,8000,28,1363.9
2025,2,1,13,1.05,1.95,2,0,9999,30,2216.8
2025,2,1,14,1.05,1.95,2,0,9999,31,1478.5
2025,2,1,15,1.05,1.95,2,0,9999,31,1288.0
2025,2,1,16,0.9,0.9,1,0,9999,32,1155.2
2025,2,1,17,0.9,0.9,1,0,9999,32,1028.9
2025,2,1,18,2.1,3.0,2,1,9999,28,232.8
2025,2,1,19,0,0,0,0,10000,29,269.9
2025,2,1,20,0,0,0,0,10000,29,150.1
2025,2,1,21,0.9,0.9,1,0,9999,28,14.4
2025,2,1,22,1.05,1.95,2,0,9999,27,0.0
2025,2,1,23,1.8,2.7,2,0,9999,26,0.0
2025,2,2,0,1.8,2.7,2,0,9999,26,0.0
2025,2,2,1,1.8,2.7,2,0,9999,25,0.0
2025,2,2,2,1.8,2.7,2,0,9999,25,0.0
2025,2,2,3,1.8,2.7,2,0,9999,25,0.0
2025,2,2,4,1.8,2.7,2,0,9999,25,0.0
2025,2,2,5,3.5,5.3,2,1,9000,24,0.0
2025,2,2,6,1.8,3.3,2,0,9999,24,0.0
2025,2,2,7,1.8,3.3,2,0,9999,24,0.0
2025,2,2,8,1.8,3.3,2,0,9999,24,2.9
2025,2,2,9,1.8,3.3,2,0,9999,25,174.4
2025,2,2,10,1.8,3.3,2,0,9999,28,562.3
2025,2,2,11,1.8,3.3,2,0,9999,29,1737.5
2025,2,2,12,1.8,3.3,2,0,9999,30,916.3
2025,2,2,13,1.8,3.3,2,0,9999,33,1015.6
2025,2,2,14,0.9,0.9,1,0,9999,33,962.7
2025,2,2,15,2.1,4.2,2,0,9999,33,1739.8
2025,2,2,16,2.1,2.1,1,0,9999,34,1166.8
2025,2,2,17,2.1,3.9,2,0,9999,33,756.7
2025,2,2,18,2.1,3.0,2,0,9999,32,637.2
2025,2,2,19,2.1,4.8,3,0,9999,31,343.5
2025,2,2,20,2.1,4.8,3,0,9999,31,121.2
2025,2,2,21,2.1,4.8,3,0,9999,30,12.5
2025,2,2,22,1.8,2.7,2,0,9999,27,0.0
2025,2,2,23,1.5,2.55,2,0,9999,26,0.0
2025,2,3,0,0.9,0.9,1,0,9999,26,0.0
2025,2,3,1,0.9,0.9,1,0,9999,26,0.0
2025,2,3,2,0.9,0.9,1,0,9999,26,0.0
2025,2,3,3,0.9,0.9,1,0,9999,25,0.0
2025,2,3,4,0.9,0.9,1,0,9999,24,0.0
2025,2,3,5,0.9,0.9,1,0,9999,23,0.0
2025,2,3,6,0.9,0.9,1,0,8000,23,0.0
2025,2,3,7,0.9,0.9,1,0,8000,24,0.0
2025,2,3,8,0.9,0.9,1,0,8000,24,6.2
2025,2,3,9,0.9,0.9,1,0,9999,25,130.2
2025,2,3,10,0,0,0,0,10000,26,813.8
2025,2,3,11,0,0,0,0,10000,30,1786.6
2025,2,3,12,0,0,0,0,10000,30,2193.5
2025,2,3,13,0,0,0,0,10000,30,2714.2
2025,2,3,14,0,0,0,0,10000,32,2518.9
2025,2,3,15,2.1,3.6,2,0,9999,35,1737.1
2025,2,3,16,1.5,1.5,1,0,9999,35,1752.5
2025,2,3,17,2.1,3.0,2,0,9999,36,1646.4
2025,2,3,18,1.5,1.5,1,0,9999,34,344.2
2025,2,3,19,0.9,1.8,2,0,9999,29,442.4
2025,2,3,20,0.9,0.9,1,0,9999,29,188.5
2025,2,3,21,0.9,0.9,1,0,9999,28,23.8
2025,2,3,22,1.05,1.95,2,0,9999,27,0.0
2025,2,3,23,1.05,1.95,2,0,9999,26,0.0
2025,2,4,0,0.9,0.9,1,0,9999,26,0.0
2025,2,4,1,1.8,2.7,2,0,9999,26,0.0
2025,2,4,2,1.8,3.3,2,0,9999,26,0.0
2025,2,4,3,1.8,3.3,2,0,9999,25,0.0
2025,2,4,4,1.8,2.7,2,0,9999,25,0.0
2025,2,4,5,2.1,3.9,2,0,9999,25,0.0
2025,2,4,6,2.1,2.1,1,0,8000,24,0.0
2025,2,4,7,3.6,3.6,1,0,9999,24,0.0
2025,2,4,8,3.5,4.55,2,0,9999,24,2.8
2025,2,4,9,1.5,1.5,1,0,9999,24,177.3
2025,2,4,10,1.5,1.5,1,0,9999,26,1023.2
2025,2,4,11,1.5,1.5,1,0,9999,28,1711.0
2025,2,4,12,0.9,0.9,1,0,9999,31,2174.9
2025,2,4,13,0.9,0.9,1,0,9999,32,2311.7
2025,2,4,14,0.9,0.9,1,0,9999,34,2370.4
2025,2,4,15,0,0,0,0,10000,36,2276.9
2025,2,4,16,2.1,2.1,1,0,9999,34,2243.0
2025,2,4,17,2.1,2.1,1,0,9999,33,1412.9
2025,2,4,18,2.1,2.1,1,0,9999,33,1445.2
2025,2,4,19,2.1,3.0,2,0,9999,31,758.2
2025,2,4,20,2.1,3.0,2,0,9999,31,174.8
2025,2,4,21,2.1,3.0,2,0,9999,28,28.9
2025,2,4,22,2.1,4.05,3,0,9999,27,0.0
2025,2,4,23,2.1,4.05,3,0,9999,27,0.0
2025,2,5,0,2.1,3.6,2,0,9999,27,0.0
2025,2,5,1,1.5,2.55,2,0,9999,27,0.0
2025,2,5,2,1.5,2.55,2,0,9999,26,0.0
2025,2,5,3,1.5,2.55,2,0,9999,26,0.0
2025,2,5,4,1.5,2.55,2,0,9999,25,0.0
2025,2,5,5,1.5,1.5,1,0,9999,25,0.0
2025,2,5,6,1.5,1.5,1,0,9999,25,0.0
2025,2,5,7,1.5,1.5,1,0,9999,25,0.0
2025,2,5,8,1.5,1.5,1,0,9999,24,7.2
2025,2,5,9,1.5,1.5,1,0,9999,24,241.4
2025,2,5,10,1.5,1.5,1,0,9999,26,802.8
2025,2,5,11,0,0,0,0,10000,29,1712.8
2025,2,5,12,0,0,0,0,10000,31,2195.0
2025,2,5,13,0.9,0.9,1,0,9999,34,2419.8
2025,2,5,14,2.1,2.1,1,0,9999,35,2532.0
2025,2,5,15,2.1,2.1,1,0,9999,36,2403.7
2025,2,5,16,2.1,2.1,1,0,9999,37,2370.2
2025,2,5,17,2.1,2.1,1,0,9999,37,2156.5
2025,2,5,18,2.1,2.1,1,0,9999,37,1014.9
2025,2,5,19,2.1,2.1,1,0,9999,34,597.9
2025,2,5,20,2.1,2.1,1,0,9999,34,126.0
2025,2,5,21,2.1,2.1,1,0,9999,33,19.1
2025,2,5,22,0,0,0,0,10000,30,0.0
2025,2,5,23,0,0,0,0,10000,29,0.0
2025,2,6,0,0,0,0,0,10000,28,0.0
2025,2,6,1,0,0,0,0,10000,27,0.0
2025,2,6,2,0,0,0,0,10000,27,0.0
2025,2,6,3,0,0,0,0,10000,27,0.0
2025,2,6,4,0,0,0,0,10000,27,0.0
2025,2,6,5,0,0,0,0,10000,27,0.0
2025,2,6,6,0,0,0,0,10000,26,0.0
2025,2,6,7,0,0,0,0,10000,26,0.0
2025,2,6,8,0,0,0,0,10000,26,4.3
2025,2,6,9,0,0,0,0,10000,27,233.4
2025,2,6,10,0,0,0,0,10000,28,933.1
2025,2,6,11,0,0,0,0,10000,31,1729.6
2025,2,6,12,0,0,0,0,10000,32,2210.8
2025,2,6,13,0,0,0,0,10000,34,2371.1
2025,2,6,14,0,0,0,0,10000,35,2502.1
2025,2,6,15,0,0,0,0,10000,37,2391.1
2025,2,6,16,0.9,0.9,1,0,9999,37,2221.3
2025,2,6,17,0.9,0.9,1,0,9999,38,1705.8
2025,2,6,18,0.9,0.9,1,0,9999,37,1308.1
2025,2,6,19,0.9,0.9,1,0,9999,36,705.5
2025,2,6,20,0.9,0.9,1,0,9999,35,149.3
2025,2,6,21,0,0,0,0,10000,33,25.1
2025,2,6,22,0,0,0,0,10000,30,0.0
2025,2,6,23,0,0,0,0,10000,29,0.0
2025,2,7,0,0,0,0,0,10000,28,0.0
2025,2,7,1,0,0,0,0,10000,28,0.0
2025,2,7,2,0,0,0,0,10000,27,0.0
2025,2,7,3,0,0,0,0,10000,26,0.0
2025,2,7,4,0,0,0,0,10000,25,0.0
2025,2,7,5,0,0,0,0,10000,25,0.0
2025,2,7,6,0,0,0,0,10000,24,0.0
2025,2,7,7,0,0,0,0,10000,24,0.0
2025,2,7,8,0,0,0,0,10000,25,3.0
2025,2,7,9,0,0,0,0,10000,24,224.6
2025,2,7,10,0,0,0,0,10000,27,964.8
2025,2,7,11,0,0,0,0,10000,31,1688.9
2025,2,7,12,0,0,0,0,10000,32,2096.7
2025,2,7,13,0,0,0,0,10000,34,2182.7
2025,2,7,14,0,0,0,0,10000,35,2039.5
2025,2,7,15,2.1,2.1,1,0,9999,32,2270.9
2025,2,7,16,2.1,3.0,2,0,9999,32,2192.7
2025,2,7,17,2.1,3.0,2,0,9999,33,1947.2
2025,2,7,18,2.1,3.0,2,0,9999,30,1403.4
2025,2,7,19,0.9,0.9,1,0,9999,32,544.5
2025,2,7,20,0,0,0,0,10000,30,93.2
2025,2,7,21,2.1,3.0,2,0,9999,29,14.7
2025,2,7,22,0.9,0.9,1,0,9999,28,0.0
2025,2,7,23,0,0,0,0,10000,27,0.0
2025,2,8,0,0,0,0,0,10000,26,0.0
2025,2,8,1,0,0,0,0,10000,26,0.0
2025,2,8,2,0,0,0,0,10000,26,0.0
2025,2,8,3,0,0,0,0,10000,26,0.0
2025,2,8,4,0,0,0,0,10000,26,0.0
2025,2,8,5,0,0,0,0,10000,25,0.0
2025,2,8,6,0,0,0,0,10000,25,0.0
2025,2,8,7,0,0,0,0,10000,24,0.0
2025,2,8,8,1.5,1.5,1,0,9999,25,0.7
2025,2,8,9,1.5,1.5,1,0,9999,26,243.4
2025,2,8,10,3.5,3.5,1,0,9999,26,882.9
2025,2,8,11,3.5,3.5,1,0,9999,28,1239.3
2025,2,8,12,3.5,3.5,1,0,9999,28,2177.7
2025,2,8,13,3.5,3.5,1,0,9999,31,2120.0
2025,2,8,14,0.9,0.9,1,0,9999,31,1527.8
2025,2,8,15,0.9,0.9,1,0,9999,31,2373.3
2025,2,8,16,0.9,0.9,1,0,9999,31,2378.4
2025,2,8,17,0.9,0.9,1,0,9999,31,1920.8
2025,2,8,18,1.5,1.5,1,0,9999,30,1409.6
2025,2,8,19,1.5,1.5,1,0,9999,30,631.8
2025,2,8,20,1.5,1.5,1,0,9999,29,123.2
2025,2,8,21,1.5,1.5,1,0,9999,28,15.8
2025,2,8,22,0.9,0.9,1,0,9999,26,0.0
2025,2,8,23,0.9,0.9,1,0,9999,25,0.0
2025,2,9,0,0.9,0.9,1,0,9999,25,0.0
2025,2,9,1,0,0,0,0,10000,25,0.0
2025,2,9,2,0,0,0,0,10000,25,0.0
2025,2,9,3,0,0,0,0,10000,25,0.0
2025,2,9,4,0,0,0,0,10000,25,0.0
2025,2,9,5,0,0,0,0,10000,24,0.0
2025,2,9,6,2.1,4.2,2,0,9999,24,0.0
2025,2,9,7,2.1,4.2,2,0,9999,23,0.0
2025,2,9,9,2.1,4.2,2,0,9999,25,174.5
2025,2,9,10,2.1,4.2,2,0,9999,25,649.6
2025,2,9,11,0,0,0,0,10000,27,1691.3
2025,2,9,12,0,0,0,0,10000,30,2133.8
2025,2,9,13,0.9,0.9,1,0,9999,31,1778.1
2025,2,9,14,0.9,0.9,1,0,9999,33,2682.3
2025,2,9,15,2.1,2.1,1,0,9999,34,1786.3
2025,2,9,16,2.1,2.1,1,0,9999,33,2243.6
2025,2,9,17,2.1,2.1,1,0,9999,33,2008.7
2025,2,9,18,0.9,0.9,1,0,9999,34,1428.7
2025,2,9,19,0.9,0.9,1,0,9999,32,811.9
2025,2,9,20,0.9,0.9,1,0,9999,31,245.3
2025,2,9,21,0.9,0.9,1,0,9999,30,24.6
2025,2,9,22,0.9,0.9,1,0,9999,28,0.0
2025,2,9,23,0.9,0.9,1,0,9999,27,0.0
2025,2,10,0,0.9,0.9,1,0,9999,26,0.0
2025,2,10,1,2.1,2.1,1,0,9999,26,0.0
2025,2,10,2,2.1,3.0,2,0,9999,25,0.0
2025,2,10,3,2.1,3.0,2,0,9999,25,0.0
2025,2,10,4,2.1,3.0,2,0,9999,25,0.0
2025,2,10,5,2.1,3.0,2,0,9999,25,0.0
2025,2,10,6,2.1,3.0,2,0,9999,24,0.0
2025,2,10,7,2.1,3.0,2,0,9999,24,0.0
2025,2,10,8,0.9,0.9,1,0,9999,27,1.2
2025,2,10,9,0.9,0.9,1,0,9999,24,214.6
2025,2,10,10,1.5,1.5,1,0,9999,26,901.8
2025,2,10,11,1.5,1.5,1,0,9999,28,755.8
2025,2,10,12,0,0,0,0,10000,28,1252.3
2025,2,10,13,0,0,0,0,10000,31,2399.8
2025,2,10,14,0,0,0,0,10000,33,2295.2
2025,2,10,15,0,0,0,0,10000,34,2207.2
2025,2,10,16,0,0,0,0,10000,35,1675.2
2025,2,10,17,0.9,0.9,1,0,9999,35,1492.3
2025,2,10,18,2.1,3.0,2,0,9999,34,1182.5
2025,2,10,19,2.1,3.0,2,0,9999,34,675.4
2025,2,10,20,2.1,3.0,2,0,9999,34,202.2
2025,2,10,21,2.1,3.0,2,0,9999,31,19.3
2025,2,10,22,2.1,4.2,2,0,9999,29,0.0
2025,2,10,23,2.1,3.0,2,0,9999,27,0.0
2025,2,11,0,2.1,3.0,2,0,9999,27,0.0
2025,2,11,1,0,0,0,0,10000,27,0.0
2025,2,11,2,0,0,0,0,10000,26,0.0
2025,2,11,3,0,0,0,0,10000,26,0.0
2025,2,11,4,0,0,0,0,10000,25,0.0
2025,2,11,5,0,0,0,0,10000,25,0.0
2025,2,11,6,0,0,0,0,10000,24,0.0
2025,2,11,7,0,0,0,0,10000,24,0.0
2025,2,11,8,0,0,0,0,10000,23,5.9
2025,2,11,9,1.5,2.55,2,0,9999,24,244.6
2025,2,11,10,1.5,2.55,2,0,9999,26,473.3
2025,2,11,11,0,0,0,0,9999,28,747.6
2025,2,11,12,1.5,2.55,2,0,9999,30,2117.9
2025,2,11,13,0.9,0.9,1,0,9999,31,2311.6
2025,2,11,14,0.9,0.9,1,0,9999,33,2236.1
2025,2,11,15,2.1,2.1,1,0,9999,34,1451.9
2025,2,11,16,2.1,2.1,1,0,9999,35,1603.6
2025,2,11,17,2.1,2.1,1,0,9999,35,1353.1
2025,2,11,18,2.1,2.1,1,0,9999,35,1048.6
2025,2,11,19,0.9,0.9,1,0,9999,34,774.8
2025,2,11,20,0.9,0.9,1,0,9999,33,226.6
2025,2,11,21,0.9,0.9,1,0,9999,32,14.7
2025,2,11,22,0,0,0,0,10000,30,0.0
2025,2,11,23,0,0,0,0,10000,28,0.0
2025,2,12,0,0,0,0,0,10000,27,0.0
2025,2,12,1,0,0,0,0,10000,26,0.0
2025,2,12,2,0,0,0,0,10000,26,0.0
2025,2,12,3,0,0,0,0,10000,26,0.0
2025,2,12,4,0,0,0,0,10000,25,0.0
2025,2,12,5,0,0,0,0,10000,25,0.0
2025,2,12,6,0,0,0,0,10000,25,0.0
2025,2,12,7,0,0,0,0,10000,25,0.0
2025,2,12,8,0,0,0,0,10000,26,10.1
2025,2,12,9,0,0,0,0,10000,26,239.6
2025,2,12,10,0,0,0,0,10000,26,708.5
2025,2,12,11,0,0,0,0,10000,29,1695.2
2025,2,12,12,0,0,0,0,10000,31,2167.3
2025,2,12,13,0,0,0,0,10000,32,2282.8
2025,2,12,14,0.9,0.9,1,0,9999,34,2259.7
2025,2,12,15,0.9,0.9,1,0,9999,34,1869.3
2025,2,12,16,0.9,0.9,1,0,9999,36,2316.3
2025,2,12,18,0.9,0.9,1,0,9999,35,1099.1
2025,2,12,19,0.9,0.9,1,0,9999,34,696.0
2025,2,12,20,0.9,0.9,1,0,9999,33,120.9
2025,2,12,21,0,0,0,0,10000,34,17.9
2025,2,12,22,0,0,0,0,10000,31,0.0
2025,2,12,23,0,0,0,0,10000,30,0.0
2025,2,13,0,0,0,0,0,10000,28,0.0
2025,2,13,1,0,0,0,0,10000,26,0.0
2025,2,13,2,0,0,0,0,10000,26,0.0
2025,2,13,3,0.9,0.9,1,0,9999,25,0.0
2025,2,13,4,0.9,0.9,1,0,9999,25,0.0
2025,2,13,5,0.9,0.9,1,0,9999,24,0.0
2025,2,13,6,0.9,0.9,1,0,9999,23,0.0
2025,2,13,7,0.9,0.9,1,0,9999,22,0.0
2025,2,13,8,0.9,0.9,1,0,9999,24,8.0
2025,2,13,9,0.9,0.9,1,0,9999,25,262.4
2025,2,13,10,0.9,0.9,1,0,9999,27,1061.6
2025,2,13,11,0.9,0.9,1,0,9999,30,1715.5
2025,2,13,12,0,0,0,0,10000,31,2146.7
2025,2,13,13,0,0,0,0,10000,33,1514.8
2025,2,13,14,0,0,0,0,10000,33,1749.1
2025,2,13,15,0,0,0,0,10000,36,2305.2
2025,2,13,16,0,0,0,0,10000,33,2678.8
2025,2,13,17,0,0,0,0,10000,32,1943.2
2025,2,13,18,0,0,0,0,10000,32,1363.2
2025,2,13,19,0,0,0,0,10000,31,648.4
2025,2,13,20,0,0,0,0,10000,29,113.3
2025,2,13,21,0,0,0,0,10000,29,9.6
2025,2,13,22,0,0,0,0,10000,27,0.0
2025,2,13,23,0,0,0,0,10000,26,0.0
2025,2,14,0,0,0,0,0,10000,26,0.0
2025,2,14,1,0.9,0.9,1,0,9999,27,0.0
2025,2,14,2,1.5,1.5,1,0,9999,26,0.0
2025,2,14,3,1.5,1.5,1,0,9999,26,0.0
2025,2,14,4,0,0,0,0,10000,26,0.0
2025,2,14,5,0,0,0,0,10000,25,0.0
2025,2,14,6,0,0,0,0,10000,25,0.0
2025,2,14,7,1.5,1.5,1,0,9999,25,0.0
2025,2,14,8,0,0,0,0,10000,25,1.8
2025,2,14,9,0,0,0,0,10000,25,171.8
2025,2,14,10,0,0,0,0,10000,26,913.3
2025,2,14,11,0,0,0,0,10000,29,1267.0
2025,2,14,12,0,0,0,0,10000,31,2091.8
2025,2,14,13,0,0,0,0,10000,32,1841.0
2025,2,14,14,0,0,0,0,10000,32,2387.9
2025,2,14,15,2.1,3.0,2,0,9999,32,2352.5
2025,2,14,16,2.1,3.0,2,0,9999,31,2199.3
2025,2,14,17,2.1,3.0,2,0,9999,31,1996.7
2025,2,14,18,2.1,3.0,2,0,9999,30,382.2
2025,2,14,19,2.1,3.0,2,0,9999,29,57.9
2025,2,14,20,2.1,5.1,3,0,9999,29,21.2
2025,2,14,21,3.6,5.7,2,0,9999,28,7.6
2025,2,14,22,3.6,5.7,2,0,9999,28,0.0
2025,2,14,23,3.6,5.7,2,0,9999,27,0.0
2025,2,15,0,3.6,5.7,2,0,9999,27,0.0
2025,2,15,1,2.1,4.2,2,0,9999,27,0.0
2025,2,15,2,3.6,5.7,2,0,9999,27,0.0
2025,2,15,3,3.6,5.7,2,0,9999,26,0.0
2025,2,15,4,3.6,5.7,2,0,9999,25,0.0
2025,2,15,5,2.1,4.2,2,0,9999,25,0.0
2025,2,15,6,2.1,3.0,2,0,9999,25,0.0
2025,2,15,7,2.1,3.0,2,0,9999,24,0.0
2025,2,15,8,1.8,3.3,2,0,9999,23,1.6
2025,2,15,9,0,0,0,0,10000,24,205.5
2025,2,15,10,0,0,0,0,10000,26,894.6
2025,2,15,11,0,0,0,0,10000,29,1554.2
2025,2,15,12,1.5,1.5,1,0,9999,31,2092.3
2025,2,15,13,0,0,0,0,10000,33,2144.8
2025,2,15,14,0,0,0,0,10000,33,1816.7
2025,2,15,15,2.1,2.1,1,0,9999,32,1888.2
2025,2,15,16,2.1,2.1,1,0,9999,32,2117.1
2025,2,15,17,2.1,3.0,2,0,9999,31,1723.8
2025,2,15,18,2.1,3.0,2,0,9999,31,1204.8
2025,2,15,19,2.1,3.0,2,0,9999,30,610.4
2025,2,15,20,2.1,3.0,2,0,9999,29,133.9
2025,2,15,21,2.1,3.0,2,0,9999,28,12.1
2025,2,15,22,0.9,0.9,1,0,9999,27,0.0
2025,2,15,23,0,0,0,0,10000,26,0.0
2025,2,16,0,0,0,0,0,10000,26,0.0
2025,2,16,1,0,0,0,0,10000,26,0.0
2025,2,16,2,0,0,0,0,10000,26,0.0
2025,2,16,3,1.5,1.5,1,0,9999,25,0.0
2025,2,16,4,0,0,0,0,10000,25,0.0
2025,2,16,5,0,0,0,0,10000,25,0.0
2025,2,16,6,1.5,1.5,1,0,9999,24,0.0
2025,2,16,7,0,0,0,0,10000,24,0.0
2025,2,16,8,0,0,0,0,10000,24,1.8
2025,2,16,9,0,0,0,0,10000,24,220.7
2025,2,16,10,0,0,0,0,10000,26,954.3
2025,2,16,11,0,0,0,0,10000,29,1522.6
2025,2,16,12,0,0,0,0,10000,32,2101.7
2025,2,16,13,0,0,0,0,10000,34,2140.8
2025,2,16,14,0,0,0,0,10000,36,2352.7
2025,2,16,15,0,0,0,0,10000,38,2266.9
2025,2,16,16,0,0,0,0,10000,38,2162.5
2025,2,16,17,0,0,0,0,10000,39,2043.5
2025,2,16,18,0,0,0,0,10000,36,1314.5
2025,2,16,19,0.9,0.9,1,0,9999,36,660.5
2025,2,16,20,0.9,0.9,1,0,9999,35,115.9
2025,2,16,21,0,0,0,0,10000,34,9.7
2025,2,16,22,0,0,0,0,10000,30,0.0
2025,2,16,23,0,0,0,0,10000,29,0.0
2025,2,17,0,0,0,0,0,10000,28,0.0
2025,2,17,1,0,0,0,0,10000,27,0.0
2025,2,17,2,0,0,0,0,10000,26,0.0
2025,2,17,3,0,0,0,0,10000,26,0.0
2025,2,17,4,0,0,0,0,10000,25,0.0
2025,2,17,5,0,0,0,0,10000,25,0.0
2025,2,17,6,0,0,0,0,10000,26,0.0
2025,2,17,7,0,0,0,0,10000,26,0.0
2025,2,17,8,0,0,0,0,10000,27,1.0
2025,2,17,9,0,0,0,0,10000,27,323.2
2025,2,17,10,0,0,0,0,10000,29,1000.8
2025,2,17,11,0,0,0,0,10000,32,1677.5
2025,2,17,12,0,0,0,0,10000,34,2165.6
2025,2,17,13,0,0,0,0,10000,35,2329.7
2025,2,17,14,0,0,0,0,10000,37,2375.2
2025,2,17,15,0.9,0.9,1,0,9999,39,2211.4
2025,2,17,16,0.9,0.9,1,0,9999,40,2133.2
2025,2,17,17,0,0,0,0,10000,41,1861.2
2025,2,17,18,0.9,0.9,1,0,9999,39,1217.3
2025,2,17,19,0.9,0.9,1,0,9999,38,639.8
2025,2,17,20,0.9,0.9,1,0,9999,37,85.1
2025,2,17,21,0,0,0,0,10000,35,5.9
2025,2,17,22,0,0,0,0,10000,30,0.0
2025,2,17,23,0,0,0,0,10000,28,0.0
2025,2,18,0,0,0,0,0,10000,27,0.0
2025,2,18,1,0,0,0,0,10000,27,0.0
2025,2,18,2,0,0,0,0,10000,26,0.0
2025,2,18,3,0,0,0,0,10000,25,0.0
2025,2,18,4,0,0,0,0,10000,24,0.0
2025,2,18,5,0,0,0,0,10000,23,0.0
2025,2,18,6,0,0,0,0,10000,22,0.0
2025,2,18,7,0.9,0.9,1,0,9999,23,0.0
2025,2,18,8,0.9,0.9,1,0,9999,24,1.7
2025,2,18,9,0.9,0.9,1,0,9999,25,215.5
2025,2,18,10,0,0,0,0,10000,27,947.1
2025,2,18,11,0.9,0.9,1,0,9999,31,1601.0
2025,2,18,12,0.9,0.9,1,0,9999,34,2110.5
2025,2,18,13,0.9,0.9,1,0,9999,36,2174.6
2025,2,18,14,0.9,0.9,1,0,9999,38,2272.1
2025,2,18,15,0.9,0.9,1,0,9999,35,1799.1
2025,2,18,16,0.9,0.9,1,0,9999,33,2143.4
2025,2,18,17,0.9,0.9,1,0,9999,35,1882.9
2025,2,18,18,0.9,0.9,1,0,9999,33,1199.6
2025,2,18,19,0.9,0.9,1,0,9999,32,603.5
2025,2,18,20,0,0,0,0,10000,30,105.5
2025,2,18,21,0,0,0,0,10000,29,7.8
2025,2,18,22,1.05,1.95,2,0,9999,28,0.0
2025,2,18,23,0.9,0.9,1,0,9999,28,0.0
2025,2,19,0,0,0,0,0,10000,28,0.0
2025,2,19,1,1.5,1.5,1,0,9999,28,0.0
2025,2,19,2,1.5,1.5,1,0,9999,28,0.0
2025,2,19,3,1.5,1.5,1,0,9999,28,0.0
2025,2,19,4,1.5,1.5,1,0,9999,28,0.0
2025,2,19,5,3.5,3.5,1,0,9999,28,0.0
2025,2,19,6,6.0,13.1,3,0,9999,27,0.0
2025,2,19,7,2.1,3.0,2,0,9999,26,0.0
2025,2,19,8,3.5,3.5,1,0,9999,26,0.9
2025,2,19,9,3.5,5.6,2,0,9999,25,129.9
2025,2,19,10,0.9,0.9,1,0,9999,27,917.0
2025,2,19,11,0.9,0.9,1,0,9999,28,1742.4
2025,2,19,12,2.1,3.6,2,0,9999,31,2132.4
2025,2,19,13,0.9,0.9,1,0,9999,32,2224.4
2025,2,19,14,0.9,0.9,1,0,9999,33,2310.2
2025,2,19,15,0,0,0,0,10000,35,2174.5
2025,2,19,16,0,0,0,0,10000,32,2014.7
2025,2,19,17,0.9,0.9,1,0,9999,35,1602.0
2025,2,19,18,0,0,0,0,10000,34,1193.7
2025,2,19,19,0,0,0,0,10000,34,629.6
2025,2,19,20,0,0,0,0,10000,34,110.7
2025,2,19,21,0,0,0,0,10000,33,8.6
2025,2,19,22,0,0,0,0,10000,29,0.0
2025,2,19,23,0,0,0,0,10000,28,0.0
2025,2,20,0,0,0,0,0,10000,27,0.0
2025,2,20,1,0,0,0,0,10000,27,0.0
2025,2,20,2,0,0,0,0,10000,27,0.0
2025,2,20,3,0,0,0,0,10000,27,0.0
2025,2,20,4,0,0,0,0,10000,26,0.0
2025,2,20,5,0,0,0,0,10000,25,0.0
2025,2,20,6,0,0,0,0,10000,24,0.0
2025,2,20,7,0,0,0,0,10000,24,0.0
2025,2,20,8,0,0,0,0,10000,24,1.3
2025,2,20,9,1.5,1.5,1,0,9999,26,333.6
2025,2,20,10,1.5,1.5,1,0,9999,28,722.3
2025,2,20,11,1.5,1.5,1,0,9999,29,1650.2
2025,2,20,12,1.5,1.5,1,0,9999,31,2091.6
2025,2,20,13,0,0,0,0,10000,34,2241.5
2025,2,20,14,0.9,0.9,1,0,9999,35,2243.9
2025,2,20,15,0.9,0.9,1,0,9999,37,2072.3
2025,2,20,16,2.1,3.0,2,0,9999,37,2071.6
2025,2,20,17,2.1,3.0,2,0,9999,34,2010.3
2025,2,20,18,2.1,3.0,2,0,9999,34,1278.9
2025,2,20,19,2.1,2.1,1,0,9999,32,596.4
2025,2,20,20,2.1,2.1,1,0,9999,30,97.3
2025,2,20,21,2.1,3.0,2,0,9999,29,3.0
2025,2,20,22,2.1,3.0,2,0,9999,28,0.0
2025,2,20,23,2.1,2.1,1,0,9999,28,0.0
2025,2,21,0,0.9,0.9,1,0,9999,27,0.0
2025,2,21,1,0,0,0,0,10000,27,0.0
2025,2,21,2,0,0,0,0,10000,28,0.0
2025,2,21,3,0,0,0,0,10000,27,0.0
2025,2,21,4,0,0,0,0,10000,27,0.0
2025,2,21,5,0,0,0,0,10000,26,0.0
2025,2,21,6,0,0,0,0,10000,26,0.0
2025,2,21,7,0,0,0,0,10000,26,0.0
2025,2,21,8,0.9,0.9,1,0,9999,26,0.7
2025,2,21,9,0,0,0,0,10000,24,188.8
2025,2,21,10,0,0,0,0,10000,27,881.3
2025,2,21,11,0,0,0,0,10000,30,1620.2
2025,2,21,12,0,0,0,0,10000,32,1989.3
2025,2,21,13,2.1,2.1,1,0,9999,32,1926.5
2025,2,21,14,0.9,0.9,1,0,9999,32,2330.1
2025,2,21,15,0.9,0.9,1,0,9999,32,2280.2
2025,2,21,16,0.9,0.9,1,0,9999,32,2195.5
2025,2,21,17,0.9,1.8,2,0,9999,31,1935.0
2025,2,21,18,0.9,1.8,2,0,9999,31,1318.3
2025,2,21,19,0.9,0.9,1,0,9999,31,651.9
2025,2,21,20,3.5,3.5,1,0,9999,30,123.3
2025,2,21,21,1.5,1.5,1,0,9999,28,3.2
2025,2,21,22,2.1,3.6,2,0,9999,27,0.0
2025,2,21,23,3.5,3.5,1,0,9999,27,0.0
2025,2,22,0,3.6,7.2,3,0,9999,27,0.0
2025,2,22,1,2.1,3.6,2,0,9999,27,0.0
2025,2,22,2,1.8,2.7,2,0,9999,26,0.0
2025,2,22,3,1.8,2.7,2,0,9999,26,0.0
2025,2,22,4,1.8,2.7,2,0,9999,25,0.0
2025,2,22,5,1.8,2.7,2,0,9999,25,0.0
2025,2,22,6,1.05,1.95,2,0,9999,25,0.0
2025,2,22,7,1.05,1.95,2,0,9999,24,0.0
2025,2,22,8,1.05,1.95,2,0,9999,23,0.8
2025,2,22,9,0,0,0,0,10000,25,194.5
2025,2,22,10,0,0,0,0,10000,27,931.7
2025,2,22,11,0,0,0,0,10000,29,1706.1
2025,2,22,12,0,0,0,0,10000,31,2107.9
2025,2,22,13,0.9,0.9,1,0,9999,33,2287.6
2025,2,22,14,0.9,0.9,1,0,9999,34,2176.4
2025,2,22,15,0.9,0.9,1,0,9999,34,2325.9
2025,2,22,16,0.9,0.9,1,0,9999,33,2200.2
2025,2,22,17,0.9,0.9,1,0,9999,32,1518.7
2025,2,22,18,0.9,0.9,1,0,9999,31,874.8
2025,2,22,19,2.1,2.1,1,0,9999,31,520.1
2025,2,22,20,2.1,2.1,1,0,9999,30,143.5
2025,2,22,21,2.1,2.1,1,0,9999,28,1.1
2025,2,22,22,2.1,2.1,1,0,9999,27,0.0
2025,2,22,23,0.9,0.9,1,0,9999,27,0.0
2025,2,23,0,0.9,0.9,1,0,9999,27,0.0
2025,2,23,1,0.9,0.9,1,0,9999,27,0.0
2025,2,23,2,1.5,1.5,1,0,9999,26,0.0
2025,2,23,3,1.5,1.5,1,0,9999,26,0.0
2025,2,23,4,1.5,1.5,1,0,9999,27,0.0
2025,2,23,5,1.5,1.5,1,0,9999,25,0.0
2025,2,23,6,1.5,1.5,1,0,9999,25,0.0
2025,2,23,7,1.5,1.5,1,0,9999,26,0.0
2025,2,23,8,1.5,1.5,1,0,9999,26,0.9
2025,2,23,9,1.5,1.5,1,0,9999,23,196.1
2025,2,23,10,1.5,1.5,1,0,9999,25,742.8
2025,2,23,11,1.5,1.5,1,0,9999,29,1552.3
2025,2,23,12,0,0,0,0,10000,30,1929.9
2025,2,23,13,1.5,1.5,1,0,9999,32,1697.8
2025,2,23,14,1.5,1.5,1,0,9999,34,1303.3
2025,2,23,15,2.1,2.1,1,0,9999,35,1445.8
2025,2,23,16,2.1,3.0,2,0,9999,33,2122.3
2025,2,23,17,0.9,0.9,1,0,9999,33,1941.9
2025,2,23,18,0.9,1.8,2,0,9999,33,1088.1
2025,2,23,19,2.1,3.9,3,0,9999,32,420.4
2025,2,23,20,0.9,1.8,2,0,9999,32,114.4
2025,2,23,21,2.1,3.0,2,0,9999,31,3.5
2025,2,23,22,0.9,1.8,2,0,9999,29,0.0
2025,2,23,23,0.9,0.9,1,0,9999,28,0.0
2025,2,24,0,0.9,0.9,1,0,9999,27,0.0
2025,2,24,1,0.9,0.9,1,0,9999,27,0.0
2025,2,24,2,0.9,0.9,1,0,9999,26,0.0
2025,2,24,3,0.9,0.9,1,0,9999,27,0.0
2025,2,24,4,0,0,0,0,10000,26,0.0
2025,2,24,5,2.1,2.1,1,0,9999,25,0.0
2025,2,24,6,0,0,0,0,10000,25,0.0
2025,2,24,7,0,0,0,0,10000,24,0.0
2025,2,24,8,0,0,0,0,10000,24,0.3
2025,2,24,9,0,0,0,0,10000,24,211.7
2025,2,24,10,0,0,0,0,10000,26,980.0
2025,2,24,11,0.9,0.9,1,0,9999,28,1677.2
2025,2,24,12,0,0,0,0,10000,30,2076.8
2025,2,24,13,0,0,0,0,10000,32,2264.5
2025,2,24,14,0,0,0,0,10000,34,2331.6
2025,2,24,15,0.9,0.9,1,0,9999,33,2311.1
2025,2,24,16,2.1,2.1,1,0,9999,32,2079.6
2025,2,24,17,0.9,0.9,1,0,9999,34,1959.8
2025,2,24,18,0.9,0.9,1,0,9999,34,1339.6
2025,2,24,19,0.9,0.9,1,0,9999,32,620.8
2025,2,24,20,0,0,0,0,10000,32,107.3
2025,2,24,21,0.9,0.9,1,0,9999,30,5.7
2025,2,24,22,0.9,0.9,1,0,9999,31,0.0
2025,2,24,23,0.9,0.9,1,0,9999,30,0.0
2025,2,25,0,0.9,0.9,1,0,9999,29,0.0
2025,2,25,1,0.9,0.9,1,0,9999,27,0.0
2025,2,25,2,0.9,0.9,1,0,9999,25,0.0
2025,2,25,3,0.9,0.9,1,0,9999,25,0.0
2025,2,25,4,0.9,0.9,1,0,9999,25,0.0
2025,2,25,5,0.9,0.9,1,0,9999,24,0.0
2025,2,25,6,0.9,0.9,1,0,9999,24,0.0
2025,2,25,7,0.9,0.9,1,0,9999,25,0.0
2025,2,25,8,0.9,0.9,1,0,9999,26,0.0
2025,2,25,9,0.9,0.9,1,0,9999,27,212.0
2025,2,25,10,0.9,0.9,1,0,9999,27,713.5
2025,2,25,11,0.9,0.9,1,0,9999,29,1683.0
2025,2,25,12,0.9,0.9,1,0,9999,31,2060.2
2025,2,25,13,0.9,0.9,1,0,9999,33,1829.6
2025,2,25,14,2.1,2.1,1,0,9999,33,1389.1
2025,2,25,15,2.1,2.1,1,0,9999,33,1798.3
2025,2,25,16,2.1,2.1,1,0,9999,33,2379.4
2025,2,25,17,2.1,2.1,1,0,9999,34,1885.2
2025,2,25,18,0.9,0.9,1,0,9999,34,1372.2
2025,2,25,19,2.1,3.6,2,0,9999,33,632.0
2025,2,25,20,2.1,3.6,2,0,9999,32,105.5
2025,2,25,21,2.1,3.6,2,0,9999,30,9.5
2025,2,25,22,2.1,3.6,2,0,9999,28,0.0
2025,2,25,23,0.9,0.9,1,0,9999,27,0.0
2025,2,26,0,0,0,0,0,10000,27,0.0
2025,2,26,1,0,0,0,0,10000,27,0.0
2025,2,26,2,0,0,0,0,10000,26,0.0
2025,2,26,3,0,0,0,0,10000,26,0.0
2025,2,26,4,0,0,0,0,10000,26,0.0
2025,2,26,5,0,0,0,0,10000,25,0.0
2025,2,26,6,0,0,0,0,10000,25,0.0
2025,2,26,7,0.9,0.9,1,0,9999,24,0.0
2025,2,26,8,0.9,0.9,1,0,9999,24,0.0
2025,2,26,9,0,0,0,0,10000,25,205.9
2025,2,26,10,0.9,0.9,1,0,9999,26,810.9
2025,2,26,11,0.9,0.9,1,0,9999,28,1688.2
2025,2,26,12,0,0,0,0,10000,30,2152.2
2025,2,26,13,0.9,0.9,1,0,9999,32,2275.3
2025,2,26,14,2.1,2.1,1,0,9999,34,2778.4
2025,2,26,15,2.1,2.1,1,0,9999,35,1579.7
2025,2,26,16,2.1,2.1,1,0,9999,33,1891.9
2025,2,26,17,2.1,2.1,1,0,9999,34,2013.9
2025,2,26,18,2.1,2.1,1,0,9999,34,1286.2
2025,2,26,19,0,0,0,0,10000,32,606.9
2025,2,26,20,0,0,0,0,10000,32,96.1
2025,2,26,21,0,0,0,0,10000,30,4.7
2025,2,26,22,0,0,0,0,10000,28,0.0
2025,2,26,23,0,0,0,0,10000,26,0.0
2025,2,27,0,0,0,0,0,10000,26,0.0
2025,2,27,1,0,0,0,0,10000,25,0.0
2025,2,27,2,0,0,0,0,10000,24,0.0
2025,2,27,3,0,0,0,0,10000,24,0.0
2025,2,27,4,0,0,0,0,10000,23,0.0
2025,2,27,5,0,0,0,0,10000,23,0.0
2025,2,27,6,0,0,0,0,10000,23,0.0
2025,2,27,7,0,0,0,0,10000,22,0.0
2025,2,27,8,0,0,0,0,10000,23,0.0
2025,2,27,9,0,0,0,0,10000,24,176.0
2025,2,27,10,0,0,0,0,10000,26,913.8
2025,2,27,11,0,0,0,0,10000,28,1743.8
2025,2,27,12,0,0,0,0,10000,31,2088.8
2025,2,27,13,0,0,0,0,10000,32,2246.0
2025,2,27,14,0,0,0,0,10000,34,2340.1
2025,2,27,15,0.9,0.9,1,0,9999,36,2162.5
2025,2,27,16,0.9,0.9,1,0,9999,37,1440.0
2025,2,27,17,0.9,0.9,1,0,9999,38,278.5
2025,2,27,18,0.9,0.9,1,0,9999,35,1295.6
2025,2,27,19,2.1,4.05,3,0,9000,34,796.1
2025,2,27,20,2.1,4.05,3,0,8000,33,124.8
2025,2,27,21,2.1,3.0,2,0,9999,32,7.3
2025,2,27,22,2.1,3.0,2,0,9999,27,0.0
2025,2,27,23,1.5,2.4,2,0,9999,26,0.0
2025,2,28,0,1.5,1.5,1,0,9999,26,0.0
2025,2,28,1,1.5,1.5,1,0,9999,25,0.0
2025,2,28,2,1.5,1.5,1,0,9999,25,0.0
2025,2,28,3,1.5,1.5,1,0,9999,24,0.0
2025,2,28,4,1.5,1.5,1,0,9999,24,0.0
2025,2,28,5,1.5,1.5,1,0,9999,23,0.0
2025,2,28,6,0.9,0.9,1,0,9999,23,0.0
2025,2,28,8,0.9,0.9,1,0,9999,25,0.1
2025,2,28,9,0.9,0.9,1,0,9999,26,190.2
2025,2,28,10,0.9,0.9,1,0,9999,26,961.0
2025,2,28,11,0.9,0.9,1,0,9999,29,1588.2
2025,2,28,12,0.9,0.9,1,0,9999,31,2094.6
2025,2,28,13,0.9,0.9,1,0,9999,33,2122.1
2025,2,28,14,0.9,0.9,1,0,9999,34,2255.7
2025,2,28,15,2.1,2.1,1,0,9999,35,2147.4
2025,2,28,16,2.1,2.1,1,0,9999,34,1911.3
2025,2,28,17,2.1,2.1,1,0,9999,34,1810.5
2025,2,28,18,2.1,2.1,1,0,9999,33,1208.0
2025,2,28,19,2.1,2.1,1,0,9999,33,647.3
2025,2,28,20,0.9,0.9,1,0,9999,32,173.6
2025,2,28,21,1.05,1.95,2,0,9999,30,3.7
2025,2,28,22,1.05,1.95,2,0,9999,27,0.0
2025,2,28,23,0,0,0,0,10000,26,0.0
2025,3,1,0,0,0,0,0,10000,26,0.0
2025,3,1,1,0,0,0,0,10000,25,0.0
2025,3,1,2,0,0,0,0,10000,25,0.0
2025,3,1,3,0.9,0.9,1,0,9999,25,0.0
2025,3,1,4,0.9,0.9,1,0,9999,25,0.0
2025,3,1,5,0,0,0,0,10000,25,0.0
2025,3,1,6,0,0,0,0,10000,25,0.0
2025,3,1,7,0,0,0,0,10000,24,0.0
2025,3,1,8,0,0,0,0,10000,24,0.1
2025,3,1,9,0,0,0,0,10000,23,206.0
2025,3,1,10,0,0,0,0,10000,26,968.3
2025,3,1,11,0,0,0,0,10000,29,1719.7
2025,3,1,12,0,0,0,0,10000,31,2090.1
2025,3,1,13,0,0,0,0,10000,33,2166.6
2025,3,1,14,0,0,0,0,10000,34,2226.7
2025,3,1,15,0.9,0.9,1,0,9999,33,2451.8
2025,3,1,16,0.9,0.9,1,0,9999,35,2151.6
2025,3,1,17,0.9,0.9,1,0,9999,35,892.3
2025,3,1,18,0.9,0.9,1,0,9999,34,909.2
2025,3,1,19,1.05,1.95,2,0,9999,33,524.7
2025,3,1,20,1.8,2.7,2,0,9999,31,151.4
2025,3,1,21,1.8,2.7,2,0,9999,31,4.7
2025,3,1,22,2.1,3.9,2,0,9999,28,0.0
2025,3,1,23,0.9,0.9,1,0,9999,27,0.0
2025,3,2,0,0,0,0,0,10000,26,0.0
2025,3,2,1,0,0,0,0,10000,26,0.0
2025,3,2,2,0,0,0,0,10000,25,0.0
2025,3,2,3,0,0,0,0,10000,25,0.0
2025,3,2,4,0,0,0,0,10000,26,0.0
2025,3,2,5,0,0,0,0,10000,25,0.0
2025,3,2,6,0,0,0,0,10000,24,0.0
2025,3,2,7,0,0,0,0,10000,24,0.0
2025,3,2,8,0,0,0,0,10000,24,0.3
2025,3,2,9,0,0,0,0,10000,24,210.5
2025,3,2,10,0,0,0,0,10000,26,1029.9
2025,3,2,11,0,0,0,0,10000,29,1719.8
2025,3,2,12,0,0,0,0,10000,30,2155.4
2025,3,2,13,0,0,0,0,10000,32,2325.7
2025,3,2,14,0,0,0,0,10000,33,2277.3
2025,3,2,15,0.9,0.9,1,0,9999,35,1699.6
2025,3,2,16,2.1,2.1,1,0,9999,36,861.9
2025,3,2,17,2.1,2.1,1,0,9999,35,1768.0
2025,3,2,18,2.1,2.1,1,0,9999,35,1296.7
2025,3,2,19,2.1,2.1,1,0,9999,33,607.5
2025,3,2,20,2.1,2.1,1,0,9999,32,105.9
2025,3,2,21,2.1,2.1,1,0,9999,30,2.7
2025,3,2,22,0,0,0,0,10000,29,0.0
2025,3,2,23,0,0,0,0,10000,27,0.0
2025,3,3,0,0,0,0,0,10000,26,0.0
2025,3,3,1,0,0,0,0,10000,26,0.0
2025,3,3,2,0,0,0,0,10000,25,0.0
2025,3,3,3,0,0,0,0,10000,24,0.0
2025,3,3,4,0,0,0,0,10000,24,0.0
2025,3,3,5,0,0,0,0,10000,23,0.0
2025,3,3,6,0.9,0.9,1,0,9999,24,0.0
2025,3,3,7,0.9,0.9,1,0,9999,24,0.0
2025,3,3,8,0.9,0.9,1,0,9999,25,0.4
2025,3,3,9,0.9,0.9,1,0,9999,26,198.6
2025,3,3,10,0.9,0.9,1,0,9999,28,947.5
2025,3,3,11,0.9,0.9,1,0,9999,28,1616.5
2025,3,3,12,0.9,0.9,1,0,9999,31,2054.6
2025,3,3,13,0.9,0.9,1,0,9999,33,1204.6
2025,3,3,14,2.1,2.1,1,0,9999,34,1264.8
2025,3,3,15,2.1,2.1,1,0,9999,32,2019.5
2025,3,3,16,2.1,2.1,1,0,9999,33,2233.8
2025,3,3,17,2.1,2.1,1,0,9999,32,1977.6
2025,3,3,18,2.1,2.1,1,0,9999,33,1231.2
2025,3,3,19,2.1,2.1,1,0,9999,33,632.0
2025,3,3,20,2.1,2.1,1,0,9999,32,118.4
2025,3,3,21,2.1,4.2,2,0,9999,30,0.8
2025,3,3,22,2.1,3.0,2,0,9999,27,0.0
2025,3,3,23,0,0,0,0,10000,26,0.0
2025,3,4,0,0,0,0,0,10000,25,0.0
2025,3,4,1,0,0,0,0,10000,25,0.0
2025,3,4,2,0,0,0,0,10000,25,0.0
2025,3,4,3,0,0,0,0,10000,24,0.0
2025,3,4,4,0,0,0,0,10000,24,0.0
2025,3,4,5,0,0,0,0,10000,24,0.0
2025,3,4,6,0,0,0,0,10000,24,0.0
2025,3,4,7,0.9,0.9,1,0,9999,24,0.0
2025,3,4,8,0.9,0.9,1,0,9999,24,0.0
2025,3,4,9,0,0,0,0,10000,23,215.1
2025,3,4,10,0,0,0,0,10000,24,985.7
2025,3,4,11,0,0,0,0,10000,28,1235.5
2025,3,4,12,0.9,0.9,1,0,9999,29,2056.3
2025,3,4,13,2.1,2.1,1,0,9999,29,2289.2
2025,3,4,14,2.1,4.2,2,0,9999,30,2410.9
2025,3,4,15,2.1,3.15,2,0,9999,31,1731.3
2025,3,4,16,2.1,3.9,2,0,9999,31,1046.5
2025,3,4,17,2.1,3.9,2,0,9999,32,1702.2
2025,3,4,18,1.8,2.7,2,0,9999,32,1011.3
2025,3,4,19,2.1,3.15,2,0,9999,31,397.1
2025,3,4,20,2.1,3.15,2,0,9999,30,105.1
2025,3,4,21,0.9,0.9,1,0,9999,28,2.3
2025,3,4,22,1.5,2.55,2,0,9999,27,0.0
2025,3,4,23,1.5,1.5,1,0,9999,26,0.0
2025,3,5,0,0.9,0.9,1,0,9999,28,0.0
2025,3,5,1,0.9,0.9,1,0,9999,27,0.0
2025,3,5,2,0.9,0.9,1,0,9999,27,0.0
2025,3,5,3,0.9,0.9,1,0,9999,26,0.0
2025,3,5,4,0.9,0.9,1,0,9999,25,0.0
2025,3,5,5,0.9,0.9,1,0,9999,25,0.0
2025,3,5,6,0.9,0.9,1,0,9999,24,0.0
2025,3,5,7,0.9,0.9,1,0,9999,24,0.0
2025,3,5,8,0.9,0.9,1,0,9999,25,0.0
2025,3,5,9,0.9,0.9,1,0,9999,26,183.4
2025,3,5,10,0.9,0.9,1,0,9999,25,902.8
2025,3,5,11,0.9,0.9,1,0,9999,28,1598.9
2025,3,5,12,0.9,0.9,1,0,9999,30,1842.9
2025,3,5,13,0.9,0.9,1,0,9999,31,1406.7
2025,3,5,14,0.9,0.9,1,0,9999,32,1356.7
2025,3,5,15,0.9,0.9,1,0,9999,34,7137.7
2025,3,5,16,0.9,0.9,1,0,9999,33,2366.0
2025,3,5,17,0.9,0.9,1,0,9999,34,4689.5
2025,3,5,18,0.9,0.9,1,0,9999,31,1353.1
2025,3,5,19,0.9,0.9,1,0,9999,32,583.1
2025,3,5,20,0.9,0.9,1,0,9999,30,13.4
2025,3,5,21,0.9,0.9,1,0,9999,28,0.0
2025,3,5,22,0,0,0,0,10000,27,0.0
2025,3,5,23,0,0,0,0,10000,26,0.0
2025,3,6,0,0,0,0,0,10000,25,0.0
2025,3,6,1,0.9,0.9,1,0,9999,25,0.0
2025,3,6,2,0.9,0.9,1,0,9999,25,0.0
2025,3,6,3,1.05,1.95,2,0,9999,24,0.0
2025,3,6,4,1.05,1.95,2,0,9999,24,0.0
2025,3,6,5,0,0,0,0,10000,23,0.0
2025,3,6,6,0,0,0,0,10000,23,0.0
2025,3,6,7,0,0,0,0,10000,23,0.0
2025,3,6,8,0.9,0.9,1,0,9999,23,0.0
2025,3,6,9,0.9,0.9,1,0,9999,23,96.3
2025,3,6,10,0.9,0.9,1,0,8000,24,528.4
2025,3,6,11,1.8,2.7,2,0,9999,27,1727.3
2025,3,6,12,1.05,1.95,2,0,9999,29,1976.6
2025,3,6,13,2.1,2.1,1,0,9999,29,1554.4
2025,3,6,14,0.9,0.9,1,0,9999,31,1994.0
2025,3,6,15,0.9,0.9,1,0,9999,30,2348.8
2025,3,6,16,0.9,0.9,1,0,9999,31,2033.0
2025,3,6,17,0.9,0.9,1,0,9999,30,1857.2
2025,3,6,18,0.9,0.9,1,0,9999,30,1382.0
2025,3,6,19,0.9,0.9,1,0,9999,28,630.7
2025,3,6,20,0.9,0.9,1,0,9999,27,100.7
2025,3,6,21,2.1,2.1,1,0,9999,26,2.8
2025,3,6,22,0.9,0.9,1,0,9999,25,0.0
2025,3,6,23,0.9,0.9,1,0,9999,25,0.0
2025,3,7,0,2.1,2.1,1,0,9999,25,0.0
2025,3,7,1,2.1,2.1,1,0,9999,25,0.0
2025,3,7,2,3.5,3.5,1,0,9999,24,0.0
2025,3,7,3,3.5,3.5,1,0,9999,24,0.0
2025,3,7,4,1.5,1.5,1,0,9999,24,0.0
2025,3,7,5,2.1,3.6,2,0,9999,24,0.0
2025,3,7,7,1.5,1.5,1,0,9999,25,0.0
2025,3,7,8,1.5,1.5,1,0,9999,24,0.0
2025,3,7,9,6.0,6.0,1,0,7000,24,186.2
2025,3,7,10,3.5,3.5,1,0,9999,25,997.8
2025,3,7,11,3.5,3.5,1,0,9999,26,964.0
2025,3,7,12,2.1,3.6,2,0,9999,28,658.6
2025,3,7,13,2.1,5.4,3,0,9999,27,745.8
2025,3,7,14,3.6,9.3,3,0,9999,28,841.4
2025,3,7,15,3.6,7.5,3,0,9999,27,1832.9
2025,3,7,16,2.1,4.2,2,0,9999,29,1362.0
2025,3,7,17,2.1,3.15,2,0,9999,29,1556.5
2025,3,7,18,2.1,3.6,2,0,9999,28,1284.7
2025,3,7,19,2.1,3.6,2,0,9999,28,630.3
2025,3,7,20,2.1,2.1,1,0,9999,27,90.3
2025,3,7,21,2.1,3.6,2,0,9999,26,2.7
2025,3,7,22,1.5,1.5,1,0,9999,25,0.0
2025,3,7,23,1.5,1.5,1,0,9999,25,0.0
2025,3,8,0,1.5,1.5,1,0,9999,25,0.0
2025,3,8,1,3.5,3.5,1,0,9999,25,0.0
2025,3,8,2,6.0,6.0,1,0,9999,25,0.0
2025,3,8,3,3.5,3.5,1,0,9999,25,0.0
2025,3,8,4,6.0,7.5,2,0,9999,24,0.0
2025,3,8,5,3.5,3.5,1,0,9999,24,0.0
2025,3,8,6,3.5,3.5,1,0,9999,23,0.0
2025,3,8,7,3.5,5.0,2,0,8000,23,0.0
2025,3,8,8,3.5,3.5,1,0,9999,24,0.0
2025,3,8,10,6.0,7.5,2,0,9999,25,991.2
2025,3,8,11,6.0,7.5,2,0,9000,26,1744.6
2025,3,8,12,1.5,1.5,1,0,9999,28,2278.5
2025,3,8,13,0.9,0.9,1,0,9999,31,2195.4
2025,3,8,14,0.9,0.9,1,0,9999,29,1898.9
2025,3,8,15,0.9,0.9,1,0,9999,31,2044.8
2025,3,8,16,0.9,0.9,1,0,9999,30,2212.5
2025,3,8,17,0.9,0.9,1,0,9999,31,1951.6
2025,3,8,18,0.9,0.9,1,0,9999,31,1286.2
2025,3,8,19,0.9,0.9,1,0,9999,30,605.1
2025,3,8,20,1.5,1.5,1,0,9999,28,100.4
2025,3,8,21,1.5,1.5,1,0,9999,27,1.1
2025,3,8,22,2.1,3.6,2,0,9999,26,0.0
2025,3,8,23,2.1,3.6,2,0,9999,26,0.0
2025,3,9,0,1.5,1.5,1,0,9999,25,0.0
2025,3,9,1,2.1,2.1,1,0,9999,25,0.0
2025,3,9,2,0.9,0.9,1,0,9999,25,0.0
2025,3,9,3,0,0,0,0,10000,25,0.0
2025,3,9,4,0,0,0,0,10000,25,0.0
2025,3,9,5,0,0,0,0,10000,24,0.0
2025,3,9,6,0,0,0,0,10000,24,0.0
2025,3,9,7,0,0,0,0,10000,24,0.0
2025,3,9,8,0,0,0,0,10000,23,0.0
2025,3,9,9,0,0,0,0,10000,23,186.4
2025,3,9,10,0,0,0,0,10000,25,986.6
2025,3,9,11,0,0,0,0,10000,28,1672.8
2025,3,9,12,0,0,0,0,10000,31,2108.0
2025,3,9,13,0,0,0,0,10000,33,2177.8
2025,3,9,14,0.9,0.9,1,0,9999,35,2354.5
2025,3,9,15,0.9,0.9,1,0,9999,33,2166.6
2025,3,9,16,0.9,0.9,1,0,9999,33,1946.2
2025,3,9,17,2.1,2.1,1,0,9999,31,1965.9
2025,3,9,18,2.1,4.05,3,0,9999,28,1236.9
2025,3,9,19,2.1,4.8,3,0,9999,27,352.2
2025,3,9,20,1.8,3.6,3,0,9999,28,139.8
2025,3,9,21,2.1,2.1,1,0,9999,27,0.1
2025,3,9,22,2.1,3.0,2,0,9999,27,0.0
2025,3,9,23,2.1,3.0,2,0,9999,26,0.0
2025,3,10,0,2.1,3.0,2,0,9999,26,0.0
2025,3,10,1,2.1,3.0,2,0,9999,25,0.0
2025,3,10,2,2.1,3.0,2,0,9999,26,0.0
2025,3,10,3,0.9,0.9,1,0,9999,25,0.0
2025,3,10,4,0.9,0.9,1,0,9999,25,0.0
2025,3,10,5,0.9,0.9,1,0,9999,24,0.0
2025,3,10,6,0.9,0.9,1,0,9999,24,0.0
2025,3,10,7,0.9,0.9,1,0,9999,25,0.0
2025,3,10,8,0.9,0.9,1,0,9999,25,0.0
2025,3,10,9,0.9,0.9,1,0,9999,26,175.5
2025,3,10,10,1.5,1.5,1,0,9999,26,1005.5
2025,3,10,11,3.5,3.5,1,0,9999,28,1712.5
2025,3,10,12,1.5,1.5,1,0,9999,29,2148.9
2025,3,10,13,1.5,1.5,1,0,9999,29,2200.3
2025,3,10,14,1.5,1.5,1,0,9999,29,2137.6
2025,3,10,15,1.5,1.5,1,0,9999,29,2209.4
2025,3,10,16,1.5,1.5,1,0,9999,29,2029.9
2025,3,11,2,1.8,2.7,2,0,9999,25,0.0
2025,3,11,3,1.8,2.7,2,0,9999,25,0.0
2025,3,11,4,1.8,2.7,2,0,9999,24,0.0
2025,3,11,5,0.9,0.9,1,0,9999,23,0.0
2025,3,11,6,2.1,2.1,1,0,8000,23,0.0
2025,3,11,7,2.1,2.1,1,0,8000,23,0.0
2025,3,11,8,2.1,3.9,2,0,9999,24,0.0
2025,3,11,9,1.5,2.55,2,0,8000,24,127.5
2025,3,11,10,1.5,1.5,1,0,9999,25,516.9
2025,3,11,11,1.5,1.5,1,0,9999,28,1472.5
2025,3,11,12,1.5,1.5,1,0,9999,30,1640.0
2025,3,11,13,0.9,0.9,1,0,9999,32,2273.7
2025,3,11,14,0.9,0.9,1,0,9999,30,1701.7
2025,3,11,15,0.9,0.9,1,0,9999,30,2031.3
2025,3,11,16,0,0,0,0,10000,29,2079.2
2025,3,11,17,0.9,0.9,1,0,9999,29,1297.4
2025,3,11,18,1.5,2.55,2,0,9999,27,999.4
2025,3,11,19,3.5,3.5,1,0,9999,28,429.9
2025,3,11,20,6.0,7.5,2,0,9999,27,77.4
2025,3,11,21,6.0,7.5,2,0,9999,27,0.0
2025,3,11,22,6.0,12.3,3,0,9999,26,0.0
2025,3,11,23,6.0,12.3,3,1,9999,26,0.0
2025,3,12,0,6.0,12.3,3,1,8000,25,0.0
2025,3,12,1,4.8,9.8,3,0,9000,25,0.0
2025,3,12,2,4.8,6.3,2,0,9999,25,0.0
2025,3,12,3,4.8,6.3,2,0,9999,26,0.0
2025,3,12,4,3.6,5.1,2,0,9999,26,0.0
2025,3,12,5,3.6,5.7,2,0,9999,26,0.0
2025,3,12,6,4.8,6.9,2,0,9999,26,0.0
2025,3,12,7,3.6,5.7,2,0,9999,25,0.0
2025,3,12,8,2.1,4.2,2,0,9999,25,0.0
2025,3,12,9,0.9,0.9,1,0,9999,25,114.9
2025,3,12,10,0,0,0,0,10000,26,854.9
2025,3,12,11,0,0,0,0,10000,28,1682.9
2025,3,12,12,1.5,1.5,1,0,9999,30,1540.3
2025,3,12,13,2.1,3.6,2,0,9999,32,2193.0
2025,3,12,14,2.1,3.6,2,0,9999,34,1984.7
2025,3,12,15,2.1,4.2,2,0,9999,35,1510.0
2025,3,12,16,2.1,3.6,2,0,9999,34,1670.7
2025,3,12,17,2.1,3.6,2,0,9999,33,1490.4
2025,3,12,18,2.1,4.5,3,0,9999,32,1240.2
2025,3,12,19,2.1,3.0,2,0,9999,28,389.3
2025,3,12,20,1.8,4.2,3,0,9999,27,60.9
2025,3,12,21,1.8,4.2,3,0,9999,26,0.0
2025,3,12,22,6.0,6.0,1,0,9999,26,0.0
2025,3,12,23,3.5,5.3,2,0,9999,26,0.0
2025,3,13,0,3.5,6.2,3,1,9000,26,0.0
2025,3,13,1,3.6,6.0,3,1,8000,25,0.0
2025,3,13,2,1.8,2.7,2,1,8000,25,0.0
2025,3,13,3,1.8,3.3,2,0,9999,25,0.0
2025,3,13,4,1.8,3.3,2,0,9999,25,0.0
2025,3,13,5,1.8,3.3,2,0,9999,25,0.0
2025,3,13,6,1.8,2.7,2,0,9999,24,0.0
2025,3,13,7,1.8,2.7,2,0,9999,24,0.0
2025,3,13,8,0.9,0.9,1,0,9999,24,0.0
2025,3,13,9,0,0,0,0,2500,24,148.7
2025,3,13,10,1.5,1.5,1,0,3000,25,752.0
2025,3,14,0,3.6,5.1,2,0,9999,24,0.0
2025,3,14,1,3.6,5.1,2,0,5000,25,0.0
2025,3,14,2,3.6,5.1,2,0,7000,24,0.0
2025,3,14,3,3.6,5.1,2,0,6000,24,0.0
2025,3,14,4,3.6,5.1,2,0,5000,24,0.0
2025,3,14,5,3.5,5.3,2,1,5000,24,0.0
2025,3,14,6,3.5,5.3,2,0,6000,23,0.0
2025,3,14,7,3.5,5.3,2,0,7000,23,0.0
2025,3,14,8,3.5,5.3,2,0,8000,22,0.0
2025,3,14,9,3.6,5.1,2,0,5000,23,89.1
2025,3,14,10,3.6,7.2,3,0,7000,24,653.0
2025,3,14,11,2.1,3.6,2,0,9000,25,1669.6
2025,3,14,12,1.5,2.4,2,0,9999,28,2038.6
2025,3,14,13,3.6,8.0,3,0,9999,28,1421.0
2025,3,14,14,2.1,3.6,2,0,9999,29,1976.7
2025,3,14,15,0.9,0.9,1,0,9999,29,2196.2
2025,3,14,16,0,0,0,0,10000,30,2159.6
2025,3,14,17,0,0,0,0,10000,30,2007.8
2025,3,14,18,0,0,0,0,10000,29,1219.5
2025,3,14,19,0,0,0,0,10000,28,633.2
2025,3,14,20,0,0,0,0,10000,28,80.3
2025,3,14,21,3.6,3.6,1,0,9999,26,0.3
2025,3,14,22,3.6,5.1,2,0,9999,26,0.0
2025,3,14,23,3.6,5.1,2,0,9999,26,0.0
2025,3,15,0,3.6,5.1,2,0,9999,26,0.0
2025,3,15,1,2.1,2.1,1,0,9999,26,0.0
2025,3,15,2,1.5,1.5,1,0,9999,25,0.0
2025,3,15,3,1.5,1.5,1,0,9999,25,0.0
2025,3,15,4,1.5,1.5,1,0,9999,24,0.0
2025,3,15,5,1.5,1.5,1,0,9999,23,0.0
2025,3,15,6,1.5,1.5,1,0,8000,23,0.0
2025,3,15,7,1.5,1.5,1,0,8000,24,0.0
2025,3,15,8,1.5,1.5,1,0,8000,25,0.0
2025,3,15,9,1.5,1.5,1,0,8000,26,33.2
2025,3,15,10,1.5,1.5,1,0,8000,27,380.1
2025,3,15,11,3.6,5.1,2,0,9999,27,1496.8
2025,3,15,12,3.6,7.2,3,0,9999,27,1311.9
2025,3,15,13,3.6,7.2,3,0,9999,28,1140.4
2025,3,15,14,2.1,4.8,3,0,9999,28,2107.9
2025,3,15,15,1.8,2.7,2,0,9999,29,1672.1
2025,3,15,16,1.8,2.7,2,0,9999,29,2111.6
2025,3,15,17,1.8,3.3,2,0,9999,29,1863.9
2025,3,15,18,2.1,3.6,2,0,9999,29,1350.2
2025,3,15,19,3.6,7.2,3,0,9999,28,250.3
2025,3,15,20,3.6,7.2,3,0,9999,27,41.4
2025,3,15,21,2.1,5.4,3,0,9999,26,0.0
2025,3,15,22,6.0,10.8,2,0,9000,26,0.0
2025,3,15,23,6.0,10.8,2,0,9999,26,0.0
2025,3,16,0,3.6,7.1,2,0,9999,25,0.0
2025,3,16,1,3.6,5.1,2,0,9999,25,0.0
2025,3,16,2,3.6,4.5,2,0,9999,25,0.0
2025,3,16,3,3.6,4.5,2,0,9999,25,0.0
2025,3,16,4,3.6,5.1,2,0,9999,24,0.0
2025,3,16,5,3.6,5.1,2,0,9999,24,0.0
2025,3,16,6,3.6,5.1,2,0,9999,24,0.0
2025,3,16,7,3.6,5.1,2,0,9999,24,0.0
2025,3,16,8,3.6,8.6,3,0,9999,24,0.0
2025,3,16,9,0.9,0.9,1,0,9999,24,95.6
2025,3,16,10,2.1,5.4,3,0,9999,25,256.7
2025,3,16,11,3.6,7.2,3,0,9999,25,683.7
2025,3,16,12,6.0,11.1,3,0,9999,26,740.8
2025,3,16,13,3.6,7.1,2,0,9999,27,371.5
2025,3,16,14,6.0,13.1,3,0,9999,26,509.8
2025,3,16,15,6.0,9.6,2,0,9999,27,197.5
2025,3,16,16,6.0,13.1,3,0,9999,28,641.1
2025,3,16,17,3.6,8.9,3,1,4000,27,969.6
2025,3,16,18,6.0,11.3,3,0,9999,26,566.6
2025,3,16,19,6.0,10.8,2,0,9999,26,116.8
2025,3,16,20,6.0,14.3,3,0,9999,26,47.5
2025,3,16,21,3.5,8.0,3,0,9999,26,0.0
2025,3,16,22,3.6,5.7,2,0,9999,26,0.0
2025,3,16,23,3.6,5.1,2,0,9999,26,0.0
2025,3,17,0,3.6,5.7,2,0,9999,25,0.0
2025,3,17,1,3.6,5.7,2,0,9999,25,0.0
2025,3,17,2,3.6,5.7,2,0,9999,25,0.0
2025,3,17,3,0,0,0,0,10000,25,0.0
2025,3,17,4,0,0,0,0,10000,24,0.0
2025,3,17,5,0,0,0,0,10000,24,0.0
2025,3,17,6,0,0,0,0,10000,24,0.0
2025,3,17,7,0,0,0,0,10000,24,0.0
2025,3,17,8,0,0,0,0,10000,23,0.0
2025,3,17,9,2.4,3.9,2,0,9000,23,23.4
2025,3,17,10,1.05,1.95,2,0,8000,23,157.2
2025,3,17,11,4.8,5.7,2,0,9999,24,66.5
2025,3,17,12,6.0,9.5,2,1,4000,23,108.8
2025,3,17,13,4.8,11.9,3,1,4000,23,386.1
2025,3,17,14,3.6,8.7,3,0,8000,23,683.1
2025,3,17,15,3.6,7.2,3,0,9999,25,1779.7
2025,3,17,16,3.6,7.1,2,0,9999,27,1386.5
2025,3,17,17,6.0,11.1,3,0,9999,27,778.5
2025,3,17,18,3.6,5.1,2,0,9999,27,457.6
2025,3,17,19,6.0,9.9,3,0,8000,26,86.2
2025,3,17,20,3.6,9.3,3,0,9999,25,102.1
2025,3,17,21,3.6,8.1,3,0,9999,25,0.0
2025,3,17,22,3.6,9.6,3,0,9999,25,0.0
2025,3,17,23,2.1,4.2,2,0,9999,24,0.0
2025,3,18,0,1.5,2.55,2,0,9999,24,0.0
2025,3,18,1,1.5,2.55,2,0,9999,24,0.0
2025,3,18,2,1.8,3.3,2,0,8000,23,0.0
2025,3,18,3,1.8,3.3,2,0,8000,23,0.0
2025,3,18,4,1.8,3.3,2,0,9000,23,0.0
2025,3,18,11,0.9,0.9,1,0,9999,26,1752.3
2025,3,18,12,0,0,0,0,10000,29,2120.4
2025,3,18,13,2.1,2.1,1,0,9999,31,2230.0
2025,3,18,14,2.1,2.1,1,0,9999,32,2046.7
2025,3,18,15,3.6,3.6,1,0,9999,32,1341.3
2025,3,18,16,3.6,3.6,1,0,9999,33,1578.7
2025,3,18,17,0,0,0,0,10000,34,1974.9
2025,3,18,18,0,0,0,0,10000,32,1203.7
2025,3,18,19,0,0,0,0,10000,32,579.2
2025,3,18,20,0,0,0,0,10000,30,77.8
2025,3,18,21,0,0,0,0,10000,28,0.0
2025,3,18,22,0.9,0.9,1,0,9999,26,0.0
2025,3,18,23,0.9,0.9,1,0,9999,26,0.0
2025,3,19,0,0.9,0.9,1,0,9999,26,0.0
2025,3,19,1,2.1,3.0,2,0,9999,26,0.0
2025,3,19,2,2.1,4.5,3,1,9999,25,0.0
2025,3,19,3,0.9,0.9,1,0,9999,24,0.0
2025,3,19,4,3.5,3.5,1,0,9999,24,0.0
2025,3,19,5,3.5,3.5,1,0,9999,23,0.0
2025,3,19,6,3.6,7.1,2,0,9999,23,0.0
2025,3,19,7,3.6,5.1,2,0,9999,23,0.0
2025,3,19,8,1.5,1.5,1,0,9999,23,0.0
2025,3,19,9,1.5,1.5,1,0,9999,23,57.1
2025,3,19,10,1.5,1.5,1,0,9999,23,271.3
2025,3,19,11,6.0,6.0,1,0,9999,24,951.6
2025,3,19,12,6.0,6.0,1,0,9999,26,1788.6
2025,3,19,13,6.0,7.5,2,0,9999,26,1243.7
2025,3,19,14,3.5,5.0,2,0,9999,28,1406.9
2025,3,19,15,3.5,5.0,2,0,9999,28,1251.2
2025,3,19,16,3.5,6.8,3,0,9999,28,1846.1
2025,3,19,17,2.1,4.5,3,0,9999,28,1640.2
2025,3,19,18,2.1,3.6,2,0,9999,28,665.8
2025,3,19,19,3.6,6.9,3,0,9999,27,331.1
2025,3,19,20,6.0,13.1,3,0,9999,26,45.8
2025,3,19,21,6.0,11.1,3,0,4000,25,0.0
2025,3,19,22,6.0,9.5,2,1,3000,23,0.0
2025,3,19,23,3.6,9.5,3,0,9999,23,0.0
2025,3,20,0,2.1,3.0,2,0,9999,23,0.0
2025,3,20,1,2.1,3.0,2,0,9999,24,0.0
2025,3,20,2,2.1,3.0,2,0,9999,24,0.0
2025,3,20,3,2.1,3.0,2,0,9999,23,0.0
2025,3,20,4,2.1,3.0,2,0,9999,22,0.0
2025,3,20,5,2.1,3.6,2,0,9999,22,0.0
2025,3,20,6,2.1,3.6,2,0,8000,22,0.0
2025,3,20,7,2.1,3.6,2,0,8000,22,0.0
2025,3,20,8,2.1,3.6,2,0,8000,22,0.0
2025,3,20,9,2.1,3.6,2,0,8000,22,12.3
2025,3,20,10,2.1,3.0,2,0,9999,23,203.2
2025,3,20,11,2.1,4.2,2,0,9999,24,445.3
2025,3,20,12,1.5,1.5,1,0,9999,25,1324.0
2025,3,20,13,3.6,5.7,2,0,9999,26,1285.0
2025,3,20,14,2.1,3.9,2,0,9999,27,1502.6
2025,3,20,15,2.1,3.9,2,0,9999,27,1460.5
2025,3,20,16,2.1,3.9,2,0,9999,28,1097.8
2025,3,20,17,2.1,5.4,3,0,9999,28,1977.8
2025,3,20,18,2.1,4.8,3,0,9999,28,585.7
2025,3,20,19,2.1,4.8,3,0,9999,27,587.7
2025,3,20,20,1.05,1.95,2,0,9999,26,109.1
2025,3,20,21,0.9,0.9,1,0,9999,25,0.1
2025,3,20,22,2.1,3.0,2,0,9999,25,0.0
2025,3,20,23,2.1,3.6,2,0,9999,24,0.0
2025,3,21,0,3.6,5.1,2,0,9999,24,0.0
2025,3,21,1,3.6,6.9,3,0,9999,24,0.0
2025,3,21,2,3.6,5.1,2,0,9999,24,0.0
2025,3,21,3,6.0,7.5,2,0,9999,23,0.0
2025,3,21,4,3.6,7.1,2,0,9999,23,0.0
2025,3,21,5,3.6,7.1,2,0,9999,22,0.0
2025,3,21,6,3.6,7.1,2,0,9999,22,0.0
2025,3,21,7,3.6,7.2,2,1,6000,22,0.0
2025,3,21,8,3.6,5.1,2,0,8000,22,0.0
2025,3,21,9,6.0,11.1,3,1,6000,22,67.7
2025,3,21,10,2.1,3.0,2,0,9999,23,456.2
2025,3,21,11,2.1,3.9,2,0,9999,25,1452.9
2025,3,21,12,2.1,2.1,1,0,9999,27,1031.8
2025,3,21,13,2.1,3.0,2,0,9999,29,891.4
2025,3,21,14,3.6,4.5,2,0,9999,27,928.3
2025,3,21,15,3.6,4.5,2,0,9999,27,755.5
2025,3,21,16,3.6,4.5,2,0,9999,29,1216.0
2025,3,21,17,3.6,4.5,2,0,9999,27,1663.0
2025,3,21,18,1.8,2.7,2,0,9999,27,1218.7
2025,3,21,19,1.05,1.95,2,0,9999,27,423.5
2025,3,21,20,2.1,2.1,1,0,9999,27,79.1
2025,3,21,21,3.6,4.5,2,0,9999,26,0.0
2025,3,21,22,3.6,4.5,2,0,9999,25,0.0
2025,3,21,23,3.6,4.5,2,0,9999,25,0.0
2025,3,31,16,2.1,3.9,2,0,9999,30,1140.4
2025,3,31,17,2.1,3.9,2,0,9999,31,1221.3
2025,3,31,18,2.1,3.9,2,0,9999,32,655.0
2025,3,31,21,3.6,5.7,2,0,8000,27,0.0
2025,3,31,22,3.6,5.7,2,0,8000,26,0.0
2025,3,31,23,3.6,5.7,2,0,9999,26,0.0
2025,4,1,0,3.6,5.7,2,0,8000,26,0.0
2025,4,1,1,2.1,3.0,2,0,8000,26,0.0
2025,4,1,2,0.9,0.9,1,0,8000,26,0.0
2025,4,1,3,0.9,0.9,1,0,8000,25,0.0
2025,4,1,4,0.9,0.9,1,0,8000,25,0.0
2025,4,1,5,0.9,0.9,1,0,8000,25,0.0
2025,4,1,6,0.9,0.9,1,0,8000,25,0.0
2025,4,1,7,2.1,3.0,2,0,8000,25,0.0
2025,4,1,8,2.1,3.0,2,0,8000,25,0.0
2025,4,1,9,1.5,1.5,1,0,7000,25,32.6
2025,4,1,10,1.5,1.5,1,0,8000,25,633.2
2025,4,1,11,1.5,1.5,1,0,9999,28,1756.3
2025,4,1,12,1.5,1.5,1,0,9999,30,1839.6
2025,4,1,13,1.5,1.5,1,0,9999,31,2384.8
2025,4,1,14,0.9,0.9,1,0,9999,32,1393.2
2025,4,1,15,2.1,2.1,1,0,9999,31,885.9
2025,4,1,16,1.5,2.4,2,0,9999,30,207.1
2025,4,1,17,2.1,3.0,2,0,9999,30,377.8
2025,4,1,18,1.5,2.4,2,0,9999,29,1249.5
2025,4,1,19,0.9,0.9,1,0,9999,29,349.8
2025,4,1,20,0.9,1.8,2,0,9999,28,39.9
2025,4,1,21,3.6,5.4,3,0,9999,28,0.0
2025,4,1,22,3.6,4.5,2,0,9999,27,0.0
2025,4,1,23,0.9,0.9,1,0,9999,27,0.0
2025,4,2,0,0,0,0,0,10000,26,0.0
2025,4,2,1,0.9,0.9,1,0,9999,25,0.0
2025,4,2,2,0.9,0.9,1,0,9999,25,0.0
2025,4,2,3,0.9,0.9,1,0,9999,25,0.0
2025,4,2,4,0.9,0.9,1,0,9999,24,0.0
2025,4,2,5,1.5,1.5,1,0,9999,24,0.0
2025,4,2,6,1.5,1.5,1,0,9999,24,0.0
2025,4,2,7,1.5,1.5,1,0,9999,23,0.0
2025,4,2,8,1.5,1.5,1,0,9999,23,0.0
2025,4,2,9,1.5,1.5,1,0,9999,24,172.4
2025,4,2,10,0,0,0,0,10000,25,984.4
2025,4,2,11,0,0,0,0,10000,27,1683.4
2025,4,2,12,0,0,0,0,10000,29,2062.5
2025,4,2,13,0,0,0,0,10000,31,2289.4
2025,4,2,14,0,0,0,0,10000,32,2265.1
2025,4,2,15,0,0,0,0,10000,33,1903.2
2025,4,2,16,0,0,0,0,10000,34,1832.7
2025,4,2,17,0,0,0,0,10000,35,1793.2
2025,4,2,18,0,0,0,0,10000,35,1257.1
2025,4,2,19,0,0,0,0,10000,35,500.9
2025,4,2,20,0,0,0,0,10000,34,46.4
2025,4,2,21,0,0,0,0,10000,31,0.0
2025,4,2,22,0,0,0,0,10000,28,0.0
2025,4,2,23,0,0,0,0,10000,27,0.0
2025,4,3,0,0,0,0,0,10000,27,0.0
2025,4,3,1,0,0,0,0,10000,26,0.0
2025,4,3,2,0,0,0,0,10000,25,0.0
2025,4,3,3,0,0,0,0,10000,25,0.0
2025,4,3,4,0,0,0,0,10000,25,0.0
2025,4,3,5,0,0,0,0,10000,25,0.0
2025,4,3,6,0,0,0,0,10000,25,0.0
2025,4,3,7,0,0,0,0,10000,25,0.0
2025,4,3,8,0,0,0,0,10000,25,0.0
2025,4,3,9,0,0,0,0,10000,26,184.7
2025,4,3,10,0,0,0,0,10000,27,773.9
2025,4,3,11,0,0,0,0,10000,29,1721.8
2025,4,3,12,0,0,0,0,10000,31,2206.9
2025,4,3,13,0,0,0,0,10000,32,2115.0
2025,4,3,19,2.1,3.0,2,0,9999,30,212.0
2025,4,3,20,3.6,6.6,3,0,9999,30,64.2
2025,4,3,21,2.1,2.1,1,0,9999,28,0.0
2025,4,3,22,0.9,0.9,1,0,9999,27,0.0
2025,4,3,23,3.6,4.5,2,0,9999,27,0.0
2025,4,4,0,0.9,0.9,1,0,9999,26,0.0
2025,4,4,1,2.1,5.4,3,0,8000,25,0.0
2025,4,4,2,2.1,5.4,3,0,8000,25,0.0
2025,4,4,3,3.6,7.2,3,0,8000,25,0.0
2025,4,4,4,3.6,7.2,3,0,8000,25,0.0
2025,4,4,5,3.6,7.2,3,0,8000,25,0.0
2025,4,4,6,3.6,7.2,3,0,8000,25,0.0
2025,4,4,7,3.6,7.2,3,0,8000,25,0.0
2025,4,4,8,3.6,10.7,3,1,3000,25,0.0
2025,4,4,9,6.0,9.6,2,1,3000,25,1.0
2025,4,4,10,6.0,14.4,3,1,3000,24,38.0
2025,4,4,11,4.8,10.4,3,0,5000,24,447.6
2025,4,4,12,4.8,10.4,3,0,8000,25,1502.9
2025,4,4,13,1.05,1.95,2,0,9999,27,2088.8
2025,4,4,14,1.05,1.95,2,0,9999,29,1870.3
2025,4,4,15,1.05,1.95,2,0,9999,30,1819.8
2025,4,4,16,1.05,2.85,3,0,9999,31,1365.2
2025,4,4,17,3.5,5.45,3,0,9999,29,545.4
2025,4,4,18,3.5,4.4,2,0,9999,28,169.4
2025,4,4,19,3.5,6.2,3,0,9999,27,64.8
2025,4,4,20,3.5,5.3,2,0,9999,27,3.6
2025,4,4,21,6.0,8.4,2,1,7000,25,0.0
2025,4,4,22,6.0,10.8,2,1,8000,24,0.0
2025,4,4,23,6.0,10.8,2,0,8000,24,0.0
2025,4,5,0,2.1,3.9,2,0,9999,24,0.0
2025,4,5,1,6.0,14.3,3,1,3000,24,0.0
2025,4,5,2,6.0,14.3,3,1,6000,24,0.0
2025,4,5,3,6.0,10.8,2,1,8000,24,0.0
2025,4,5,5,6.0,10.8,2,1,8000,24,0.0
2025,4,5,7,3.6,8.6,3,1,8000,23,0.0
2025,4,5,8,6.0,12.3,3,1,8000,23,0.0
2025,4,5,9,6.0,12.3,3,1,7000,24,11.1
2025,4,5,10,6.0,12.3,3,1,8000,25,95.1
2025,4,5,11,6.0,12.3,3,1,6000,24,396.8
2025,4,5,12,4.8,9.9,3,0,8000,25,727.0
2025,4,5,13,4.8,11.9,3,1,6000,25,381.2
2025,4,5,14,4.8,8.3,2,1,4000,23,411.1
2025,4,5,15,4.8,8.3,2,0,8000,24,381.9
2025,4,5,16,4.8,9.9,3,0,8000,25,419.1
2025,4,5,17,4.8,8.3,2,0,8000,25,737.0
2025,4,5,18,4.8,11.9,3,1,6000,24,125.6
2025,4,5,19,4.8,11.9,3,1,5000,23,51.0
2025,4,5,21,4.8,11.9,3,1,5000,21,0.0
2025,4,5,22,4.8,11.9,3,0,5000,23,0.0
2025,4,5,23,4.8,11.9,3,0,5000,22,0.0
2025,4,6,0,4.8,11.9,3,0,5000,22,0.0
2025,4,6,1,4.8,11.9,3,0,5000,22,0.0
2025,4,6,2,2.1,5.4,3,0,5000,21,0.0
2025,4,6,3,2.1,5.4,3,0,5000,22,0.0
2025,4,6,4,3.6,6.9,3,0,5000,22,0.0
2025,4,6,5,3.6,6.9,3,0,5000,21,0.0
2025,4,6,6,3.6,6.9,3,0,5000,20,0.0
2025,4,6,7,2.1,3.9,2,0,7000,20,0.0
2025,4,6,8,3.6,7.5,3,0,7000,20,0.0
2025,4,6,9,3.6,9.6,3,0,7000,21,85.4
2025,4,6,10,6.0,12.9,3,0,7000,21,378.0
2025,4,6,11,3.6,6.6,3,0,9999,22,414.3
2025,4,6,12,3.6,5.1,2,0,9999,22,675.3
2025,4,6,13,4.8,11.9,3,0,9999,23,661.5
2025,4,6,14,4.8,11.9,3,0,9999,23,766.7
2025,4,6,15,6.0,10.8,2,1,6000,22,917.1
2025,4,6,16,4.8,9.9,3,0,8000,22,474.9
2025,4,6,17,4.8,9.9,3,0,8000,22,706.2
2025,4,6,18,4.8,9.9,3,0,9999,23,234.5
2025,4,6,19,4.8,9.9,3,0,9999,21,142.9
2025,4,6,20,4.8,9.9,3,1,8000,21,8.9
2025,4,6,21,4.8,9.9,3,0,9999,21,0.0
2025,4,6,22,6.0,10.8,2,1,3000,21,0.0
2025,4,6,23,4.8,9.9,3,0,9999,20,0.0
2025,4,7,0,4.8,9.3,3,0,9999,20,0.0
2025,4,7,1,4.8,9.3,3,0,6000,20,0.0
2025,4,7,2,4.8,9.3,3,0,6000,20,0.0
2025,4,7,3,4.8,5.7,2,0,9999,20,0.0
2025,4,7,4,4.8,5.7,2,0,9999,20,0.0
2025,4,7,5,3.6,4.5,2,0,9999,20,0.0
2025,4,7,6,3.6,4.5,2,0,9999,19,0.0
2025,4,7,7,3.6,5.1,2,0,8000,19,0.0
2025,4,7,8,3.6,5.1,2,0,8000,19,0.0
2025,4,7,9,3.6,5.1,2,0,9000,19,42.0
2025,4,7,10,3.6,5.1,2,0,9999,20,370.7
2025,4,7,11,3.6,5.1,2,0,9999,21,1552.1
2025,4,7,12,3.6,5.1,2,0,9999,23,2301.8
2025,4,7,13,2.1,3.6,2,0,9999,24,1284.5
2025,4,7,14,2.1,3.6,2,0,9999,25,803.0
2025,4,7,15,2.1,4.2,2,0,9999,26,672.1
2025,4,7,16,2.1,5.1,3,0,9999,24,1463.4
2025,4,7,18,2.1,3.0,2,0,9999,26,693.8
2025,4,7,19,2.1,3.0,2,0,9999,25,249.4
2025,4,7,20,2.1,4.2,2,0,9999,24,33.4
2025,4,7,21,2.1,4.2,2,0,9999,23,0.0
2025,4,7,22,2.1,4.2,2,0,9999,22,0.0
2025,4,7,23,2.1,3.0,2,0,9999,21,0.0
2025,4,8,0,2.1,3.0,2,0,9999,21,0.0
2025,4,8,1,0.9,0.9,1,0,9999,21,0.0
2025,4,8,2,0.9,0.9,1,0,9999,20,0.0
2025,4,8,3,0.9,0.9,1,0,9999,19,0.0
2025,4,8,4,0,0,0,0,10000,19,0.0
2025,4,8,5,0,0,0,0,10000,19,0.0
2025,4,8,6,1.5,1.5,1,0,9999,18,0.0
2025,4,8,7,1.5,1.5,1,0,9999,18,0.0
2025,4,8,8,3.5,5.0,2,0,9000,18,0.0
2025,4,8,9,0,0,0,0,10000,19,181.5
2025,4,8,10,0,0,0,0,10000,20,1129.0
2025,4,8,11,0,0,0,0,10000,22,1888.9
2025,4,8,12,0,0,0,0,10000,24,2271.9
2025,4,8,13,0.9,0.9,1,0,9999,27,2517.2
2025,4,8,14,0.9,0.9,1,0,9999,28,2214.1
2025,4,8,15,0.9,0.9,1,0,9999,29,2307.0
2025,4,8,16,0.9,0.9,1,0,9999,30,2174.8
2025,4,8,17,0,0,0,0,10000,30,1887.5
2025,4,8,18,0,0,0,0,10000,30,1244.8
2025,4,8,19,0,0,0,0,10000,28,456.7
2025,4,8,20,0,0,0,0,10000,27,34.4
2025,4,8,21,0,0,0,0,10000,25,0.0
2025,4,8,22,0,0,0,0,10000,25,0.0
2025,4,8,23,0,0,0,0,10000,23,0.0
2025,4,9,0,0,0,0,0,10000,22,0.0
2025,4,9,1,0,0,0,0,10000,22,0.0
2025,4,9,2,0,0,0,0,10000,22,0.0
2025,4,9,3,0,0,0,0,10000,21,0.0
2025,4,9,4,0,0,0,0,10000,21,0.0
2025,4,9,5,0,0,0,0,10000,21,0.0
2025,4,9,6,0,0,0,0,10000,21,0.0
2025,4,9,7,0,0,0,0,10000,21,0.0
2025,4,9,8,0,0,0,0,10000,22,0.0
2025,4,9,9,1.5,1.5,1,0,9999,23,81.1
2025,4,9,10,1.5,1.5,1,0,9999,23,491.6
2025,4,9,11,0,0,0,0,10000,25,1706.6
2025,4,9,12,0,0,0,0,10000,27,2290.4
2025,4,9,13,0,0,0,0,10000,28,2328.5
2025,4,9,14,0,0,0,0,10000,30,2428.8
2025,4,9,15,0,0,0,0,10000,31,2129.9
2025,4,9,16,0,0,0,0,10000,32,560.6
2025,4,9,17,0,0,0,0,10000,34,1659.9
2025,4,9,18,1.8,2.7,2,0,9999,34,769.0
2025,4,9,19,1.05,1.95,2,0,9999,31,425.7
2025,4,9,20,1.05,1.95,2,0,9999,27,33.8
2025,4,9,21,1.05,1.95,2,0,9999,26,0.0
2025,4,9,22,1.05,1.95,2,0,9999,26,0.0
2025,4,9,23,4.8,12.8,4,1,3000,22,0.0
2025,4,10,0,3.6,7.2,3,0,5000,23,0.0
2025,4,10,1,2.1,4.8,3,0,9999,23,0.0
2025,4,10,2,3.6,4.5,2,0,9999,23,0.0
2025,4,10,3,1.8,3.3,2,0,9999,23,0.0
2025,4,10,4,1.8,5.1,3,0,9999,23,0.0
2025,4,10,5,1.5,1.5,1,0,9999,23,0.0
2025,4,10,6,1.5,1.5,1,0,8000,22,0.0
2025,4,10,7,3.5,3.5,1,0,6000,22,0.0
2025,4,10,8,3.5,3.5,1,0,6000,22,0.0
2025,4,10,9,0,0,0,0,10000,22,31.4
2025,4,10,10,1.5,2.55,2,0,9999,23,537.7
2025,4,10,11,0.9,0.9,1,0,9999,25,1510.3
2025,4,10,12,3.5,3.5,1,0,9999,26,1695.4
2025,4,10,13,2.1,4.2,2,0,9999,27,2069.7
2025,4,10,14,2.1,4.2,2,0,9999,27,2106.4
2025,4,10,15,2.1,4.2,2,0,9999,27,1932.5
2025,4,10,16,3.6,7.2,3,0,9999,27,1047.7
2025,4,10,17,3.6,9.2,3,0,9999,26,287.4
2025,4,10,18,3.6,10.1,4,0,8000,25,240.4
2025,4,10,19,3.6,9.2,3,0,8000,25,123.6
2025,4,10,20,6.0,11.7,3,1,3000,25,1.8
2025,4,10,21,6.0,14.4,3,1,3000,23,0.0
2025,4,10,22,6.0,15.3,4,1,3000,22,0.0
2025,4,10,23,6.0,14.3,3,0,5000,22,0.0
2025,4,11,0,3.6,8.6,3,0,8000,22,0.0
2025,4,11,1,3.6,7.2,3,0,8000,22,0.0
2025,4,11,2,2.1,5.4,3,0,8000,21,0.0
2025,4,11,3,2.1,5.4,3,0,8000,20,0.0
2025,4,11,4,2.1,5.4,3,0,8000,20,0.0
2025,4,11,5,2.1,5.4,3,0,8000,20,0.0
2025,4,11,6,2.1,5.4,3,0,6000,20,0.0
2025,4,11,7,2.1,5.4,3,0,8000,20,0.0
2025,4,11,8,3.6,7.2,3,0,8000,20,0.0
2025,4,11,9,3.6,4.5,2,0,8000,21,208.9
2025,4,11,10,3.6,4.5,2,0,9999,22,1156.4
2025,4,11,11,2.1,3.6,2,0,9999,23,1853.2
2025,4,11,12,3.5,3.5,1,0,9999,25,2218.8
2025,4,11,13,3.5,5.6,2,0,9999,26,1878.2
2025,4,11,14,2.1,4.2,2,0,9999,27,1481.9
2025,4,11,15,2.1,4.2,2,0,9999,27,1602.1
2025,4,11,16,2.1,4.2,2,0,9999,27,2376.0
2025,4,11,17,2.1,4.2,2,0,9999,27,1645.6
2025,4,11,18,2.1,4.2,2,0,9999,26,631.6
2025,4,11,19,2.1,4.2,2,0,9999,26,502.9
2025,4,11,20,2.1,4.2,2,0,9999,25,30.5
2025,4,11,21,2.1,4.2,2,0,9999,24,0.0
2025,4,11,22,2.1,3.0,2,0,9999,23,0.0
2025,4,11,23,2.1,3.0,2,0,9999,23,0.0
2025,4,12,0,3.6,7.1,2,0,9999,23,0.0
2025,4,12,1,0,0,0,0,10000,22,0.0
2025,4,12,2,2.1,3.0,2,0,9999,21,0.0
2025,4,12,3,0.9,0.9,1,0,9999,21,0.0
2025,4,12,4,0.9,0.9,1,0,9999,21,0.0
2025,4,12,5,1.5,1.5,1,0,9999,20,0.0
2025,4,12,6,1.5,1.5,1,0,8000,20,0.0
2025,4,12,7,1.5,1.5,1,0,8000,20,0.0
2025,4,12,8,1.5,1.5,1,0,8000,21,0.0
2025,4,12,9,0.9,0.9,1,0,9999,21,164.2
2025,4,12,10,0.9,0.9,1,0,9999,21,1119.9
2025,4,12,11,0.9,0.9,1,0,9999,23,1917.7
2025,4,12,12,1.5,1.5,1,0,9999,25,2376.3
2025,4,12,13,2.1,3.0,2,0,9999,28,2417.4
2025,4,12,14,2.1,3.0,2,0,9999,28,2819.1
2025,4,12,15,2.1,4.2,2,0,9999,28,2115.2
2025,4,12,16,2.1,4.2,2,0,9999,29,1286.4
2025,4,12,17,2.1,4.2,2,0,9999,29,1090.3
2025,4,12,18,2.1,4.2,2,0,9999,28,836.4
2025,4,12,19,2.1,3.0,2,0,9999,27,443.2
2025,4,12,20,0.9,0.9,1,0,9999,27,28.6
2025,4,12,21,0.9,0.9,1,0,9999,25,0.0
2025,4,12,22,3.6,5.1,2,0,9999,25,0.0
2025,4,12,23,3.6,5.1,2,0,9999,24,0.0
2025,4,13,0,3.6,5.1,2,0,9999,24,0.0
2025,4,13,1,3.6,5.1,2,0,9999,23,0.0
2025,4,13,2,3.6,5.1,2,0,9999,24,0.0
2025,4,13,3,0,0,0,0,10000,23,0.0
2025,4,13,4,0,0,0,0,10000,23,0.0
2025,4,13,5,0,0,0,0,10000,22,0.0
2025,4,13,6,0,0,0,0,10000,22,0.0
2025,4,13,7,0,0,0,0,10000,22,0.0
2025,4,13,8,1.5,1.5,1,0,9999,22,0.0
2025,4,13,9,1.5,1.5,1,0,9999,21,167.0
2025,4,13,10,1.5,1.5,1,0,9999,22,588.3
2025,4,13,11,0,0,0,0,10000,24,1236.5
2025,4,13,12,0,0,0,0,10000,26,1433.0
2025,4,13,13,2.1,2.1,1,0,9999,27,1814.2
2025,4,13,14,2.1,2.1,1,0,9999,29,2523.5
2025,4,13,15,0.9,0.9,1,0,9999,30,1969.7
2025,4,13,16,0,0,0,0,10000,30,1624.5
2025,4,13,17,0,0,0,0,10000,31,1348.4
2025,4,13,18,0,0,0,0,10000,31,1028.1
2025,4,13,19,0,0,0,0,10000,31,324.6
2025,4,13,20,0,0,0,0,10000,30,28.1
2025,4,13,21,0.9,0.9,1,0,9999,28,0.0
2025,4,13,22,0.9,0.9,1,0,9999,26,0.0
2025,4,13,23,0,0,0,0,10000,26,0.0
2025,4,14,0,0,0,0,0,10000,25,0.0
2025,4,14,1,2.1,3.6,2,0,8000,24,0.0
2025,4,14,2,2.1,3.6,2,0,8000,24,0.0
2025,4,14,3,2.1,3.6,2,0,8000,24,0.0
2025,4,14,4,2.1,3.6,2,0,8000,23,0.0
2025,4,14,5,2.1,3.6,2,0,8000,23,0.0
2025,4,14,6,2.1,3.6,2,0,8000,23,0.0
2025,4,14,7,2.1,3.6,2,0,8000,22,0.0
2025,4,14,8,2.1,3.6,2,0,8000,22,0.0
2025,4,14,9,2.1,3.6,2,0,8000,24,6.2
2025,4,14,10,4.8,11.9,3,0,8000,24,85.7
2025,4,14,11,4.8,11.9,3,0,5000,23,259.8
2025,4,14,12,4.8,11.9,3,1,3000,24,407.8
2025,4,14,13,3.6,8.9,3,0,9999,24,1405.8
2025,4,14,14,3.6,8.9,3,0,9999,26,1127.4
2025,4,14,15,3.6,8.9,3,0,9999,26,1462.6
2025,4,14,16,3.5,7.4,3,0,9999,27,1663.9
2025,4,14,17,3.5,7.4,3,0,9999,25,1249.8
2025,4,14,18,3.6,6.9,3,0,9999,25,414.1
2025,4,14,19,1.8,3.3,2,0,9999,25,306.0
2025,4,14,20,2.1,3.6,2,0,9999,24,28.5
2025,4,14,21,3.5,5.6,2,0,9999,24,0.0
2025,4,14,22,3.6,7.1,2,0,9999,24,0.0
2025,4,14,23,3.6,7.1,2,0,9999,24,0.0
2025,4,15,0,3.6,10.7,3,0,9999,24,0.0
2025,4,15,1,3.6,8.7,3,0,9999,24,0.0
2025,4,15,2,2.1,2.1,1,0,9999,23,0.0
2025,4,15,3,0.9,0.9,1,0,9999,23,0.0
2025,4,15,4,2.1,3.0,2,0,9999,23,0.0
2025,4,15,5,2.1,4.2,2,0,9999,22,0.0
2025,4,15,6,3.6,7.1,2,0,9999,22,0.0
2025,4,15,7,3.6,7.1,2,0,9999,22,0.0
2025,4,15,8,3.6,4.5,2,0,9999,23,0.0
2025,4,15,9,3.6,8.1,3,0,9999,22,16.7
2025,4,15,10,3.6,4.5,2,0,9999,23,630.2
2025,4,15,11,2.1,3.0,2,0,9999,25,1895.4
2025,4,15,12,2.1,3.0,2,0,9999,26,2403.1
2025,4,15,13,2.1,4.2,2,0,9999,26,1558.8
2025,4,15,14,2.1,4.2,2,0,9999,27,2822.2
2025,4,15,15,2.1,4.2,2,0,9999,27,1642.3
2025,4,15,16,2.1,4.2,2,0,9999,26,2257.4
2025,4,15,17,2.1,3.0,2,0,9999,27,1950.2
2025,4,15,18,2.1,3.0,2,0,9999,27,1324.8
2025,4,15,19,2.1,3.0,2,0,9999,26,413.2
2025,4,15,20,2.1,3.0,2,0,9999,25,15.1
2025,4,15,21,3.6,4.5,2,0,9999,24,0.0
2025,4,15,22,3.6,4.5,2,0,9999,24,0.0
2025,4,15,23,3.6,4.5,2,0,9999,24,0.0
2025,4,16,0,3.6,7.2,3,0,9999,24,0.0
2025,4,16,1,3.6,7.2,3,0,9999,24,0.0
2025,4,16,2,4.8,9.9,3,0,9999,24,0.0
2025,4,16,3,4.8,9.9,3,0,9999,24,0.0
2025,4,16,4,3.6,5.7,2,0,9999,23,0.0
2025,4,16,5,3.6,6.6,3,0,9999,22,0.0
2025,4,16,6,3.6,6.6,3,0,9999,22,0.0
2025,4,16,7,2.1,3.0,2,0,9999,22,0.0
2025,4,16,8,2.1,3.0,2,0,9999,22,0.0
2025,4,16,9,2.1,3.0,2,0,9999,23,9.4
2025,4,16,10,2.1,2.1,1,0,8000,22,75.8
2025,4,16,11,2.1,4.2,2,1,9999,22,174.2
2025,4,16,12,2.1,3.0,2,0,9999,23,283.1
2025,4,16,13,2.1,3.9,2,0,9999,24,333.0
2025,4,16,14,1.5,2.55,2,0,9999,25,620.6
2025,4,16,15,0.9,0.9,1,0,9999,26,1666.6
2025,4,16,16,0.9,0.9,1,0,9999,28,944.5
2025,4,16,17,0,0,0,0,10000,27,358.9
2025,4,16,18,0,0,0,0,10000,26,290.9
2025,4,16,19,0,0,0,0,10000,26,123.0
2025,4,16,20,0,0,0,0,10000,25,11.9
2025,4,16,23,1.5,1.5,1,0,9999,24,0.0
2025,4,17,0,1.5,1.5,1,0,9999,23,0.0
2025,4,17,1,1.5,1.5,1,0,9999,22,0.0
2025,4,17,2,1.5,1.5,1,0,9999,22,0.0
2025,4,17,3,0.9,0.9,1,0,9999,22,0.0
2025,4,17,4,0.9,0.9,1,0,9999,22,0.0
2025,4,17,5,2.1,2.1,1,0,9999,21,0.0
2025,4,17,6,2.1,2.1,1,0,9999,21,0.0
2025,4,17,7,2.1,2.1,1,0,8000,21,0.0
2025,4,17,8,2.1,2.1,1,0,7000,21,0.0
2025,4,17,9,2.1,2.1,1,0,2000,21,100.2
2025,4,17,10,0.9,0.9,1,0,3000,22,985.1
2025,4,17,12,0.9,0.9,1,0,9999,26,2311.9
2025,4,17,13,0.9,0.9,1,0,9999,28,2517.4
2025,4,17,17,2.1,2.1,1,0,9999,27,1627.8
2025,4,17,18,2.1,2.1,1,0,9999,27,787.7
2025,4,17,19,3.5,7.4,3,0,9999,26,277.7
2025,4,17,20,2.1,5.4,3,0,9999,25,24.7
2025,4,17,21,2.1,5.4,3,0,8000,25,0.0
2025,4,17,22,2.1,5.4,3,0,8000,25,0.0
2025,4,17,23,2.1,5.4,3,0,8000,24,0.0
2025,4,18,0,2.1,5.4,3,0,8000,24,0.0
2025,4,18,1,2.1,4.8,3,0,9999,24,0.0
2025,4,18,2,1.5,1.5,1,0,9999,23,0.0
2025,4,18,3,2.1,3.6,2,0,9999,23,0.0
2025,4,18,4,1.5,1.5,1,0,6000,22,0.0
2025,4,18,5,0.9,0.9,1,0,6000,22,0.0
2025,4,18,6,0.9,0.9,1,0,4000,21,0.0
2025,4,18,7,1.5,1.5,1,0,4000,22,0.0
2025,4,18,8,1.5,1.5,1,0,8000,22,0.0
2025,4,18,9,1.5,2.55,2,0,4000,22,79.3
2025,4,18,10,0,0,0,0,4000,23,690.2
2025,4,18,11,0,0,0,0,10000,25,1451.4
2025,4,18,12,1.5,1.5,1,0,9999,26,2132.5
2025,4,18,13,0.9,0.9,1,0,9999,28,1668.7
2025,4,18,14,0.9,0.9,1,0,9999,29,1796.0
2025,4,18,15,0.9,0.9,1,0,9999,30,1383.4
2025,4,18,16,0.9,0.9,1,0,9999,31,1839.5
2025,4,18,17,0.9,0.9,1,0,9999,31,753.4
2025,4,18,18,0.9,0.9,1,0,9999,29,623.6
2025,4,18,19,0.9,0.9,1,0,9999,27,237.3
2025,4,18,20,0.9,0.9,1,0,9999,26,25.5
2025,4,18,21,0.9,0.9,1,0,9999,26,0.0
2025,4,18,22,0.9,0.9,1,0,9999,25,0.0
2025,4,18,23,0.9,0.9,1,0,9999,24,0.0
2025,4,19,0,0.9,0.9,1,0,9999,25,0.0
2025,4,19,1,2.1,3.6,2,0,8000,24,0.0
2025,4,19,2,2.1,3.6,2,0,8000,24,0.0
2025,4,19,3,2.1,3.6,2,0,8000,24,0.0
2025,4,19,4,2.1,3.6,2,0,8000,23,0.0
2025,4,19,5,2.1,3.6,2,0,8000,23,0.0
2025,4,19,6,2.1,3.6,2,0,8000,22,0.0
2025,4,19,7,2.1,3.6,2,0,8000,22,0.0
2025,4,19,8,2.1,3.6,2,0,8000,23,0.0
2025,4,19,9,2.1,3.6,2,0,8000,23,32.8
2025,4,19,10,2.1,5.4,3,0,8000,23,790.0
2025,4,19,11,2.1,5.4,3,0,9999,25,1605.4
2025,4,19,12,2.1,5.4,3,0,9999,27,1909.4
2025,4,19,13,1.5,2.55,2,0,9999,28,2186.4
2025,4,19,14,1.5,1.5,1,0,9999,30,2285.3
2025,4,19,16,0.9,0.9,1,0,9999,32,1621.7
2025,4,19,17,0.9,0.9,1,0,9999,32,1367.7
2025,4,19,18,0.9,0.9,1,0,9999,31,1021.2
2025,4,19,19,0.9,0.9,1,0,9999,30,150.7
2025,4,19,20,1.05,1.95,2,0,9999,26,2.1
2025,4,19,21,0.9,1.8,2,0,9999,26,0.0
2025,4,19,22,0.9,1.8,2,0,9999,26,0.0
2025,4,19,23,1.8,3.6,3,1,9999,25,0.0
2025,4,20,0,2.4,6.9,4,1,9999,22,0.0
2025,4,20,1,2.1,6.3,4,0,9999,23,0.0
2025,4,20,2,1.8,3.3,2,0,9999,22,0.0
2025,4,20,3,1.8,3.3,2,0,9999,22,0.0
2025,4,20,4,1.5,1.5,1,0,9999,22,0.0
2025,4,20,5,2.1,3.6,2,0,6000,22,0.0
2025,4,20,6,2.1,3.6,2,0,6000,23,0.0
2025,4,20,7,3.6,5.1,2,1,4000,22,0.0
2025,4,20,8,3.6,5.1,2,1,4000,23,0.0
2025,4,20,9,6.0,11.1,3,0,8000,22,25.1
2025,4,20,10,6.0,12.3,3,1,8000,22,366.3
2025,4,20,11,6.0,12.3,3,1,8000,23,405.4
2025,4,20,12,3.6,8.6,3,1,6000,23,471.7
2025,4,20,13,2.1,5.4,3,0,8000,25,649.9
2025,4,20,14,2.1,5.4,3,0,8000,26,881.7
2025,4,20,15,2.1,6.0,3,0,8000,27,1116.7
2025,4,20,16,2.1,6.0,3,0,8000,26,2302.3
2025,4,20,17,2.1,6.0,3,0,8000,27,1452.7
2025,4,20,18,2.1,6.0,3,0,8000,26,988.4
2025,4,20,19,2.1,6.0,3,0,8000,26,236.3
2025,4,20,20,2.1,6.0,3,0,8000,25,9.9
2025,4,20,21,2.1,6.0,3,0,8000,24,0.0
2025,4,20,22,2.1,6.0,3,0,8000,24,0.0
2025,4,20,23,3.6,9.2,3,0,8000,24,0.0
2025,4,21,0,3.6,9.2,3,0,8000,24,0.0
2025,4,21,1,3.6,10.6,3,1,8000,24,0.0
2025,4,21,2,3.6,10.7,3,1,7000,22,0.0
2025,4,21,3,3.6,8.6,3,1,7000,23,0.0
2025,4,21,4,3.6,10.7,3,1,7000,22,0.0
2025,4,21,5,3.6,10.7,3,0,8000,22,0.0
2025,4,21,6,3.6,10.7,3,1,7000,22,0.0
2025,4,21,7,3.6,10.7,3,1,7000,22,0.0
2025,4,21,8,3.6,10.7,3,0,8000,21,0.0
2025,4,21,9,4.8,8.3,2,1,6000,21,19.4
2025,4,21,10,3.6,8.6,3,0,4000,21,82.7
2025,4,21,11,3.6,10.6,3,1,3000,21,243.3
2025,4,21,12,3.6,8.6,3,0,6000,21,720.9
2025,4,21,13,6.0,16.8,3,0,8000,22,598.8
2025,4,21,14,6.0,16.8,3,0,8000,22,1003.1
2025,4,21,15,6.0,14.3,3,0,8000,23,915.3
2025,4,21,16,6.0,12.3,3,0,8000,23,263.2
2025,4,21,17,6.0,12.3,3,0,8000,24,269.2
2025,4,21,18,6.0,14.3,3,0,5000,21,178.8
2025,4,21,19,3.6,8.6,3,1,7000,21,15.5
2025,4,21,20,3.6,8.6,3,1,2700,20,2.8
2025,4,21,21,3.6,8.6,3,1,8000,20,0.0
2025,4,21,22,3.6,5.1,2,0,9999,20,0.0
2025,4,21,23,2.1,3.6,2,0,9999,20,0.0
2025,4,22,0,2.1,3.6,2,0,9999,20,0.0
2025,4,22,1,2.1,3.6,2,0,9999,20,0.0
2025,4,22,2,3.6,5.1,2,0,9999,20,0.0
2025,4,22,3,3.6,5.1,2,0,9999,20,0.0
2025,4,22,4,3.6,5.1,2,0,9999,20,0.0
2025,4,22,5,3.6,5.1,2,0,9999,20,0.0
2025,4,22,6,3.6,5.1,2,0,9999,19,0.0
2025,4,22,7,3.6,5.1,2,0,9999,19,0.0
2025,4,22,8,3.6,5.1,2,0,9999,19,0.0
2025,4,22,9,2.1,5.4,3,0,9999,20,15.9
2025,4,22,10,2.1,4.8,3,0,9999,21,134.1
2025,4,22,11,6.0,9.6,2,1,3000,21,747.9
2025,4,22,12,3.6,7.1,2,0,8000,21,434.5
2025,4,22,13,3.6,7.2,3,0,9999,22,1988.5
2025,4,22,14,2.1,5.4,3,0,9999,24,471.9
2025,4,22,15,3.6,5.7,2,0,9999,25,458.6
2025,4,22,16,2.1,3.9,2,0,9999,25,1338.8
2025,4,22,17,2.1,3.9,2,0,9999,24,12.9
2025,4,22,18,2.1,3.9,2,0,9999,24,169.1
2025,4,22,19,1.8,3.3,2,0,9999,24,53.9
2025,4,22,20,3.6,5.1,2,0,9999,23,6.2
2025,4,22,21,2.1,5.4,3,0,9999,23,0.0
2025,4,22,22,2.1,5.4,3,0,9999,23,0.0
2025,4,22,23,1.8,3.3,2,0,9999,23,0.0
2025,4,23,0,1.8,3.3,2,0,9999,22,0.0
2025,4,23,1,1.5,2.55,2,0,9999,21,0.0
2025,4,23,2,3.6,5.1,2,0,9999,21,0.0
2025,4,23,3,1.8,2.7,2,0,9999,20,0.0
2025,4,23,4,1.5,2.55,2,0,9999,20,0.0
2025,4,23,5,1.5,2.55,2,0,9999,20,0.0
2025,4,23,6,3.6,5.1,2,0,9999,19,0.0
2025,4,23,7,3.6,7.1,2,0,9999,20,0.0
2025,4,23,8,3.6,7.1,2,0,9999,20,0.0
2025,4,23,9,3.6,5.1,2,0,8000,20,92.6
2025,4,23,10,1.5,2.55,2,0,9999,21,952.7
2025,4,23,11,1.5,1.5,1,0,9999,22,1650.4
2025,4,23,12,0.9,0.9,1,0,9999,24,2256.3
2025,4,23,13,0.9,0.9,1,0,9999,26,2010.3
2025,4,23,14,1.05,1.95,2,0,9999,27,1559.5
2025,4,23,15,2.1,4.8,3,0,9999,27,1718.6
2025,4,23,16,2.1,4.8,3,0,9999,29,1557.9
2025,4,23,17,2.1,4.8,3,0,9999,27,1409.8
2025,4,23,18,2.1,4.8,3,0,9999,26,815.0
2025,4,23,19,0.9,0.9,1,0,9999,26,320.4
2025,4,23,20,0.9,0.9,1,0,9999,25,26.6
2025,4,23,21,0.9,0.9,1,0,9999,24,0.0
2025,4,23,22,0.9,0.9,1,0,9999,24,0.0
2025,4,23,23,0.9,0.9,1,0,9999,24,0.0
2025,4,24,0,0.9,0.9,1,0,9999,24,0.0
2025,4,24,1,3.5,5.6,2,0,8000,23,0.0
2025,4,24,2,3.5,5.6,2,0,8000,23,0.0
2025,4,24,3,3.5,5.6,2,0,8000,23,0.0
2025,4,24,4,3.5,5.6,2,0,8000,22,0.0
2025,4,24,5,3.5,5.6,2,0,8000,22,0.0
2025,4,24,6,3.5,5.6,2,0,8000,22,0.0
2025,4,24,7,3.5,5.6,2,0,8000,22,0.0
2025,4,24,8,3.5,5.6,2,0,8000,23,0.0
2025,4,24,9,3.5,5.6,2,0,8000,23,71.7
2025,4,24,10,0,0,0,0,10000,23,1043.3
2025,4,24,11,0,0,0,0,10000,23,1737.4
2025,4,24,12,0,0,0,0,10000,26,2232.0
2025,4,24,13,0.9,0.9,1,0,9999,28,2333.1
2025,4,24,14,0.9,0.9,1,0,9999,29,1735.0
2025,4,24,15,0.9,0.9,1,0,9999,29,2299.2
2025,4,24,16,0.9,0.9,1,0,9999,30,1724.0
2025,4,24,17,0.9,0.9,1,0,9999,31,1606.7
2025,4,24,18,0,0,0,0,10000,31,651.9
2025,4,24,19,2.1,2.1,1,0,9999,27,180.0
2025,4,24,20,1.05,1.95,2,0,9999,26,7.8
2025,4,24,21,1.05,1.95,2,0,9999,25,0.0
2025,4,24,22,1.05,1.95,2,0,9999,24,0.0
2025,4,24,23,1.05,1.95,2,0,9999,25,0.0
2025,4,25,0,1.05,1.95,2,0,9999,24,0.0
2025,4,25,1,1.05,1.95,2,0,9999,24,0.0
2025,4,25,2,0.9,0.9,1,0,9999,24,0.0
2025,4,25,3,0.9,0.9,1,1,9999,23,0.0
2025,4,25,4,0.9,0.9,1,1,9999,22,0.0
2025,4,25,5,2.1,3.0,2,1,8000,22,0.0
2025,4,25,6,2.1,3.0,2,1,8000,21,0.0
2025,4,25,7,2.1,3.0,2,1,7000,21,0.0
2025,4,25,8,2.1,3.6,2,1,7000,22,0.0
2025,4,25,9,2.1,3.6,2,1,7000,23,0.6
2025,4,25,10,3.6,8.6,3,0,9999,22,73.1
2025,4,25,11,3.6,10.6,3,0,9999,23,260.6
2025,4,25,12,3.6,5.1,2,0,9999,24,331.7
2025,4,25,13,3.6,8.7,3,0,9999,24,548.0
2025,4,25,14,6.0,13.2,3,0,9999,24,303.2
2025,4,25,15,6.0,11.3,3,1,8000,24,327.0
2025,4,25,16,8.0,14.0,2,0,8000,23,131.9
2025,4,25,17,6.0,10.8,2,0,4000,23,264.0
2025,4,25,18,8.0,14.0,2,0,4000,23,107.0
2025,4,25,19,6.0,14.3,3,0,8000,23,52.4
2025,4,25,20,6.0,16.8,3,1,3000,23,0.0
2025,4,25,21,6.0,16.8,3,0,5000,22,0.0
2025,4,25,22,6.0,14.3,3,0,5000,22,0.0
2025,4,25,23,6.0,14.3,3,0,5000,22,0.0
2025,4,26,0,6.0,14.3,3,0,5000,21,0.0
2025,4,26,2,4.8,8.3,2,0,6000,21,0.0
2025,4,26,3,4.8,8.3,2,0,6000,21,0.0
2025,4,26,4,3.6,5.1,2,0,8000,21,0.0
2025,4,26,5,3.6,5.1,2,0,8000,21,0.0
2025,4,26,6,3.6,5.1,2,0,8000,21,0.0
2025,4,26,7,3.6,5.1,2,0,8000,21,0.0
2025,4,26,8,3.6,5.1,2,0,8000,21,0.0
2025,4,26,9,3.6,5.1,2,0,6000,20,49.4
2025,4,26,10,1.5,1.5,1,0,9999,21,775.7
2025,4,26,11,1.8,3.3,2,0,9999,22,1294.0
2025,4,26,12,1.5,2.55,2,0,9999,24,2502.8
2025,4,26,13,3.5,7.4,3,0,9999,24,2276.6
2025,4,26,14,3.5,7.4,3,0,9999,26,2026.8
2025,4,26,15,2.1,3.9,2,0,9999,27,1634.8
2025,4,26,21,3.6,5.1,2,0,9999,25,0.0
2025,4,26,22,3.6,5.1,2,0,9999,24,0.0
2025,4,26,23,3.6,5.1,2,0,9999,24,0.0
2025,4,27,0,3.6,8.6,3,0,9999,24,0.0
2025,4,27,1,3.6,5.1,2,0,9999,24,0.0
2025,4,27,2,3.6,7.1,2,0,9999,23,0.0
2025,4,27,3,6.0,6.0,1,0,9999,23,0.0
2025,4,27,4,6.0,6.0,1,0,9999,23,0.0
2025,4,27,5,6.0,6.0,1,0,9999,23,0.0
2025,4,27,6,3.5,3.5,1,0,9999,22,0.0
2025,4,27,7,3.5,3.5,1,0,9999,22,0.0
2025,4,27,8,3.5,3.5,1,0,9999,22,0.0
2025,4,27,9,1.5,1.5,1,0,9999,21,126.1
2025,4,27,10,1.05,1.95,2,0,9999,21,731.2
2025,4,27,11,0.9,0.9,1,0,9999,23,1899.0
2025,4,27,12,0.9,0.9,1,0,9999,26,1891.0
2025,4,27,13,0.9,0.9,1,0,9999,27,2438.8
2025,4,27,14,0.9,0.9,1,0,9999,29,2354.5
2025,4,27,15,0.9,0.9,1,0,9999,30,2164.8
2025,4,27,16,2.1,2.1,1,0,9999,28,1661.1
2025,4,27,17,2.1,2.1,1,0,9999,29,1146.4
2025,4,27,18,0.9,0.9,1,0,9999,28,978.3
2025,4,27,19,0,0,0,0,10000,27,344.0
2025,4,27,20,0,0,0,0,10000,26,17.1
2025,4,27,21,0,0,0,0,10000,25,0.0
2025,4,27,22,0,0,0,0,10000,24,0.0
2025,4,27,23,0,0,0,0,10000,24,0.0
2025,4,28,0,0,0,0,0,10000,24,0.0
2025,4,28,1,0,0,0,0,10000,23,0.0
2025,4,28,2,0,0,0,0,10000,23,0.0
2025,4,28,3,0.9,0.9,1,0,9999,22,0.0
2025,4,28,4,0.9,0.9,1,0,9999,21,0.0
2025,4,28,5,0.9,0.9,1,0,8000,21,0.0
2025,4,28,6,1.5,1.5,1,0,8000,21,0.0
2025,4,28,7,1.5,1.5,1,0,8000,22,0.0
2025,4,28,8,1.5,1.5,1,0,8000,22,0.0
2025,4,28,9,1.5,1.5,1,0,9999,23,144.8
2025,4,28,10,1.5,1.5,1,0,9999,24,896.3
2025,4,28,11,0,0,0,0,10000,25,1693.0
2025,4,28,12,0,0,0,0,10000,27,911.0
2025,4,28,13,0,0,0,0,10000,28,1133.1
2025,4,28,14,0,0,0,0,10000,30,2040.0
2025,4,28,15,0,0,0,0,10000,31,2581.8
2025,4,28,16,0.9,0.9,1,0,9999,33,1569.1
2025,4,28,17,1.05,1.95,2,0,9999,31,485.9
2025,4,28,18,1.05,1.95,2,0,9999,28,400.6
2025,4,28,19,4.8,8.4,3,0,9999,26,75.7
2025,4,28,20,4.8,8.4,3,0,9999,25,1.5
2025,4,28,21,4.8,10.4,3,0,8000,25,0.0
2025,4,28,22,4.8,11.9,3,1,3000,24,0.0
2025,4,28,23,6.0,14.4,3,1,3000,24,0.0
2025,4,29,0,6.0,14.4,3,1,3000,23,0.0
2025,4,29,1,6.0,14.4,3,1,5000,22,0.0
2025,4,29,2,4.8,11.9,3,1,5000,22,0.0
2025,4,29,3,4.8,11.9,3,1,6000,22,0.0
2025,4,29,4,4.8,11.9,3,1,6000,22,0.0
2025,4,29,5,4.8,8.4,3,0,7000,22,0.0
2025,4,29,6,4.8,9.9,3,1,5000,21,0.0
2025,4,29,7,4.8,8.4,3,1,4500,21,0.0
2025,4,29,8,4.8,11.9,3,1,4000,21,0.0
2025,4,29,9,8.0,9.5,2,1,5000,21,16.0
2025,4,29,10,4.8,8.3,2,1,8000,21,289.0
2025,4,29,11,4.8,6.9,2,0,9999,22,489.4
2025,4,29,12,4.8,8.4,3,0,9999,23,753.5
2025,4,29,13,3.6,5.7,2,0,9999,23,419.4
2025,4,29,14,3.6,6.9,3,0,9999,23,375.2
2025,4,29,15,3.6,6.0,2,0,9999,23,553.0
2025,4,29,16,3.6,3.6,1,0,9999,23,414.5
2025,4,29,18,2.1,2.1,1,0,9999,25,470.8
2025,4,29,19,2.1,3.9,2,0,9999,24,208.3
2025,4,29,20,2.1,3.9,2,0,9999,23,6.4
2025,4,29,21,2.1,3.9,2,0,9999,23,0.0
2025,4,29,22,2.1,3.9,2,0,9999,22,0.0
2025,4,29,23,2.1,3.9,2,0,9999,22,0.0
2025,4,30,0,3.6,7.2,3,0,8000,22,0.0
2025,4,30,1,3.6,4.5,2,0,9999,22,0.0
2025,4,30,2,1.8,2.7,2,0,9999,21,0.0
2025,4,30,3,1.8,3.3,2,0,9999,21,0.0
2025,4,30,4,1.8,3.3,2,0,9999,20,0.0
2025,4,30,5,2.1,2.1,1,0,9999,20,0.0
2025,4,30,6,2.1,2.1,1,0,9999,20,0.0
2025,4,30,7,2.1,2.1,1,0,9999,20,0.0
2025,4,30,8,2.1,2.1,1,0,9999,20,0.0
2025,4,30,9,3.6,4.5,2,0,9999,20,2.0
2025,4,30,10,3.6,5.7,2,0,9999,20,160.5
2025,4,30,11,3.6,4.5,2,0,9999,21,730.3
2025,4,30,12,2.1,3.9,2,0,9999,22,2228.4
2025,4,30,13,1.05,1.95,2,0,9999,24,794.7
2025,4,30,14,1.05,1.95,2,0,9999,25,820.5
2025,4,30,15,0.9,0.9,1,0,9999,25,760.7
2025,4,30,16,0.9,0.9,1,0,9999,25,2034.0
2025,4,30,17,0.9,0.9,1,0,9999,25,1707.5
2025,4,30,18,3.6,4.5,2,0,9999,24,763.8
2025,4,30,19,3.6,5.7,2,0,9999,24,170.2
2025,4,30,20,3.6,5.7,2,0,9999,23,2.8
2025,4,30,21,3.6,5.7,2,0,9999,22,0.0
2025,4,30,22,3.6,5.7,2,0,9999,22,0.0
2025,4,30,23,3.6,5.7,2,0,9999,22,0.0
2025,5,1,0,3.6,5.7,2,0,9999,22,0.0
2025,5,1,1,2.1,3.0,2,0,9999,20,0.0
2025,5,1,2,2.1,3.0,2,0,9999,19,0.0
2025,5,1,3,2.1,3.0,2,0,9999,20,0.0
2025,5,1,4,2.1,3.0,2,0,9999,19,0.0
2025,5,1,5,2.1,3.0,2,0,9999,19,0.0
2025,5,1,6,1.05,1.95,2,0,9999,18,0.0
2025,5,1,7,0.9,0.9,1,0,9999,18,0.0
2025,5,1,8,0,0,0,0,10000,17,0.0
2025,5,1,9,0,0,0,0,10000,17,154.1
2025,5,1,10,0.9,0.9,1,0,9999,18,1099.3
2025,5,1,11,0.9,0.9,1,0,9999,21,1726.2
2025,5,1,12,0.9,0.9,1,0,9999,24,2031.1
2025,5,1,13,2.1,2.1,1,0,9999,24,1874.5
2025,5,1,14,2.1,2.1,1,0,9999,25,2347.5
2025,5,1,15,2.1,2.1,1,0,9999,25,2634.0
2025,5,1,16,2.1,2.1,1,0,9999,26,2334.4
2025,5,1,17,2.1,2.1,1,0,9999,26,1834.9
2025,5,1,18,2.1,2.1,1,0,9999,25,1107.6
2025,5,1,19,2.1,2.1,1,0,9999,25,297.9
2025,5,1,20,0.9,0.9,1,0,9999,24,10.3
2025,5,1,21,1.05,1.95,2,0,9999,22,0.0
2025,5,1,22,1.05,1.95,2,0,9999,23,0.0
2025,5,1,23,1.05,1.95,2,0,9999,23,0.0
2025,5,2,0,1.05,1.95,2,0,9999,22,0.0
2025,5,2,1,2.1,2.1,1,0,9999,21,0.0
2025,5,2,2,2.1,2.1,1,0,9999,20,0.0
2025,5,2,3,0.9,0.9,1,0,9999,19,0.0
2025,5,2,4,0.9,0.9,1,0,9999,19,0.0
2025,5,2,5,2.1,2.1,1,0,9999,19,0.0
2025,5,2,6,2.1,3.6,2,0,6000,18,0.0
2025,5,2,7,2.1,3.6,2,0,4000,18,0.0
2025,5,2,8,2.1,3.6,2,0,8000,18,0.0
2025,5,2,9,1.5,1.5,1,0,6000,17,141.0
2025,5,2,10,1.5,1.5,1,0,9999,18,1044.5
2025,5,2,11,0,0,0,0,10000,20,1845.7
2025,5,2,12,0,0,0,0,10000,23,2345.5
2025,5,2,13,0,0,0,0,10000,25,2308.5
2025,5,2,14,0.9,0.9,1,0,9999,26,2560.0
2025,5,2,15,0.9,0.9,1,0,9999,27,2353.9
2025,5,2,16,2.1,2.1,1,0,9999,26,1803.5
2025,5,2,17,2.1,2.1,1,0,9999,26,706.8
2025,5,2,18,2.1,2.1,1,0,9999,26,1018.1
2025,5,2,19,2.1,2.1,1,0,9999,26,0.0
2025,5,2,20,0.9,0.9,1,0,9999,25,4.8
2025,5,2,21,0,0,0,0,10000,24,0.0
2025,5,2,22,0,0,0,0,10000,23,0.0
2025,5,2,23,0,0,0,0,10000,23,0.0
2025,5,3,0,0,0,0,0,10000,20,0.0
2025,5,3,1,0,0,0,0,10000,19,0.0
2025,5,3,2,0,0,0,0,10000,18,0.0
2025,5,3,3,0,0,0,0,10000,18,0.0
2025,5,3,4,0,0,0,0,10000,17,0.0
2025,5,3,5,0.9,0.9,1,0,8000,17,0.0
2025,5,3,6,0.9,0.9,1,0,8000,17,0.0
2025,5,3,7,0.9,0.9,1,0,8000,17,0.0
2025,5,3,8,0.9,0.9,1,0,8000,18,0.0
2025,5,3,9,0.9,0.9,1,0,9999,19,139.9
2025,5,3,10,0.9,0.9,1,0,9999,20,1028.5
2025,5,3,11,0,0,0,0,10000,21,1850.7
2025,5,3,12,0,0,0,0,10000,24,2112.8
2025,5,3,13,0,0,0,0,10000,25,2420.5
2025,5,3,14,0,0,0,0,10000,26,2538.3
2025,5,3,15,0.9,0.9,1,0,9999,28,2632.1
2025,5,3,16,0.9,0.9,1,0,9999,29,1863.6
2025,5,3,17,0.9,0.9,1,0,9999,29,618.5
2025,5,3,18,2.1,2.1,1,0,9999,28,1097.5
2025,5,3,19,0.9,0.9,1,0,9999,27,251.4
2025,5,3,20,0.9,0.9,1,0,9999,25,9.4
2025,5,3,21,0.9,0.9,1,0,9999,24,0.0
2025,5,3,22,2.1,2.1,1,0,9999,23,0.0
2025,5,3,23,2.1,2.1,1,0,9999,23,0.0
2025,5,4,0,2.1,2.1,1,0,9999,22,0.0
2025,5,4,1,2.1,3.6,2,0,6000,21,0.0
2025,5,4,2,2.1,3.6,2,0,6000,20,0.0
2025,5,4,3,2.1,3.6,2,0,6000,19,0.0
2025,5,4,4,2.1,3.6,2,0,6000,19,0.0
2025,5,4,5,2.1,3.6,2,0,6000,19,0.0
2025,5,4,6,2.1,3.6,2,0,6000,19,0.0
2025,5,4,7,2.1,3.6,2,0,6000,19,0.0
2025,5,4,8,2.1,3.6,2,0,6000,18,0.0
2025,5,4,9,2.1,3.6,2,0,6000,18,127.3
2025,5,4,10,2.1,3.6,2,0,8000,18,1039.4
2025,5,4,11,1.05,1.95,2,0,9999,21,1619.2
2025,5,4,12,1.05,1.95,2,0,9999,24,2345.5
2025,5,4,13,1.05,1.95,2,0,9999,25,1677.1
2025,5,4,14,2.1,3.0,2,0,9999,26,1746.3
2025,5,4,15,0.9,0.9,1,0,9999,26,2858.5
2025,5,4,16,0.9,0.9,1,0,9999,27,2149.3
2025,5,4,17,0.9,0.9,1,0,9999,27,1831.2
2025,5,4,18,0,0,0,0,10000,26,1060.6
2025,5,4,19,0,0,0,0,10000,26,280.1
2025,5,4,20,0,0,0,0,10000,24,10.7
2025,5,4,21,0,0,0,0,10000,22,0.0
2025,5,4,22,0,0,0,0,10000,22,0.0
2025,5,4,23,0,0,0,0,10000,21,0.0
2025,5,5,0,0,0,0,0,10000,19,0.0
2025,5,5,1,0,0,0,0,10000,19,0.0
2025,5,5,2,3.6,3.6,1,0,9999,19,0.0
2025,5,5,3,2.1,2.1,1,0,9999,19,0.0
2025,5,5,4,2.1,2.1,1,0,8000,19,0.0
2025,5,5,5,3.5,3.5,1,0,6000,19,0.0
2025,5,5,6,3.5,3.5,1,0,6000,19,0.0
2025,5,5,7,3.5,3.5,1,0,8000,19,0.0
2025,5,5,8,3.5,3.5,1,0,8000,19,0.0
2025,5,5,9,1.5,1.5,1,0,9999,18,90.1
2025,5,5,10,1.5,1.5,1,0,9999,19,648.5
2025,5,5,11,0.9,0.9,1,0,9999,21,1717.7
2025,5,5,12,0.9,0.9,1,0,9999,24,2222.3
2025,5,5,13,0,0,0,0,10000,26,2537.0
2025,5,5,14,0,0,0,0,10000,27,2214.6
2025,5,5,15,2.1,2.1,1,0,9999,29,1498.5
2025,5,5,16,2.1,2.1,1,0,9999,27,912.1
2025,5,5,17,2.1,2.1,1,0,9999,27,701.1
2025,5,5,18,2.1,2.1,1,0,9999,27,903.0
2025,5,5,19,0.9,0.9,1,0,9999,27,265.7
2025,5,5,20,0.9,0.9,1,0,9999,25,8.2
2025,5,5,21,0,0,0,0,10000,24,0.0
2025,5,5,22,0,0,0,0,10000,22,0.0
2025,5,5,23,0,0,0,0,10000,20,0.0
2025,5,6,0,0,0,0,0,10000,20,0.0
2025,5,6,1,0,0,0,0,10000,19,0.0
2025,5,6,2,0,0,0,0,10000,22,0.0
2025,5,6,3,0,0,0,0,10000,19,0.0
2025,5,6,4,0,0,0,0,10000,20,0.0
2025,5,6,5,0,0,0,0,10000,19,0.0
2025,5,6,6,0,0,0,0,10000,18,0.0
2025,5,6,7,0,0,0,0,10000,18,0.0
2025,5,6,8,0,0,0,0,10000,18,0.0
2025,5,6,9,0,0,0,0,10000,18,120.2
2025,5,6,10,0,0,0,0,10000,19,987.2
2025,5,6,11,0,0,0,0,10000,22,1774.5
2025,5,6,12,0,0,0,0,10000,24,2194.2
2025,5,6,13,0.9,0.9,1,0,9999,27,2493.8
2025,5,6,14,0.9,0.9,1,0,9999,28,1838.6
2025,5,6,15,0.9,0.9,1,0,9999,28,2227.2
2025,5,6,16,0.9,0.9,1,0,9999,29,1593.1
2025,5,6,17,0.9,0.9,1,0,9999,29,1013.3
2025,5,6,18,1.8,2.7,2,0,9999,28,442.7
2025,5,6,19,1.8,2.7,2,0,9999,28,121.4
2025,5,6,20,1.8,2.7,2,0,9999,26,3.1
2025,5,6,21,1.8,2.7,2,0,9999,24,0.0
2025,5,6,22,1.8,2.7,2,0,9999,24,0.0
2025,5,6,23,1.8,2.7,2,0,9999,23,0.0
2025,5,7,0,1.8,2.7,2,0,9999,23,0.0
2025,5,7,1,1.8,2.7,2,0,9999,23,0.0
2025,5,7,2,1.8,2.7,2,0,9999,22,0.0
2025,5,7,3,0,0,0,0,10000,22,0.0
2025,5,7,4,0,0,0,0,10000,22,0.0
2025,5,7,5,0,0,0,0,10000,21,0.0
2025,5,7,6,0,0,0,0,10000,21,0.0
2025,5,7,7,0,0,0,0,10000,20,0.0
2025,5,7,8,0,0,0,0,10000,20,0.0
2025,5,7,9,1.8,3.3,2,0,9999,21,27.0
2025,5,7,10,1.5,2.55,2,0,9999,21,704.0
2025,5,7,11,0,0,0,0,10000,24,1681.1
2025,5,7,12,0,0,0,0,10000,26,2132.7
2025,5,7,13,0,0,0,0,10000,28,2315.2
2025,5,7,14,0.9,0.9,1,0,9999,29,1957.4
2025,5,7,15,2.1,2.1,1,0,9999,29,1747.7
2025,5,7,16,2.1,2.1,1,0,9999,30,1561.6
2025,5,7,17,2.1,2.1,1,0,9999,30,1680.7
2025,5,7,18,2.1,2.1,1,0,9999,31,1061.2
2025,5,7,19,0.9,0.9,1,0,9999,31,167.8
2025,5,7,20,0,0,0,0,10000,27,4.1
2025,5,7,21,0,0,0,0,10000,26,0.0
2025,5,7,22,0,0,0,0,10000,23,0.0
2025,5,7,23,0,0,0,0,10000,23,0.0
2025,5,8,0,0,0,0,0,10000,23,0.0
2025,5,8,3,0,0,0,0,10000,21,0.0
2025,5,8,4,0,0,0,0,10000,19,0.0
2025,5,8,5,0,0,0,0,10000,19,0.0
2025,5,8,6,0.9,0.9,1,0,9999,18,0.0
2025,5,8,7,0.9,0.9,1,0,8000,19,0.0
2025,5,8,8,1.5,1.5,1,0,8000,20,0.0
2025,5,8,9,1.5,1.5,1,0,9999,21,74.3
2025,5,8,10,1.5,1.5,1,0,9999,20,872.6
2025,5,8,11,1.5,1.5,1,0,9999,24,1724.7
2025,5,8,12,1.5,1.5,1,0,9999,26,2123.0
2025,5,8,13,0.9,0.9,1,0,9999,28,2275.2
2025,5,8,14,0.9,0.9,1,0,9999,29,2454.8
2025,5,8,15,0.9,0.9,1,0,9999,29,2214.9
2025,5,8,16,0,0,0,0,10000,30,2088.8
2025,5,8,17,0,0,0,0,10000,30,1753.0
2025,5,8,18,0,0,0,0,10000,31,1098.9
2025,5,8,19,0,0,0,0,10000,31,258.4
2025,5,8,20,0,0,0,0,10000,30,8.6
2025,5,8,21,0,0,0,0,10000,25,0.0
2025,5,8,22,0,0,0,0,10000,24,0.0
2025,5,8,23,0,0,0,0,10000,23,0.0
2025,5,9,0,0,0,0,0,10000,22,0.0
2025,5,9,1,0,0,0,0,10000,22,0.0
2025,5,9,2,0,0,0,0,10000,22,0.0
2025,5,9,3,0,0,0,0,10000,22,0.0
2025,5,9,4,0,0,0,0,10000,21,0.0
2025,5,9,5,0,0,0,0,10000,21,0.0
2025,5,9,6,0,0,0,0,10000,21,0.0
2025,5,9,7,0,0,0,0,10000,22,0.0
2025,5,9,8,0,0,0,0,10000,22,0.0
2025,5,9,9,0,0,0,0,10000,23,128.0
2025,5,9,10,0,0,0,0,10000,24,1042.5
2025,5,9,11,0,0,0,0,10000,26,1803.6
2025,5,9,12,0,0,0,0,10000,28,2041.0
2025,5,9,19,0,0,0,0,10000,33,239.6
2025,5,9,20,0,0,0,0,10000,31,7.1
2025,5,9,21,0,0,0,0,10000,28,0.0
2025,5,9,22,0,0,0,0,10000,27,0.0
2025,5,9,23,0,0,0,0,10000,27,0.0
2025,5,10,0,0,0,0,0,10000,27,0.0
2025,5,10,1,0,0,0,0,10000,27,0.0
2025,5,10,2,0,0,0,0,10000,27,0.0
2025,5,10,3,0,0,0,0,10000,25,0.0
2025,5,10,4,0,0,0,0,10000,25,0.0
2025,5,10,5,0,0,0,0,10000,24,0.0
2025,5,10,6,0,0,0,0,10000,23,0.0
2025,5,10,7,0,0,0,0,10000,23,0.0
2025,5,10,8,0,0,0,0,10000,23,0.0
2025,5,10,9,0,0,0,0,10000,23,107.0
2025,5,10,10,0,0,0,0,10000,24,935.0
2025,5,10,11,0,0,0,0,10000,27,1561.4
2025,5,10,12,0,0,0,0,10000,29,2018.2
2025,5,10,13,0,0,0,0,10000,30,2138.9
2025,5,10,14,0,0,0,0,10000,31,2275.6
2025,5,10,15,0,0,0,0,10000,29,2267.7
2025,5,10,16,0,0,0,0,10000,27,1577.9
2025,5,10,17,2.1,3.0,2,0,9999,27,605.8
2025,5,10,18,2.1,3.0,2,0,9999,26,516.9
2025,5,10,19,3.6,9.2,3,0,8000,26,141.4
2025,5,10,20,3.6,9.2,3,0,6000,25,3.5
2025,5,10,21,3.6,9.2,3,0,6000,25,0.0
2025,5,10,22,3.6,9.2,3,0,6000,25,0.0
2025,5,10,23,3.6,9.2,3,0,6000,25,0.0
2025,5,11,0,3.6,9.2,3,0,6000,25,0.0
2025,5,11,1,6.0,11.1,3,0,9999,24,0.0
2025,5,11,2,3.6,7.2,3,0,9999,24,0.0
2025,5,11,3,3.6,7.2,3,0,8000,23,0.0
2025,5,11,4,3.6,9.2,3,0,8000,22,0.0
2025,5,11,5,3.6,9.2,3,0,8000,22,0.0
2025,5,11,6,3.6,7.1,2,0,8000,22,0.0
2025,5,11,7,3.6,7.1,2,1,8000,21,0.0
2025,5,11,8,3.6,9.2,3,1,8000,20,0.0
2025,5,11,9,3.5,7.0,2,0,9999,20,3.6
2025,5,11,10,3.6,10.6,3,0,8000,20,40.7
2025,5,11,11,6.0,12.0,2,0,8000,20,122.2
2025,5,11,12,6.0,12.0,2,0,6000,20,130.2
2025,5,11,13,6.0,13.5,3,1,1400,21,182.2
2025,5,11,14,6.0,15.5,3,1,1200,21,260.5
2025,5,11,15,6.0,15.5,3,1,1200,21,360.1
2025,5,11,16,6.0,15.5,3,1,1200,20,378.0
2025,5,11,17,3.6,5.1,2,0,9999,21,347.5
2025,5,11,18,3.6,5.1,2,0,9999,21,185.4
2025,5,11,19,3.6,5.1,2,0,9999,20,24.5
2025,5,11,20,3.6,5.1,2,0,9999,20,0.0
2025,5,11,21,3.6,7.2,3,0,9999,20,0.0
2025,5,11,22,3.6,7.2,3,0,9999,19,0.0
2025,5,11,23,3.6,7.2,3,0,9999,19,0.0
2025,5,12,0,3.6,7.2,3,0,9999,19,0.0
2025,5,12,1,3.6,7.2,3,0,6000,19,0.0
2025,5,12,2,3.6,4.5,2,0,9999,19,0.0
2025,5,12,3,3.6,4.5,2,0,9999,19,0.0
2025,5,12,4,3.6,4.5,2,0,9999,19,0.0
2025,5,12,5,3.6,4.5,2,0,9999,18,0.0
2025,5,12,6,3.6,7.1,2,1,6000,18,0.0
2025,5,12,7,3.6,7.1,2,1,5000,18,0.0
2025,5,12,8,3.6,7.1,2,0,8000,18,0.0
2025,5,12,9,3.6,8.6,3,0,2500,19,4.4
2025,5,12,10,6.0,12.3,3,1,4500,19,232.4
2025,5,12,11,3.6,8.6,3,0,6000,19,483.0
2025,5,12,12,3.6,4.5,2,0,9999,21,1433.7
2025,5,12,13,3.6,5.7,2,0,9999,23,1998.4
2025,5,12,14,3.6,5.7,2,0,9999,24,861.5
2025,5,12,15,3.6,7.8,3,0,9999,25,352.2
2025,5,12,16,4.8,9.0,3,0,8000,25,126.4
2025,5,12,17,4.8,9.0,3,0,8000,23,197.1
2025,5,12,18,4.8,9.0,3,0,8000,23,217.0
2025,5,12,19,4.8,9.0,3,0,8000,23,43.9
2025,5,12,20,4.8,9.0,3,0,8000,22,0.3
2025,5,12,21,4.8,9.0,3,0,8000,22,0.0
2025,5,12,22,4.8,9.0,3,0,8000,22,0.0
2025,5,12,23,4.8,9.0,3,0,8000,22,0.0
2025,5,13,0,4.8,9.0,3,0,8000,22,0.0
2025,5,13,1,2.1,3.0,2,0,9999,21,0.0
2025,5,13,2,2.1,3.0,2,0,9999,21,0.0
2025,5,13,3,2.1,3.0,2,0,9999,21,0.0
2025,5,13,4,2.1,3.0,2,0,9999,20,0.0
2025,5,13,5,2.1,3.6,2,0,8000,20,0.0
2025,5,13,6,2.1,3.6,2,0,8000,19,0.0
2025,5,13,7,1.5,2.55,2,0,8000,20,0.0
2025,5,13,8,1.5,2.55,2,0,8000,20,0.0
2025,5,13,9,1.5,2.55,2,0,9999,21,62.8
2025,5,13,10,1.5,2.55,2,0,9999,23,533.0
2025,5,13,11,0.9,0.9,1,0,9999,22,1395.3
2025,5,13,12,2.1,2.1,1,0,9999,24,1913.6
2025,5,13,13,2.1,2.1,1,0,9999,24,1463.3
2025,5,13,14,3.6,5.7,2,0,9999,25,496.3
2025,5,13,15,3.6,5.7,2,0,9999,24,1190.3
2025,5,13,16,3.6,5.7,2,0,9999,24,1115.2
2025,5,13,17,2.1,3.15,2,0,9999,25,480.3
2025,5,13,18,2.1,3.15,2,0,9999,24,382.6
2025,5,13,19,1.8,2.7,2,0,9999,24,221.3
2025,5,13,20,1.8,2.7,2,0,9999,23,4.1
2025,5,13,21,1.05,1.95,2,0,9999,22,0.0
2025,5,13,22,1.8,3.3,2,0,9999,22,0.0
2025,5,13,23,1.5,2.55,2,0,9999,22,0.0
2025,5,14,0,1.8,2.7,2,0,9999,21,0.0
2025,5,14,1,2.1,5.4,3,0,8000,18,0.0
2025,5,14,2,2.1,5.4,3,0,6000,17,0.0
2025,5,14,3,2.1,5.4,3,0,6000,17,0.0
2025,5,14,4,2.1,5.4,3,0,6000,17,0.0
2025,5,14,5,2.1,5.4,3,0,6000,17,0.0
2025,5,14,6,2.1,5.4,3,0,6000,18,0.0
2025,5,14,7,2.1,5.4,3,0,6000,18,0.0
2025,5,14,8,2.1,5.4,3,0,6000,18,0.0
2025,5,14,9,2.1,5.4,3,0,6000,19,89.7
2025,5,14,10,0,0,0,0,10000,19,1032.9
2025,5,14,11,0,0,0,0,10000,20,1741.8
2025,5,14,12,0,0,0,0,10000,22,2085.7
2025,5,14,13,0,0,0,0,10000,24,2432.4
2025,5,14,14,0.9,0.9,1,0,9999,26,2473.6
2025,5,14,15,0.9,0.9,1,0,9999,26,2295.3
2025,5,14,16,2.1,3.0,2,0,9999,25,1183.7
2025,5,14,17,0.9,0.9,1,0,9999,26,1811.8
2025,5,14,18,0.9,0.9,1,0,9999,25,538.4
2025,5,14,19,0.9,0.9,1,0,9999,24,139.6
2025,5,14,20,2.1,3.0,2,0,9999,24,4.0
2025,5,14,21,1.05,1.95,2,0,9999,23,0.0
2025,5,14,22,2.1,3.15,2,0,9999,22,0.0
2025,5,14,23,2.1,3.9,2,0,9999,21,0.0
2025,5,15,0,1.8,2.7,2,0,9999,20,0.0
2025,5,15,1,1.8,2.7,2,0,9999,20,0.0
2025,5,15,2,1.8,2.7,2,0,9999,20,0.0
2025,5,15,3,1.8,2.7,2,0,9999,19,0.0
2025,5,15,4,1.05,1.95,2,0,9999,19,0.0
2025,5,15,5,0.9,0.9,1,0,9999,19,0.0
2025,5,15,6,0.9,0.9,1,0,9999,18,0.0
2025,5,15,7,3.5,3.5,1,0,9999,18,0.0
2025,5,15,8,3.5,3.5,1,0,9999,18,0.0
2025,5,15,9,0,0,0,0,10000,19,87.2
2025,5,15,10,0,0,0,0,10000,20,942.8
2025,5,15,11,0.9,0.9,1,0,9999,21,1777.8
2025,5,15,12,0.9,0.9,1,0,9999,24,2254.2
2025,5,15,13,0,0,0,0,10000,25,2405.7
2025,5,15,14,0,0,0,0,10000,26,2390.5
2025,5,15,15,0,0,0,0,10000,27,2461.4
2025,5,15,16,2.1,2.1,1,0,9999,26,1737.3
2025,5,15,17,2.1,2.1,1,0,9999,26,1896.9
2025,5,15,18,0.9,0.9,1,0,9999,26,874.6
2025,5,15,19,0.9,0.9,1,0,9999,25,188.1
2025,5,15,20,0.9,0.9,1,0,9999,24,3.3
2025,5,15,21,0,0,0,0,10000,23,0.0
2025,5,15,22,0,0,0,0,10000,22,0.0
2025,5,15,23,0,0,0,0,10000,20,0.0
2025,5,16,0,0,0,0,0,10000,19,0.0
2025,5,16,1,0,0,0,0,10000,18,0.0
2025,5,16,2,0,0,0,0,10000,18,0.0
2025,5,16,3,0,0,0,0,10000,19,0.0
2025,5,16,4,0,0,0,0,10000,17,0.0
2025,5,16,5,0,0,0,0,10000,17,0.0
2025,5,16,6,0.9,0.9,1,0,9999,18,0.0
2025,5,16,7,0.9,0.9,1,0,9999,18,0.0
2025,5,16,8,0.9,0.9,1,0,9999,19,0.0
2025,5,16,9,0.9,0.9,1,0,9999,20,88.4
2025,5,16,10,0.9,0.9,1,0,9999,22,991.9
2025,5,16,11,0.9,0.9,1,0,9999,21,1738.0
2025,5,16,12,0.9,0.9,1,0,9999,23,2106.6
2025,5,16,13,0.9,0.9,1,0,9999,25,2285.7
2025,5,16,14,0.9,0.9,1,0,9999,27,1642.7
2025,5,16,15,0.9,0.9,1,0,9999,27,2440.3
2025,5,16,16,2.1,3.0,2,0,9999,28,2247.6
2025,5,16,17,2.1,3.0,2,0,9999,28,1287.8
2025,5,16,18,0.9,0.9,1,0,9999,27,700.9
2025,5,16,19,0.9,0.9,1,0,9999,25,199.6
2025,5,16,20,0.9,0.9,1,0,9999,24,6.1
2025,5,16,21,0.9,0.9,1,0,9999,23,0.0
2025,5,16,22,0.9,0.9,1,0,9999,22,0.0
2025,5,16,23,0.9,0.9,1,0,9999,20,0.0
2025,5,17,0,0.9,0.9,1,0,9999,20,0.0
2025,5,17,1,0,0,0,0,10000,21,0.0
2025,5,17,2,0,0,0,0,10000,21,0.0
2025,5,17,3,0,0,0,0,10000,21,0.0
2025,5,17,4,0,0,0,0,10000,20,0.0
2025,5,17,5,0,0,0,0,10000,20,0.0
2025,5,17,6,0,0,0,0,10000,19,0.0
2025,5,17,7,0,0,0,0,10000,19,0.0
2025,5,17,8,0,0,0,0,10000,19,0.0
2025,5,17,9,0,0,0,0,10000,20,84.9
2025,5,17,10,0,0,0,0,10000,20,973.6
2025,5,17,11,0,0,0,0,10000,21,1761.4
2025,5,17,12,0,0,0,0,10000,24,2151.8
2025,5,17,13,0.9,0.9,1,0,9999,25,2415.9
2025,5,17,14,0.9,0.9,1,0,9999,27,2320.3
2025,5,17,15,0.9,0.9,1,0,9999,28,2309.1
2025,5,17,16,0.9,0.9,1,0,9999,28,2075.7
2025,5,17,17,0,0,0,0,10000,29,1657.1
2025,5,17,18,0,0,0,0,10000,30,1052.5
2025,5,17,19,0,0,0,0,10000,29,222.4
2025,5,17,20,0,0,0,0,10000,28,4.5
2025,5,17,21,0,0,0,0,10000,25,0.0
2025,5,17,22,0,0,0,0,10000,21,0.0
2025,5,17,23,0,0,0,0,10000,21,0.0
2025,5,18,0,0,0,0,0,10000,19,0.0
2025,5,18,1,0,0,0,0,10000,19,0.0
2025,5,18,2,0,0,0,0,10000,20,0.0
2025,5,18,3,0,0,0,0,10000,19,0.0
2025,5,18,4,0,0,0,0,10000,19,0.0
2025,5,18,5,0,0,0,0,10000,19,0.0
2025,5,18,6,0,0,0,0,10000,19,0.0
2025,5,18,7,0,0,0,0,10000,19,0.0
2025,5,18,8,0,0,0,0,10000,20,0.0
2025,5,18,9,0,0,0,0,10000,20,69.3
2025,5,18,10,0,0,0,0,10000,21,921.1
2025,5,18,11,0,0,0,0,10000,23,1697.2
2025,5,18,12,0,0,0,0,10000,25,2081.2
2025,5,18,13,0,0,0,0,10000,27,2350.8
2025,5,18,14,0,0,0,0,10000,28,2363.6
2025,5,18,15,0,0,0,0,10000,29,2310.2
2025,5,18,16,0,0,0,0,10000,30,2125.1
2025,5,18,17,0,0,0,0,10000,30,1604.3
2025,5,18,18,0,0,0,0,10000,30,1014.1
2025,5,18,19,0,0,0,0,10000,29,211.4
2025,5,18,20,0,0,0,0,10000,29,7.1
2025,5,18,21,0,0,0,0,10000,24,0.0
2025,5,18,22,0,0,0,0,10000,22,0.0
2025,5,18,23,0,0,0,0,10000,21,0.0
2025,5,19,0,0,0,0,0,10000,19,0.0
2025,5,19,1,0,0,0,0,10000,19,0.0
2025,5,19,2,0,0,0,0,10000,20,0.0
2025,5,19,3,0,0,0,0,10000,19,0.0
2025,5,19,4,0,0,0,0,10000,19,0.0
2025,5,19,5,0,0,0,0,10000,19,0.0
2025,5,19,6,0,0,0,0,10000,18,0.0
2025,5,19,7,0,0,0,0,10000,20,0.0
2025,5,19,8,0,0,0,0,10000,20,0.0
2025,5,19,9,0,0,0,0,10000,21,81.8
2025,5,19,10,0,0,0,0,10000,22,970.2
2025,5,19,11,0,0,0,0,10000,24,1761.0
2025,5,19,12,0,0,0,0,10000,25,2083.6
2025,5,19,13,0,0,0,0,10000,27,2343.3
2025,5,19,14,0,0,0,0,10000,28,2428.0
2025,5,19,15,0,0,0,0,10000,29,2345.7
2025,5,19,16,0,0,0,0,10000,29,2070.6
2025,5,19,17,0,0,0,0,10000,30,1511.2
2025,5,19,18,0,0,0,0,10000,30,1134.6
2025,5,19,19,0,0,0,0,10000,30,199.0
2025,5,19,20,0,0,0,0,10000,28,8.7
2025,5,19,21,0,0,0,0,10000,23,0.0
2025,5,19,22,0,0,0,0,10000,21,0.0
2025,5,19,23,0,0,0,0,10000,20,0.0
2025,5,20,0,0,0,0,0,10000,20,0.0
2025,5,20,1,0,0,0,0,10000,19,0.0
2025,5,20,2,0,0,0,0,10000,19,0.0
2025,5,20,3,0,0,0,0,10000,19,0.0
2025,5,20,4,0,0,0,0,10000,19,0.0
2025,5,20,5,0,0,0,0,10000,18,0.0
2025,5,20,6,0,0,0,0,10000,18,0.0
2025,5,20,7,0,0,0,0,10000,18,0.0
2025,5,20,8,0,0,0,0,10000,19,0.0
2025,5,20,9,0,0,0,0,10000,19,86.8
2025,5,20,10,0,0,0,0,10000,19,979.1
2025,5,20,11,0,0,0,0,10000,22,1799.8
2025,5,20,12,0,0,0,0,10000,25,2161.5
2025,5,20,13,0,0,0,0,10000,27,2340.5
2025,5,20,14,0,0,0,0,10000,28,2441.7
2025,5,20,15,0,0,0,0,10000,29,2381.8
2025,5,20,16,0,0,0,0,10000,30,2135.3
2025,5,20,17,0,0,0,0,10000,30,1758.3
2025,5,20,18,0,0,0,0,10000,28,1081.6
2025,5,20,19,0,0,0,0,10000,28,207.3
2025,5,20,20,0,0,0,0,10000,26,2.8
2025,5,20,21,0,0,0,0,10000,22,0.0
2025,5,20,22,0,0,0,0,10000,19,0.0
2025,5,20,23,0,0,0,0,10000,19,0.0
2025,5,21,0,0,0,0,0,10000,19,0.0
2025,5,21,1,0,0,0,0,10000,18,0.0
2025,5,21,2,0,0,0,0,10000,18,0.0
2025,5,21,3,0,0,0,0,10000,18,0.0
2025,5,21,4,0,0,0,0,10000,18,0.0
2025,5,21,5,0,0,0,0,10000,18,0.0
2025,5,21,6,0,0,0,0,10000,18,0.0
2025,5,21,7,0,0,0,0,10000,19,0.0
2025,5,21,8,0,0,0,0,10000,19,0.0
2025,5,21,9,0,0,0,0,10000,19,73.2
2025,5,21,10,0,0,0,0,10000,18,882.9
2025,5,21,11,0,0,0,0,10000,21,1684.2
2025,5,21,12,0,0,0,0,10000,25,2113.3
2025,5,21,13,0.9,0.9,1,0,9999,27,2335.6
2025,5,21,14,0.9,0.9,1,0,9999,26,2414.3
2025,5,21,15,0.9,0.9,1,0,9999,26,2381.1
2025,5,21,16,0.9,0.9,1,0,9999,26,1903.4
2025,5,21,17,0.9,0.9,1,0,9999,26,1703.9
2025,5,21,18,0.9,0.9,1,0,9999,26,928.7
2025,5,21,19,0,0,0,0,10000,25,185.3
2025,5,21,20,1.5,1.5,1,0,9999,24,3.4
2025,5,21,21,3.5,3.5,1,0,9999,23,0.0
2025,5,21,22,3.5,3.5,1,0,9999,22,0.0
2025,5,21,23,0,0,0,0,10000,22,0.0
2025,5,22,0,0,0,0,0,10000,20,0.0
2025,5,22,1,0,0,0,0,10000,19,0.0
2025,5,22,2,0,0,0,0,10000,19,0.0
2025,5,22,3,0,0,0,0,10000,18,0.0
2025,5,22,4,0.9,0.9,1,0,9999,18,0.0
2025,5,22,5,0,0,0,0,100,23,0.0
2025,5,22,6,1.5,1.5,1,0,7000,19,0.0
2025,5,22,7,1.5,1.5,1,0,7000,19,0.0
2025,5,22,8,1.5,1.5,1,0,8000,19,0.0
2025,5,22,9,1.5,1.5,1,0,8000,20,58.3
2025,5,22,10,1.5,1.5,1,0,9999,21,783.4
2025,5,22,11,1.5,1.5,1,0,9999,20,1447.8
2025,5,22,12,1.5,1.5,1,0,9999,22,1361.4
2025,5,22,13,0.9,0.9,1,0,9999,24,2302.0
2025,5,22,14,0.9,0.9,1,0,9999,27,2270.3
2025,5,22,15,0,0,0,0,10000,28,2329.0
2025,5,22,16,0,0,0,0,10000,29,2049.1
2025,5,22,17,0,0,0,0,10000,30,1686.6
2025,5,22,18,0,0,0,0,10000,30,1034.6
2025,5,22,19,0,0,0,0,10000,30,178.8
2025,5,22,20,0,0,0,0,10000,25,3.3
2025,5,22,21,0,0,0,0,10000,23,0.0
2025,5,22,22,0,0,0,0,10000,23,0.0
2025,5,22,23,0,0,0,0,10000,23,0.0
2025,5,23,0,0,0,0,0,10000,22,0.0
2025,5,23,1,0,0,0,0,10000,21,0.0
2025,5,23,2,0,0,0,0,10000,21,0.0
2025,5,23,3,0,0,0,0,10000,21,0.0
2025,5,23,4,0,0,0,0,10000,20,0.0
2025,5,23,5,2.1,2.1,1,0,7000,20,0.0
2025,5,23,6,2.1,2.1,1,0,6000,20,0.0
2025,5,23,7,2.1,2.1,1,0,6000,20,0.0
2025,5,23,8,2.1,2.1,1,0,6000,20,0.0
2025,5,23,9,2.1,2.1,1,0,6000,20,5.9
2025,5,23,10,3.6,5.7,2,0,4000,19,132.6
2025,5,23,11,2.1,3.0,2,0,4000,21,453.2
2025,5,23,12,0.9,0.9,1,0,6000,23,963.4
2025,5,23,13,3.6,7.2,3,0,8000,25,1267.8
2025,5,23,14,6.0,14.4,3,0,5000,22,412.2
2025,5,23,15,4.8,11.9,3,0,5000,22,766.9
2025,5,23,16,4.8,11.9,3,0,5000,23,594.9
2025,5,23,17,6.0,14.4,3,0,5000,23,240.3
2025,5,23,18,6.0,14.4,3,1,3000,22,164.5
2025,5,23,19,3.6,9.5,3,1,6000,22,80.5
2025,5,23,20,3.6,5.7,2,0,8000,22,1.8
2025,5,23,21,3.6,8.7,3,0,9999,22,0.0
2025,5,23,22,3.6,7.5,3,0,9999,22,0.0
2025,5,23,23,3.6,6.9,3,0,9999,22,0.0
2025,5,24,0,2.4,3.3,2,0,9999,22,0.0
2025,5,24,1,6.0,12.3,3,0,5000,22,0.0
2025,5,24,2,6.0,12.3,3,0,5000,22,0.0
2025,5,24,3,6.0,12.3,3,0,5000,22,0.0
2025,5,24,4,6.0,12.3,3,0,5000,21,0.0
2025,5,24,5,6.0,12.3,3,0,5000,21,0.0
2025,5,24,6,6.0,12.3,3,0,5000,21,0.0
2025,5,24,7,6.0,12.3,3,0,5000,20,0.0
2025,5,24,8,6.0,12.3,3,0,5000,20,0.0
2025,5,24,9,6.0,14.3,3,1,3000,20,6.9
2025,5,24,10,6.0,14.3,3,1,3000,20,150.8
2025,5,24,11,6.0,14.3,3,0,5000,20,188.3
2025,5,24,12,6.0,14.3,3,0,5000,20,355.6
2025,5,24,13,3.6,6.0,2,0,9999,21,570.2
2025,5,24,14,3.6,7.1,2,0,9999,22,2064.7
2025,5,24,15,3.6,7.1,2,0,9999,23,975.6
2025,5,24,16,3.6,7.1,2,0,9999,21,212.9
2025,5,24,17,3.6,4.5,2,0,9999,22,230.1
2025,5,24,18,3.6,4.5,2,0,9999,22,169.4
2025,5,24,19,3.6,4.5,2,0,9999,22,84.1
2025,5,24,20,0,0,0,0,10000,22,0.9
2025,5,24,21,0,0,0,0,10000,22,0.0
2025,5,24,22,0,0,0,0,10000,22,0.0
2025,5,24,23,0,0,0,0,10000,21,0.0
2025,5,25,0,0,0,0,0,10000,20,0.0
2025,5,25,1,1.8,3.3,2,0,9999,20,0.0
2025,5,25,2,1.8,3.3,2,0,9999,19,0.0
2025,5,25,3,1.8,3.3,2,0,9999,18,0.0
2025,5,25,4,1.8,3.3,2,0,9999,18,0.0
2025,5,25,5,2.1,2.1,1,0,9999,18,0.0
2025,5,25,6,3.5,3.5,1,0,9999,17,0.0
2025,5,25,7,3.5,3.5,1,0,9999,17,0.0
2025,5,25,8,3.5,3.5,1,0,9999,17,0.0
2025,5,25,9,0,0,0,0,10000,17,69.2
2025,5,25,10,0,0,0,0,10000,17,894.9
2025,5,25,11,0,0,0,0,10000,20,1668.4
2025,5,25,12,0,0,0,0,10000,22,2102.8
2025,5,25,13,0,0,0,0,10000,24,2359.0
2025,5,25,14,0,0,0,0,10000,25,2299.2
2025,5,25,15,0,0,0,0,10000,26,2321.5
2025,5,25,16,0,0,0,0,10000,27,2109.0
2025,5,25,17,0,0,0,0,10000,28,1731.1
2025,5,25,18,0,0,0,0,10000,28,1066.8
2025,5,25,19,0,0,0,0,10000,27,182.3
2025,5,25,20,0,0,0,0,10000,25,0.6
2025,5,25,21,0,0,0,0,10000,23,0.0
2025,5,25,22,0,0,0,0,10000,21,0.0
2025,5,25,23,0,0,0,0,10000,19,0.0
2025,5,26,0,0,0,0,0,10000,19,0.0
2025,5,26,1,0,0,0,0,10000,19,0.0
2025,5,26,2,0,0,0,0,10000,18,0.0
2025,5,26,3,0,0,0,0,10000,18,0.0
2025,5,26,4,0,0,0,0,10000,17,0.0
2025,5,26,5,0,0,0,0,10000,16,0.0
2025,5,26,6,0,0,0,0,10000,16,0.0
2025,5,26,7,0.9,0.9,1,0,9999,16,0.0
2025,5,26,8,0.9,0.9,1,0,9999,17,0.0
2025,5,26,9,1.5,1.5,1,0,9999,18,48.2
2025,5,26,10,1.5,1.5,1,0,9999,19,869.0
2025,5,26,11,0,0,0,0,10000,21,1636.8
2025,5,26,12,0,0,0,0,10000,24,2230.1
2025,5,26,13,0,0,0,0,10000,25,2436.2
2025,5,26,14,0,0,0,0,10000,27,2366.7
2025,5,26,15,0,0,0,0,10000,27,2384.4
2025,5,26,16,0,0,0,0,10000,28,1926.5
2025,5,26,17,0,0,0,0,10000,29,1482.7
2025,5,26,18,0,0,0,0,10000,27,509.0
2025,5,26,19,0,0,0,0,10000,26,235.4
2025,5,26,20,0,0,0,0,10000,26,7.7
2025,5,26,21,0,0,0,0,10000,22,0.0
2025,5,26,22,0,0,0,0,10000,22,0.0
2025,5,26,23,0,0,0,0,10000,20,0.0
2025,5,27,0,0,0,0,0,10000,19,0.0
2025,5,27,1,0,0,0,0,10000,20,0.0
2025,5,27,2,0,0,0,0,10000,20,0.0
2025,5,27,3,0,0,0,0,10000,20,0.0
2025,5,27,4,0,0,0,0,10000,20,0.0
2025,5,27,5,0,0,0,0,10000,19,0.0
2025,5,27,6,0,0,0,0,10000,19,0.0
2025,5,27,7,0,0,0,0,10000,18,0.0
2025,5,27,8,0,0,0,0,10000,18,0.0
2025,5,27,9,0,0,0,0,10000,20,40.6
2025,5,27,10,0,0,0,0,10000,20,758.5
2025,5,27,11,0,0,0,0,10000,23,1706.0
2025,5,27,12,0,0,0,0,10000,25,2114.8
2025,5,27,13,0,0,0,0,10000,27,2326.3
2025,5,27,14,0,0,0,0,10000,28,2374.4
2025,5,27,15,1.05,1.95,2,0,9999,29,2187.9
2025,5,27,16,0.9,0.9,1,0,9999,30,1424.9
2025,5,27,17,0.9,0.9,1,0,9999,30,1181.9
2025,5,27,18,0.9,0.9,1,0,9999,30,1119.4
2025,5,27,19,0,0,0,0,10000,29,164.8
2025,5,27,20,0,0,0,0,10000,27,2.4
2025,5,27,21,0,0,0,0,10000,25,0.0
2025,5,27,22,0,0,0,0,10000,24,0.0
2025,5,27,23,0,0,0,0,10000,22,0.0
2025,5,28,0,0,0,0,0,10000,21,0.0
2025,5,28,1,0,0,0,0,10000,24,0.0
2025,5,28,2,0,0,0,0,10000,24,0.0
2025,5,28,3,0,0,0,0,10000,24,0.0
2025,5,28,4,0,0,0,0,10000,20,0.0
2025,5,28,5,0,0,0,0,10000,21,0.0
2025,5,28,6,0,0,0,0,10000,20,0.0
2025,5,28,7,0,0,0,0,10000,22,0.0
2025,5,28,8,0,0,0,0,10000,23,0.0
2025,5,28,9,0,0,0,0,10000,24,17.1
2025,5,28,10,0,0,0,0,10000,24,871.6
2025,5,28,11,0,0,0,0,10000,25,1701.0
2025,5,28,12,0,0,0,0,10000,27,2130.7
2025,5,28,13,0,0,0,0,10000,28,1918.0
2025,5,28,14,0,0,0,0,10000,28,2277.3
2025,5,28,15,0,0,0,0,10000,29,1611.9
2025,5,28,16,0,0,0,0,10000,29,1344.1
2025,5,28,17,0,0,0,0,10000,30,1734.6
2025,5,28,18,0,0,0,0,10000,31,765.8
2025,5,28,19,0,0,0,0,10000,30,117.2
2025,5,28,20,0,0,0,0,10000,28,2.0
2025,5,28,21,0,0,0,0,10000,25,0.0
2025,5,28,22,0,0,0,0,10000,25,0.0
2025,5,28,23,0,0,0,0,10000,22,0.0
2025,5,29,0,0,0,0,0,10000,24,0.0
2025,5,29,1,0,0,0,0,10000,25,0.0
2025,5,29,2,0,0,0,0,10000,25,0.0
2025,5,29,3,0,0,0,0,10000,24,0.0
2025,5,29,4,0,0,0,0,10000,24,0.0
2025,5,29,5,0,0,0,0,10000,23,0.0
2025,5,29,6,0,0,0,0,10000,23,0.0
2025,5,29,7,0,0,0,0,10000,23,0.0
2025,5,29,8,0,0,0,0,10000,24,0.0
2025,5,29,9,0,0,0,0,10000,24,4.2
2025,5,29,10,1.8,2.7,2,0,9999,23,104.2
2025,5,29,11,2.4,6.0,3,0,8000,24,177.5
2025,5,29,12,2.4,6.0,3,0,8000,23,411.7
2025,5,29,13,2.1,5.4,3,0,9999,23,880.3
2025,5,29,14,2.1,5.4,3,0,8000,24,519.7
2025,5,29,15,3.5,7.4,3,0,8000,22,448.6
2025,5,29,16,3.6,7.5,3,0,8000,22,446.6
2025,5,29,17,3.6,5.1,2,0,9999,22,437.9
2025,5,29,18,3.6,5.1,2,0,9999,23,397.7
2025,5,29,19,3.6,7.2,3,0,9999,22,140.6
2025,5,29,20,3.6,7.2,3,0,9999,22,0.0
2025,5,29,21,3.6,7.2,3,0,9999,21,0.0
2025,5,29,22,3.6,7.2,3,0,9999,21,0.0
2025,5,29,23,3.6,7.2,3,0,9999,21,0.0
2025,5,30,0,3.6,7.2,3,0,9999,21,0.0
2025,5,30,1,6.0,6.0,1,0,9999,21,0.0
2025,5,30,2,3.6,3.6,1,0,9999,20,0.0
2025,5,30,3,3.6,3.6,1,0,9999,20,0.0
2025,5,30,4,3.6,7.1,2,0,9999,20,0.0
2025,5,30,5,3.6,7.1,2,0,9999,20,0.0
2025,5,30,6,3.6,5.1,2,0,9999,19,0.0
2025,5,30,7,3.6,5.1,2,0,9999,19,0.0
2025,5,30,8,3.6,7.1,2,0,9999,19,0.0
2025,5,30,9,3.6,3.6,1,0,9999,19,1.5
2025,5,30,10,3.6,7.2,2,0,9999,19,105.5
2025,5,30,18,3.6,3.6,1,0,9999,21,120.6
2025,5,30,19,3.6,7.2,3,0,8000,20,42.8
2025,5,30,20,3.6,7.2,3,0,8000,20,0.0
2025,5,30,21,3.6,7.2,3,0,8000,20,0.0
2025,5,30,22,3.6,7.2,3,0,8000,19,0.0
2025,5,30,23,3.6,7.2,3,0,8000,19,0.0
2025,5,31,0,3.6,7.2,3,0,8000,19,0.0
2025,5,31,1,3.6,7.2,3,0,8000,19,0.0
2025,5,31,2,3.6,7.2,3,0,8000,19,0.0
2025,5,31,3,3.6,7.2,3,0,8000,19,0.0
2025,5,31,4,3.6,7.2,3,0,8000,18,0.0
2025,5,31,5,3.6,7.2,3,0,8000,18,0.0
2025,5,31,6,3.6,7.2,3,0,8000,18,0.0
2025,5,31,7,3.6,7.2,3,0,8000,18,0.0
2025,5,31,8,3.6,7.2,3,0,8000,18,0.0
2025,5,31,9,3.6,7.2,3,0,8000,18,21.7
2025,5,31,10,3.6,3.6,1,0,9999,19,532.0
2025,5,31,11,3.6,3.6,1,0,9999,19,1210.5
2025,5,31,12,3.6,3.6,1,0,9999,20,1953.5
2025,5,31,13,3.6,4.5,2,0,9999,23,2427.9
2025,5,31,14,3.6,4.5,2,0,9999,23,2145.6
2025,5,31,15,3.6,4.5,2,0,9999,25,1510.8
2025,5,31,16,3.6,4.5,2,0,9999,24,1296.6
2025,5,31,17,3.6,4.5,2,0,9999,24,980.4
2025,5,31,18,0.9,0.9,1,0,9999,24,441.6
2025,5,31,19,0,0,0,0,10000,23,155.4
2025,5,31,20,0.9,0.9,1,0,9999,21,1.6
2025,5,31,21,0.9,0.9,1,0,9999,20,0.0
2025,5,31,22,0.9,0.9,1,0,9999,21,0.0
2025,5,31,23,2.1,3.0,2,0,9999,21,0.0
2025,6,1,0,2.1,3.0,2,0,9999,21,0.0
2025,6,1,1,3.6,3.6,1,0,9999,21,0.0
2025,6,1,2,3.6,3.6,1,0,9999,20,0.0
2025,6,1,3,2.1,2.1,1,0,9999,20,0.0
2025,6,1,4,2.1,2.1,1,0,9999,19,0.0
2025,6,1,5,2.1,2.1,1,0,9999,19,0.0
2025,6,1,6,1.5,1.5,1,0,8000,18,0.0
2025,6,1,7,1.5,1.5,1,0,6000,18,0.0
2025,6,1,8,3.5,5.6,2,0,9999,18,0.0
2025,6,1,9,2.1,3.6,2,0,9999,18,22.5
2025,6,1,10,0.9,0.9,1,0,9999,18,722.8
2025,6,1,11,1.5,1.5,1,0,9000,20,1287.9
2025,6,1,12,2.1,3.6,2,0,9999,23,2011.5
2025,6,1,13,3.6,7.2,3,0,9999,23,2113.4
2025,6,1,14,2.1,3.0,2,0,9999,24,2218.9
2025,6,1,15,0,0,0,0,10000,24,2287.7
2025,6,1,16,0,0,0,0,10000,24,2089.9
2025,6,1,17,2.1,2.1,1,0,9999,23,1107.7
2025,6,1,18,3.5,5.6,2,0,9999,23,246.8
2025,6,1,19,3.6,7.1,2,0,9999,23,37.8
2025,6,1,20,3.6,7.1,2,0,9999,22,0.4
2025,6,1,21,3.6,7.1,2,0,9999,22,0.0
2025,6,1,22,3.6,7.1,2,0,9999,22,0.0
2025,6,1,23,3.6,5.7,2,0,9999,22,0.0
2025,6,2,0,3.6,5.7,2,0,9999,22,0.0
2025,6,2,1,3.6,5.7,2,0,9999,22,0.0
2025,6,2,2,3.6,5.7,2,0,9999,21,0.0
2025,6,2,3,3.6,4.5,2,0,9999,21,0.0
2025,6,2,4,3.6,4.5,2,0,9999,20,0.0
2025,6,2,5,3.6,4.5,2,0,9999,20,0.0
2025,6,2,6,3.6,4.5,2,0,9999,19,0.0
2025,6,2,7,2.1,3.0,2,0,9999,18,0.0
2025,6,2,8,2.1,3.0,2,0,9999,18,0.0
2025,6,2,9,2.1,3.0,2,0,9999,19,4.9
2025,6,2,10,3.6,4.5,2,0,9999,21,148.3
2025,6,2,11,2.1,3.6,2,0,9999,21,337.0
2025,6,2,12,3.6,5.1,2,0,9999,23,467.3
2025,6,2,13,6.0,13.1,3,0,9999,23,369.4
2025,6,2,14,6.0,9.3,3,0,9999,23,1406.3
2025,6,2,15,3.6,10.7,3,0,9999,23,684.1
2025,6,2,16,3.6,5.1,2,0,9999,26,1105.0
2025,6,2,17,3.6,8.7,3,0,9999,24,1089.7
2025,6,2,18,3.6,4.5,2,0,9999,24,396.2
2025,6,2,19,2.1,3.0,2,0,9999,24,111.7
2025,6,2,20,2.1,2.1,1,0,9999,23,2.7
2025,6,2,21,2.1,2.1,1,0,9999,22,0.0
2025,6,2,22,0.9,0.9,1,0,9999,20,0.0
2025,6,2,23,0.9,0.9,1,0,9999,19,0.0
2025,6,3,0,0.9,0.9,1,0,9999,20,0.0
2025,6,3,1,0,0,0,0,10000,21,0.0
2025,6,3,2,1.5,1.5,1,0,8000,19,0.0
2025,6,3,3,1.5,1.5,1,0,8000,19,0.0
2025,6,3,4,1.5,1.5,1,0,8000,19,0.0
2025,6,3,5,1.5,1.5,1,0,8000,19,0.0
2025,6,3,6,1.5,1.5,1,0,8000,18,0.0
2025,6,3,7,1.5,1.5,1,0,8000,18,0.0
2025,6,3,8,1.5,1.5,1,0,8000,18,0.0
2025,6,3,9,1.5,1.5,1,0,8000,19,27.0
2025,6,3,10,0,0,0,0,10000,19,543.6
2025,6,3,11,0,0,0,0,10000,21,1596.3
2025,6,3,12,0,0,0,0,10000,23,2049.9
2025,6,3,13,0.9,0.9,1,0,9999,26,2270.9
2025,6,3,14,0.9,0.9,1,0,9999,27,2272.0
2025,6,3,15,0.9,0.9,1,0,9999,29,2060.6
2025,6,3,16,0.9,0.9,1,0,9999,29,1671.6
2025,6,3,17,0.9,0.9,1,0,9999,29,876.2
2025,6,3,18,0.9,0.9,1,0,9999,28,538.3
2025,6,3,19,0.9,0.9,1,0,9999,24,96.5
2025,6,3,20,0.9,0.9,1,0,9999,23,0.0
2025,6,3,21,0.9,0.9,1,0,9999,22,0.0
2025,6,3,22,0.9,0.9,1,0,9999,22,0.0
2025,6,3,23,0.9,0.9,1,0,9999,21,0.0
2025,6,4,0,0.9,0.9,1,0,9999,20,0.0
2025,6,4,1,0.9,0.9,1,0,9999,20,0.0
2025,6,4,2,0.9,0.9,1,0,9999,19,0.0
2025,6,4,3,0.9,0.9,1,0,9999,19,0.0
2025,6,4,4,0,0,0,0,10000,19,0.0
2025,6,4,5,0,0,0,0,10000,18,0.0
2025,6,4,6,0,0,0,0,10000,18,0.0
2025,6,4,7,0,0,0,0,10000,17,0.0
2025,6,4,8,1.5,1.5,1,0,9999,17,0.0
2025,6,4,9,0,0,0,0,10000,18,37.4
2025,6,4,10,0,0,0,0,8000,17,821.7
2025,6,4,11,1.5,1.5,1,0,9999,22,1654.2
2025,6,4,12,1.5,1.5,1,0,9999,25,2073.6
2025,6,4,13,0,0,0,0,10000,27,2768.0
2025,6,4,14,0,0,0,0,10000,28,2442.0
2025,6,4,15,0,0,0,0,10000,29,2358.5
2025,6,4,16,0,0,0,0,10000,30,2085.8
2025,6,4,17,0,0,0,0,10000,29,1679.1
2025,6,4,18,0,0,0,0,10000,27,1026.9
2025,6,4,19,0,0,0,0,10000,26,174.2
2025,6,4,20,0,0,0,0,10000,24,3.2
2025,6,4,21,0,0,0,0,10000,22,0.0
2025,6,4,22,0,0,0,0,10000,21,0.0
2025,6,4,23,0,0,0,0,10000,20,0.0
2025,6,5,0,0,0,0,0,10000,20,0.0
2025,6,5,1,0,0,0,0,10000,20,0.0
2025,6,5,2,0,0,0,0,10000,20,0.0
2025,6,5,3,0,0,0,0,10000,20,0.0
2025,6,5,4,0,0,0,0,10000,20,0.0
2025,6,5,5,0,0,0,0,10000,19,0.0
2025,6,5,6,0,0,0,0,10000,20,0.0
2025,6,5,7,0,0,0,0,10000,20,0.0
2025,6,5,8,0,0,0,0,10000,19,0.0
2025,6,5,9,0,0,0,0,10000,20,39.2
2025,6,5,10,0,0,0,0,10000,20,767.0
2025,6,5,11,0,0,0,0,10000,24,1537.9
2025,6,5,12,0,0,0,0,10000,26,1991.2
2025,6,5,13,0,0,0,0,10000,28,2187.9
2025,6,5,14,0,0,0,0,10000,29,2296.7
2025,6,5,15,0,0,0,0,10000,30,2386.0
2025,6,5,16,0,0,0,0,10000,32,2116.3
2025,6,5,20,0.9,0.9,1,0,9999,25,1.3
2025,6,5,21,0.9,0.9,1,0,9999,23,0.0
2025,6,5,22,0.9,0.9,1,0,9999,23,0.0
2025,6,5,23,0.9,0.9,1,0,9999,23,0.0
2025,6,6,0,0.9,0.9,1,0,9999,22,0.0
2025,6,6,2,2.1,3.9,2,0,9999,22,0.0
2025,6,6,3,2.1,3.9,2,0,9999,21,0.0
2025,6,6,4,1.8,2.7,2,0,9999,21,0.0
2025,6,6,5,1.8,2.7,2,0,9999,21,0.0
2025,6,6,6,1.8,2.7,2,0,9999,20,0.0
2025,6,6,7,1.8,2.7,2,0,9999,20,0.0
2025,6,6,8,1.8,2.7,2,0,9999,20,0.0
2025,6,6,9,1.8,3.3,2,0,9999,20,5.4
2025,6,6,10,1.8,3.3,2,0,9999,21,434.6
2025,6,6,11,1.5,2.55,2,0,9999,22,1148.3
2025,6,6,12,1.5,2.55,2,0,9999,22,1918.5
2025,6,6,13,0,0,0,0,10000,26,2183.9
2025,6,6,14,1.05,1.95,2,0,9999,25,2240.2
2025,6,6,15,1.05,1.95,2,0,9999,25,811.7
2025,6,6,16,2.1,3.9,2,0,9999,24,539.4
2025,6,6,17,2.1,3.9,2,0,9999,25,482.4
2025,6,6,18,1.05,1.95,2,0,9999,25,404.1
2025,6,6,19,3.6,5.7,2,0,9999,23,94.4
2025,6,6,20,3.6,7.2,3,0,9999,23,0.0
2025,6,6,21,3.6,7.2,3,0,9999,23,0.0
2025,6,6,22,3.6,7.2,3,0,9999,23,0.0
2025,6,6,23,3.6,7.2,3,0,9999,22,0.0
2025,6,7,0,3.6,7.2,3,0,9999,22,0.0
2025,6,7,1,2.1,5.4,3,0,9999,22,0.0
2025,6,7,2,3.6,7.5,3,0,9999,22,0.0
2025,6,7,3,3.6,7.2,3,0,9999,22,0.0
2025,6,7,4,3.6,7.2,3,0,9999,22,0.0
2025,6,7,5,3.6,7.2,3,0,9999,22,0.0
2025,6,7,6,3.6,7.2,3,0,9999,22,0.0
2025,6,7,7,3.6,7.2,3,0,9999,21,0.0
2025,6,7,8,3.6,5.7,2,0,9999,21,0.0
2025,6,7,9,3.6,7.2,3,0,9999,21,2.2
2025,6,7,10,3.6,8.7,3,0,9999,20,62.6
2025,6,7,11,3.6,8.7,3,0,9999,21,207.9
2025,6,7,12,3.6,7.2,3,0,9999,21,271.3
2025,6,7,13,3.6,7.2,3,0,9999,22,318.8
2025,6,7,14,3.6,7.2,3,0,9999,23,623.7
2025,6,7,15,3.6,7.2,3,0,9999,23,736.3
2025,6,7,16,3.6,7.2,3,0,9999,24,505.6
2025,6,7,17,3.6,5.7,2,0,9999,24,1013.9
2025,6,7,18,3.6,5.7,2,0,9999,24,318.4
2025,6,7,19,3.6,5.7,2,0,9999,24,104.0
2025,6,7,20,3.6,5.7,2,0,9999,23,0.5
2025,6,7,21,3.6,5.7,2,0,9999,23,0.0
2025,6,7,22,3.6,5.7,2,0,9999,23,0.0
2025,6,7,23,2.1,3.9,2,0,9999,21,0.0
2025,6,8,0,2.1,3.9,2,0,9999,20,0.0
2025,6,8,1,1.8,2.7,2,0,9999,21,0.0
2025,6,8,2,0.9,0.9,1,0,9999,20,0.0
2025,6,8,3,0.9,0.9,1,0,9999,21,0.0
2025,6,8,4,0.9,0.9,1,0,9999,21,0.0
2025,6,8,5,0.9,0.9,1,0,9999,21,0.0
2025,6,8,6,0.9,0.9,1,0,9999,20,0.0
2025,6,8,7,1.5,1.5,1,0,9999,19,0.0
2025,6,8,8,1.5,1.5,1,0,9999,19,0.0
2025,6,8,9,1.5,1.5,1,0,9999,19,9.4
2025,6,8,10,1.5,1.5,1,0,9999,20,451.0
2025,6,8,11,0,0,0,0,10000,23,1549.3
2025,6,8,12,0,0,0,0,10000,25,1979.0
2025,6,8,13,0,0,0,0,10000,25,674.9
2025,6,8,14,0,0,0,0,10000,26,1506.6
2025,6,8,15,0,0,0,0,10000,25,1062.5
2025,6,8,16,0,0,0,0,10000,24,412.4
2025,6,8,17,1.8,2.7,2,0,9999,24,188.7
2025,6,8,18,2.1,4.8,3,0,9999,23,420.1
2025,6,8,19,1.8,2.7,2,0,9999,24,68.2
2025,6,8,20,1.8,2.7,2,0,9999,23,0.0
2025,6,8,21,1.8,2.7,2,0,9999,22,0.0
2025,6,8,22,1.05,1.95,2,0,9999,21,0.0
2025,6,8,23,1.05,1.95,2,0,9999,21,0.0
2025,6,9,0,1.05,1.95,2,0,9999,21,0.0
2025,6,9,1,3.6,8.6,3,0,5000,22,0.0
2025,6,9,2,3.6,8.6,3,0,5000,22,0.0
2025,6,9,3,3.6,8.6,3,0,5000,22,0.0
2025,6,9,4,3.6,8.6,3,0,5000,22,0.0
2025,6,9,5,3.6,8.6,3,0,5000,21,0.0
2025,6,9,6,3.6,8.6,3,0,5000,21,0.0
2025,6,9,7,3.6,8.6,3,1,3000,21,0.0
2025,6,9,8,3.6,8.6,3,0,5000,20,0.0
2025,6,9,9,3.6,8.6,3,0,5000,20,0.4
2025,6,9,10,3.6,8.6,3,0,5000,20,43.2
2025,6,9,11,3.6,8.6,3,0,8000,20,182.7
2025,6,9,12,2.4,6.0,3,0,8000,21,456.7
2025,6,9,13,3.5,5.3,2,0,9999,21,556.1
2025,6,9,14,2.1,3.9,2,0,9999,21,339.7
2025,6,9,15,2.1,3.9,2,0,9999,21,166.6
2025,6,9,16,3.6,8.9,3,0,9999,21,178.3
2025,6,9,17,3.6,8.9,3,0,9999,21,184.3
2025,6,9,18,3.6,6.9,3,0,9999,21,97.0
2025,6,9,19,3.6,8.9,3,0,9999,21,28.2
2025,6,9,20,6.0,11.4,3,0,9999,21,0.0
2025,6,9,21,3.6,5.7,2,0,9999,20,0.0
2025,6,9,22,3.6,5.7,2,0,9999,20,0.0
2025,6,10,12,3.6,7.1,2,0,9999,21,421.7
2025,6,10,13,6.0,16.8,3,1,3000,19,413.0
2025,6,10,14,6.0,16.8,3,0,5000,20,514.7
2025,6,10,15,6.0,16.8,3,1,3000,19,707.1
2025,6,10,16,6.0,14.3,3,0,8000,20,980.3
2025,6,10,17,6.0,14.3,3,0,8000,20,639.0
2025,6,10,18,3.6,7.1,2,0,8000,21,324.2
2025,6,10,19,3.6,5.7,2,0,9999,21,118.3
2025,6,10,20,2.1,3.0,2,0,9999,19,4.9
2025,6,10,21,2.1,3.0,2,0,9999,18,0.0
2025,6,10,22,2.1,3.0,2,0,9999,19,0.0
2025,6,10,23,2.1,3.0,2,0,9999,18,0.0
2025,6,11,0,2.1,3.0,2,0,9999,16,0.0
2025,6,11,1,2.1,3.0,2,0,9999,17,0.0
2025,6,11,2,2.1,3.0,2,0,9999,17,0.0
2025,6,11,3,2.1,3.0,2,0,9999,17,0.0
2025,6,11,4,2.1,3.6,2,0,9000,16,0.0
2025,6,11,5,3.6,7.1,2,1,6000,16,0.0
2025,6,11,6,3.6,7.1,2,1,6000,16,0.0
2025,6,11,7,3.6,7.1,2,0,7000,16,0.0
2025,6,11,8,3.6,7.1,2,0,7000,16,0.0
2025,6,11,9,3.6,7.1,2,0,9000,16,18.8
2025,6,11,10,3.6,5.1,2,0,9999,17,557.3
2025,6,11,11,3.6,5.1,2,0,9999,18,1399.9
2025,6,11,12,3.6,5.1,2,0,9999,20,1670.1
2025,6,11,13,3.6,5.1,2,0,9999,22,1474.3
2025,6,11,14,3.6,4.5,2,0,9999,22,2006.1
2025,6,11,15,2.1,3.0,2,0,9999,21,1960.7
2025,6,11,16,3.6,7.2,3,0,9999,20,1275.8
2025,6,11,17,3.6,8.7,3,0,9999,20,302.4
2025,6,11,18,3.6,6.9,3,0,9999,20,226.7
2025,6,11,19,3.6,6.9,3,0,9999,20,100.1
2025,6,11,20,6.0,11.4,3,0,9999,19,0.4
2025,6,11,21,6.0,11.4,3,0,9999,18,0.0
2025,6,11,22,6.0,9.6,2,0,9999,19,0.0
2025,6,11,23,6.0,9.6,2,0,9999,20,0.0
2025,6,12,0,6.0,6.0,1,0,9999,19,0.0
2025,6,12,1,3.6,7.1,2,0,8000,19,0.0
2025,6,12,2,3.6,8.6,3,0,8000,19,0.0
2025,6,12,3,2.1,3.6,2,0,8000,19,0.0
2025,6,12,4,3.6,8.6,3,0,8000,18,0.0
2025,6,12,5,6.0,14.3,3,1,3000,16,0.0
2025,6,12,6,6.0,14.3,3,0,5000,16,0.0
2025,6,12,7,6.0,14.3,3,1,3000,16,0.0
2025,6,12,8,6.0,14.3,3,1,3000,16,0.0
2025,6,12,9,6.0,14.3,3,0,5000,16,3.3
2025,6,12,10,6.0,16.8,3,1,3000,15,298.2
2025,6,12,11,6.0,12.3,3,1,3000,16,471.9
2025,6,12,12,6.0,12.3,3,1,3000,16,1391.9
2025,6,12,13,6.0,7.8,2,0,8000,16,1198.5
2025,6,12,14,3.5,7.4,3,0,9999,18,640.9
2025,6,12,15,2.1,5.4,3,0,9999,18,907.0
2025,6,12,16,2.1,5.4,3,0,9999,19,836.7
2025,6,12,17,2.1,5.4,3,0,9999,20,311.7
2025,6,12,18,3.6,6.9,3,0,9999,20,135.9
2025,6,12,19,3.6,8.9,3,0,6000,16,65.8
2025,6,12,20,2.1,5.4,3,0,9999,16,0.0
2025,6,12,21,2.1,3.9,2,0,9999,16,0.0
2025,6,12,22,2.1,3.9,2,0,9999,16,0.0
2025,6,12,23,2.1,3.9,2,0,9999,15,0.0
2025,6,13,0,2.1,2.1,1,0,9999,15,0.0
2025,6,13,1,2.1,2.1,1,0,9999,14,0.0
2025,6,13,2,2.1,2.1,1,0,9999,15,0.0
2025,6,13,3,2.1,2.1,1,0,9999,15,0.0
2025,6,13,4,2.1,2.1,1,0,9999,15,0.0
2025,6,13,5,2.1,2.1,1,0,8000,14,0.0
2025,6,13,6,2.1,2.1,1,0,8000,14,0.0
2025,6,13,7,0.9,0.9,1,0,8000,14,0.0
2025,6,13,8,0.9,0.9,1,0,8000,15,0.0
2025,6,13,9,1.5,1.5,1,0,9999,15,11.8
2025,6,13,10,1.5,1.5,1,0,9999,15,560.9
2025,6,13,11,0,0,0,0,10000,15,1535.1
2025,6,13,12,0,0,0,0,10000,18,2154.0
2025,6,13,13,0,0,0,0,10000,20,2424.5
2025,6,13,14,0,0,0,0,10000,21,2421.8
2025,6,13,15,1.5,1.5,1,0,9999,22,2499.6
2025,6,13,16,3.5,3.5,1,0,9999,23,2208.9
2025,6,13,17,2.1,2.1,1,0,9999,24,1815.3
2025,6,13,18,0.9,0.9,1,0,9999,24,785.7
2025,6,13,19,0.9,0.9,1,0,9999,22,197.4
2025,6,13,20,2.1,3.0,2,0,9999,21,1.3
2025,6,13,21,2.1,3.0,2,0,9999,20,0.0
2025,6,13,22,3.6,5.7,2,0,9999,19,0.0
2025,6,13,23,3.6,5.7,2,0,9999,18,0.0
2025,6,14,0,3.6,5.7,2,0,9999,18,0.0
2025,6,14,1,1.8,2.7,2,0,9999,17,0.0
2025,6,14,2,0,0,0,0,10000,16,0.0
2025,6,14,3,0,0,0,0,10000,16,0.0
2025,6,14,4,0,0,0,0,10000,15,0.0
2025,6,14,5,0,0,0,0,10000,15,0.0
2025,6,14,6,0,0,0,0,10000,14,0.0
2025,6,14,7,1.5,1.5,1,0,8000,14,0.0
2025,6,14,8,1.5,1.5,1,0,8000,14,0.0
2025,6,14,9,0,0,0,0,10000,13,47.7
2025,6,14,10,0,0,0,0,10000,13,765.5
2025,6,14,11,0,0,0,0,10000,15,1532.3
2025,6,14,12,0,0,0,0,10000,19,1895.7
2025,6,14,13,0.9,0.9,1,0,9999,21,2165.6
2025,6,14,14,0.9,0.9,1,0,9999,22,2270.2
2025,6,14,15,0.9,0.9,1,0,9999,24,2303.0
2025,6,14,16,0.9,0.9,1,0,9999,25,1685.2
2025,6,14,17,0.9,0.9,1,0,9999,24,1456.7
2025,6,14,18,0.9,0.9,1,0,9999,24,607.5
2025,6,14,19,0.9,0.9,1,0,9999,23,156.0
2025,6,14,20,0,0,0,0,10000,21,1.5
2025,6,14,21,0,0,0,0,10000,19,0.0
2025,6,14,22,0,0,0,0,10000,18,0.0
2025,6,14,23,0,0,0,0,10000,17,0.0
2025,6,15,0,0,0,0,0,10000,17,0.0
2025,6,15,1,0,0,0,0,10000,16,0.0
2025,6,15,2,0,0,0,0,10000,16,0.0
2025,6,15,3,0,0,0,0,10000,15,0.0
2025,6,15,4,0,0,0,0,10000,15,0.0
2025,6,15,5,0,0,0,0,10000,15,0.0
2025,6,15,6,0,0,0,0,10000,15,0.0
2025,6,15,7,0,0,0,0,10000,15,0.0
2025,6,15,8,0,0,0,0,10000,17,0.0
2025,6,15,9,0,0,0,0,10000,16,22.6
2025,6,15,10,0,0,0,0,10000,16,438.3
2025,6,15,11,0,0,0,0,10000,19,1204.8
2025,6,15,12,0,0,0,0,10000,21,1525.7
2025,6,15,13,0,0,0,0,10000,22,1924.1
2025,6,15,14,0,0,0,0,10000,23,2077.9
2025,6,15,15,0,0,0,0,10000,24,2072.6
2025,6,15,16,0,0,0,0,10000,25,1931.4
2025,6,15,17,0,0,0,0,10000,26,1676.6
2025,6,15,18,0,0,0,0,10000,26,864.3
2025,6,15,19,0,0,0,0,10000,26,182.3
2025,6,15,20,0,0,0,0,10000,23,2.2
2025,6,15,21,0,0,0,0,10000,21,0.0
2025,6,15,22,0,0,0,0,10000,21,0.0
2025,6,15,23,0,0,0,0,10000,22,0.0
2025,6,16,0,0,0,0,0,10000,22,0.0
2025,6,16,1,0,0,0,0,10000,21,0.0
2025,6,16,2,0,0,0,0,10000,21,0.0
2025,6,16,3,0,0,0,0,10000,20,0.0
2025,6,16,4,0,0,0,0,10000,20,0.0
2025,6,16,5,0,0,0,0,10000,19,0.0
2025,6,16,6,0,0,0,0,10000,18,0.0
2025,6,16,7,0,0,0,0,10000,18,0.0
2025,6,16,8,0,0,0,0,10000,18,0.0
2025,6,16,9,0,0,0,0,10000,19,25.2
2025,6,16,10,0,0,0,0,10000,20,770.4
2025,6,16,11,0,0,0,0,10000,22,1639.8
2025,6,16,12,1.5,1.5,1,0,9999,24,2128.6
2025,6,16,13,0,0,0,0,10000,26,2326.0
2025,6,16,14,0,0,0,0,10000,27,2426.3
2025,6,16,15,0,0,0,0,10000,27,2337.8
2025,6,16,16,0,0,0,0,10000,27,2128.8
2025,6,16,17,0,0,0,0,10000,26,1725.6
2025,6,16,18,0,0,0,0,10000,26,1093.8
2025,6,16,19,0,0,0,0,10000,25,190.6
2025,6,16,20,0,0,0,0,10000,23,3.2
2025,6,16,21,0,0,0,0,10000,19,0.0
2025,6,16,22,0,0,0,0,10000,18,0.0
2025,6,16,23,0,0,0,0,10000,17,0.0
2025,6,17,0,0,0,0,0,10000,16,0.0
2025,6,17,1,0,0,0,0,10000,15,0.0
2025,6,17,2,0,0,0,0,10000,16,0.0
2025,6,17,3,0,0,0,0,10000,15,0.0
2025,6,17,4,0,0,0,0,10000,14,0.0
2025,6,17,5,0,0,0,0,10000,14,0.0
2025,6,17,6,0,0,0,0,10000,14,0.0
2025,6,17,7,0,0,0,0,10000,14,0.0
2025,6,17,8,0.9,0.9,1,0,9999,15,0.0
2025,6,17,9,0.9,0.9,1,0,9999,16,26.8
2025,6,17,10,0.9,0.9,1,0,9999,17,744.1
2025,6,17,11,0,0,0,0,10000,19,1608.8
2025,6,17,12,0,0,0,0,10000,22,2148.8
2025,6,17,13,0.9,0.9,1,0,9999,24,2330.3
2025,6,17,14,0.9,0.9,1,0,9999,26,2478.9
2025,6,17,15,0.9,0.9,1,0,9999,27,2402.8
2025,6,17,16,0.9,0.9,1,0,9999,29,2064.1
2025,6,17,17,0.9,0.9,1,0,9999,29,1674.9
2025,6,17,18,0,0,0,0,10000,29,998.8
2025,6,17,19,0,0,0,0,10000,28,174.6
2025,6,17,20,0,0,0,0,10000,26,2.1
2025,6,17,21,0,0,0,0,10000,23,0.0
2025,6,17,22,0,0,0,0,10000,21,0.0
2025,6,17,23,0,0,0,0,10000,21,0.0
2025,6,18,0,0,0,0,0,10000,19,0.0
2025,6,18,1,0,0,0,0,10000,18,0.0
2025,6,18,2,0,0,0,0,10000,17,0.0
2025,6,18,3,0,0,0,0,10000,17,0.0
2025,6,18,4,0,0,0,0,10000,17,0.0
2025,6,18,5,0,0,0,0,10000,17,0.0
2025,6,18,6,0,0,0,0,10000,16,0.0
2025,6,18,7,0,0,0,0,10000,16,0.0
2025,6,18,8,0,0,0,0,10000,16,0.0
2025,6,18,9,0,0,0,0,10000,18,31.6
2025,6,18,10,0,0,0,0,10000,19,794.4
2025,6,18,11,0,0,0,0,10000,21,1605.4
2025,6,18,12,0,0,0,0,10000,23,2138.4
2025,6,18,13,0,0,0,0,10000,25,2355.7
2025,6,18,14,0,0,0,0,10000,26,2436.9
2025,6,18,15,0,0,0,0,10000,28,2397.3
2025,6,18,16,0,0,0,0,10000,29,2130.4
2025,6,18,17,0,0,0,0,10000,29,1722.0
2025,6,18,18,0,0,0,0,10000,29,1031.1
2025,6,18,19,0,0,0,0,10000,29,191.8
2025,6,18,20,0,0,0,0,10000,26,4.3
2025,6,18,21,0,0,0,0,10000,25,0.0
2025,6,18,22,0,0,0,0,10000,21,0.0
2025,6,18,23,0,0,0,0,10000,23,0.0
2025,6,19,0,0,0,0,0,10000,21,0.0
2025,6,19,1,0,0,0,0,10000,22,0.0
2025,6,19,2,0,0,0,0,10000,22,0.0
2025,6,19,3,0,0,0,0,10000,19,0.0
2025,6,19,4,0,0,0,0,10000,19,0.0
2025,6,19,5,0,0,0,0,10000,19,0.0
2025,6,19,6,0,0,0,0,10000,19,0.0
2025,6,19,7,0,0,0,0,10000,19,0.0
2025,6,19,8,0,0,0,0,10000,20,0.0
2025,6,19,9,0,0,0,0,10000,21,22.1
2025,6,19,10,0,0,0,0,10000,21,536.7
2025,6,19,11,0,0,0,0,10000,23,1490.2
2025,6,19,12,0,0,0,0,10000,25,2002.2
2025,6,19,13,0,0,0,0,10000,26,2171.5
2025,6,19,14,0,0,0,0,10000,27,2432.1
2025,6,19,15,0,0,0,0,10000,28,2312.4
2025,6,19,16,0,0,0,0,10000,30,2129.0
2025,6,19,17,0,0,0,0,10000,30,1681.6
2025,6,19,18,0,0,0,0,10000,31,1025.1
2025,6,19,19,0,0,0,0,10000,29,183.1
2025,6,19,20,0,0,0,0,10000,26,3.3
2025,6,19,21,0,0,0,0,10000,22,0.0
2025,6,19,22,0,0,0,0,10000,21,0.0
2025,6,19,23,0,0,0,0,10000,20,0.0
2025,6,20,0,0,0,0,0,10000,18,0.0
2025,6,20,1,0,0,0,0,10000,19,0.0
2025,6,20,2,0,0,0,0,10000,18,0.0
2025,6,20,3,0,0,0,0,10000,18,0.0
2025,6,20,4,0,0,0,0,10000,18,0.0
2025,6,20,5,0,0,0,0,10000,18,0.0
2025,6,20,6,0,0,0,0,10000,17,0.0
2025,6,20,7,0,0,0,0,10000,17,0.0
2025,6,20,8,0,0,0,0,10000,17,0.0
2025,6,20,9,0,0,0,0,10000,18,12.1
2025,6,20,10,0,0,0,0,10000,18,697.1
2025,6,20,11,0,0,0,0,10000,21,1483.1
2025,6,20,12,0,0,0,0,10000,25,1623.2
2025,6,20,13,0,0,0,0,10000,26,2214.4
2025,6,20,14,0,0,0,0,10000,27,2485.2
2025,6,20,15,0,0,0,0,10000,28,2355.1
2025,6,20,16,0,0,0,0,10000,29,2108.1
2025,6,20,17,0,0,0,0,10000,30,1706.6
2025,6,20,18,0,0,0,0,10000,29,1054.4
2025,6,20,19,0,0,0,0,10000,29,183.5
2025,6,20,20,0,0,0,0,10000,28,3.5
2025,6,20,21,0,0,0,0,10000,21,0.0
2025,6,20,22,0,0,0,0,10000,20,0.0
2025,6,20,23,0,0,0,0,10000,21,0.0
2025,6,21,0,0,0,0,0,10000,20,0.0
2025,6,21,1,0,0,0,0,10000,22,0.0
2025,6,21,2,0,0,0,0,10000,22,0.0
2025,6,21,3,0,0,0,0,10000,22,0.0
2025,6,21,4,0,0,0,0,10000,21,0.0
2025,6,21,5,0,0,0,0,10000,21,0.0
2025,6,21,6,0,0,0,0,10000,21,0.0
2025,6,21,7,0,0,0,0,10000,20,0.0
2025,6,21,8,0,0,0,0,10000,20,0.0
2025,6,21,9,0,0,0,0,10000,21,16.3
2025,6,21,10,0,0,0,0,10000,22,675.1
2025,6,21,11,1.5,1.5,1,0,9999,23,1596.7
2025,6,21,12,1.5,1.5,1,0,9999,25,1166.3
2025,6,21,13,0,0,0,0,10000,27,2021.6
2025,6,21,14,0,0,0,0,10000,26,1693.4
2025,6,21,15,1.5,1.5,1,0,9999,25,1801.2
2025,6,21,16,1.5,2.55,2,0,9999,24,1323.8
2025,6,21,17,0,0,0,0,10000,25,1529.1
2025,6,21,18,1.5,1.5,1,0,9999,24,803.8
2025,6,21,19,3.5,3.5,1,0,9999,23,203.9
2025,6,21,20,3.5,3.5,1,0,9999,22,6.5
2025,6,21,21,3.5,3.5,1,0,9999,21,0.0
2025,6,21,22,3.5,3.5,1,0,9999,21,0.0
2025,6,21,23,3.5,3.5,1,0,9999,21,0.0
2025,6,22,0,3.5,3.5,1,0,9999,20,0.0
2025,6,22,1,2.1,2.1,1,0,9999,19,0.0
2025,6,22,2,0.9,0.9,1,0,9999,18,0.0
2025,6,22,3,0.9,0.9,1,0,9999,18,0.0
2025,6,22,4,0,0,0,0,10000,17,0.0
2025,6,22,5,0,0,0,0,10000,17,0.0
2025,6,22,6,0,0,0,0,10000,17,0.0
2025,6,22,7,0,0,0,0,10000,17,0.0
2025,6,22,8,0,0,0,0,10000,17,0.0
2025,6,22,9,0,0,0,0,10000,17,0.2
2025,6,22,10,0,0,0,0,10000,17,227.4
2025,6,22,11,0,0,0,0,10000,19,381.3
2025,6,22,12,0,0,0,0,10000,20,662.5
2025,6,22,13,1.8,2.7,2,0,9999,23,1510.7
2025,6,22,14,1.8,2.7,2,0,9999,23,1685.1
2025,6,22,15,2.1,3.9,2,0,9999,23,1797.3
2025,6,22,16,2.1,3.9,2,0,9999,24,1623.3
2025,6,22,17,2.1,3.9,2,0,9999,24,984.5
2025,6,22,18,2.1,3.9,2,0,9999,23,634.4
2025,6,22,19,1.8,2.7,2,0,9999,23,178.5
2025,6,22,20,1.8,2.7,2,0,9999,22,2.4
2025,6,22,21,0,0,0,0,10000,20,0.0
2025,6,22,22,0,0,0,0,10000,19,0.0
2025,6,22,23,0,0,0,0,10000,19,0.0
2025,6,23,0,1.8,2.7,2,0,9999,18,0.0
2025,6,23,1,1.8,2.7,2,0,9999,18,0.0
2025,6,23,2,3.6,7.1,2,0,8000,19,0.0
2025,6,23,3,3.6,7.1,2,0,8000,19,0.0
2025,6,23,4,3.6,7.1,2,0,8000,19,0.0
2025,6,23,5,3.6,7.1,2,0,8000,19,0.0
2025,6,23,6,3.6,7.1,2,0,8000,18,0.0
2025,6,23,7,3.6,7.1,2,0,8000,18,0.0
2025,6,23,8,3.6,7.1,2,0,8000,18,0.0
2025,6,23,9,3.6,7.1,2,0,8000,19,27.4
2025,6,23,10,3.6,7.1,2,0,8000,21,547.2
2025,6,23,11,1.8,2.7,2,0,9999,24,1034.8
2025,6,23,12,1.8,2.7,2,0,9999,25,1072.3
2025,6,23,13,1.8,2.7,2,0,9999,26,1329.0
2025,6,23,14,1.8,2.7,2,0,9999,28,1990.2
2025,6,23,15,1.8,2.7,2,0,9999,30,2103.0
2025,6,23,16,0,0,0,0,10000,31,1458.8
2025,6,23,17,0,0,0,0,10000,32,911.2
2025,6,23,18,0,0,0,0,10000,31,590.0
2025,6,23,19,0,0,0,0,10000,32,196.3
2025,6,23,20,0,0,0,0,10000,30,2.6
2025,6,23,21,0,0,0,0,10000,28,0.0
2025,6,23,22,0,0,0,0,10000,24,0.0
2025,6,23,23,0,0,0,0,10000,23,0.0
2025,6,24,0,1.05,1.95,2,0,9999,22,0.0
2025,6,24,1,1.05,1.95,2,0,9999,21,0.0
2025,6,24,2,1.05,1.95,2,0,9999,21,0.0
2025,6,24,3,3.6,4.5,2,0,9999,21,0.0
2025,6,24,4,3.6,4.5,2,0,9999,21,0.0
2025,6,24,5,3.6,4.5,2,0,9999,21,0.0
2025,6,24,6,3.6,4.5,2,0,9999,21,0.0
2025,6,24,7,3.6,4.5,2,0,8000,21,0.0
2025,6,24,8,3.6,5.1,2,0,8000,21,0.0
2025,6,24,9,3.6,5.1,2,0,9000,21,0.0
2025,6,24,10,3.6,7.1,2,0,9000,20,2.1
2025,6,24,11,3.6,8.6,3,0,9000,20,51.5
2025,6,24,12,3.6,7.2,3,0,9999,20,256.8
2025,6,24,13,3.6,7.2,3,0,9999,20,149.2
2025,6,24,14,3.6,7.1,2,0,7000,19,179.2
2025,6,24,15,3.6,7.1,2,0,9999,18,231.8
2025,6,24,16,3.6,7.1,2,0,9999,18,164.9
2025,6,24,17,3.6,7.1,2,0,9999,18,212.5
2025,6,24,18,3.6,9.2,3,0,9999,18,97.2
2025,6,24,20,4.8,11.9,3,0,6000,18,0.0
2025,6,24,21,4.8,11.9,3,0,6000,18,0.0
2025,6,24,22,4.8,11.9,3,0,6000,18,0.0
2025,6,24,23,4.8,11.9,3,0,5000,17,0.0
2025,6,25,0,4.8,11.9,3,0,5000,17,0.0
2025,6,25,1,4.8,11.9,3,0,6000,18,0.0
2025,6,25,2,4.8,11.9,3,0,6000,16,0.0
2025,6,25,3,4.8,11.9,3,0,6000,16,0.0
2025,6,25,4,4.8,11.9,3,0,6000,16,0.0
2025,6,25,5,4.8,11.9,3,0,7000,15,0.0
2025,6,25,6,4.8,11.9,3,0,7000,15,0.0
2025,6,25,7,4.8,11.9,3,0,7000,15,0.0
2025,6,25,8,4.8,11.9,3,0,7000,13,0.0
2025,6,25,9,2.1,3.6,2,0,9999,12,18.8
2025,6,25,10,1.5,2.55,2,0,9999,12,716.8
2025,6,25,11,1.05,1.95,2,0,9000,15,1574.6
2025,6,25,12,1.5,1.5,1,0,9999,17,1786.8
2025,6,25,13,3.5,3.5,1,0,9999,20,1408.1
2025,6,25,14,2.1,2.1,1,0,9999,21,1517.3
2025,6,25,15,2.1,2.1,1,0,9999,21,1624.1
2025,6,25,16,2.1,2.1,1,0,9999,23,2140.9
2025,6,25,17,2.1,2.1,1,0,9999,22,1659.3
2025,6,25,18,0.9,0.9,1,0,9999,23,1014.4
2025,6,25,19,0,0,0,0,10000,22,201.2
2025,6,25,20,2.1,2.1,1,0,9999,21,3.2
2025,6,25,21,0,0,0,0,10000,19,0.0
2025,6,25,22,0,0,0,0,10000,16,0.0
2025,6,25,23,0,0,0,0,10000,15,0.0
2025,6,26,0,0,0,0,0,10000,15,0.0
2025,6,26,1,0,0,0,0,10000,14,0.0
2025,6,26,2,0,0,0,0,10000,14,0.0
2025,6,26,3,0,0,0,0,10000,14,0.0
2025,6,26,4,0,0,0,0,10000,14,0.0
2025,6,26,5,0,0,0,0,10000,13,0.0
2025,6,26,6,0,0,0,0,10000,13,0.0
2025,6,26,7,0,0,0,0,10000,13,0.0
2025,6,26,8,0,0,0,0,10000,16,0.0
2025,6,26,9,0,0,0,0,10000,16,24.6
2025,6,26,10,0,0,0,0,10000,17,739.0
2025,6,26,11,0,0,0,0,10000,20,1612.1
2025,6,26,12,0,0,0,0,10000,22,2137.1
2025,6,26,13,0,0,0,0,10000,24,2375.4
2025,6,26,14,0,0,0,0,10000,25,2416.1
2025,6,26,15,0,0,0,0,10000,26,2383.5
2025,6,26,16,0,0,0,0,10000,27,2186.7
2025,6,26,17,0,0,0,0,10000,27,1759.7
2025,6,26,19,0,0,0,0,10000,28,206.8
2025,6,26,20,0,0,0,0,10000,26,3.2
2025,6,26,21,0,0,0,0,10000,25,0.0
2025,6,26,22,0,0,0,0,10000,24,0.0
2025,6,26,23,0,0,0,0,10000,23,0.0
2025,6,27,0,0,0,0,0,10000,23,0.0
2025,6,27,1,0,0,0,0,10000,24,0.0
2025,6,27,2,0,0,0,0,10000,23,0.0
2025,6,27,3,0,0,0,0,10000,23,0.0
2025,6,27,4,0,0,0,0,10000,22,0.0
2025,6,27,5,0,0,0,0,10000,22,0.0
2025,6,27,6,0.9,0.9,1,0,9999,21,0.0
2025,6,27,7,0.9,0.9,1,0,9999,21,0.0
2025,6,27,8,1.5,1.5,1,0,9999,22,0.0
2025,6,27,9,1.5,1.5,1,0,9999,23,22.5
2025,6,27,10,1.5,1.5,1,0,9999,24,669.6
2025,6,27,11,0,0,0,0,10000,23,1468.5
2025,6,27,12,0,0,0,0,10000,24,2062.4
2025,6,27,13,0,0,0,0,10000,25,1785.9
2025,6,27,14,1.8,2.7,2,0,9999,27,1916.7
2025,6,27,15,0,0,0,0,10000,27,2254.8
2025,6,27,16,0,0,0,0,10000,29,1212.4
2025,6,27,17,0,0,0,0,10000,29,389.8
2025,6,27,18,1.8,2.7,2,0,9999,27,215.0
2025,6,27,19,1.8,2.7,2,0,9999,26,105.6
2025,6,27,20,1.05,1.95,2,0,9999,23,3.1
2025,6,27,21,1.05,1.95,2,0,9999,22,0.0
2025,6,27,22,1.05,1.95,2,0,9999,22,0.0
2025,6,27,23,1.8,2.7,2,0,9999,22,0.0
2025,6,28,0,3.6,5.1,2,0,9999,21,0.0
2025,6,28,2,6.0,14.3,3,0,8000,21,0.0
2025,6,28,3,6.0,14.3,3,0,8000,21,0.0
2025,6,28,4,6.0,14.3,3,0,8000,21,0.0
2025,6,28,5,6.0,14.3,3,0,8000,20,0.0
2025,6,28,6,6.0,14.3,3,0,8000,20,0.0
2025,6,28,7,6.0,14.3,3,0,8000,19,0.0
2025,6,28,8,6.0,14.3,3,0,8000,19,0.0
2025,6,28,9,6.0,14.3,3,0,8000,20,0.7
2025,6,28,10,6.0,14.3,3,0,5000,21,153.5
2025,6,28,11,3.6,8.6,3,0,8000,22,785.2
2025,6,28,12,1.05,1.95,2,0,9999,24,1204.9
2025,6,28,13,0.9,0.9,1,0,8000,25,2156.3
2025,6,28,14,0.9,0.9,1,0,9999,27,2115.3
2025,6,28,15,2.1,3.6,2,0,9999,28,1326.8
2025,6,28,16,2.1,3.6,2,0,9999,28,1565.6
2025,6,28,17,2.1,3.6,2,0,9999,28,1461.8
2025,6,28,18,0.9,0.9,1,0,9999,29,1001.2
2025,6,28,19,0,0,0,0,10000,27,198.6
2025,6,28,20,0,0,0,0,10000,27,5.1
2025,6,28,21,0,0,0,0,10000,24,0.0
2025,6,28,22,0,0,0,0,10000,23,0.0
2025,6,28,23,0,0,0,0,10000,22,0.0
2025,6,29,0,0,0,0,0,10000,22,0.0
2025,6,29,1,0,0,0,0,10000,21,0.0
2025,6,29,2,0,0,0,0,10000,23,0.0
2025,6,29,3,0,0,0,0,10000,23,0.0
2025,6,29,4,0,0,0,0,10000,23,0.0
2025,6,29,5,0,0,0,0,10000,23,0.0
2025,6,29,6,0,0,0,0,10000,22,0.0
2025,6,29,7,0,0,0,0,10000,22,0.0
2025,6,29,8,0,0,0,0,10000,22,0.0
2025,6,29,9,0,0,0,0,10000,23,27.9
2025,6,29,10,0,0,0,0,10000,23,728.8
2025,6,29,11,0,0,0,0,10000,24,1629.5
2025,6,29,12,0,0,0,0,10000,26,2129.4
2025,6,29,13,1.5,1.5,1,0,9999,27,2391.0
2025,6,29,14,0,0,0,0,10000,28,2351.1
2025,6,29,15,0,0,0,0,10000,30,2318.9
2025,6,29,16,0,0,0,0,10000,21,2130.0
2025,6,29,17,0,0,0,0,10000,32,1701.4
2025,6,29,18,0,0,0,0,10000,32,1060.7
2025,6,29,19,0,0,0,0,10000,27,194.9
2025,6,29,20,0,0,0,0,10000,25,3.9
2025,6,29,21,0,0,0,0,10000,22,0.0
2025,6,29,22,0,0,0,0,10000,21,0.0
2025,6,29,23,0,0,0,0,10000,21,0.0
2025,6,30,0,0,0,0,0,10000,21,0.0
2025,6,30,1,0,0,0,0,10000,21,0.0
2025,6,30,2,0,0,0,0,10000,21,0.0
2025,6,30,3,0,0,0,0,10000,20,0.0
2025,6,30,4,0,0,0,0,10000,20,0.0
2025,6,30,5,0,0,0,0,10000,19,0.0
2025,6,30,6,0.9,0.9,1,0,9999,19,0.0
2025,6,30,7,0.9,0.9,1,0,9999,19,0.0
2025,6,30,8,0.9,0.9,1,0,9999,20,0.0
2025,6,30,9,0.9,0.9,1,0,9999,21,3.9
2025,6,30,10,0.9,0.9,1,0,9999,22,328.8
2025,6,30,11,1.5,1.5,1,0,9999,22,556.7
2025,6,30,12,0,0,0,0,10000,23,1286.0
2025,6,30,13,0,0,0,0,10000,24,1641.2
2025,6,30,14,0,0,0,0,10000,24,2270.7
2025,6,30,15,0,0,0,0,10000,25,1762.0
2025,6,30,16,0,0,0,0,10000,24,1923.1
2025,6,30,17,0,0,0,0,10000,24,1346.1
2025,6,30,18,0,0,0,0,10000,24,823.8
2025,6,30,19,2.1,3.6,2,0,9999,23,126.8
2025,6,30,20,3.6,5.1,2,0,9999,22,0.0
2025,6,30,21,3.6,7.1,2,0,9999,22,0.0
2025,6,30,22,3.6,7.1,2,0,9999,22,0.0
2025,6,30,23,4.8,11.9,3,0,8000,21,0.0
2025,7,1,0,4.8,9.8,3,0,8000,21,0.0
2025,7,1,1,6.0,14.3,3,0,5000,21,0.0
2025,7,1,2,6.0,14.3,3,0,5000,21,0.0
2025,7,1,3,6.0,14.3,3,0,5000,21,0.0
2025,7,1,4,6.0,14.3,3,0,5000,21,0.0
2025,7,1,5,6.0,14.3,3,0,5000,20,0.0
2025,7,1,6,6.0,14.3,3,0,5000,20,0.0
2025,7,1,7,6.0,14.3,3,0,5000,20,0.0
2025,7,1,8,6.0,14.3,3,0,5000,19,0.0
2025,7,1,9,6.0,14.3,3,0,5000,19,0.0
2025,7,1,10,6.0,12.3,3,0,8000,21,15.9
2025,7,1,11,6.0,12.3,3,0,8000,21,72.5
2025,7,1,12,6.0,14.3,3,0,8000,21,237.6
2025,7,1,13,3.6,8.6,3,0,9999,22,414.2
2025,7,1,14,3.6,7.1,2,0,9999,22,393.9
2025,7,1,15,6.0,13.1,3,0,9999,22,383.1
2025,7,1,16,3.6,8.6,3,0,9999,21,565.3
2025,7,1,17,6.0,11.1,3,0,9999,21,428.6
2025,7,1,18,6.0,11.1,3,0,9999,21,164.0
2025,7,1,19,3.6,7.2,3,0,9999,21,24.3
2025,7,1,20,3.6,8.6,3,1,9999,20,0.0
2025,7,1,21,6.0,9.6,2,1,3000,19,0.0
2025,7,1,22,6.0,9.6,2,1,4000,19,0.0
2025,7,1,23,6.0,9.6,2,1,9999,19,0.0
2025,7,2,0,6.0,9.6,2,0,9999,19,0.0
2025,7,2,1,6.0,14.3,3,0,8000,18,0.0
2025,7,2,2,6.0,14.3,3,0,8000,18,0.0
2025,7,2,3,6.0,14.3,3,0,8000,18,0.0
2025,7,2,4,6.0,14.3,3,1,6000,18,0.0
2025,7,2,5,6.0,12.3,3,1,5000,18,0.0
2025,7,2,6,6.0,12.3,3,0,8000,18,0.0
2025,7,2,7,6.0,12.3,3,0,8000,18,0.0
2025,7,2,8,6.0,12.3,3,1,6000,18,0.0
2025,7,2,10,6.0,12.3,3,1,2500,18,114.1
2025,7,2,11,6.0,12.3,3,1,3000,18,224.3
2025,7,2,12,6.0,10.8,2,1,2500,18,462.4
2025,7,2,13,6.0,16.8,3,1,3000,19,433.8
2025,7,2,14,6.0,14.3,3,0,5000,19,733.2
2025,7,2,15,6.0,14.3,3,1,3000,19,847.7
2025,7,2,16,6.0,14.3,3,1,3000,18,604.1
2025,7,2,17,6.0,14.3,3,0,5000,18,376.1
2025,7,2,18,6.0,14.3,3,1,3000,18,219.5
2025,7,2,19,6.0,14.3,3,1,3000,18,71.5
2025,7,2,20,6.0,14.3,3,0,5000,18,0.4
2025,7,2,21,6.0,14.3,3,1,3000,17,0.0
2025,7,2,22,6.0,14.3,3,0,5000,18,0.0
2025,7,2,23,6.0,16.8,3,1,3000,17,0.0
2025,7,3,0,6.0,16.8,3,0,5000,17,0.0
2025,7,3,1,6.0,15.6,3,0,8000,17,0.0
2025,7,3,2,6.0,15.6,3,0,8000,17,0.0
2025,7,3,3,6.0,15.6,3,0,7000,17,0.0
2025,7,3,4,6.0,15.6,3,0,7000,17,0.0
2025,7,3,5,6.0,13.1,3,0,7000,16,0.0
2025,7,3,6,6.0,13.1,3,0,4000,16,0.0
2025,7,3,7,6.0,13.1,3,0,4000,16,0.0
2025,7,3,8,3.6,8.6,3,0,8000,16,0.0
2025,7,3,9,3.6,8.6,3,0,8000,17,0.0
2025,7,3,10,6.0,15.6,3,0,9999,17,59.8
2025,7,3,11,3.6,8.7,3,0,9999,17,280.9
2025,7,3,12,3.6,10.7,3,0,9999,18,391.0
2025,7,3,13,4.8,9.9,3,0,9999,19,334.4
2025,7,3,14,4.8,9.9,3,0,9999,19,520.6
2025,7,3,15,3.6,7.2,3,0,9999,21,390.2
2025,7,3,16,3.6,10.7,3,0,9999,20,433.8
2025,7,3,17,3.6,10.7,3,0,9999,20,229.2
2025,7,3,18,3.6,10.7,3,0,9999,20,171.3
2025,7,3,19,3.6,10.7,3,0,9999,19,40.7
2025,7,3,20,3.6,7.1,2,0,9999,19,0.0
2025,7,3,21,3.6,7.1,2,0,9999,18,0.0
2025,7,3,22,3.6,5.1,2,0,9999,17,0.0
2025,7,3,23,3.6,5.1,2,0,9999,17,0.0
2025,7,4,0,3.6,5.1,2,0,9999,17,0.0
2025,7,4,1,6.0,14.3,3,0,5000,17,0.0
2025,7,4,2,6.0,14.3,3,0,5000,17,0.0
2025,7,4,3,6.0,14.3,3,0,5000,17,0.0
2025,7,4,4,6.0,14.3,3,0,5000,17,0.0
2025,7,4,5,6.0,14.3,3,1,3000,16,0.0
2025,7,4,6,6.0,14.3,3,0,5000,16,0.0
2025,7,4,7,6.0,14.3,3,0,5000,16,0.0
2025,7,4,8,6.0,14.3,3,0,5000,17,0.0
2025,7,4,9,6.0,14.3,3,1,3000,17,0.0
2025,7,4,10,6.0,14.3,3,0,5000,17,64.0
2025,7,4,11,6.0,14.3,3,0,5000,17,478.8
2025,7,4,12,6.0,14.3,3,0,5000,17,814.4
2025,7,4,13,6.0,14.3,3,0,5000,18,1410.6
2025,7,4,14,6.0,14.3,3,0,7000,19,1222.5
2025,7,4,15,4.8,8.4,3,0,9999,20,2201.2
2025,7,4,16,2.1,3.0,2,0,9999,21,1488.9
2025,7,4,17,2.1,3.0,2,0,9999,20,1283.1
2025,7,4,18,0.9,0.9,1,0,9999,21,1230.6
2025,7,4,19,0.9,0.9,1,0,9999,21,257.2
2025,7,4,20,0,0,0,0,10000,19,6.1
2025,7,4,21,0,0,0,0,10000,17,0.0
2025,7,4,22,0.9,0.9,1,0,9999,16,0.0
2025,7,4,23,2.1,3.0,2,0,9999,15,0.0
2025,7,5,0,2.1,3.0,2,0,9999,15,0.0
2025,7,5,1,2.1,2.1,1,0,9999,14,0.0
2025,7,5,2,0.9,0.9,1,0,9999,14,0.0
2025,7,5,3,0.9,0.9,1,0,9999,13,0.0
2025,7,5,4,0.9,0.9,1,0,9999,13,0.0
2025,7,5,5,0.9,0.9,1,0,9999,13,0.0
2025,7,5,6,2.1,2.1,1,0,9999,13,0.0
2025,7,5,7,2.1,2.1,1,0,9999,13,0.0
2025,7,5,8,2.1,3.6,2,0,8000,13,0.0
2025,7,5,9,3.6,3.6,1,0,8000,13,16.5
2025,7,5,10,2.1,3.0,2,0,9999,14,760.7
2025,7,5,11,0,0,0,0,10000,16,1563.1
2025,7,5,12,0,0,0,0,10000,18,2086.0
2025,7,5,13,0.9,0.9,1,0,9999,21,2342.2
2025,7,5,14,0.9,0.9,1,0,9999,23,2433.5
2025,7,5,15,0.9,0.9,1,0,9999,24,2248.6
2025,7,5,16,0.9,0.9,1,0,9999,24,2097.9
2025,7,5,17,0.9,0.9,1,0,9999,23,1648.4
2025,7,5,18,0.9,0.9,1,0,9999,22,1081.0
2025,7,5,19,0.9,0.9,1,0,9999,22,255.8
2025,7,5,20,1.5,1.5,1,0,9999,21,4.7
2025,7,5,21,1.5,1.5,1,0,9999,19,0.0
2025,7,5,22,0,0,0,0,10000,17,0.0
2025,7,5,23,0,0,0,0,10000,17,0.0
2025,7,6,0,0,0,0,0,10000,16,0.0
2025,7,6,1,0,0,0,0,10000,15,0.0
2025,7,6,2,0,0,0,0,10000,15,0.0
2025,7,6,3,2.1,3.6,2,0,7000,15,0.0
2025,7,6,4,2.1,3.6,2,0,7000,14,0.0
2025,7,6,5,1.5,1.5,1,0,7000,14,0.0
2025,7,6,6,2.1,3.6,2,0,7000,13,0.0
2025,7,6,7,2.1,3.6,2,0,7000,14,0.0
2025,7,6,8,2.1,3.6,2,0,7000,13,0.0
2025,7,6,9,2.1,3.6,2,0,8000,13,11.6
2025,7,6,10,0,0,0,0,7000,14,540.3
2025,7,6,11,0,0,0,0,10000,16,1400.9
2025,7,6,12,0,0,0,0,10000,19,2053.7
2025,7,6,13,0,0,0,0,10000,21,2306.1
2025,7,6,14,0,0,0,0,10000,22,1792.6
2025,7,6,15,2.1,3.15,2,0,9999,22,1391.8
2025,7,6,16,2.1,3.15,2,0,9999,21,1267.2
2025,7,6,17,2.1,3.15,2,0,9999,22,743.9
2025,7,6,18,2.1,3.9,2,0,9999,21,348.5
2025,7,6,19,2.1,3.9,2,0,9999,21,201.8
2025,7,6,20,2.1,3.9,2,0,9999,20,6.5
2025,7,6,21,2.1,3.9,2,0,9999,19,0.0
2025,7,6,22,2.1,3.9,2,0,9999,19,0.0
2025,7,6,23,2.1,3.9,2,0,9999,19,0.0
2025,7,7,0,2.1,3.9,2,0,9999,19,0.0
2025,7,7,1,1.5,1.5,1,0,9999,18,0.0
2025,7,7,2,1.5,2.55,2,0,9999,17,0.0
2025,7,7,3,1.5,2.55,2,0,9999,16,0.0
2025,7,7,4,1.5,2.55,2,0,9999,16,0.0
2025,7,7,5,1.5,2.55,2,0,9999,15,0.0
2025,7,7,6,1.5,2.55,2,0,9999,14,0.0
2025,7,7,7,1.5,1.5,1,0,9999,15,0.0
2025,7,7,8,1.5,1.5,1,0,9999,15,0.0
2025,7,7,9,1.5,1.5,1,0,9999,16,4.5
2025,7,7,10,1.5,1.5,1,0,500,5,168.4
2025,7,7,11,1.5,1.5,1,0,9999,16,466.8
2025,7,7,12,1.5,1.5,1,0,9999,19,1642.2
2025,7,7,13,1.5,1.5,1,0,9999,21,2326.2
2025,7,7,14,1.5,1.5,1,0,9999,21,1701.1
2025,7,7,15,0.9,0.9,1,0,9999,22,1987.3
2025,7,7,16,2.1,3.0,2,0,9999,23,1425.4
2025,7,7,17,2.1,3.6,2,0,9999,23,1130.2
2025,7,7,18,2.1,3.0,2,0,9999,22,1075.8
2025,7,7,19,0.9,0.9,1,0,9999,21,289.9
2025,7,7,20,0.9,0.9,1,0,9999,21,8.2
2025,7,7,21,0,0,0,0,10000,18,0.0
2025,7,7,22,0.9,0.9,1,0,9999,16,0.0
2025,7,7,23,1.5,1.5,1,0,9999,16,0.0
2025,7,8,0,0,0,0,0,10000,15,0.0
2025,7,8,1,0,0,0,0,5000,14,0.0
2025,7,8,2,0,0,0,0,5000,14,0.0
2025,7,8,3,0,0,0,0,5000,14,0.0
2025,7,8,4,0,0,0,0,5000,14,0.0
2025,7,8,5,0,0,0,0,5000,13,0.0
2025,7,8,6,0,0,0,0,5000,13,0.0
2025,7,8,7,0,0,0,0,5000,14,0.0
2025,7,8,8,0,0,0,0,5000,14,0.0
2025,7,8,9,0,0,0,0,5000,14,12.4
2025,7,8,10,0,0,0,0,5000,15,611.2
2025,7,8,11,0,0,0,0,8000,16,1503.5
2025,7,8,12,0,0,0,0,10000,20,2197.9
2025,7,8,13,0,0,0,0,10000,23,2369.3
2025,7,8,14,0,0,0,0,10000,24,2469.3
2025,7,8,15,0,0,0,0,10000,25,2402.4
2025,7,8,16,0,0,0,0,10000,24,2174.4
2025,7,8,17,0,0,0,0,10000,27,1782.3
2025,7,8,18,0,0,0,0,10000,25,1169.8
2025,7,8,19,0,0,0,0,10000,24,250.9
2025,7,8,20,0,0,0,0,10000,23,6.8
2025,7,8,21,0,0,0,0,10000,19,0.0
2025,7,8,22,0,0,0,0,10000,20,0.0
2025,7,8,23,0,0,0,0,10000,20,0.0
2025,7,9,0,1.5,1.5,1,0,9999,19,0.0
2025,7,9,1,1.5,1.5,1,0,9999,19,0.0
2025,7,9,2,1.5,1.5,1,0,9999,19,0.0
2025,7,9,3,0,0,0,0,10000,19,0.0
2025,7,9,4,0,0,0,0,10000,18,0.0
2025,7,9,5,0,0,0,0,8000,18,0.0
2025,7,9,6,1.5,1.5,1,0,8000,18,0.0
2025,7,9,7,1.5,1.5,1,0,7000,18,0.0
2025,7,9,8,3.5,3.5,1,0,6000,18,0.0
2025,7,9,9,3.6,5.1,2,0,6000,16,0.0
2025,7,9,10,3.6,5.1,2,0,9999,17,4.4
2025,7,9,11,3.6,5.1,2,0,9999,17,88.8
2025,7,9,12,3.6,7.1,2,0,9000,18,462.3
2025,7,9,13,3.6,10.7,3,0,9999,20,1090.2
2025,7,9,14,3.6,10.7,3,0,9999,21,2139.1
2025,7,9,15,3.6,10.7,3,0,9999,21,2025.2
2025,7,9,16,3.6,7.2,3,0,9999,22,1339.2
2025,7,9,17,3.6,7.2,3,0,9999,21,1428.8
2025,7,9,18,2.1,3.6,2,0,9999,21,782.6
2025,7,9,19,2.1,5.4,3,0,9999,21,159.0
2025,7,9,20,3.6,7.2,3,0,9999,20,9.6
2025,7,9,21,3.6,7.2,3,0,9999,20,0.0
2025,7,9,22,3.6,5.1,2,0,9999,19,0.0
2025,7,9,23,3.6,5.1,2,0,9999,19,0.0
2025,7,10,0,3.6,5.1,2,0,9999,19,0.0
2025,7,10,1,3.6,5.1,2,0,9999,18,0.0
2025,7,10,2,2.1,3.6,2,0,8000,16,0.0
2025,7,10,3,3.6,8.1,3,0,8000,16,0.0
2025,7,10,4,3.6,8.1,3,0,8000,16,0.0
2025,7,10,5,3.6,8.1,3,0,8000,16,0.0
2025,7,10,6,2.1,4.8,3,0,8000,15,0.0
2025,7,10,7,1.8,2.7,2,0,8000,15,0.0
2025,7,10,8,2.4,3.3,2,0,8000,15,0.0
2025,7,10,9,2.4,3.3,2,0,8000,16,0.7
2025,7,10,10,2.4,5.4,3,0,6000,16,89.4
2025,7,10,11,2.4,5.4,3,0,8000,17,245.5
2025,7,10,12,2.4,3.3,2,0,9999,18,683.5
2025,7,10,13,2.4,3.3,2,0,9999,21,1016.4
2025,7,10,16,2.1,4.8,3,0,9999,22,1472.1
2025,7,10,17,2.1,4.8,3,0,9999,22,485.2
2025,7,10,18,0.9,0.9,1,0,9999,23,262.4
2025,7,10,19,0.9,0.9,1,0,9999,23,153.3
2025,7,10,20,0.9,0.9,1,0,9999,22,6.9
2025,7,10,21,0.9,0.9,1,0,9999,21,0.0
2025,7,10,22,2.1,4.8,3,0,9999,20,0.0
2025,7,10,23,2.1,3.9,2,0,9999,20,0.0
2025,7,11,0,2.1,3.9,2,0,9999,19,0.0
2025,7,11,1,1.8,2.7,2,0,9999,18,0.0
2025,7,11,2,1.8,2.7,2,0,9999,18,0.0
2025,7,11,3,1.8,2.7,2,0,9999,17,0.0
2025,7,11,4,1.8,2.7,2,0,9999,17,0.0
2025,7,11,5,1.8,2.7,2,0,9999,16,0.0
2025,7,11,6,0,0,0,0,10000,15,0.0
2025,7,11,7,0,0,0,0,10000,16,0.0
2025,7,11,8,0,0,0,0,10000,15,0.0
2025,7,11,9,0,0,0,0,10000,15,27.6
2025,7,11,10,0,0,0,0,10000,15,696.2
2025,7,11,11,0,0,0,0,10000,17,1271.1
2025,7,11,12,0.9,0.9,1,0,9999,21,1740.6
2025,7,11,13,0,0,0,0,10000,23,2303.3
2025,7,11,14,0,0,0,0,10000,24,2438.7
2025,7,11,15,0,0,0,0,10000,25,2127.6
2025,7,11,16,0,0,0,0,10000,27,1986.7
2025,7,11,17,0,0,0,0,10000,25,1721.9
2025,7,11,18,0.9,0.9,1,0,9999,25,949.3
2025,7,11,19,0.9,0.9,1,0,9999,24,176.4
2025,7,11,20,1.8,2.7,2,0,9999,23,7.0
2025,7,11,21,1.8,2.7,2,0,9999,22,0.0
2025,7,11,22,0,0,0,0,10000,20,0.0
2025,7,11,23,0,0,0,0,10000,20,0.0
2025,7,12,0,0,0,0,0,10000,20,0.0
2025,7,12,1,0,0,0,0,10000,19,0.0
2025,7,12,2,2.1,2.1,1,0,9999,17,0.0
2025,7,12,3,2.1,2.1,1,0,9999,17,0.0
2025,7,12,4,2.1,2.1,1,0,9999,17,0.0
2025,7,12,5,2.1,2.1,1,0,9999,17,0.0
2025,7,12,6,2.1,2.1,1,0,9999,17,0.0
2025,7,12,8,2.1,2.1,1,0,9999,18,0.0
2025,7,12,9,2.1,2.1,1,0,9999,21,1.4
2025,7,12,10,2.1,3.9,2,0,9999,19,114.3
2025,7,12,11,2.1,3.9,2,0,9999,20,444.4
2025,7,12,12,1.8,2.7,2,0,9999,21,806.2
2025,7,12,13,1.8,2.7,2,0,9999,23,1341.7
2025,7,12,14,1.8,2.7,2,0,9999,24,1414.6
2025,7,12,15,1.8,2.7,2,0,9999,26,1740.2
2025,7,12,16,1.8,2.7,2,0,9999,26,2114.0
2025,7,12,17,1.8,2.7,2,0,9999,25,1577.3
2025,7,12,18,1.8,2.7,2,0,9999,24,1237.0
2025,7,12,19,0,0,0,0,10000,24,290.8
2025,7,12,20,0,0,0,0,10000,23,9.5
2025,7,12,21,0,0,0,0,10000,22,0.0
2025,7,12,22,0,0,0,0,10000,21,0.0
2025,7,12,23,0,0,0,0,10000,18,0.0
2025,7,13,0,0,0,0,0,10000,17,0.0
2025,7,13,1,0,0,0,0,10000,18,0.0
2025,7,13,2,0,0,0,0,10000,17,0.0
2025,7,13,3,0,0,0,0,10000,16,0.0
2025,7,13,4,0,0,0,0,10000,15,0.0
2025,7,13,5,0,0,0,0,8000,15,0.0
2025,7,13,6,3.5,3.5,1,0,8000,14,0.0
2025,7,13,7,3.5,3.5,1,0,7000,14,0.0
2025,7,13,8,3.5,3.5,1,0,6000,14,0.0
2025,7,13,9,0,0,0,0,10000,14,21.5
2025,7,13,10,3.5,5.3,2,0,7000,14,723.6
2025,7,13,11,1.5,2.55,2,0,7000,16,1588.5
2025,7,13,12,0,0,0,0,10000,19,2090.6
2025,7,13,13,0,0,0,0,10000,22,2299.7
2025,7,13,14,0,0,0,0,10000,24,2411.9
2025,7,13,15,0,0,0,0,10000,25,2072.7
2025,7,13,16,0,0,0,0,10000,24,1628.4
2025,7,13,17,0,0,0,0,10000,24,1085.7
2025,7,13,18,0,0,0,0,10000,24,498.2
2025,7,13,19,0,0,0,0,10000,22,145.9
2025,7,13,20,0,0,0,0,10000,21,5.0
2025,7,13,21,0,0,0,0,10000,20,0.0
2025,7,13,22,0,0,0,0,10000,20,0.0
2025,7,13,23,0,0,0,0,10000,19,0.0
2025,7,14,0,0,0,0,0,10000,17,0.0
2025,7,14,1,2.1,2.1,1,0,9999,17,0.0
2025,7,14,2,2.1,2.1,1,0,9999,17,0.0
2025,7,14,3,0.9,0.9,1,0,9999,16,0.0
2025,7,14,4,0.9,0.9,1,0,9999,16,0.0
2025,7,14,5,0.9,0.9,1,0,9999,15,0.0
2025,7,14,6,1.5,1.5,1,0,8000,15,0.0
2025,7,14,7,1.5,1.5,1,0,7000,15,0.0
2025,7,14,8,3.5,5.0,2,0,6000,15,0.0
2025,7,14,9,0,0,0,0,10000,15,25.8
2025,7,14,10,0,0,0,0,10000,16,648.4
2025,7,14,11,0,0,0,0,10000,17,1551.3
2025,7,14,12,0,0,0,0,10000,20,2080.1
2025,7,14,13,0,0,0,0,10000,22,2292.3
2025,7,14,14,0,0,0,0,10000,24,2415.1
2025,7,14,15,0,0,0,0,10000,25,2325.7
2025,7,14,16,0,0,0,0,10000,26,2078.8
2025,7,14,17,0,0,0,0,10000,27,1611.1
2025,7,14,18,1.5,1.5,1,0,9999,24,1024.9
2025,7,14,19,1.5,1.5,1,0,9999,22,257.3
2025,7,14,20,1.5,1.5,1,0,9999,21,10.0
2025,7,14,21,0.9,0.9,1,0,9999,20,0.0
2025,7,14,22,0.9,0.9,1,0,9999,19,0.0
2025,7,14,23,0.9,0.9,1,0,9999,19,0.0
2025,7,15,0,0.9,0.9,1,0,9999,17,0.0
2025,7,15,1,0,0,0,0,10000,17,0.0
2025,7,15,2,0,0,0,0,8000,17,0.0
2025,7,15,3,2.1,4.2,2,0,5000,17,0.0
2025,7,15,4,2.1,4.2,2,0,5000,17,0.0
2025,7,15,5,2.1,4.2,2,0,5000,16,0.0
2025,7,15,6,2.1,4.2,2,0,5000,16,0.0
2025,7,15,7,2.1,4.2,2,0,5000,16,0.0
2025,7,15,8,2.1,4.2,2,0,5000,16,0.0
2025,7,15,9,2.1,3.6,2,0,5000,15,10.6
2025,7,15,10,0,0,0,0,5000,15,574.2
2025,7,15,11,0,0,0,0,10000,17,1409.7
2025,7,15,12,0,0,0,0,10000,20,2049.1
2025,7,15,13,0.9,0.9,1,0,9999,21,2333.8
2025,7,15,14,0.9,0.9,1,0,9999,22,2531.7
2025,7,15,15,0.9,0.9,1,0,9999,22,2505.8
2025,7,15,16,0.9,0.9,1,0,9999,22,2160.6
2025,7,15,17,0.9,0.9,1,0,9999,22,1751.9
2025,7,15,18,0.9,0.9,1,0,9999,22,1135.5
2025,7,15,19,2.1,3.0,2,0,9999,21,285.9
2025,7,15,20,0.9,0.9,1,0,9999,20,7.0
2025,7,15,21,0.9,0.9,1,0,9999,18,0.0
2025,7,15,22,0.9,0.9,1,0,9999,16,0.0
2025,7,15,23,0.9,0.9,1,0,9999,16,0.0
2025,7,16,0,0.9,0.9,1,0,9999,15,0.0
2025,7,16,1,0.9,0.9,1,0,9999,15,0.0
2025,7,16,2,0.9,0.9,1,0,9999,15,0.0
2025,7,16,3,2.1,2.1,1,0,9999,16,0.0
2025,7,16,4,2.1,2.1,1,0,9999,15,0.0
2025,7,16,5,2.1,2.1,1,0,9999,15,0.0
2025,7,16,6,2.1,2.1,1,0,9999,14,0.0
2025,7,16,7,2.1,2.1,1,0,9999,14,0.0
2025,7,16,8,2.1,2.1,1,0,9999,14,0.0
2025,7,16,9,2.1,2.1,1,0,9999,15,14.9
2025,7,16,10,0,0,0,0,10000,12,690.4
2025,7,16,11,0,0,0,0,10000,15,1469.8
2025,7,16,12,0,0,0,0,10000,18,2171.6
2025,7,16,13,0,0,0,0,10000,21,2371.4
2025,7,16,14,0,0,0,0,10000,23,2446.4
2025,7,16,15,0,0,0,0,10000,25,2436.3
2025,7,16,16,0,0,0,0,10000,25,2217.6
2025,7,16,17,0,0,0,0,10000,24,1771.4
2025,7,16,18,0,0,0,0,10000,24,1111.4
2025,7,16,19,0,0,0,0,10000,24,235.4
2025,7,16,20,0,0,0,0,10000,22,8.9
2025,7,16,21,0,0,0,0,10000,19,0.0
2025,7,16,22,0,0,0,0,10000,17,0.0
2025,7,16,23,0,0,0,0,10000,17,0.0
2025,7,17,0,0,0,0,0,10000,15,0.0
2025,7,17,1,0,0,0,0,10000,15,0.0
2025,7,17,2,0,0,0,0,10000,15,0.0
2025,7,17,18,0,0,0,0,10000,29,1055.2
2025,7,17,19,0,0,0,0,10000,29,294.7
2025,7,17,20,0,0,0,0,10000,26,13.5
2025,7,17,21,0,0,0,0,10000,20,0.0
2025,7,17,22,0,0,0,0,10000,20,0.0
2025,7,17,23,0,0,0,0,10000,20,0.0
2025,7,18,0,0,0,0,0,10000,17,0.0
2025,7,18,1,0,0,0,0,10000,18,0.0
2025,7,18,2,0,0,0,0,10000,17,0.0
2025,7,18,3,0,0,0,0,10000,17,0.0
2025,7,18,4,0,0,0,0,10000,17,0.0
2025,7,18,5,0,0,0,0,10000,17,0.0
2025,7,18,6,0,0,0,0,10000,16,0.0
2025,7,18,7,0,0,0,0,10000,16,0.0
2025,7,18,8,0,0,0,0,10000,16,0.0
2025,7,18,9,0,0,0,0,10000,17,20.9
2025,7,18,10,0,0,0,0,10000,19,573.1
2025,7,18,11,0,0,0,0,10000,20,1461.2
2025,7,18,12,0,0,0,0,10000,24,2109.4
2025,7,18,13,0,0,0,0,10000,26,2297.7
2025,7,18,14,0,0,0,0,10000,27,2430.3
2025,7,18,15,0,0,0,0,10000,29,2347.5
2025,7,18,16,0,0,0,0,10000,24,2112.6
2025,7,18,17,1.5,1.5,1,0,9999,23,1565.6
2025,7,18,18,1.5,1.5,1,0,9999,23,627.2
2025,7,18,19,3.6,5.1,2,0,9999,21,91.3
2025,7,18,20,3.6,5.1,2,0,9999,21,4.2
2025,7,18,21,3.6,5.1,2,0,9999,20,0.0
2025,7,18,22,3.6,5.1,2,0,9999,20,0.0
2025,7,18,23,3.6,5.1,2,0,9999,20,0.0
2025,7,19,0,3.6,5.1,2,0,9999,20,0.0
2025,7,19,1,6.0,7.5,2,0,9999,20,0.0
2025,7,19,2,6.0,7.5,2,0,9999,19,0.0
2025,7,19,3,6.0,7.5,2,0,9999,19,0.0
2025,7,19,4,6.0,11.1,3,0,9999,19,0.0
2025,7,19,5,3.6,5.1,2,0,9999,19,0.0
2025,7,19,6,3.6,5.1,2,0,9999,18,0.0
2025,7,19,7,3.6,5.1,2,0,9999,18,0.0
2025,7,19,8,3.6,5.1,2,0,9999,17,0.0
2025,7,19,9,3.6,5.1,2,0,9999,19,1.9
2025,7,19,10,3.6,5.1,2,0,9999,19,432.5
2025,7,19,11,0,0,0,0,10000,20,1542.1
2025,7,19,12,0.9,0.9,1,0,9999,21,1956.0
2025,7,19,13,0.9,0.9,1,0,9999,21,2440.7
2025,7,19,14,2.1,2.1,1,0,9999,21,2574.1
2025,7,19,15,2.1,2.1,1,0,9999,22,2529.7
2025,7,19,16,0.9,0.9,1,0,9999,22,2249.4
2025,7,19,17,0.9,0.9,1,0,9999,23,1867.1
2025,7,19,18,0,0,0,0,10000,22,1086.2
2025,7,19,19,0.9,0.9,1,0,9999,21,268.2
2025,7,19,20,0.9,0.9,1,0,9999,21,7.1
2025,7,19,21,0.9,0.9,1,0,9999,20,0.0
2025,7,19,22,0.9,0.9,1,0,9999,18,0.0
2025,7,19,23,0.9,0.9,1,0,9999,18,0.0
2025,7,20,0,0.9,0.9,1,0,9999,18,0.0
2025,7,20,1,2.1,4.2,2,0,9999,17,0.0
2025,7,20,2,3.6,5.7,2,0,9999,18,0.0
2025,7,20,3,3.6,5.7,2,0,9999,16,0.0
2025,7,20,4,3.6,5.7,2,0,9999,16,0.0
2025,7,20,5,3.6,5.7,2,0,8000,14,0.0
2025,7,20,6,2.1,3.0,2,0,8000,14,0.0
2025,7,20,7,2.1,3.0,2,0,8000,13,0.0
2025,7,20,8,0.9,0.9,1,0,8000,13,0.0
2025,7,20,9,1.5,1.5,1,0,6000,13,24.7
2025,7,20,10,1.5,1.5,1,0,8000,13,720.5
2025,7,20,11,0,0,0,0,10000,16,1561.4
2025,7,20,12,0,0,0,0,10000,19,2139.0
2025,7,20,13,0,0,0,0,10000,20,2220.1
2025,7,20,14,0,0,0,0,10000,22,907.2
2025,7,20,15,0,0,0,0,10000,23,1811.8
2025,7,20,16,0,0,0,0,10000,23,1654.3
2025,7,20,17,0,0,0,0,10000,23,1308.6
2025,7,20,18,0,0,0,0,10000,23,1246.0
2025,7,20,19,0,0,0,0,10000,22,332.5
2025,7,20,20,1.5,1.5,1,0,9999,21,0.0
2025,7,20,21,1.5,1.5,1,0,9999,19,0.0
2025,7,20,22,1.5,1.5,1,0,9999,18,0.0
2025,7,20,23,2.1,3.6,2,0,9999,18,0.0
2025,7,21,0,2.1,3.6,2,0,9999,18,0.0
2025,7,21,1,2.1,3.6,2,0,9999,17,0.0
2025,7,21,2,2.1,3.6,2,0,9999,17,0.0
2025,7,21,3,2.1,3.6,2,0,9999,17,0.0
2025,7,21,4,2.1,3.6,2,0,9999,17,0.0
2025,7,21,5,2.1,3.6,2,0,9999,17,0.0
2025,7,21,6,2.1,3.6,2,0,9999,17,0.0
2025,7,21,7,2.1,3.6,2,0,9999,16,0.0
2025,7,21,8,2.1,3.6,2,0,9999,16,0.0
2025,7,21,9,2.1,3.0,2,0,9999,16,15.2
2025,7,21,10,2.1,3.0,2,0,9999,17,111.5
2025,7,21,11,0.9,0.9,1,0,9999,17,1016.6
2025,7,21,12,0.9,0.9,1,0,9999,20,1976.4
2025,7,21,13,0,0,0,0,10000,23,2427.4
2025,7,21,14,0,0,0,0,10000,24,2169.0
2025,7,21,15,0.9,0.9,1,0,9999,26,2357.7
2025,7,21,16,0,0,0,0,10000,27,2098.0
2025,7,21,17,0,0,0,0,10000,27,1595.5
2025,7,21,18,0,0,0,0,10000,27,993.5
2025,7,21,20,0,0,0,0,10000,25,10.6
2025,7,21,21,0,0,0,0,10000,21,0.0
2025,7,21,22,0,0,0,0,10000,20,0.0
2025,7,21,23,0,0,0,0,10000,19,0.0
2025,7,22,0,0,0,0,0,10000,18,0.0
2025,7,22,1,0,0,0,0,10000,17,0.0
2025,7,22,2,0,0,0,0,10000,17,0.0
2025,7,22,3,0,0,0,0,10000,17,0.0
2025,7,22,4,0.9,0.9,1,0,9999,16,0.0
2025,7,22,5,0.9,0.9,1,0,9999,16,0.0
2025,7,22,6,0.9,0.9,1,0,9999,15,0.0
2025,7,22,7,0.9,0.9,1,0,9999,15,0.0
2025,7,22,8,0.9,0.9,1,0,9999,16,0.0
2025,7,22,9,0.9,0.9,1,0,9999,17,10.8
2025,7,22,10,0,0,0,0,10000,17,544.7
2025,7,22,11,0,0,0,0,10000,19,1316.6
2025,7,22,12,0,0,0,0,10000,21,2014.5
2025,7,22,13,0,0,0,0,10000,25,1884.6
2025,7,22,14,0,0,0,0,10000,27,2404.6
2025,7,22,15,0,0,0,0,10000,29,2239.4
2025,7,22,16,0,0,0,0,10000,26,2040.6
2025,7,22,17,0,0,0,0,10000,25,1602.7
2025,7,22,18,0,0,0,0,10000,23,754.1
2025,7,22,19,0,0,0,0,10000,22,265.4
2025,7,22,20,0,0,0,0,10000,22,10.8
2025,7,22,21,0,0,0,0,10000,21,0.0
2025,7,22,22,0,0,0,0,10000,19,0.0
2025,7,22,23,0,0,0,0,10000,19,0.0
2025,7,23,0,0,0,0,0,10000,19,0.0
2025,7,23,1,0,0,0,0,10000,21,0.0
2025,7,23,2,0,0,0,0,10000,21,0.0
2025,7,23,3,0,0,0,0,10000,20,0.0
2025,7,23,4,0,0,0,0,10000,19,0.0
2025,7,23,5,0,0,0,0,10000,18,0.0
2025,7,23,6,1.5,1.5,1,0,8000,17,0.0
2025,7,23,7,3.5,3.5,1,0,8000,18,0.0
2025,7,23,8,3.5,3.5,1,0,6000,16,0.0
2025,7,23,9,3.5,3.5,1,0,3000,16,8.8
2025,7,23,10,1.5,1.5,1,0,2500,17,448.6
2025,7,23,11,0,0,0,0,3000,19,1355.0
2025,7,23,12,1.5,1.5,1,0,8000,21,1985.5
2025,7,23,13,1.5,1.5,1,0,7000,23,2306.9
2025,7,23,14,3.5,3.5,1,0,7000,25,2255.6
2025,7,23,15,3.6,7.1,2,0,8000,23,1422.3
2025,7,23,16,3.6,5.1,2,0,7000,23,1237.0
2025,7,23,17,1.5,1.5,1,0,8000,23,649.5
2025,7,23,18,1.5,1.5,1,0,9999,23,337.8
2025,7,23,19,1.5,2.55,2,0,9999,21,227.7
2025,7,23,20,1.5,2.55,2,0,9999,21,9.0
2025,7,23,22,2.1,3.15,2,0,9999,20,0.0
2025,7,23,23,2.1,3.15,2,0,9999,20,0.0
2025,7,24,0,1.05,1.95,2,0,9999,20,0.0
2025,7,24,1,1.05,1.95,2,0,9999,20,0.0
2025,7,24,2,0,0,0,0,10000,20,0.0
2025,7,24,3,2.1,2.1,1,0,9999,18,0.0
2025,7,24,4,2.1,2.1,1,0,9999,17,0.0
2025,7,24,5,2.1,2.1,1,0,9999,17,0.0
2025,7,24,6,2.1,3.6,2,0,9999,17,0.0
2025,7,24,7,2.1,3.6,2,0,8000,17,0.0
2025,7,24,8,2.1,3.6,2,0,6000,17,0.0
2025,7,24,9,3.6,5.1,2,0,8000,18,0.0
2025,7,24,10,3.6,8.7,3,0,8000,18,97.6
2025,7,24,11,3.6,8.7,3,0,9000,19,178.8
2025,7,24,12,3.6,8.7,3,0,9999,21,298.3
2025,7,24,13,3.6,7.5,3,0,9999,22,265.8
2025,7,24,14,2.4,5.4,3,0,9999,21,107.0
2025,7,24,15,3.6,6.9,3,0,9999,21,145.0
2025,7,24,16,4.8,7.8,3,0,9999,21,365.5
2025,7,24,17,4.8,9.3,3,0,9999,21,193.1
2025,7,24,18,4.8,9.0,3,0,9999,21,41.6
2025,7,24,19,4.8,10.4,3,0,9999,20,23.4
2025,7,24,20,4.8,10.4,3,0,9999,19,0.0
2025,7,24,21,4.8,10.4,3,0,9999,19,0.0
2025,7,24,22,4.8,10.4,3,0,9999,19,0.0
2025,7,24,23,4.8,8.4,3,0,9999,19,0.0
2025,7,25,0,4.8,8.4,3,0,9999,19,0.0
2025,7,25,1,4.8,9.8,3,0,5000,19,0.0
2025,7,25,2,6.0,14.3,3,0,5000,19,0.0
2025,7,25,3,6.0,14.3,3,0,5000,19,0.0
2025,7,25,4,6.0,14.3,3,0,5000,19,0.0
2025,7,25,5,6.0,14.3,3,0,5000,18,0.0
2025,7,25,6,6.0,14.3,3,0,5000,18,0.0
2025,7,25,7,6.0,14.3,3,0,5000,18,0.0
2025,7,25,8,6.0,14.3,3,0,5000,18,0.0
2025,7,25,9,6.0,14.3,3,0,5000,19,1.2
2025,7,25,10,6.0,14.3,3,0,3000,19,116.8
2025,7,25,11,4.8,9.8,3,0,3000,19,707.0
2025,7,25,12,2.1,3.6,2,0,8000,21,1578.9
2025,7,25,13,2.1,3.6,2,0,9999,23,1867.5
2025,7,25,14,2.1,3.6,2,0,9999,23,1550.7
2025,7,25,15,2.1,5.4,3,0,9999,26,1114.9
2025,7,25,16,3.6,5.7,2,0,9999,24,361.9
2025,7,25,17,3.6,5.7,2,0,9999,24,374.0
2025,7,25,18,3.6,5.7,2,0,9999,23,370.5
2025,7,25,19,3.6,5.7,2,0,9999,22,36.9
2025,7,25,20,3.6,5.7,2,0,9999,21,0.0
2025,7,25,21,3.6,10.1,4,1,2500,19,0.0
2025,7,25,22,3.6,6.0,3,1,9999,18,0.0
2025,7,25,23,3.6,8.6,3,1,9999,18,0.0
2025,7,26,1,3.6,7.2,3,0,9999,18,0.0
2025,7,26,2,3.6,7.2,3,0,9999,18,0.0
2025,7,26,3,3.6,7.2,3,0,9999,18,0.0
2025,7,26,4,3.6,7.2,3,0,9999,18,0.0
2025,7,26,5,3.6,7.2,3,0,9999,17,0.0
2025,7,26,6,3.6,7.2,3,0,9999,17,0.0
2025,7,26,7,3.6,7.2,3,0,9999,17,0.0
2025,7,26,8,3.6,7.2,3,0,9999,17,0.0
2025,7,26,9,0.9,0.9,1,0,9999,17,36.1
2025,7,26,10,0.9,0.9,1,0,9999,17,770.2
2025,7,26,11,0.9,0.9,1,0,9999,19,1625.0
2025,7,26,12,0,0,0,0,10000,20,2174.5
2025,7,26,13,0,0,0,0,10000,22,2322.5
2025,7,26,14,1.5,1.5,1,0,9999,24,2421.4
2025,7,26,15,2.1,2.1,1,0,9999,25,2180.3
2025,7,26,16,0.9,0.9,1,0,9999,23,2097.7
2025,7,26,17,0,0,0,0,10000,23,1228.6
2025,7,26,18,0,0,0,0,10000,24,1126.5
2025,7,26,19,0,0,0,0,10000,24,309.3
2025,7,26,20,0,0,0,0,10000,23,12.3
2025,7,26,21,0,0,0,0,10000,20,0.0
2025,7,26,22,0,0,0,0,10000,19,0.0
2025,7,26,23,0,0,0,0,10000,19,0.0
2025,7,27,0,0,0,0,0,10000,18,0.0
2025,7,27,1,0,0,0,0,10000,17,0.0
2025,7,27,2,0,0,0,0,10000,17,0.0
2025,7,27,3,0,0,0,0,10000,17,0.0
2025,7,27,4,0,0,0,0,10000,17,0.0
2025,7,27,5,0,0,0,0,10000,17,0.0
2025,7,27,6,0,0,0,0,10000,17,0.0
2025,7,27,8,0,0,0,0,8000,17,0.0
2025,7,27,9,0,0,0,0,7000,17,26.7
2025,7,27,10,0,0,0,0,8000,17,731.4
2025,7,27,11,0,0,0,0,10000,19,1617.9
2025,7,27,12,0,0,0,0,10000,23,2166.9
2025,7,27,13,0,0,0,0,10000,25,2455.8
2025,7,27,14,0,0,0,0,10000,26,2617.3
2025,7,27,15,0,0,0,0,10000,28,2530.0
2025,7,27,16,0,0,0,0,10000,28,2304.8
2025,7,27,17,0,0,0,0,10000,29,1835.0
2025,7,27,18,0,0,0,0,10000,29,1233.4
2025,7,27,19,0,0,0,0,10000,29,334.8
2025,7,27,20,0,0,0,0,10000,28,9.4
2025,7,27,21,0,0,0,0,10000,25,0.0
2025,7,27,22,0,0,0,0,10000,23,0.0
2025,7,27,23,0,0,0,0,10000,22,0.0
2025,7,28,0,0,0,0,0,10000,23,0.0
2025,7,28,1,0,0,0,0,10000,23,0.0
2025,7,28,2,0,0,0,0,10000,24,0.0
2025,7,28,3,0,0,0,0,10000,24,0.0
2025,7,28,4,0,0,0,0,10000,24,0.0
2025,7,28,5,0,0,0,0,10000,23,0.0
2025,7,28,6,0,0,0,0,10000,23,0.0
2025,7,28,7,0,0,0,0,10000,22,0.0
2025,7,28,8,0,0,0,0,10000,22,0.0
2025,7,28,9,0,0,0,0,10000,23,27.5
2025,7,28,10,0,0,0,0,10000,23,640.3
2025,7,28,11,0,0,0,0,10000,23,1499.3
2025,7,28,12,0,0,0,0,10000,24,658.9
2025,7,28,13,1.8,2.7,2,0,9999,23,636.4
2025,7,28,14,1.8,2.7,2,0,9999,24,527.1
2025,7,28,15,1.8,2.7,2,0,9999,25,516.8
2025,7,28,16,1.8,2.7,2,0,9999,26,942.0
2025,7,28,17,1.8,2.7,2,0,9999,27,753.2
2025,7,28,18,1.8,2.7,2,0,9999,28,317.4
2025,7,28,19,1.8,2.7,2,0,9999,27,109.8
2025,7,28,20,1.8,2.7,2,0,9999,27,3.8
2025,7,28,21,1.8,2.7,2,0,9999,25,0.0
2025,7,28,22,1.8,2.7,2,0,9999,24,0.0
2025,7,28,23,1.8,2.7,2,0,9999,25,0.0
2025,7,29,0,2.1,4.8,3,0,9999,26,0.0
2025,7,29,1,2.1,4.8,3,0,9999,25,0.0
2025,7,29,2,1.05,1.95,2,0,9999,23,0.0
2025,7,29,3,1.05,1.95,2,0,9999,20,0.0
2025,7,29,4,2.1,3.9,2,0,9999,22,0.0
2025,7,29,5,2.1,3.9,2,0,9999,21,0.0
2025,7,29,6,3.6,3.6,1,0,9999,20,0.0
2025,7,29,7,3.6,5.1,2,0,9999,21,0.0
2025,7,29,8,3.6,5.1,2,0,9999,21,0.0
2025,7,29,9,3.6,5.1,2,0,9999,20,0.3
2025,7,29,10,3.6,5.1,2,0,9999,19,27.0
2025,7,29,11,3.6,5.1,2,0,9999,19,97.8
2025,7,29,12,3.6,5.1,2,0,9999,20,174.8
2025,7,29,13,4.8,9.9,3,0,9999,20,248.3
2025,7,29,14,4.8,9.9,3,0,9999,20,393.6
2025,7,29,15,4.8,9.9,3,0,9999,20,816.6
2025,7,29,16,3.6,4.5,2,0,9999,21,1142.9
2025,7,29,17,3.6,4.5,2,0,9999,21,1862.7
2025,7,29,18,2.1,3.0,2,0,9999,21,1240.0
2025,7,29,19,2.1,3.0,2,0,9999,20,256.8
2025,7,29,20,2.1,3.0,2,0,9999,19,7.3
2025,7,29,21,2.1,3.0,2,0,9999,19,0.0
2025,7,29,22,2.1,3.0,2,0,9999,19,0.0
2025,7,29,23,2.1,3.0,2,0,9999,19,0.0
2025,7,30,0,3.6,3.6,1,0,9999,19,0.0
2025,7,30,1,3.6,4.5,2,0,9999,18,0.0
2025,7,30,2,3.6,4.5,2,0,9999,18,0.0
2025,7,30,3,3.6,4.5,2,0,9999,18,0.0
2025,7,30,4,3.6,4.5,2,0,9999,18,0.0
2025,7,30,5,3.6,4.5,2,0,9999,17,0.0
2025,7,30,6,2.1,3.0,2,0,9999,17,0.0
2025,7,30,7,0.9,0.9,1,0,9999,16,0.0
2025,7,30,8,0.9,0.9,1,0,9999,14,0.0
2025,7,30,9,0.9,0.9,1,0,9999,12,32.0
2025,7,30,10,0.9,0.9,1,0,9999,11,443.6
2025,7,30,11,0.9,0.9,1,0,9999,14,1439.2
2025,7,30,12,0,0,0,0,10000,19,2066.6
2025,7,30,13,0,0,0,0,10000,20,2171.3
2025,7,30,14,0,0,0,0,10000,20,2352.9
2025,7,30,15,0,0,0,0,10000,21,2561.2
2025,7,30,16,0,0,0,0,10000,21,2331.2
2025,7,30,17,0,0,0,0,10000,21,1578.1
2025,7,30,18,0,0,0,0,10000,21,910.9
2025,7,30,19,0.9,0.9,1,0,9999,20,332.3
2025,7,30,20,0.9,0.9,1,0,9999,19,16.6
2025,7,30,21,2.1,3.0,2,0,9999,18,0.0
2025,7,30,22,2.1,3.0,2,0,9999,18,0.0
2025,7,30,23,0.9,0.9,1,0,9999,17,0.0
2025,7,31,0,0.9,0.9,1,0,9999,17,0.0
2025,7,31,1,0.9,0.9,1,0,9999,16,0.0
2025,7,31,2,0.9,0.9,1,0,9999,16,0.0
2025,7,31,3,0.9,0.9,1,0,9999,15,0.0
2025,7,31,4,0.9,0.9,1,0,9999,15,0.0
2025,7,31,5,0.9,0.9,1,0,9999,14,0.0
2025,7,31,6,0.9,0.9,1,0,9999,14,0.0
2025,7,31,7,0.9,0.9,1,0,9999,13,0.0
2025,7,31,8,0.9,0.9,1,0,9999,13,0.0
2025,7,31,9,0.9,0.9,1,0,9999,13,2.9
2025,7,31,10,0.9,0.9,1,0,9999,13,134.1
2025,7,31,11,2.1,2.1,1,0,9999,15,354.8
2025,7,31,12,2.1,2.1,1,0,9999,17,600.7
2025,7,31,13,3.6,4.5,2,0,9999,20,1693.7
2025,7,31,14,3.6,4.5,2,0,9999,21,1976.3
2025,7,31,15,2.1,2.1,1,0,9999,22,1251.7
2025,7,31,16,2.1,4.2,2,0,9999,21,1747.6
2025,7,31,17,0.9,0.9,1,0,9999,21,1373.7
2025,7,31,18,0.9,0.9,1,0,9999,21,1033.7
2025,7,31,19,0.9,0.9,1,0,9999,21,138.0
2025,7,31,20,2.1,2.1,1,0,9999,20,11.6
2025,7,31,21,2.1,2.1,1,0,9999,19,0.0
2025,7,31,22,2.1,3.0,2,0,9999,19,0.0
2025,7,31,23,2.1,3.0,2,0,9999,19,0.0
2025,8,1,0,2.1,3.0,2,0,9999,16,0.0
2025,8,1,1,0.9,0.9,1,0,9999,14,0.0
2025,8,1,2,0.9,0.9,1,0,9999,13,0.0
2025,8,1,3,0,0,0,0,10000,13,0.0
2025,8,1,4,0,0,0,0,10000,12,0.0
2025,8,1,5,0,0,0,0,10000,12,0.0
2025,8,1,6,0.9,0.9,1,0,9999,11,0.0
2025,8,1,7,0.9,0.9,1,0,9999,12,0.0
2025,8,1,8,1.5,1.5,1,0,9999,12,0.0
2025,8,1,9,1.5,1.5,1,0,9999,13,31.8
2025,8,1,10,1.5,1.5,1,0,9999,15,801.7
2025,8,1,11,0,0,0,0,10000,15,1614.4
2025,8,1,12,0,0,0,0,10000,18,2139.6
2025,8,1,13,0,0,0,0,10000,21,2477.2
2025,8,1,14,0.9,0.9,1,0,9999,22,2546.5
2025,8,1,15,0.9,0.9,1,0,9999,22,2509.2
2025,8,1,16,0,0,0,0,10000,24,2230.8
2025,8,1,17,0,0,0,0,10000,25,1871.4
2025,8,1,18,0,0,0,0,10000,26,1282.6
2025,8,1,19,0,0,0,0,10000,25,355.6
2025,8,1,20,0,0,0,0,10000,22,16.3
2025,8,1,21,0,0,0,0,10000,21,0.0
2025,8,1,22,0,0,0,0,10000,19,0.0
2025,8,1,23,0,0,0,0,10000,16,0.0
2025,8,2,0,0,0,0,0,10000,17,0.0
2025,8,2,1,0,0,0,0,10000,17,0.0
2025,8,2,2,0,0,0,0,10000,17,0.0
2025,8,2,3,0,0,0,0,10000,17,0.0
2025,8,2,4,0,0,0,0,10000,16,0.0
2025,8,2,5,0,0,0,0,10000,16,0.0
2025,8,2,6,0,0,0,0,10000,15,0.0
2025,8,2,7,0,0,0,0,10000,15,0.0
2025,8,2,8,0,0,0,0,10000,14,0.0
2025,8,2,9,0,0,0,0,10000,14,50.8
2025,8,2,10,0,0,0,0,10000,15,862.5
2025,8,2,11,0,0,0,0,10000,18,1669.9
2025,8,2,12,0,0,0,0,10000,20,2096.6
2025,8,2,13,0,0,0,0,10000,23,2337.4
2025,8,2,14,0,0,0,0,10000,24,2365.0
2025,8,2,15,0,0,0,0,10000,26,2417.1
2025,8,2,16,0,0,0,0,10000,26,2129.8
2025,8,2,17,0,0,0,0,10000,27,1653.6
2025,8,2,18,0,0,0,0,10000,28,980.4
2025,8,2,19,0,0,0,0,10000,28,390.2
2025,8,2,20,0,0,0,0,10000,26,17.9
2025,8,2,21,0,0,0,0,10000,21,0.0
2025,8,2,22,0,0,0,0,10000,19,0.0
2025,8,2,23,0,0,0,0,10000,17,0.0
2025,8,3,0,0,0,0,0,10000,16,0.0
2025,8,3,1,0,0,0,0,10000,16,0.0
2025,8,3,2,0,0,0,0,10000,16,0.0
2025,8,3,3,0,0,0,0,10000,16,0.0
2025,8,3,4,0,0,0,0,10000,16,0.0
2025,8,3,5,0,0,0,0,10000,16,0.0
2025,8,3,6,0,0,0,0,10000,16,0.0
2025,8,3,7,0,0,0,0,10000,16,0.0
2025,8,3,8,0,0,0,0,10000,16,0.0
2025,8,3,9,0,0,0,0,10000,18,56.8
2025,8,3,10,0,0,0,0,10000,20,908.8
2025,8,3,11,0,0,0,0,10000,22,1665.0
2025,8,3,12,0,0,0,0,10000,23,2213.6
2025,8,3,13,0,0,0,0,10000,24,2370.7
2025,8,3,14,0,0,0,0,10000,25,2294.7
2025,8,3,15,0,0,0,0,10000,27,2392.9
2025,8,3,16,0,0,0,0,10000,28,1984.7
2025,8,3,17,0,0,0,0,10000,29,1689.1
2025,8,3,18,0,0,0,0,10000,29,1067.6
2025,8,3,19,0,0,0,0,10000,29,414.1
2025,8,3,20,0,0,0,0,10000,28,21.9
2025,8,3,21,0,0,0,0,10000,22,0.0
2025,8,3,22,0,0,0,0,10000,20,0.0
2025,8,3,23,0,0,0,0,10000,18,0.0
2025,8,4,0,0,0,0,0,10000,18,0.0
2025,8,4,1,0,0,0,0,10000,16,0.0
2025,8,4,2,0,0,0,0,10000,15,0.0
2025,8,4,3,0.9,0.9,1,0,9999,16,0.0
2025,8,4,4,0.9,0.9,1,0,9999,17,0.0
2025,8,4,5,0.9,0.9,1,0,9999,17,0.0
2025,8,4,6,0.9,0.9,1,0,9999,18,0.0
2025,8,4,7,0.9,0.9,1,0,9999,18,0.0
2025,8,4,8,0.9,0.9,1,0,9999,18,0.0
2025,8,4,9,0.9,0.9,1,0,9999,18,51.7
2025,8,4,10,0.9,0.9,1,0,9999,19,464.7
2025,8,4,11,0.9,0.9,1,0,9999,19,1493.1
2025,8,4,12,0.9,0.9,1,0,9999,23,1866.9
2025,8,4,13,0,0,0,0,10000,25,1848.5
2025,8,4,14,0,0,0,0,10000,26,2100.6
2025,8,4,15,0,0,0,0,10000,27,2126.4
2025,8,4,16,0,0,0,0,10000,29,2234.9
2025,8,4,17,0,0,0,0,10000,24,1669.2
2025,8,4,18,0,0,0,0,10000,22,833.1
2025,8,4,19,1.5,1.5,1,0,9999,22,216.8
2025,8,4,20,1.5,1.5,1,0,9999,22,32.6
2025,8,4,21,1.5,1.5,1,0,9999,21,0.0
2025,8,4,22,3.5,3.5,1,0,9999,21,0.0
2025,8,4,23,3.5,3.5,1,0,9999,20,0.0
2025,8,5,0,1.5,1.5,1,0,9999,20,0.0
2025,8,5,1,1.5,1.5,1,0,9999,19,0.0
2025,8,5,2,1.5,1.5,1,0,9999,18,0.0
2025,8,5,3,0,0,0,0,10000,18,0.0
2025,8,5,4,0,0,0,0,10000,18,0.0
2025,8,5,5,0,0,0,0,10000,17,0.0
2025,8,5,6,0,0,0,0,10000,17,0.0
2025,8,5,7,0,0,0,0,10000,17,0.0
2025,8,5,8,0,0,0,0,10000,17,0.0
2025,8,5,9,1.8,3.3,2,0,5000,16,11.3
2025,8,5,10,1.8,3.3,2,0,5000,16,136.3
2025,8,5,11,1.8,3.3,2,0,9999,17,256.7
2025,8,5,12,3.6,5.1,2,0,9999,19,654.7
2025,8,5,13,3.6,7.5,3,0,9999,21,708.4
2025,8,5,14,3.6,7.5,3,0,9999,22,1090.1
2025,8,5,15,3.6,7.5,3,0,9999,22,1047.2
2025,8,5,16,3.6,7.5,3,0,9999,22,1079.2
2025,8,5,17,2.4,4.5,2,0,9999,22,660.3
2025,8,5,18,2.4,4.5,2,0,9999,21,335.3
2025,8,5,19,3.5,8.0,3,0,9999,21,161.1
2025,8,5,20,3.5,8.0,3,0,9999,21,2.9
2025,8,5,21,3.5,8.0,3,0,9999,20,0.0
2025,8,5,22,3.5,8.0,3,0,9999,20,0.0
2025,8,5,23,3.5,8.0,3,0,9999,20,0.0
2025,8,6,0,3.5,8.0,3,0,9999,20,0.0
2025,8,6,1,3.5,3.5,1,0,9999,20,0.0
2025,8,6,2,3.5,3.5,1,0,9999,20,0.0
2025,8,6,3,3.5,3.5,1,0,9999,20,0.0
2025,8,6,4,3.5,3.5,1,0,9999,19,0.0
2025,8,6,5,1.5,1.5,1,0,9999,19,0.0
2025,8,6,6,1.5,1.5,1,0,9999,18,0.0
2025,8,6,7,1.5,1.5,1,0,9999,18,0.0
2025,8,6,8,1.5,1.5,1,0,9999,19,0.0
2025,8,6,9,1.5,1.5,1,0,9999,19,2.8
2025,8,6,10,1.5,1.5,1,0,9999,20,190.6
2025,8,6,11,1.5,1.5,1,0,9999,19,1295.2
2025,8,6,12,1.5,1.5,1,0,9999,22,1722.5
2025,8,6,13,2.1,3.6,2,0,9999,22,2211.5
2025,8,6,14,1.5,1.5,1,0,9999,23,1957.4
2025,8,6,15,0.9,0.9,1,0,9999,23,2381.7
2025,8,6,16,0.9,0.9,1,0,9999,23,2000.4
2025,8,6,17,1.5,1.5,1,0,9999,23,1796.4
2025,8,6,18,1.5,1.5,1,0,9999,23,934.6
2025,8,6,19,0.9,0.9,1,0,9999,22,319.8
2025,8,6,20,1.8,3.3,2,0,9999,22,6.7
2025,8,6,21,1.8,3.3,2,0,9999,21,0.0
2025,8,6,22,3.6,7.5,3,0,9999,21,0.0
2025,8,6,23,2.4,6.0,3,0,9999,20,0.0
2025,8,7,0,3.6,5.1,2,0,9999,21,0.0
2025,8,7,1,3.6,8.6,3,0,9999,20,0.0
2025,8,7,2,3.6,8.6,3,0,5000,20,0.0
2025,8,7,3,3.6,8.6,3,0,5000,20,0.0
2025,8,7,4,3.6,8.6,3,0,5000,20,0.0
2025,8,7,5,3.6,8.6,3,0,5000,19,0.0
2025,8,7,6,3.6,8.6,3,0,5000,19,0.0
2025,8,7,7,3.6,8.6,3,0,5000,18,0.0
2025,8,7,8,3.6,8.6,3,0,5000,18,0.0
2025,8,7,9,3.6,8.6,3,0,5000,18,47.6
2025,8,7,10,2.1,3.6,2,0,3000,17,675.2
2025,8,7,11,0,0,0,0,8000,19,1725.1
2025,8,7,12,0,0,0,0,10000,22,2088.4
2025,8,7,13,0,0,0,0,10000,25,2335.6
2025,8,7,14,0,0,0,0,10000,25,2295.7
2025,8,7,15,0,0,0,0,10000,27,2439.9
2025,8,7,16,0,0,0,0,10000,28,2160.3
2025,8,7,17,0,0,0,0,10000,25,1583.8
2025,8,7,18,0,0,0,0,10000,22,1049.9
2025,8,7,19,0,0,0,0,10000,22,336.1
2025,8,7,20,3.5,3.5,1,0,9999,21,22.4
2025,8,7,21,3.6,7.1,2,0,9999,21,0.0
2025,8,7,22,3.6,7.1,2,0,9999,21,0.0
2025,8,7,23,3.6,8.6,3,0,9999,20,0.0
2025,8,8,0,3.6,8.6,3,0,9999,20,0.0
2025,8,8,1,3.6,5.1,2,0,9999,21,0.0
2025,8,8,2,3.6,5.1,2,0,9999,20,0.0
2025,8,8,3,2.1,3.6,2,0,9999,18,0.0
2025,8,8,4,2.1,2.1,1,0,9999,18,0.0
2025,8,8,5,2.1,2.1,1,0,9999,18,0.0
2025,8,8,6,2.1,2.1,1,0,9999,18,0.0
2025,8,8,7,2.1,2.1,1,0,9999,18,0.0
2025,8,8,8,2.1,3.6,2,0,8000,18,0.0
2025,8,8,9,1.05,1.95,2,0,8000,18,40.9
2025,8,8,10,0,0,0,0,10000,19,638.8
2025,8,8,11,0,0,0,0,10000,21,1481.6
2025,8,8,12,0,0,0,0,10000,24,2110.7
2025,8,8,13,0,0,0,0,10000,26,2217.9
2025,8,8,14,0,0,0,0,10000,28,2446.6
2025,8,8,15,0,0,0,0,10000,30,2341.6
2025,8,8,16,0,0,0,0,10000,31,2178.1
2025,8,8,17,0,0,0,0,10000,32,1766.1
2025,8,8,18,0,0,0,0,10000,33,1119.4
2025,8,8,19,1.05,1.95,2,0,9999,23,199.7
2025,8,8,20,2.1,4.8,3,0,8000,22,3.9
2025,8,8,21,6.0,8.7,3,1,1000,23,0.0
2025,8,8,22,3.6,8.9,3,0,5000,20,0.0
2025,8,8,23,2.1,3.9,2,0,8000,20,0.0
2025,8,9,0,2.1,3.9,2,0,8000,20,0.0
2025,8,9,2,0.9,0.9,1,0,6000,19,0.0
2025,8,9,3,6.0,6.0,1,0,6000,19,0.0
2025,8,9,4,6.0,6.0,1,0,6000,19,0.0
2025,8,9,5,6.0,6.0,1,0,6000,20,0.0
2025,8,9,6,6.0,6.0,1,0,6000,19,0.0
2025,8,9,7,6.0,6.0,1,1,6000,19,0.0
2025,8,9,8,6.0,6.0,1,1,6000,20,0.0
2025,8,9,9,6.0,6.0,1,1,6000,20,0.9
2025,8,9,10,6.0,6.0,1,1,6000,19,19.3
2025,8,9,11,6.0,10.8,2,1,6000,18,83.2
2025,8,9,12,6.0,10.8,2,0,8000,18,304.8
2025,8,9,13,6.0,9.6,2,0,9999,19,358.9
2025,8,9,14,3.6,8.7,3,0,9999,19,311.0
2025,8,9,15,3.6,8.7,3,0,9999,19,350.5
2025,8,9,16,3.6,8.7,3,0,9999,19,314.8
2025,8,9,17,3.6,8.7,3,0,9999,19,288.8
2025,8,9,18,3.6,8.7,3,0,9999,19,214.8
2025,8,9,19,3.6,8.7,3,0,9999,19,71.8
2025,8,9,20,3.6,10.7,3,0,9999,18,5.6
2025,8,9,21,3.6,10.7,3,0,9999,18,0.0
2025,8,9,22,3.6,10.7,3,0,9999,17,0.0
2025,8,9,23,3.6,10.7,3,0,9999,17,0.0
2025,8,10,0,3.6,8.7,3,0,9999,18,0.0
2025,8,10,1,3.6,8.7,3,0,9999,18,0.0
2025,8,10,2,4.8,8.4,2,0,9999,17,0.0
2025,8,10,3,4.8,8.4,2,0,9999,17,0.0
2025,8,10,4,4.8,8.4,2,0,9999,17,0.0
2025,8,10,5,4.8,9.9,3,0,9999,16,0.0
2025,8,10,6,4.8,9.9,3,0,9999,16,0.0
2025,8,10,7,4.8,9.9,3,0,9999,16,0.0
2025,8,10,8,4.8,9.9,3,0,9999,16,0.0
2025,8,10,9,2.1,3.6,2,0,9999,16,80.4
2025,8,10,10,1.5,1.5,1,0,9999,17,770.5
2025,8,10,11,1.5,1.5,1,0,9999,18,1499.4
2025,8,10,12,1.5,1.5,1,0,9999,20,1996.6
2025,8,10,13,0,0,0,0,10000,20,2132.5
2025,8,10,14,2.1,2.1,1,0,9999,21,1627.3
2025,8,10,15,2.1,2.1,1,0,9999,21,2184.6
2025,8,10,16,2.1,2.1,1,0,9999,21,1642.8
2025,8,10,17,2.1,2.1,1,0,9999,21,658.7
2025,8,10,18,3.6,5.7,2,0,9999,20,417.7
2025,8,10,19,3.6,5.7,2,0,9999,20,176.4
2025,8,10,20,3.6,5.7,2,0,9999,19,17.2
2025,8,10,21,3.6,5.7,2,0,9999,19,0.0
2025,8,10,22,3.6,5.7,2,0,9999,19,0.0
2025,8,10,23,3.6,5.7,2,0,9999,19,0.0
2025,8,11,0,3.6,5.7,2,0,9999,18,0.0
2025,8,11,1,3.6,4.5,2,0,9999,18,0.0
2025,8,11,2,3.6,4.5,2,0,9999,18,0.0
2025,8,11,3,3.6,4.5,2,0,9999,19,0.0
2025,8,11,4,3.6,4.5,2,0,9999,18,0.0
2025,8,11,5,2.1,3.0,2,0,9999,17,0.0
2025,8,11,6,2.1,3.0,2,0,9999,17,0.0
2025,8,11,7,2.1,3.0,2,0,9999,18,0.0
2025,8,11,8,0.9,0.9,1,0,9999,19,0.0
2025,8,11,9,0.9,0.9,1,0,9999,20,5.5
2025,8,11,10,0.9,0.9,1,0,9999,17,82.5
2025,8,11,11,2.1,2.1,1,0,9999,19,263.5
2025,8,11,12,2.1,3.0,2,0,9999,20,1876.0
2025,8,11,13,3.6,4.5,2,0,8000,20,1352.1
2025,8,11,14,3.6,5.1,2,0,9999,19,1238.2
2025,8,11,15,2.1,3.6,2,0,9999,21,1716.2
2025,8,11,16,0.9,0.9,1,0,9999,21,1085.2
2025,8,11,17,0.9,0.9,1,0,9999,22,1407.0
2025,8,11,18,0.9,0.9,1,0,9999,21,858.4
2025,8,11,19,0.9,0.9,1,0,9999,20,186.7
2025,8,11,20,2.1,3.0,2,0,9999,19,8.3
2025,8,11,21,3.6,4.5,2,0,9999,19,0.0
2025,8,11,22,3.6,8.1,3,0,9999,19,0.0
2025,8,11,23,3.6,8.1,3,0,9999,18,0.0
2025,8,12,0,3.6,8.1,3,0,9999,19,0.0
2025,8,12,1,3.6,5.7,2,0,9999,18,0.0
2025,8,12,2,3.6,5.7,2,0,9999,18,0.0
2025,8,12,3,3.6,5.7,2,0,9999,19,0.0
2025,8,12,4,3.6,5.7,2,0,9999,17,0.0
2025,8,12,5,3.6,5.7,2,0,9999,16,0.0
2025,8,12,6,3.6,5.7,2,0,9999,16,0.0
2025,8,12,7,3.6,5.7,2,0,9999,15,0.0
2025,8,12,8,3.6,5.7,2,0,9999,15,0.0
2025,8,12,9,3.6,5.7,2,0,9999,15,25.6
2025,8,12,10,2.1,2.1,1,0,9999,15,92.2
2025,8,12,11,2.1,2.1,1,0,9999,16,387.6
2025,8,12,12,2.1,2.1,1,0,9999,18,1581.5
2025,8,12,13,2.1,4.2,2,0,9999,20,1021.8
2025,8,12,14,2.1,4.2,2,0,9999,21,1629.9
2025,8,12,15,2.1,4.2,2,0,9999,21,1887.8
2025,8,12,16,2.1,2.1,1,0,9999,21,2094.8
2025,8,12,17,2.1,2.1,1,0,9999,21,1851.1
2025,8,12,18,2.1,2.1,1,0,9999,21,888.5
2025,8,12,19,2.1,2.1,1,0,9999,20,259.4
2025,8,12,20,2.1,2.1,1,0,9999,19,9.1
2025,8,12,21,2.1,2.1,1,0,9999,18,0.0
2025,8,12,22,2.1,4.2,2,0,9999,19,0.0
2025,8,12,23,2.1,4.2,2,0,9999,19,0.0
2025,8,13,0,2.1,4.2,2,0,9999,19,0.0
2025,8,13,1,3.6,5.1,2,0,9999,18,0.0
2025,8,13,2,3.6,5.1,2,0,9999,18,0.0
2025,8,13,3,3.6,7.2,3,0,9999,18,0.0
2025,8,13,4,3.6,5.1,2,0,9999,18,0.0
2025,8,13,5,3.6,5.1,2,0,9999,17,0.0
2025,8,13,6,2.1,3.6,2,0,8000,17,0.0
2025,8,13,7,2.1,3.6,2,0,8000,16,0.0
2025,8,13,8,2.1,3.6,2,0,8000,16,0.0
2025,8,13,9,0,0,0,0,10000,15,69.6
2025,8,13,10,0,0,0,0,10000,15,825.5
2025,8,13,11,0,0,0,0,10000,18,1646.7
2025,8,13,12,0,0,0,0,10000,21,2214.1
2025,8,13,13,0,0,0,0,10000,23,2421.4
2025,8,13,14,0,0,0,0,10000,25,2485.1
2025,8,13,15,0,0,0,0,10000,26,2467.7
2025,8,13,16,0,0,0,0,10000,27,2274.3
2025,8,13,17,0,0,0,0,10000,28,1972.2
2025,8,13,18,0,0,0,0,10000,27,1181.6
2025,8,13,19,0,0,0,0,10000,25,407.8
2025,8,13,20,0,0,0,0,10000,23,18.9
2025,8,13,21,0,0,0,0,10000,21,0.0
2025,8,13,22,0,0,0,0,10000,20,0.0
2025,8,13,23,0,0,0,0,10000,20,0.0
2025,8,14,0,0,0,0,0,10000,19,0.0
2025,8,14,1,0,0,0,0,10000,18,0.0
2025,8,14,2,0,0,0,0,10000,17,0.0
2025,8,14,3,0,0,0,0,10000,17,0.0
2025,8,14,4,0,0,0,0,10000,17,0.0
2025,8,14,5,0,0,0,0,10000,17,0.0
2025,8,14,6,0,0,0,0,10000,17,0.0
2025,8,14,7,0,0,0,0,10000,18,0.0
2025,8,14,8,0,0,0,0,10000,19,0.0
2025,8,14,9,6.0,6.0,1,0,3000,17,24.7
2025,8,14,10,3.6,5.1,2,0,7000,17,257.8
2025,8,14,11,3.6,5.1,2,0,9999,19,178.6
2025,8,14,12,3.6,5.1,2,0,9999,21,149.2
2025,8,14,13,3.6,8.6,3,0,9999,21,306.1
2025,8,14,14,3.6,7.2,3,0,9999,22,1224.2
2025,8,14,15,3.6,5.7,2,0,9999,23,1602.7
2025,8,14,16,0.9,0.9,1,0,9999,22,1676.8
2025,8,14,17,0.9,0.9,1,0,9999,22,1898.4
2025,8,14,18,0.9,0.9,1,0,9999,22,1187.0
2025,8,14,19,0.9,0.9,1,0,9999,21,319.8
2025,8,14,20,0.9,0.9,1,0,9999,20,61.1
2025,8,14,21,0.9,0.9,1,0,9999,19,0.0
2025,8,14,22,0.9,0.9,1,0,9999,19,0.0
2025,8,14,23,0.9,0.9,1,0,9999,19,0.0
2025,8,15,0,0.9,0.9,1,0,9999,19,0.0
2025,8,15,1,3.6,4.5,2,0,9999,19,0.0
2025,8,15,2,3.6,4.5,2,0,9999,19,0.0
2025,8,15,3,3.6,4.5,2,0,9999,19,0.0
2025,8,15,4,3.6,4.5,2,0,9999,18,0.0
2025,8,15,5,3.6,4.5,2,0,9999,18,0.0
2025,8,15,6,3.6,4.5,2,0,9999,17,0.0
2025,8,15,7,3.6,4.5,2,0,9999,17,0.0
2025,8,15,8,3.6,4.5,2,0,9999,17,0.0
2025,8,15,9,2.1,3.0,2,0,9999,15,6.3
2025,8,15,10,3.6,4.5,2,0,9999,16,63.8
2025,8,15,11,4.8,10.5,3,0,7000,17,230.0
2025,8,15,12,3.6,4.5,2,0,9999,18,479.7
2025,8,15,13,3.6,5.7,2,0,8000,19,860.7
2025,8,15,14,3.6,5.7,2,0,9999,21,1110.7
2025,8,15,15,3.6,5.7,2,0,9999,22,219.0
2025,8,15,16,3.6,5.7,2,0,9999,22,394.0
2025,8,15,17,3.6,5.7,2,0,9999,22,510.9
2025,8,15,18,3.6,5.7,2,0,9999,21,289.0
2025,8,15,19,3.6,5.7,2,0,9999,22,199.4
2025,8,15,20,3.6,5.7,2,0,9999,21,5.1
2025,8,15,21,3.6,5.7,2,0,9999,20,0.0
2025,8,15,22,3.6,5.7,2,0,8000,20,0.0
2025,8,15,23,3.6,5.7,2,0,9999,20,0.0
2025,8,16,0,3.6,5.7,2,0,9999,20,0.0
2025,8,16,1,3.6,3.6,1,0,9999,19,0.0
2025,8,16,2,3.6,3.6,1,0,9999,19,0.0
2025,8,16,3,3.6,3.6,1,0,9999,19,0.0
2025,8,16,4,3.6,3.6,1,0,9999,18,0.0
2025,8,16,5,3.6,3.6,1,0,9999,18,0.0
2025,8,16,6,3.6,3.6,1,0,9999,17,0.0
2025,8,16,7,2.1,3.0,2,0,9999,16,0.0
2025,8,16,8,2.1,3.0,2,0,9999,17,0.0
2025,8,16,9,2.1,3.0,2,0,9999,18,51.5
2025,8,16,10,2.1,3.0,2,0,9999,19,365.2
2025,8,16,11,3.6,4.5,2,0,9999,19,758.3
2025,8,16,12,3.6,4.5,2,0,9999,20,1148.6
2025,8,16,13,3.6,4.5,2,0,9999,22,1828.6
2025,8,16,14,3.6,5.7,2,0,9999,22,1119.5
2025,8,16,15,3.6,4.5,2,0,9999,23,878.1
2025,8,16,16,3.6,4.5,2,0,9999,24,785.3
2025,8,16,17,3.6,4.5,2,0,9999,23,407.0
2025,8,16,18,4.8,9.3,3,0,9999,23,255.2
2025,8,16,19,3.6,4.5,2,0,9999,22,207.8
2025,8,16,20,3.6,4.5,2,0,9999,21,20.4
2025,8,16,21,3.6,4.5,2,0,9999,21,0.0
2025,8,16,22,3.6,4.5,2,0,9999,20,0.0
2025,8,16,23,3.6,4.5,2,0,9999,20,0.0
2025,8,17,0,3.6,5.7,2,0,9999,20,0.0
2025,8,17,1,3.6,5.7,2,0,8000,20,0.0
2025,8,17,2,3.6,5.7,2,0,8000,20,0.0
2025,8,17,3,3.6,5.7,2,0,8000,20,0.0
2025,8,17,4,3.6,5.7,2,0,8000,19,0.0
2025,8,17,5,3.6,5.7,2,0,8000,19,0.0
2025,8,17,6,3.6,5.7,2,0,8000,18,0.0
2025,8,17,7,3.6,5.7,2,0,8000,18,0.0
2025,8,17,8,3.6,5.7,2,0,8000,17,0.0
2025,8,17,9,3.6,5.7,2,0,8000,17,68.4
2025,8,17,10,0,0,0,0,10000,17,709.7
2025,8,17,11,0,0,0,0,10000,20,1635.5
2025,8,17,12,0,0,0,0,10000,21,2141.3
2025,8,17,13,0,0,0,0,10000,23,2418.2
2025,8,17,14,0,0,0,0,10000,24,1857.4
2025,8,17,15,0,0,0,0,10000,25,1629.5
2025,8,17,16,0.9,0.9,1,0,9999,24,2037.7
2025,8,17,17,0.9,0.9,1,0,9999,25,1703.3
2025,8,17,18,0.9,0.9,1,0,9999,24,1153.4
2025,8,17,19,0,0,0,0,10000,24,301.4
2025,8,17,20,0,0,0,0,10000,23,18.6
2025,8,17,21,0,0,0,0,10000,22,0.0
2025,8,17,22,0,0,0,0,10000,20,0.0
2025,8,17,23,0,0,0,0,10000,19,0.0
2025,8,18,0,0,0,0,0,10000,19,0.0
2025,8,18,1,3.6,3.6,1,0,9999,19,0.0
2025,8,18,2,1.05,1.95,2,0,9999,19,0.0
2025,8,18,3,3.6,3.6,1,0,9999,20,0.0
2025,8,18,4,3.6,3.6,1,0,9999,19,0.0
2025,8,18,5,3.6,5.1,2,0,9999,19,0.0
2025,8,18,6,3.6,5.1,2,0,9999,18,0.0
2025,8,18,7,3.6,4.5,2,0,9999,19,0.0
2025,8,18,8,3.6,4.5,2,0,9999,19,0.0
2025,8,18,9,0.9,0.9,1,0,9999,17,23.2
2025,8,18,10,3.6,3.6,1,0,9999,18,452.7
2025,8,18,11,3.6,8.7,3,0,8000,20,1284.7
2025,8,18,12,3.6,4.5,2,0,8000,21,1852.9
2025,8,18,13,2.1,4.2,2,0,9999,23,2420.2
2025,8,18,14,2.1,4.2,2,0,9999,25,2708.1
2025,8,18,15,2.1,2.1,1,0,9999,24,2007.7
2025,8,18,16,2.1,2.1,1,0,9999,24,2156.6
2025,8,18,17,2.1,2.1,1,0,9999,25,1446.8
2025,8,18,18,2.1,2.1,1,0,9999,25,1199.7
2025,8,18,19,0.9,0.9,1,0,9999,24,393.5
2025,8,18,20,0.9,0.9,1,0,9999,23,19.7
2025,8,18,21,0.9,0.9,1,0,9999,21,0.0
2025,8,18,22,0.9,0.9,1,0,9999,21,0.0
2025,8,18,23,2.1,2.1,1,0,9999,21,0.0
2025,8,21,21,0,0,0,0,10000,23,0.0
2025,8,21,22,0,0,0,0,10000,22,0.0
2025,8,21,23,0,0,0,0,10000,21,0.0
2025,8,22,0,0,0,0,0,10000,21,0.0
2025,8,22,1,0,0,0,0,10000,21,0.0
2025,8,22,2,0,0,0,0,10000,20,0.0
2025,8,22,3,0,0,0,0,10000,20,0.0
2025,8,22,4,0,0,0,0,10000,20,0.0
2025,8,22,5,0,0,0,0,10000,19,0.0
2025,8,22,6,0,0,0,0,10000,19,0.0
2025,8,22,7,0,0,0,0,10000,19,0.0
2025,8,22,8,0,0,0,0,10000,20,0.0
2025,8,22,9,0,0,0,0,10000,20,79.1
2025,8,22,10,0,0,0,0,3000,20,778.5
2025,8,22,11,0,0,0,0,8000,22,1593.0
2025,8,22,12,0,0,0,0,10000,26,2111.5
2025,8,22,13,0,0,0,0,10000,29,2235.3
2025,8,22,14,0,0,0,0,10000,31,2487.4
2025,8,22,15,0,0,0,0,10000,32,2362.6
2025,8,22,16,0,0,0,0,10000,34,2150.1
2025,8,22,17,0,0,0,0,10000,34,1805.7
2025,8,22,18,0,0,0,0,10000,32,1165.6
2025,8,22,19,0,0,0,0,10000,33,396.2
2025,8,22,20,0,0,0,0,10000,29,23.2
2025,8,22,21,0,0,0,0,10000,24,0.0
2025,8,22,22,0,0,0,0,10000,23,0.0
2025,8,22,23,0,0,0,0,10000,21,0.0
2025,8,23,0,0,0,0,0,10000,21,0.0
2025,8,23,1,0,0,0,0,10000,21,0.0
2025,8,23,2,0,0,0,0,10000,22,0.0
2025,8,23,3,0,0,0,0,10000,22,0.0
2025,8,23,4,0,0,0,0,10000,21,0.0
2025,8,23,5,0,0,0,0,10000,21,0.0
2025,8,23,6,0,0,0,0,10000,21,0.0
2025,8,23,7,0,0,0,0,10000,21,0.0
2025,8,23,8,0,0,0,0,10000,21,0.0
2025,8,23,9,0,0,0,0,10000,24,123.2
2025,8,23,10,0,0,0,0,10000,24,981.3
2025,8,23,11,0,0,0,0,10000,25,1749.8
2025,8,23,12,0,0,0,0,10000,27,2253.1
2025,8,23,13,0,0,0,0,10000,29,2426.0
2025,8,23,14,0,0,0,0,10000,30,2347.4
2025,8,23,15,0,0,0,0,10000,32,2507.3
2025,8,23,16,0,0,0,0,10000,33,2179.1
2025,8,23,17,0,0,0,0,10000,34,1830.6
2025,8,23,18,0,0,0,0,10000,35,953.1
2025,8,23,19,0,0,0,0,10000,34,365.8
2025,8,23,20,0,0,0,0,10000,33,49.9
2025,8,23,21,0,0,0,0,10000,30,0.0
2025,8,23,22,0,0,0,0,10000,28,0.0
2025,8,23,23,0,0,0,0,10000,28,0.0
2025,8,24,0,0,0,0,0,10000,28,0.0
2025,8,24,1,0,0,0,0,10000,28,0.0
2025,8,24,2,0,0,0,0,10000,27,0.0
2025,8,24,3,0,0,0,0,10000,26,0.0
2025,8,24,4,0,0,0,0,10000,24,0.0
2025,8,24,5,0,0,0,0,10000,23,0.0
2025,8,24,6,0,0,0,0,10000,23,0.0
2025,8,24,7,0,0,0,0,10000,23,0.0
2025,8,24,8,0,0,0,0,10000,22,0.0
2025,8,24,9,0,0,0,0,10000,22,32.8
2025,8,24,10,0,0,0,0,10000,23,717.0
2025,8,24,11,0,0,0,0,10000,23,1530.3
2025,8,24,12,0,0,0,0,10000,24,2000.5
2025,8,24,13,0,0,0,0,10000,24,2210.9
2025,8,24,14,0,0,0,0,10000,24,1462.3
2025,8,24,15,0,0,0,0,10000,24,1027.9
2025,8,24,16,1.5,1.5,1,0,9999,24,619.4
2025,8,24,17,3.6,5.1,2,0,9999,22,397.4
2025,8,24,18,3.6,5.1,2,0,9999,23,258.2
2025,8,24,19,3.6,5.1,2,0,9999,22,161.6
2025,8,24,20,3.6,7.1,2,0,9999,22,13.3
2025,8,24,21,4.8,11.9,3,0,9999,22,0.0
2025,8,24,22,4.8,10.4,3,0,9999,21,0.0
2025,8,24,23,4.8,11.9,3,0,9999,21,0.0
2025,8,25,0,4.8,9.9,3,0,9999,21,0.0
2025,8,25,1,4.8,5.7,2,0,9999,21,0.0
2025,8,25,2,4.8,5.7,2,0,9999,21,0.0
2025,8,25,3,4.8,5.7,2,0,9999,21,0.0
2025,8,25,4,4.8,5.7,2,0,9999,20,0.0
2025,8,25,5,4.8,5.7,2,0,9999,20,0.0
2025,8,25,6,3.6,4.5,2,0,9999,20,0.0
2025,8,25,7,3.6,4.5,2,0,9999,20,0.0
2025,8,25,8,3.6,4.5,2,0,9999,19,0.0
2025,8,25,9,3.6,3.6,1,0,9999,20,5.9
2025,8,25,10,4.8,4.8,1,0,9999,21,211.2
2025,8,25,11,4.8,4.8,1,0,9999,22,1054.9
2025,8,25,12,3.6,3.6,1,0,9999,24,1710.1
2025,8,25,13,2.1,2.1,1,0,9999,26,1852.9
2025,8,25,14,2.1,3.0,2,0,9999,27,2283.5
2025,8,25,15,2.1,3.0,2,0,9999,28,2231.7
2025,8,25,16,6.0,9.6,2,0,9999,24,1897.2
2025,8,25,17,3.6,9.2,3,0,9999,24,1829.9
2025,8,25,18,6.0,9.6,2,0,9999,23,967.1
2025,8,25,19,6.0,14.4,3,0,9999,22,166.8
2025,8,25,20,6.0,14.4,3,0,9999,22,2.5
2025,8,25,21,6.0,14.4,3,0,5000,21,0.0
2025,8,25,22,6.0,14.4,3,0,5000,21,0.0
2025,8,25,23,6.0,14.4,3,1,5000,21,0.0
2025,8,26,0,6.0,14.4,3,1,5000,20,0.0
2025,8,26,1,6.0,14.4,3,0,5000,20,0.0
2025,8,26,2,6.0,14.4,3,0,5000,20,0.0
2025,8,26,3,6.0,16.8,3,0,5000,20,0.0
2025,8,26,4,6.0,16.8,3,0,7000,20,0.0
2025,8,26,5,6.0,16.8,3,0,7000,20,0.0
2025,8,26,6,6.0,16.8,3,0,7000,20,0.0
2025,8,26,7,6.0,14.3,3,0,7000,20,0.0
2025,8,26,8,6.0,14.3,3,0,7000,20,0.0
2025,8,26,9,6.0,14.3,3,0,5000,20,5.2
2025,8,26,10,8.0,14.0,2,0,4000,20,46.6
2025,8,26,11,8.0,14.0,2,0,5000,20,273.0
2025,8,26,12,8.0,11.5,2,0,9999,21,392.7
2025,8,26,13,8.0,14.0,2,1,3000,21,306.1
2025,8,26,14,6.0,16.8,3,1,3000,21,366.3
2025,8,26,15,6.0,16.8,3,1,3000,21,1483.4
2025,8,26,16,6.0,16.8,3,0,8000,22,895.0
2025,8,26,17,6.0,16.8,3,0,8000,22,775.4
2025,8,26,18,6.0,16.8,3,0,8000,22,374.1
2025,8,26,19,6.0,10.8,2,0,8000,21,116.9
2025,8,26,20,6.0,16.8,3,0,7000,21,3.4
2025,8,26,21,6.0,16.8,3,0,7000,21,0.0
2025,8,26,22,6.0,16.8,3,0,7000,21,0.0
2025,8,26,23,6.0,16.8,3,0,8000,21,0.0
2025,8,27,0,6.0,16.8,3,0,8000,21,0.0
2025,8,27,1,6.0,14.3,3,0,5000,21,0.0
2025,8,27,2,6.0,14.3,3,0,5000,21,0.0
2025,8,27,3,6.0,14.3,3,0,5000,21,0.0
2025,8,27,4,6.0,14.3,3,0,5000,20,0.0
2025,8,27,5,6.0,14.3,3,0,5000,20,0.0
2025,8,27,6,6.0,14.3,3,0,5000,20,0.0
2025,8,27,7,6.0,14.3,3,0,5000,20,0.0
2025,8,27,8,6.0,14.3,3,0,5000,21,0.0
2025,8,27,9,6.0,14.3,3,0,5000,21,30.4
2025,8,27,10,4.8,9.8,3,0,8000,21,884.7
2025,8,27,11,0.9,0.9,1,0,9999,22,1588.2
2025,8,27,12,0.9,0.9,1,0,9999,24,1944.4
2025,8,27,13,0,0,0,0,10000,25,2011.4
2025,8,27,14,0,0,0,0,10000,26,1470.4
2025,8,27,15,0,0,0,0,10000,28,1891.5
2025,8,27,16,0.9,0.9,1,0,9999,28,1143.5
2025,8,27,17,0.9,0.9,1,0,9999,27,838.7
2025,8,27,18,0.9,0.9,1,0,9999,26,478.7
2025,8,27,19,0.9,0.9,1,0,9999,25,175.6
2025,8,27,20,0.9,0.9,1,0,9999,24,22.9
2025,8,27,21,0.9,0.9,1,0,9999,22,0.0
2025,8,27,22,0.9,0.9,1,0,9999,22,0.0
2025,8,27,23,0.9,0.9,1,0,9999,22,0.0
2025,8,28,0,3.5,3.5,1,0,9999,22,0.0
2025,8,28,1,1.5,1.5,1,0,9999,21,0.0
2025,8,28,2,1.5,1.5,1,0,9999,21,0.0
2025,8,28,3,1.5,1.5,1,0,9999,21,0.0
2025,8,28,4,1.5,1.5,1,0,9999,21,0.0
2025,8,28,5,1.5,1.5,1,0,9999,20,0.0
2025,8,28,6,1.5,1.5,1,0,9999,20,0.0
2025,8,28,7,1.5,1.5,1,0,9999,20,0.0
2025,8,28,8,3.5,3.5,1,0,9999,20,0.0
2025,8,28,9,1.5,1.5,1,0,8000,18,36.0
2025,8,28,10,0,0,0,0,10000,20,845.7
2025,8,28,11,0,0,0,0,10000,22,1727.2
2025,8,28,12,1.5,1.5,1,0,9999,24,2218.7
2025,8,28,13,2.1,3.6,2,0,9999,27,2429.4
2025,8,28,14,2.1,3.0,2,0,9999,26,2513.5
2025,8,28,15,1.5,1.5,1,0,9999,24,2303.5
2025,8,28,16,3.5,5.6,2,0,9999,24,1712.4
2025,8,28,17,6.0,9.6,2,0,9999,23,1180.8
2025,8,28,18,6.0,10.8,2,0,9999,23,447.8
2025,8,28,19,6.0,10.8,2,0,8000,22,190.5
2025,8,28,20,6.0,10.8,2,0,8000,22,18.2
2025,8,28,21,6.0,10.8,2,0,8000,22,0.0
2025,8,28,22,6.0,14.4,3,0,8000,22,0.0
2025,8,28,23,4.8,11.9,3,0,8000,22,0.0
2025,8,29,0,4.8,8.4,2,0,8000,21,0.0
2025,8,29,1,6.0,10.8,2,0,9999,22,0.0
2025,8,29,2,6.0,6.0,1,0,9999,21,0.0
2025,8,29,3,6.0,6.0,1,0,9999,21,0.0
2025,8,29,4,6.0,6.0,1,0,9999,21,0.0
2025,8,29,5,6.0,6.0,1,0,9999,20,0.0
2025,8,29,6,3.5,3.5,1,0,9999,20,0.0
2025,8,29,7,3.5,3.5,1,0,9999,20,0.0
2025,8,29,8,3.5,3.5,1,0,9999,20,0.0
2025,8,29,9,6.0,9.6,2,0,9999,19,33.8
2025,8,29,10,6.0,9.6,2,0,9999,20,403.0
2025,8,29,11,6.0,9.6,2,0,9999,21,953.6
2025,8,29,12,3.6,7.1,2,0,9999,23,1394.2
2025,8,29,13,3.6,7.2,3,0,9999,24,2130.1
2025,8,29,15,3.6,5.7,2,0,9999,25,2028.7
2025,8,29,16,3.6,5.7,2,0,9999,24,1534.9
2025,8,29,17,3.6,7.2,3,0,9999,24,1209.4
2025,8,29,18,6.0,14.4,3,0,9999,23,414.3
2025,8,29,19,6.0,16.8,3,0,9999,23,170.6
2025,8,29,20,6.0,14.4,3,0,9999,22,14.6
2025,8,29,21,6.0,14.4,3,0,9999,22,0.0
2025,8,29,22,4.8,11.9,3,0,9999,22,0.0
2025,8,29,23,4.8,11.9,3,0,9999,22,0.0
2025,8,30,0,4.8,11.9,3,0,9999,22,0.0
2025,8,30,1,4.8,5.7,2,0,9999,22,0.0
2025,8,30,2,4.8,5.7,2,0,9999,22,0.0
2025,8,30,3,4.8,6.9,2,0,9999,21,0.0
2025,8,30,4,4.8,6.9,2,1,9000,21,0.0
2025,8,30,5,4.8,6.9,2,1,8000,21,0.0
2025,8,30,6,4.8,6.9,2,0,9999,20,0.0
2025,8,30,7,4.8,5.7,2,0,9999,20,0.0
2025,8,30,8,3.6,4.5,2,0,9999,20,0.0
2025,8,30,9,1.8,2.7,2,0,9999,19,30.3
2025,8,30,10,1.8,2.7,2,0,9999,21,193.6
2025,8,30,11,1.05,1.95,2,0,9999,21,690.1
2025,8,30,12,1.05,1.95,2,0,9999,22,1207.0
2025,8,30,13,1.8,2.7,2,0,9999,24,1125.8
2025,8,30,14,1.8,2.7,2,0,9999,24,1354.5
2025,8,30,15,1.05,1.95,2,0,9999,25,500.9
2025,8,30,16,3.6,5.4,3,0,9999,24,620.9
2025,8,30,17,3.6,4.5,2,0,9999,23,907.8
2025,8,30,18,1.8,2.7,2,0,9999,24,641.4
2025,8,30,19,2.1,4.8,3,0,9999,25,223.1
2025,8,30,20,2.1,4.8,3,0,9999,24,34.0
2025,8,30,21,2.1,4.8,3,0,9999,22,0.0
2025,8,30,22,2.1,4.2,2,0,9999,22,0.0
2025,8,30,23,2.1,4.2,2,0,9999,21,0.0
2025,8,31,0,2.1,3.0,2,0,9999,20,0.0
2025,8,31,1,0,0,0,0,10000,19,0.0
2025,8,31,2,0,0,0,0,7000,19,0.0
2025,8,31,3,0,0,0,0,8000,18,0.0
2025,8,31,4,0.9,0.9,1,0,8000,18,0.0
2025,8,31,5,0.9,0.9,1,0,8000,17,0.0
2025,8,31,6,0,0,0,0,8000,17,0.0
2025,8,31,7,1.5,1.5,1,0,7000,17,0.0
2025,8,31,8,0,0,0,0,800,23,0.0
2025,8,31,9,3.5,5.0,2,0,7000,17,175.1
2025,8,31,10,1.5,1.5,1,0,8000,19,954.4
2025,8,31,11,0,0,0,0,10000,21,1789.3
2025,8,31,12,0,0,0,0,10000,23,2312.3
2025,8,31,13,2.1,2.1,1,0,9999,25,845.4
2025,8,31,14,2.1,4.2,2,0,9999,25,1915.7
2025,8,31,15,3.6,5.7,2,0,9999,24,2253.2
2025,8,31,16,3.6,5.7,2,0,9999,26,1252.4
2025,8,31,17,3.6,5.7,2,0,9999,25,1471.0
2025,8,31,18,3.6,6.6,3,0,9999,25,782.4
2025,8,31,19,3.6,6.6,3,0,9999,25,276.2
2025,8,31,20,3.6,6.6,3,0,9999,24,51.5
2025,8,31,21,3.6,6.6,3,0,8000,23,0.0
2025,8,31,22,3.6,7.2,3,0,9999,23,0.0
2025,8,31,23,3.6,7.2,3,0,9999,22,0.0
